{"type":"FeatureCollection","features":[{"type":"Feature","id":"Bas-Sassandra","properties":{"name":"Bas-Sassandra","code":"CI12","level":"district","status":"pending","schools":1610,"students":297240,"girls":148278,"boys":148962},"geometry":{"type":"Polygon","coordinates":[[[-6.983,6.554],[-6.981,6.552],[-6.98,6.551],[-6.979,6.55],[-6.98,6.547],[-6.979,6.545],[-6.977,6.542],[-6.977,6.54],[-6.976,6.539],[-6.975,6.537],[-6.974,6.536],[-6.971,6.531],[-6.97,6.529],[-6.968,6.528],[-6.967,6.526],[-6.966,6.525],[-6.965,6.523],[-6.963,6.521],[-6.962,6.519],[-6.962,6.518],[-6.963,6.516],[-6.964,6.515],[-6.963,6.513],[-6.963,6.512],[-6.962,6.51],[-6.962,6.508],[-6.961,6.506],[-6.96,6.504],[-6.96,6.503],[-6.958,6.501],[-6.957,6.499],[-6.957,6.497],[-6.956,6.496],[-6.955,6.494],[-6.954,6.493],[-6.953,6.491],[-6.952,6.489],[-6.952,6.488],[-6.952,6.485],[-6.952,6.483],[-6.953,6.481],[-6.954,6.479],[-6.956,6.478],[-6.957,6.478],[-6.959,6.477],[-6.96,6.475],[-6.962,6.474],[-6.963,6.471],[-6.963,6.47],[-6.965,6.469],[-6.967,6.468],[-6.969,6.469],[-6.971,6.468],[-6.972,6.465],[-6.973,6.463],[-6.975,6.462],[-6.977,6.461],[-6.979,6.46],[-6.981,6.46],[-6.982,6.459],[-6.984,6.459],[-6.985,6.46],[-6.987,6.46],[-6.989,6.46],[-6.992,6.461],[-6.993,6.462],[-6.996,6.464],[-7.0,6.464],[-7.001,6.464],[-7.003,6.462],[-7.004,6.461],[-7.005,6.459],[-7.005,6.458],[-7.005,6.456],[-7.005,6.455],[-7.005,6.452],[-7.004,6.45],[-7.003,6.449],[-7.001,6.447],[-7.0,6.446],[-6.999,6.446],[-6.997,6.447],[-6.995,6.447],[-6.992,6.446],[-6.991,6.447],[-6.989,6.448],[-6.987,6.447],[-6.986,6.445],[-6.986,6.443],[-6.985,6.441],[-6.983,6.439],[-6.982,6.438],[-6.982,6.436],[-6.979,6.431],[-6.978,6.429],[-6.978,6.426],[-6.978,6.424],[-6.979,6.422],[-6.934,6.375],[-6.927,6.366],[-6.915,6.35],[-6.896,6.324],[-6.868,6.281],[-6.867,6.28],[-6.866,6.278],[-6.865,6.277],[-6.862,6.277],[-6.86,6.276],[-6.845,6.275],[-6.833,6.274],[-6.829,6.274],[-6.827,6.274],[-6.82,6.274],[-6.816,6.274],[-6.812,6.274],[-6.809,6.274],[-6.805,6.275],[-6.802,6.275],[-6.799,6.276],[-6.795,6.276],[-6.767,6.279],[-6.758,6.281],[-6.737,6.285],[-6.731,6.286],[-6.728,6.287],[-6.726,6.288],[-6.722,6.289],[-6.72,6.289],[-6.717,6.29],[-6.714,6.291],[-6.711,6.291],[-6.708,6.291],[-6.706,6.292],[-6.703,6.292],[-6.7,6.292],[-6.697,6.293],[-6.694,6.293],[-6.692,6.293],[-6.688,6.294],[-6.686,6.294],[-6.682,6.295],[-6.68,6.296],[-6.677,6.296],[-6.675,6.297],[-6.672,6.297],[-6.669,6.297],[-6.666,6.297],[-6.664,6.297],[-6.662,6.297],[-6.659,6.297],[-6.656,6.298],[-6.651,6.298],[-6.647,6.298],[-6.644,6.298],[-6.615,6.299],[-6.614,6.299],[-6.59,6.32],[-6.574,6.308],[-6.507,6.261],[-6.477,6.271],[-6.439,6.292],[-6.437,6.293],[-6.433,6.294],[-6.432,6.294],[-6.43,6.294],[-6.428,6.295],[-6.426,6.295],[-6.424,6.295],[-6.422,6.295],[-6.421,6.295],[-6.419,6.295],[-6.417,6.295],[-6.415,6.295],[-6.413,6.296],[-6.41,6.296],[-6.409,6.296],[-6.407,6.296],[-6.405,6.297],[-6.412,6.164],[-6.4,6.133],[-6.381,6.098],[-6.356,6.034],[-6.346,6.02],[-6.32,5.981],[-6.29,5.936],[-6.29,5.934],[-6.29,5.932],[-6.291,5.929],[-6.291,5.927],[-6.29,5.925],[-6.29,5.923],[-6.29,5.921],[-6.291,5.918],[-6.291,5.916],[-6.291,5.914],[-6.291,5.912],[-6.29,5.91],[-6.289,5.909],[-6.287,5.906],[-6.285,5.906],[-6.284,5.905],[-6.282,5.904],[-6.281,5.903],[-6.28,5.901],[-6.28,5.9],[-6.279,5.899],[-6.278,5.897],[-6.278,5.896],[-6.278,5.894],[-6.277,5.892],[-6.276,5.89],[-6.276,5.888],[-6.277,5.886],[-6.278,5.885],[-6.279,5.883],[-6.28,5.881],[-6.279,5.88],[-6.279,5.878],[-6.277,5.866],[-6.276,5.865],[-6.275,5.863],[-6.274,5.862],[-6.271,5.861],[-6.269,5.86],[-6.267,5.86],[-6.266,5.853],[-6.265,5.852],[-6.264,5.852],[-6.263,5.852],[-6.262,5.852],[-6.26,5.851],[-6.259,5.851],[-6.258,5.85],[-6.258,5.849],[-6.257,5.848],[-6.255,5.848],[-6.254,5.848],[-6.253,5.847],[-6.251,5.846],[-6.25,5.845],[-6.249,5.844],[-6.249,5.843],[-6.249,5.842],[-6.248,5.84],[-6.248,5.84],[-6.248,5.838],[-6.248,5.836],[-6.247,5.835],[-6.246,5.833],[-6.245,5.832],[-6.245,5.83],[-6.245,5.829],[-6.244,5.828],[-6.244,5.827],[-6.243,5.826],[-6.243,5.825],[-6.243,5.823],[-6.243,5.821],[-6.244,5.82],[-6.243,5.819],[-6.244,5.817],[-6.244,5.816],[-6.245,5.815],[-6.245,5.812],[-6.245,5.811],[-6.246,5.81],[-6.246,5.809],[-6.246,5.808],[-6.247,5.806],[-6.246,5.804],[-6.245,5.804],[-6.244,5.804],[-6.243,5.802],[-6.242,5.801],[-6.242,5.799],[-6.242,5.798],[-6.241,5.796],[-6.24,5.795],[-6.24,5.794],[-6.238,5.793],[-6.237,5.792],[-6.236,5.791],[-6.234,5.79],[-6.233,5.79],[-6.232,5.788],[-6.23,5.788],[-6.23,5.787],[-6.229,5.786],[-6.229,5.784],[-6.23,5.783],[-6.23,5.782],[-6.23,5.781],[-6.229,5.779],[-6.229,5.778],[-6.229,5.777],[-6.229,5.776],[-6.23,5.774],[-6.23,5.773],[-6.23,5.772],[-6.23,5.771],[-6.229,5.771],[-6.228,5.77],[-6.227,5.769],[-6.228,5.768],[-6.229,5.766],[-6.229,5.766],[-6.23,5.765],[-6.231,5.764],[-6.231,5.763],[-6.231,5.762],[-6.229,5.762],[-6.229,5.764],[-6.228,5.764],[-6.227,5.763],[-6.226,5.762],[-6.225,5.762],[-6.224,5.76],[-6.223,5.759],[-6.222,5.758],[-6.221,5.756],[-6.22,5.755],[-6.221,5.754],[-6.221,5.753],[-6.223,5.753],[-6.224,5.752],[-6.224,5.751],[-6.223,5.751],[-6.222,5.75],[-6.222,5.749],[-6.223,5.748],[-6.223,5.747],[-6.223,5.745],[-6.224,5.744],[-6.225,5.743],[-6.226,5.743],[-6.227,5.742],[-6.228,5.741],[-6.229,5.74],[-6.23,5.738],[-6.23,5.737],[-6.23,5.736],[-6.23,5.735],[-6.229,5.734],[-6.23,5.732],[-6.23,5.73],[-6.231,5.729],[-6.231,5.729],[-6.232,5.727],[-6.23,5.726],[-6.229,5.724],[-6.228,5.723],[-6.228,5.721],[-6.227,5.72],[-6.226,5.718],[-6.225,5.717],[-6.225,5.716],[-6.224,5.715],[-6.224,5.714],[-6.222,5.713],[-6.221,5.712],[-6.221,5.71],[-6.223,5.709],[-6.223,5.707],[-6.224,5.707],[-6.226,5.706],[-6.227,5.705],[-6.226,5.703],[-6.226,5.701],[-6.226,5.7],[-6.227,5.699],[-6.228,5.698],[-6.227,5.696],[-6.224,5.696],[-6.189,5.77],[-6.117,5.772],[-6.111,5.77],[-6.107,5.769],[-6.104,5.767],[-6.103,5.763],[-6.105,5.759],[-6.106,5.754],[-6.102,5.753],[-6.1,5.749],[-6.097,5.746],[-6.094,5.749],[-6.091,5.75],[-6.087,5.748],[-6.082,5.746],[-6.079,5.743],[-6.076,5.741],[-6.072,5.738],[-6.068,5.736],[-6.068,5.733],[-6.068,5.732],[-6.071,5.729],[-6.068,5.726],[-6.071,5.723],[-6.075,5.723],[-6.076,5.719],[-6.076,5.715],[-6.075,5.711],[-6.071,5.708],[-6.074,5.705],[-6.072,5.701],[-6.075,5.699],[-6.077,5.695],[-6.073,5.697],[-6.069,5.697],[-6.069,5.701],[-6.069,5.705],[-6.066,5.708],[-6.065,5.705],[-6.061,5.703],[-6.061,5.699],[-6.06,5.695],[-6.058,5.691],[-6.055,5.687],[-6.056,5.683],[-6.054,5.68],[-6.052,5.676],[-6.05,5.673],[-6.041,5.666],[-6.042,5.662],[-6.039,5.659],[-6.036,5.658],[-6.034,5.654],[-6.03,5.655],[-6.028,5.655],[-6.029,5.652],[-6.029,5.651],[-6.029,5.649],[-6.029,5.648],[-6.028,5.646],[-6.028,5.645],[-6.027,5.643],[-6.026,5.642],[-6.024,5.641],[-6.023,5.64],[-6.023,5.639],[-6.022,5.639],[-6.022,5.64],[-6.021,5.641],[-6.021,5.642],[-6.02,5.642],[-6.018,5.641],[-6.017,5.64],[-6.017,5.639],[-6.016,5.638],[-6.016,5.637],[-6.016,5.636],[-6.016,5.635],[-6.016,5.634],[-6.017,5.633],[-6.017,5.632],[-6.018,5.631],[-6.019,5.631],[-6.02,5.63],[-6.021,5.63],[-6.021,5.629],[-6.022,5.628],[-6.022,5.627],[-6.022,5.625],[-6.021,5.624],[-6.021,5.623],[-6.021,5.621],[-6.021,5.62],[-6.021,5.619],[-6.022,5.617],[-6.022,5.616],[-6.023,5.615],[-6.023,5.614],[-6.022,5.613],[-6.021,5.612],[-6.02,5.611],[-6.02,5.61],[-6.02,5.608],[-6.022,5.608],[-6.023,5.608],[-6.025,5.607],[-6.026,5.606],[-6.027,5.606],[-6.029,5.606],[-6.031,5.606],[-6.032,5.605],[-6.034,5.605],[-6.035,5.605],[-6.035,5.604],[-6.034,5.603],[-6.032,5.602],[-6.031,5.602],[-6.03,5.601],[-6.029,5.602],[-6.028,5.602],[-6.027,5.602],[-6.026,5.603],[-6.025,5.602],[-6.024,5.6],[-6.025,5.599],[-6.024,5.598],[-6.023,5.597],[-6.024,5.596],[-6.025,5.595],[-6.026,5.594],[-6.027,5.593],[-6.028,5.591],[-6.027,5.59],[-6.026,5.589],[-6.025,5.588],[-6.025,5.587],[-6.024,5.585],[-6.024,5.583],[-6.024,5.582],[-6.023,5.581],[-6.023,5.58],[-6.024,5.578],[-6.023,5.576],[-6.023,5.575],[-6.023,5.574],[-6.022,5.573],[-6.021,5.571],[-6.02,5.57],[-6.02,5.569],[-6.019,5.567],[-6.018,5.566],[-6.017,5.565],[-6.017,5.564],[-6.017,5.563],[-6.016,5.562],[-6.016,5.561],[-6.015,5.56],[-6.015,5.559],[-6.014,5.558],[-6.013,5.557],[-6.012,5.556],[-6.011,5.555],[-6.01,5.554],[-6.01,5.553],[-6.009,5.552],[-6.009,5.55],[-6.009,5.549],[-6.009,5.548],[-6.008,5.547],[-6.007,5.547],[-6.005,5.546],[-6.004,5.547],[-6.003,5.547],[-6.002,5.547],[-6.002,5.546],[-6.002,5.544],[-6.002,5.543],[-6.002,5.541],[-6.002,5.54],[-6.001,5.538],[-6.0,5.536],[-5.999,5.535],[-5.998,5.534],[-5.997,5.532],[-5.997,5.53],[-5.996,5.529],[-5.996,5.527],[-5.995,5.526],[-5.994,5.525],[-5.994,5.524],[-5.992,5.524],[-5.991,5.524],[-5.99,5.524],[-5.989,5.525],[-5.988,5.525],[-5.986,5.524],[-5.985,5.523],[-5.984,5.524],[-5.983,5.525],[-5.982,5.525],[-5.981,5.525],[-5.98,5.524],[-5.979,5.522],[-5.953,5.531],[-5.951,5.531],[-5.95,5.531],[-5.949,5.531],[-5.947,5.531],[-5.946,5.531],[-5.945,5.53],[-5.944,5.529],[-5.942,5.528],[-5.941,5.528],[-5.939,5.528],[-5.938,5.528],[-5.937,5.528],[-5.936,5.528],[-5.935,5.528],[-5.934,5.53],[-5.933,5.531],[-5.933,5.531],[-5.931,5.532],[-5.93,5.532],[-5.929,5.532],[-5.928,5.532],[-5.927,5.532],[-5.926,5.532],[-5.925,5.533],[-5.924,5.533],[-5.922,5.533],[-5.921,5.534],[-5.92,5.535],[-5.92,5.536],[-5.92,5.537],[-5.92,5.538],[-5.919,5.539],[-5.918,5.539],[-5.917,5.54],[-5.915,5.541],[-5.914,5.541],[-5.913,5.542],[-5.911,5.541],[-5.91,5.541],[-5.908,5.541],[-5.907,5.54],[-5.906,5.54],[-5.904,5.539],[-5.903,5.539],[-5.902,5.538],[-5.9,5.538],[-5.899,5.538],[-5.897,5.538],[-5.896,5.537],[-5.894,5.537],[-5.892,5.537],[-5.89,5.537],[-5.888,5.537],[-5.886,5.537],[-5.885,5.537],[-5.883,5.538],[-5.882,5.538],[-5.881,5.538],[-5.88,5.539],[-5.879,5.539],[-5.878,5.538],[-5.877,5.538],[-5.876,5.537],[-5.874,5.536],[-5.873,5.536],[-5.872,5.537],[-5.871,5.538],[-5.87,5.539],[-5.869,5.539],[-5.868,5.54],[-5.867,5.54],[-5.865,5.54],[-5.864,5.541],[-5.862,5.542],[-5.861,5.542],[-5.86,5.541],[-5.858,5.541],[-5.857,5.54],[-5.855,5.54],[-5.854,5.539],[-5.853,5.539],[-5.852,5.538],[-5.851,5.537],[-5.849,5.537],[-5.847,5.537],[-5.845,5.536],[-5.843,5.536],[-5.84,5.536],[-5.838,5.536],[-5.836,5.535],[-5.835,5.534],[-5.832,5.534],[-5.831,5.533],[-5.829,5.532],[-5.828,5.531],[-5.827,5.53],[-5.825,5.529],[-5.823,5.529],[-5.822,5.529],[-5.821,5.529],[-5.82,5.531],[-5.819,5.532],[-5.818,5.533],[-5.816,5.533],[-5.814,5.533],[-5.812,5.533],[-5.811,5.533],[-5.809,5.533],[-5.807,5.534],[-5.804,5.534],[-5.803,5.534],[-5.801,5.534],[-5.8,5.534],[-5.8,5.537],[-5.797,5.536],[-5.795,5.536],[-5.794,5.536],[-5.792,5.537],[-5.791,5.537],[-5.79,5.538],[-5.789,5.538],[-5.788,5.539],[-5.787,5.54],[-5.787,5.541],[-5.786,5.542],[-5.785,5.542],[-5.784,5.543],[-5.783,5.545],[-5.782,5.546],[-5.782,5.547],[-5.782,5.548],[-5.781,5.549],[-5.781,5.55],[-5.781,5.551],[-5.779,5.552],[-5.779,5.552],[-5.777,5.553],[-5.775,5.553],[-5.773,5.554],[-5.773,5.556],[-5.773,5.557],[-5.774,5.558],[-5.773,5.559],[-5.773,5.56],[-5.772,5.561],[-5.771,5.562],[-5.77,5.563],[-5.77,5.564],[-5.77,5.565],[-5.77,5.566],[-5.771,5.567],[-5.771,5.568],[-5.77,5.57],[-5.77,5.571],[-5.77,5.572],[-5.77,5.573],[-5.77,5.574],[-5.771,5.575],[-5.77,5.576],[-5.769,5.577],[-5.768,5.578],[-5.768,5.578],[-5.767,5.579],[-5.766,5.58],[-5.766,5.582],[-5.766,5.583],[-5.766,5.584],[-5.765,5.585],[-5.764,5.586],[-5.763,5.586],[-5.762,5.587],[-5.761,5.588],[-5.76,5.589],[-5.759,5.59],[-5.758,5.591],[-5.758,5.592],[-5.756,5.593],[-5.755,5.593],[-5.754,5.593],[-5.752,5.593],[-5.75,5.592],[-5.749,5.593],[-5.749,5.594],[-5.75,5.595],[-5.75,5.596],[-5.75,5.597],[-5.751,5.598],[-5.751,5.599],[-5.751,5.6],[-5.751,5.601],[-5.751,5.602],[-5.752,5.604],[-5.751,5.605],[-5.751,5.606],[-5.752,5.607],[-5.752,5.608],[-5.753,5.609],[-5.754,5.609],[-5.753,5.611],[-5.753,5.612],[-5.752,5.614],[-5.751,5.615],[-5.75,5.617],[-5.749,5.618],[-5.748,5.619],[-5.747,5.62],[-5.745,5.62],[-5.744,5.621],[-5.743,5.623],[-5.726,5.611],[-5.724,5.61],[-5.656,5.564],[-5.655,5.564],[-5.653,5.564],[-5.651,5.563],[-5.648,5.562],[-5.646,5.562],[-5.644,5.561],[-5.641,5.56],[-5.639,5.559],[-5.637,5.558],[-5.635,5.556],[-5.633,5.555],[-5.634,5.553],[-5.635,5.551],[-5.637,5.549],[-5.638,5.547],[-5.637,5.546],[-5.636,5.544],[-5.635,5.543],[-5.633,5.544],[-5.631,5.544],[-5.628,5.543],[-5.626,5.543],[-5.623,5.543],[-5.621,5.544],[-5.62,5.544],[-5.618,5.545],[-5.618,5.547],[-5.617,5.548],[-5.616,5.549],[-5.615,5.55],[-5.614,5.55],[-5.613,5.551],[-5.613,5.553],[-5.613,5.555],[-5.613,5.556],[-5.612,5.557],[-5.611,5.557],[-5.609,5.557],[-5.607,5.557],[-5.606,5.558],[-5.605,5.559],[-5.601,5.565],[-5.6,5.566],[-5.6,5.567],[-5.598,5.568],[-5.596,5.568],[-5.594,5.569],[-5.593,5.569],[-5.591,5.569],[-5.589,5.57],[-5.588,5.57],[-5.586,5.57],[-5.584,5.571],[-5.583,5.571],[-5.581,5.572],[-5.573,5.576],[-5.573,5.574],[-5.573,5.572],[-5.573,5.571],[-5.572,5.57],[-5.572,5.568],[-5.571,5.567],[-5.571,5.565],[-5.57,5.563],[-5.569,5.561],[-5.569,5.559],[-5.568,5.557],[-5.567,5.556],[-5.567,5.555],[-5.568,5.554],[-5.568,5.553],[-5.568,5.552],[-5.569,5.55],[-5.569,5.549],[-5.569,5.547],[-5.569,5.546],[-5.569,5.544],[-5.568,5.542],[-5.568,5.541],[-5.567,5.54],[-5.567,5.539],[-5.567,5.538],[-5.566,5.536],[-5.565,5.536],[-5.564,5.535],[-5.564,5.533],[-5.563,5.532],[-5.563,5.531],[-5.563,5.53],[-5.562,5.529],[-5.562,5.527],[-5.561,5.526],[-5.561,5.525],[-5.56,5.523],[-5.56,5.522],[-5.56,5.521],[-5.56,5.52],[-5.561,5.519],[-5.561,5.517],[-5.561,5.516],[-5.561,5.515],[-5.56,5.515],[-5.559,5.515],[-5.558,5.515],[-5.557,5.515],[-5.555,5.515],[-5.555,5.516],[-5.553,5.516],[-5.552,5.516],[-5.55,5.515],[-5.549,5.515],[-5.547,5.515],[-5.546,5.515],[-5.545,5.515],[-5.544,5.516],[-5.543,5.517],[-5.541,5.516],[-5.54,5.514],[-5.539,5.513],[-5.538,5.512],[-5.537,5.511],[-5.537,5.51],[-5.536,5.509],[-5.534,5.507],[-5.532,5.507],[-5.531,5.506],[-5.529,5.506],[-5.528,5.506],[-5.527,5.506],[-5.526,5.506],[-5.525,5.506],[-5.523,5.506],[-5.522,5.505],[-5.521,5.504],[-5.52,5.503],[-5.519,5.502],[-5.518,5.501],[-5.518,5.501],[-5.517,5.5],[-5.516,5.499],[-5.516,5.497],[-5.515,5.496],[-5.513,5.495],[-5.513,5.494],[-5.512,5.493],[-5.511,5.492],[-5.51,5.492],[-5.509,5.491],[-5.508,5.491],[-5.507,5.491],[-5.504,5.49],[-5.503,5.49],[-5.501,5.49],[-5.501,5.489],[-5.5,5.488],[-5.498,5.488],[-5.497,5.488],[-5.496,5.489],[-5.495,5.489],[-5.494,5.49],[-5.493,5.491],[-5.491,5.492],[-5.491,5.491],[-5.49,5.49],[-5.49,5.489],[-5.489,5.488],[-5.489,5.486],[-5.489,5.484],[-5.488,5.483],[-5.488,5.482],[-5.488,5.481],[-5.489,5.479],[-5.489,5.478],[-5.488,5.477],[-5.487,5.476],[-5.487,5.475],[-5.486,5.474],[-5.485,5.473],[-5.484,5.472],[-5.484,5.47],[-5.483,5.469],[-5.483,5.468],[-5.481,5.461],[-5.481,5.459],[-5.48,5.456],[-5.48,5.455],[-5.479,5.454],[-5.478,5.453],[-5.478,5.452],[-5.477,5.452],[-5.477,5.451],[-5.476,5.45],[-5.476,5.448],[-5.476,5.447],[-5.476,5.446],[-5.476,5.445],[-5.476,5.444],[-5.476,5.444],[-5.476,5.443],[-5.476,5.442],[-5.476,5.44],[-5.476,5.439],[-5.476,5.438],[-5.476,5.437],[-5.476,5.436],[-5.475,5.436],[-5.474,5.434],[-5.474,5.432],[-5.473,5.431],[-5.472,5.431],[-5.472,5.432],[-5.471,5.433],[-5.47,5.434],[-5.469,5.435],[-5.468,5.435],[-5.467,5.435],[-5.466,5.435],[-5.466,5.434],[-5.465,5.433],[-5.464,5.433],[-5.463,5.432],[-5.461,5.431],[-5.458,5.432],[-5.456,5.433],[-5.455,5.433],[-5.453,5.434],[-5.452,5.435],[-5.451,5.436],[-5.45,5.436],[-5.449,5.437],[-5.448,5.437],[-5.447,5.437],[-5.445,5.437],[-5.444,5.438],[-5.443,5.439],[-5.442,5.439],[-5.441,5.439],[-5.44,5.439],[-5.439,5.439],[-5.438,5.439],[-5.436,5.437],[-5.434,5.437],[-5.433,5.436],[-5.432,5.436],[-5.431,5.436],[-5.429,5.436],[-5.428,5.435],[-5.427,5.435],[-5.426,5.434],[-5.425,5.433],[-5.424,5.432],[-5.423,5.431],[-5.423,5.429],[-5.423,5.428],[-5.422,5.427],[-5.422,5.425],[-5.422,5.424],[-5.422,5.422],[-5.421,5.421],[-5.421,5.42],[-5.42,5.419],[-5.419,5.418],[-5.419,5.417],[-5.418,5.416],[-5.418,5.415],[-5.418,5.413],[-5.419,5.413],[-5.419,5.412],[-5.419,5.411],[-5.419,5.41],[-5.418,5.409],[-5.417,5.408],[-5.417,5.408],[-5.416,5.407],[-5.415,5.406],[-5.415,5.405],[-5.415,5.404],[-5.414,5.404],[-5.413,5.403],[-5.412,5.402],[-5.411,5.401],[-5.409,5.4],[-5.408,5.4],[-5.407,5.399],[-5.406,5.399],[-5.404,5.399],[-5.403,5.399],[-5.402,5.4],[-5.399,5.4],[-5.399,5.4],[-5.398,5.4],[-5.396,5.4],[-5.395,5.4],[-5.394,5.4],[-5.393,5.399],[-5.392,5.399],[-5.39,5.399],[-5.39,5.398],[-5.388,5.398],[-5.387,5.398],[-5.386,5.398],[-5.385,5.398],[-5.383,5.399],[-5.382,5.399],[-5.381,5.398],[-5.38,5.397],[-5.379,5.396],[-5.378,5.395],[-5.377,5.395],[-5.376,5.395],[-5.374,5.396],[-5.373,5.396],[-5.372,5.396],[-5.372,5.396],[-5.371,5.396],[-5.37,5.396],[-5.369,5.395],[-5.368,5.394],[-5.368,5.394],[-5.369,5.393],[-5.37,5.393],[-5.37,5.393],[-5.371,5.392],[-5.372,5.391],[-5.373,5.392],[-5.373,5.392],[-5.375,5.392],[-5.376,5.392],[-5.377,5.391],[-5.379,5.39],[-5.38,5.39],[-5.381,5.39],[-5.383,5.39],[-5.383,5.389],[-5.384,5.388],[-5.384,5.387],[-5.384,5.386],[-5.384,5.385],[-5.384,5.384],[-5.385,5.384],[-5.386,5.383],[-5.387,5.382],[-5.387,5.382],[-5.389,5.381],[-5.39,5.38],[-5.391,5.379],[-5.392,5.378],[-5.392,5.376],[-5.393,5.376],[-5.393,5.375],[-5.395,5.374],[-5.396,5.374],[-5.397,5.373],[-5.398,5.371],[-5.398,5.37],[-5.4,5.37],[-5.401,5.369],[-5.402,5.369],[-5.402,5.368],[-5.402,5.367],[-5.403,5.366],[-5.404,5.366],[-5.406,5.365],[-5.407,5.364],[-5.408,5.363],[-5.41,5.362],[-5.412,5.36],[-5.413,5.36],[-5.414,5.359],[-5.415,5.358],[-5.416,5.358],[-5.417,5.357],[-5.418,5.357],[-5.419,5.357],[-5.421,5.357],[-5.422,5.356],[-5.424,5.356],[-5.425,5.355],[-5.425,5.355],[-5.426,5.354],[-5.427,5.352],[-5.427,5.351],[-5.439,5.326],[-5.456,5.299],[-5.454,5.297],[-5.452,5.295],[-5.452,5.293],[-5.454,5.291],[-5.455,5.284],[-5.454,5.282],[-5.452,5.281],[-5.45,5.279],[-5.447,5.278],[-5.444,5.277],[-5.442,5.277],[-5.439,5.276],[-5.438,5.274],[-5.437,5.271],[-5.436,5.269],[-5.433,5.266],[-5.433,5.263],[-5.435,5.259],[-5.435,5.257],[-5.437,5.259],[-5.44,5.261],[-5.444,5.262],[-5.448,5.262],[-5.452,5.262],[-5.454,5.262],[-5.459,5.262],[-5.461,5.26],[-5.462,5.258],[-5.463,5.255],[-5.463,5.252],[-5.462,5.249],[-5.461,5.246],[-5.46,5.244],[-5.459,5.24],[-5.457,5.237],[-5.457,5.234],[-5.457,5.23],[-5.457,5.227],[-5.457,5.225],[-5.458,5.223],[-5.457,5.219],[-5.458,5.216],[-5.46,5.214],[-5.461,5.212],[-5.461,5.208],[-5.46,5.205],[-5.461,5.203],[-5.463,5.202],[-5.463,5.199],[-5.462,5.197],[-5.463,5.195],[-5.465,5.193],[-5.467,5.191],[-5.469,5.189],[-5.471,5.188],[-5.473,5.185],[-5.475,5.183],[-5.478,5.182],[-5.481,5.182],[-5.484,5.182],[-5.487,5.182],[-5.491,5.181],[-5.494,5.18],[-5.496,5.179],[-5.496,5.176],[-5.498,5.173],[-5.499,5.17],[-5.498,5.167],[-5.499,5.164],[-5.499,5.162],[-5.5,5.159],[-5.5,5.156],[-5.501,5.153],[-5.5,5.151],[-5.501,5.148],[-5.502,5.145],[-5.5,5.143],[-5.5,5.14],[-5.501,5.137],[-5.5,5.134],[-5.502,5.132],[-5.504,5.132],[-5.505,5.13],[-5.507,5.129],[-5.506,5.126],[-5.506,5.124],[-5.508,5.122],[-5.508,5.119],[-5.506,5.117],[-5.507,5.114],[-5.504,5.113],[-5.502,5.111],[-5.5,5.108],[-5.498,5.109],[-5.498,5.107],[-5.496,5.105],[-5.499,5.104],[-5.497,5.102],[-5.494,5.101],[-5.491,5.098],[-5.49,5.096],[-5.487,5.094],[-5.486,5.09],[-5.493,5.089],[-5.508,5.081],[-5.512,5.081],[-5.525,5.08],[-5.535,5.08],[-5.542,5.078],[-5.551,5.077],[-5.581,5.077],[-5.586,5.077],[-5.594,5.074],[-5.602,5.074],[-5.607,5.076],[-5.614,5.071],[-5.624,5.069],[-5.635,5.068],[-5.647,5.065],[-5.66,5.065],[-5.671,5.063],[-5.697,5.059],[-5.704,5.059],[-5.719,5.058],[-5.741,5.056],[-5.744,5.054],[-5.765,5.051],[-5.807,5.044],[-5.862,5.032],[-5.863,5.031],[-5.878,5.025],[-5.884,5.024],[-5.906,5.019],[-5.92,5.013],[-5.928,5.007],[-5.935,5.005],[-5.947,5.004],[-5.953,4.999],[-5.957,4.998],[-5.968,4.996],[-5.98,4.989],[-5.979,4.984],[-5.996,4.979],[-6.005,4.976],[-6.007,4.971],[-6.014,4.972],[-6.016,4.969],[-6.031,4.963],[-6.038,4.963],[-6.047,4.962],[-6.058,4.958],[-6.071,4.958],[-6.085,4.94],[-6.092,4.938],[-6.101,4.931],[-6.122,4.92],[-6.132,4.918],[-6.145,4.913],[-6.157,4.907],[-6.163,4.905],[-6.172,4.9],[-6.175,4.9],[-6.182,4.897],[-6.185,4.892],[-6.196,4.886],[-6.203,4.884],[-6.209,4.88],[-6.216,4.881],[-6.225,4.878],[-6.239,4.872],[-6.241,4.866],[-6.247,4.864],[-6.263,4.861],[-6.277,4.857],[-6.292,4.852],[-6.301,4.849],[-6.306,4.847],[-6.317,4.846],[-6.329,4.84],[-6.34,4.837],[-6.346,4.832],[-6.355,4.83],[-6.362,4.826],[-6.369,4.827],[-6.379,4.825],[-6.385,4.823],[-6.395,4.822],[-6.398,4.819],[-6.403,4.817],[-6.408,4.816],[-6.412,4.813],[-6.419,4.812],[-6.432,4.81],[-6.441,4.806],[-6.443,4.804],[-6.449,4.801],[-6.452,4.79],[-6.456,4.789],[-6.464,4.787],[-6.479,4.784],[-6.493,4.78],[-6.505,4.781],[-6.512,4.776],[-6.516,4.776],[-6.534,4.774],[-6.543,4.773],[-6.556,4.77],[-6.562,4.772],[-6.57,4.767],[-6.575,4.767],[-6.584,4.765],[-6.593,4.759],[-6.606,4.753],[-6.608,4.749],[-6.608,4.744],[-6.614,4.74],[-6.618,4.735],[-6.627,4.73],[-6.635,4.728],[-6.643,4.722],[-6.651,4.718],[-6.67,4.714],[-6.676,4.712],[-6.687,4.71],[-6.708,4.707],[-6.713,4.694],[-6.73,4.691],[-6.735,4.692],[-6.744,4.693],[-6.753,4.692],[-6.758,4.692],[-6.766,4.691],[-6.77,4.686],[-6.779,4.686],[-6.868,4.674],[-6.882,4.67],[-6.894,4.669],[-6.901,4.668],[-6.909,4.664],[-6.916,4.663],[-6.922,4.66],[-6.924,4.655],[-6.921,4.642],[-6.927,4.639],[-6.936,4.633],[-6.941,4.632],[-6.954,4.625],[-6.956,4.625],[-6.959,4.623],[-6.965,4.619],[-6.973,4.607],[-6.976,4.607],[-6.979,4.605],[-6.986,4.599],[-6.985,4.593],[-6.988,4.593],[-6.996,4.59],[-7.004,4.587],[-7.008,4.576],[-7.019,4.573],[-7.022,4.568],[-7.03,4.563],[-7.031,4.557],[-7.032,4.553],[-7.035,4.55],[-7.035,4.544],[-7.04,4.543],[-7.058,4.54],[-7.063,4.533],[-7.074,4.534],[-7.083,4.53],[-7.091,4.531],[-7.102,4.531],[-7.123,4.528],[-7.14,4.525],[-7.153,4.525],[-7.159,4.525],[-7.164,4.525],[-7.171,4.521],[-7.191,4.519],[-7.205,4.507],[-7.207,4.507],[-7.215,4.504],[-7.222,4.5],[-7.237,4.493],[-7.249,4.485],[-7.257,4.463],[-7.284,4.457],[-7.295,4.457],[-7.301,4.454],[-7.311,4.45],[-7.32,4.442],[-7.327,4.43],[-7.341,4.423],[-7.354,4.42],[-7.368,4.406],[-7.397,4.396],[-7.399,4.393],[-7.417,4.38],[-7.427,4.378],[-7.441,4.375],[-7.463,4.366],[-7.467,4.367],[-7.471,4.366],[-7.488,4.361],[-7.497,4.362],[-7.519,4.364],[-7.529,4.362],[-7.539,4.363],[-7.545,4.37],[-7.553,4.369],[-7.556,4.37],[-7.562,4.374],[-7.564,4.378],[-7.568,4.381],[-7.573,4.387],[-7.576,4.394],[-7.577,4.401],[-7.575,4.407],[-7.571,4.412],[-7.568,4.421],[-7.565,4.424],[-7.56,4.43],[-7.554,4.432],[-7.547,4.435],[-7.546,4.437],[-7.551,4.439],[-7.561,4.442],[-7.567,4.447],[-7.571,4.45],[-7.573,4.457],[-7.574,4.468],[-7.57,4.474],[-7.568,4.478],[-7.568,4.483],[-7.564,4.486],[-7.56,4.489],[-7.561,4.493],[-7.563,4.496],[-7.564,4.505],[-7.561,4.508],[-7.559,4.512],[-7.563,4.518],[-7.568,4.524],[-7.57,4.527],[-7.572,4.532],[-7.572,4.537],[-7.572,4.543],[-7.568,4.545],[-7.564,4.548],[-7.567,4.552],[-7.568,4.557],[-7.566,4.564],[-7.566,4.566],[-7.57,4.572],[-7.577,4.577],[-7.581,4.581],[-7.58,4.585],[-7.58,4.591],[-7.578,4.592],[-7.575,4.594],[-7.569,4.594],[-7.565,4.594],[-7.563,4.595],[-7.561,4.601],[-7.559,4.604],[-7.557,4.607],[-7.554,4.609],[-7.555,4.612],[-7.557,4.613],[-7.56,4.619],[-7.562,4.635],[-7.565,4.642],[-7.569,4.648],[-7.573,4.648],[-7.58,4.649],[-7.582,4.653],[-7.582,4.657],[-7.58,4.665],[-7.574,4.668],[-7.568,4.669],[-7.568,4.671],[-7.573,4.676],[-7.574,4.679],[-7.577,4.685],[-7.577,4.689],[-7.575,4.693],[-7.572,4.696],[-7.564,4.694],[-7.562,4.697],[-7.562,4.702],[-7.567,4.714],[-7.569,4.722],[-7.567,4.726],[-7.564,4.732],[-7.563,4.736],[-7.566,4.74],[-7.569,4.746],[-7.569,4.751],[-7.569,4.756],[-7.569,4.759],[-7.572,4.765],[-7.573,4.769],[-7.572,4.772],[-7.568,4.775],[-7.566,4.777],[-7.567,4.782],[-7.569,4.784],[-7.577,4.784],[-7.584,4.785],[-7.588,4.789],[-7.592,4.791],[-7.595,4.795],[-7.598,4.796],[-7.6,4.8],[-7.599,4.803],[-7.599,4.806],[-7.601,4.814],[-7.599,4.82],[-7.596,4.824],[-7.591,4.825],[-7.588,4.827],[-7.589,4.831],[-7.591,4.834],[-7.595,4.839],[-7.597,4.843],[-7.598,4.849],[-7.597,4.853],[-7.592,4.855],[-7.59,4.858],[-7.594,4.861],[-7.594,4.867],[-7.596,4.873],[-7.595,4.876],[-7.594,4.878],[-7.6,4.88],[-7.606,4.884],[-7.607,4.89],[-7.605,4.894],[-7.603,4.901],[-7.601,4.907],[-7.598,4.909],[-7.591,4.912],[-7.587,4.914],[-7.584,4.914],[-7.583,4.912],[-7.58,4.911],[-7.578,4.908],[-7.574,4.908],[-7.571,4.909],[-7.57,4.914],[-7.569,4.92],[-7.568,4.922],[-7.562,4.924],[-7.559,4.925],[-7.555,4.925],[-7.552,4.923],[-7.549,4.921],[-7.546,4.919],[-7.542,4.918],[-7.536,4.919],[-7.533,4.919],[-7.532,4.922],[-7.532,4.925],[-7.54,4.931],[-7.543,4.937],[-7.543,4.94],[-7.543,4.944],[-7.542,4.949],[-7.539,4.952],[-7.54,4.954],[-7.544,4.958],[-7.546,4.962],[-7.552,4.964],[-7.557,4.96],[-7.56,4.962],[-7.563,4.967],[-7.565,4.974],[-7.564,4.978],[-7.559,4.98],[-7.556,4.986],[-7.553,4.989],[-7.549,4.991],[-7.548,4.995],[-7.548,5.002],[-7.548,5.006],[-7.557,5.01],[-7.561,5.016],[-7.563,5.021],[-7.563,5.03],[-7.559,5.04],[-7.555,5.041],[-7.554,5.045],[-7.556,5.049],[-7.558,5.052],[-7.558,5.056],[-7.557,5.06],[-7.561,5.063],[-7.562,5.065],[-7.562,5.068],[-7.563,5.072],[-7.564,5.075],[-7.567,5.077],[-7.569,5.079],[-7.569,5.085],[-7.566,5.089],[-7.56,5.091],[-7.558,5.094],[-7.555,5.097],[-7.551,5.099],[-7.548,5.101],[-7.544,5.103],[-7.539,5.107],[-7.538,5.11],[-7.534,5.114],[-7.525,5.117],[-7.521,5.117],[-7.516,5.111],[-7.516,5.106],[-7.518,5.101],[-7.516,5.099],[-7.512,5.104],[-7.508,5.109],[-7.505,5.113],[-7.506,5.114],[-7.508,5.117],[-7.504,5.123],[-7.498,5.126],[-7.494,5.126],[-7.491,5.129],[-7.489,5.134],[-7.49,5.143],[-7.486,5.147],[-7.483,5.151],[-7.478,5.162],[-7.477,5.165],[-7.476,5.171],[-7.475,5.178],[-7.478,5.184],[-7.481,5.19],[-7.481,5.194],[-7.479,5.2],[-7.482,5.208],[-7.485,5.21],[-7.49,5.216],[-7.489,5.225],[-7.48,5.238],[-7.476,5.24],[-7.474,5.238],[-7.472,5.237],[-7.469,5.24],[-7.469,5.244],[-7.47,5.25],[-7.471,5.258],[-7.472,5.26],[-7.482,5.262],[-7.483,5.269],[-7.481,5.274],[-7.479,5.281],[-7.475,5.285],[-7.471,5.287],[-7.467,5.283],[-7.466,5.281],[-7.462,5.282],[-7.46,5.284],[-7.457,5.286],[-7.454,5.289],[-7.451,5.29],[-7.446,5.29],[-7.443,5.293],[-7.439,5.298],[-7.436,5.3],[-7.431,5.301],[-7.427,5.301],[-7.421,5.303],[-7.415,5.302],[-7.415,5.3],[-7.414,5.295],[-7.418,5.292],[-7.42,5.287],[-7.423,5.282],[-7.428,5.282],[-7.429,5.278],[-7.426,5.279],[-7.421,5.277],[-7.42,5.273],[-7.42,5.267],[-7.423,5.264],[-7.428,5.26],[-7.425,5.26],[-7.421,5.263],[-7.416,5.267],[-7.412,5.271],[-7.41,5.274],[-7.411,5.277],[-7.41,5.283],[-7.409,5.286],[-7.403,5.288],[-7.398,5.288],[-7.396,5.293],[-7.4,5.3],[-7.402,5.306],[-7.401,5.311],[-7.397,5.316],[-7.391,5.317],[-7.388,5.32],[-7.382,5.32],[-7.38,5.325],[-7.374,5.329],[-7.371,5.333],[-7.377,5.332],[-7.383,5.334],[-7.386,5.338],[-7.39,5.345],[-7.389,5.354],[-7.388,5.364],[-7.388,5.368],[-7.387,5.376],[-7.383,5.381],[-7.384,5.383],[-7.387,5.383],[-7.39,5.382],[-7.392,5.378],[-7.39,5.372],[-7.391,5.367],[-7.398,5.362],[-7.405,5.36],[-7.406,5.364],[-7.415,5.371],[-7.422,5.375],[-7.428,5.381],[-7.432,5.387],[-7.435,5.396],[-7.434,5.401],[-7.435,5.406],[-7.439,5.413],[-7.45,5.42],[-7.455,5.427],[-7.455,5.43],[-7.453,5.438],[-7.449,5.441],[-7.448,5.444],[-7.444,5.447],[-7.442,5.446],[-7.439,5.443],[-7.44,5.439],[-7.436,5.435],[-7.43,5.434],[-7.428,5.43],[-7.425,5.429],[-7.424,5.435],[-7.423,5.44],[-7.421,5.444],[-7.424,5.448],[-7.425,5.453],[-7.429,5.456],[-7.429,5.461],[-7.43,5.468],[-7.429,5.474],[-7.426,5.478],[-7.424,5.482],[-7.421,5.484],[-7.419,5.484],[-7.416,5.484],[-7.414,5.486],[-7.41,5.492],[-7.409,5.495],[-7.41,5.497],[-7.41,5.5],[-7.409,5.503],[-7.406,5.505],[-7.402,5.506],[-7.399,5.507],[-7.397,5.508],[-7.395,5.512],[-7.401,5.513],[-7.406,5.516],[-7.408,5.518],[-7.41,5.521],[-7.409,5.524],[-7.406,5.527],[-7.402,5.528],[-7.398,5.525],[-7.393,5.522],[-7.388,5.523],[-7.385,5.532],[-7.388,5.535],[-7.394,5.539],[-7.401,5.541],[-7.403,5.546],[-7.404,5.55],[-7.401,5.553],[-7.398,5.558],[-7.399,5.566],[-7.4,5.581],[-7.397,5.584],[-7.394,5.584],[-7.389,5.584],[-7.383,5.583],[-7.377,5.583],[-7.38,5.586],[-7.385,5.592],[-7.386,5.597],[-7.385,5.604],[-7.383,5.609],[-7.38,5.613],[-7.382,5.618],[-7.382,5.621],[-7.376,5.621],[-7.374,5.621],[-7.372,5.622],[-7.369,5.622],[-7.367,5.622],[-7.365,5.623],[-7.363,5.624],[-7.361,5.624],[-7.358,5.624],[-7.356,5.623],[-7.354,5.622],[-7.352,5.622],[-7.349,5.622],[-7.347,5.623],[-7.346,5.625],[-7.345,5.628],[-7.342,5.628],[-7.339,5.627],[-7.337,5.625],[-7.335,5.624],[-7.333,5.622],[-7.331,5.621],[-7.327,5.62],[-7.325,5.619],[-7.323,5.619],[-7.32,5.618],[-7.317,5.619],[-7.315,5.62],[-7.314,5.622],[-7.312,5.624],[-7.311,5.625],[-7.307,5.627],[-7.304,5.628],[-7.301,5.628],[-7.299,5.627],[-7.297,5.626],[-7.295,5.624],[-7.292,5.622],[-7.29,5.622],[-7.288,5.621],[-7.284,5.62],[-7.281,5.62],[-7.278,5.62],[-7.276,5.62],[-7.273,5.62],[-7.272,5.622],[-7.269,5.623],[-7.268,5.625],[-7.268,5.628],[-7.268,5.631],[-7.266,5.632],[-7.264,5.634],[-7.262,5.636],[-7.261,5.638],[-7.261,5.64],[-7.259,5.641],[-7.257,5.641],[-7.257,5.643],[-7.255,5.645],[-7.091,5.666],[-7.088,5.666],[-7.091,5.888],[-7.087,5.989],[-7.087,5.99],[-7.084,6.055],[-7.084,6.057],[-7.085,6.06],[-7.104,6.139],[-7.106,6.14],[-7.106,6.141],[-7.107,6.143],[-7.107,6.145],[-7.108,6.147],[-7.108,6.149],[-7.108,6.151],[-7.108,6.153],[-7.11,6.155],[-7.113,6.156],[-7.115,6.156],[-7.117,6.157],[-7.119,6.158],[-7.12,6.159],[-7.121,6.16],[-7.122,6.162],[-7.123,6.164],[-7.124,6.165],[-7.123,6.167],[-7.122,6.168],[-7.123,6.17],[-7.127,6.173],[-7.129,6.175],[-7.131,6.176],[-7.132,6.177],[-7.134,6.178],[-7.136,6.177],[-7.138,6.177],[-7.14,6.178],[-7.142,6.179],[-7.144,6.18],[-7.145,6.18],[-7.147,6.181],[-7.149,6.183],[-7.151,6.184],[-7.152,6.184],[-7.154,6.184],[-7.155,6.183],[-7.157,6.182],[-7.159,6.182],[-7.161,6.18],[-7.163,6.179],[-7.164,6.179],[-7.166,6.179],[-7.168,6.18],[-7.17,6.18],[-7.173,6.181],[-7.174,6.181],[-7.176,6.181],[-7.177,6.182],[-7.179,6.182],[-7.181,6.182],[-7.183,6.183],[-7.184,6.184],[-7.186,6.185],[-7.187,6.185],[-7.188,6.187],[-7.19,6.188],[-7.191,6.19],[-7.192,6.191],[-7.194,6.193],[-7.196,6.194],[-7.2,6.198],[-7.202,6.2],[-7.204,6.201],[-7.206,6.202],[-7.207,6.204],[-7.208,6.205],[-7.208,6.208],[-7.21,6.211],[-7.209,6.213],[-7.208,6.215],[-7.207,6.216],[-7.206,6.218],[-7.205,6.22],[-7.204,6.221],[-7.204,6.223],[-7.204,6.225],[-7.204,6.23],[-7.203,6.231],[-7.202,6.232],[-7.2,6.233],[-7.198,6.234],[-7.196,6.235],[-7.193,6.238],[-7.191,6.24],[-7.19,6.241],[-7.19,6.242],[-7.188,6.245],[-7.187,6.247],[-7.186,6.248],[-7.186,6.251],[-7.183,6.252],[-7.182,6.253],[-7.18,6.255],[-7.179,6.256],[-7.178,6.257],[-7.177,6.259],[-7.175,6.26],[-7.172,6.264],[-7.17,6.265],[-7.17,6.267],[-7.171,6.269],[-7.173,6.272],[-7.173,6.274],[-7.173,6.276],[-7.172,6.279],[-7.175,6.285],[-7.175,6.288],[-7.175,6.289],[-7.175,6.291],[-7.175,6.293],[-7.174,6.295],[-7.173,6.296],[-7.172,6.297],[-7.172,6.299],[-7.171,6.301],[-7.174,6.301],[-7.175,6.303],[-7.176,6.304],[-7.178,6.305],[-7.179,6.308],[-7.179,6.309],[-7.179,6.311],[-7.179,6.313],[-7.181,6.314],[-7.182,6.316],[-7.182,6.317],[-7.184,6.318],[-7.183,6.32],[-7.182,6.322],[-7.181,6.323],[-7.18,6.324],[-7.179,6.326],[-7.178,6.328],[-7.177,6.33],[-7.177,6.332],[-7.177,6.335],[-7.177,6.337],[-7.177,6.338],[-7.177,6.341],[-7.178,6.345],[-7.177,6.347],[-7.176,6.349],[-7.176,6.35],[-7.175,6.352],[-7.176,6.353],[-7.176,6.356],[-7.175,6.357],[-7.174,6.359],[-7.174,6.361],[-7.173,6.362],[-7.173,6.364],[-7.172,6.366],[-7.171,6.367],[-7.171,6.369],[-7.171,6.371],[-7.17,6.374],[-7.168,6.375],[-7.165,6.375],[-7.163,6.375],[-7.162,6.375],[-7.16,6.377],[-7.159,6.38],[-7.157,6.385],[-7.157,6.387],[-7.156,6.39],[-7.156,6.392],[-7.156,6.394],[-7.154,6.396],[-7.153,6.398],[-7.151,6.398],[-7.149,6.398],[-7.146,6.399],[-7.144,6.4],[-7.142,6.4],[-7.139,6.401],[-7.138,6.402],[-7.136,6.402],[-7.134,6.403],[-7.133,6.403],[-7.128,6.404],[-7.126,6.405],[-7.127,6.406],[-7.13,6.407],[-7.133,6.41],[-7.135,6.412],[-7.137,6.413],[-7.138,6.415],[-7.139,6.416],[-7.14,6.417],[-7.142,6.42],[-7.144,6.421],[-7.145,6.422],[-7.147,6.422],[-7.149,6.423],[-7.15,6.424],[-7.151,6.426],[-7.152,6.428],[-7.153,6.43],[-7.155,6.431],[-7.156,6.432],[-7.156,6.434],[-7.155,6.435],[-7.154,6.437],[-7.154,6.44],[-7.154,6.442],[-7.155,6.444],[-7.157,6.445],[-7.157,6.447],[-7.156,6.449],[-7.155,6.45],[-7.155,6.455],[-7.154,6.456],[-7.153,6.458],[-7.152,6.459],[-7.151,6.461],[-7.15,6.463],[-7.133,6.458],[-7.13,6.458],[-7.089,6.489],[-7.002,6.555],[-7.0,6.556],[-7.0,6.554],[-6.999,6.553],[-6.998,6.553],[-6.996,6.555],[-6.994,6.557],[-6.992,6.558],[-6.986,6.556],[-6.984,6.555],[-6.983,6.554]]]}},{"type":"Feature","id":"Denguele","properties":{"name":"Denguele","code":"CI02","level":"district","status":"pending","schools":450,"students":261143,"girls":126452,"boys":134691},"geometry":{"type":"Polygon","coordinates":[[[-7.589,10.427],[-7.577,10.421],[-7.569,10.421],[-7.56,10.42],[-7.551,10.414],[-7.542,10.415],[-7.538,10.42],[-7.536,10.433],[-7.531,10.44],[-7.521,10.451],[-7.511,10.457],[-7.497,10.455],[-7.475,10.449],[-7.46,10.444],[-7.455,10.444],[-7.453,10.443],[-7.451,10.442],[-7.45,10.441],[-7.448,10.439],[-7.446,10.438],[-7.445,10.437],[-7.443,10.436],[-7.442,10.434],[-7.443,10.432],[-7.444,10.43],[-7.444,10.428],[-7.443,10.426],[-7.442,10.425],[-7.44,10.423],[-7.439,10.422],[-7.438,10.42],[-7.437,10.419],[-7.436,10.417],[-7.438,10.416],[-7.44,10.415],[-7.442,10.414],[-7.443,10.412],[-7.444,10.41],[-7.445,10.408],[-7.445,10.406],[-7.446,10.404],[-7.447,10.403],[-7.447,10.401],[-7.445,10.399],[-7.444,10.398],[-7.443,10.396],[-7.443,10.394],[-7.443,10.392],[-7.443,10.39],[-7.443,10.388],[-7.442,10.386],[-7.441,10.384],[-7.44,10.382],[-7.439,10.381],[-7.438,10.379],[-7.437,10.377],[-7.437,10.375],[-7.437,10.373],[-7.437,10.372],[-7.436,10.369],[-7.434,10.368],[-7.432,10.367],[-7.432,10.365],[-7.431,10.363],[-7.431,10.361],[-7.429,10.36],[-7.428,10.358],[-7.427,10.357],[-7.425,10.355],[-7.424,10.353],[-7.423,10.352],[-7.422,10.35],[-7.421,10.348],[-7.421,10.346],[-7.422,10.344],[-7.424,10.343],[-7.426,10.343],[-7.428,10.341],[-7.429,10.34],[-7.429,10.338],[-7.428,10.336],[-7.426,10.335],[-7.424,10.334],[-7.422,10.334],[-7.42,10.334],[-7.418,10.335],[-7.416,10.335],[-7.414,10.337],[-7.413,10.338],[-7.411,10.34],[-7.41,10.341],[-7.408,10.343],[-7.407,10.344],[-7.405,10.345],[-7.403,10.346],[-7.401,10.347],[-7.391,10.349],[-7.38,10.349],[-7.367,10.346],[-7.365,10.341],[-7.357,10.328],[-7.355,10.308],[-7.355,10.284],[-7.359,10.269],[-7.367,10.262],[-7.374,10.26],[-7.385,10.26],[-7.387,10.259],[-7.386,10.257],[-7.385,10.255],[-7.384,10.254],[-7.382,10.252],[-7.381,10.251],[-7.38,10.249],[-7.378,10.247],[-7.377,10.247],[-7.375,10.246],[-7.373,10.247],[-7.371,10.245],[-7.369,10.244],[-7.367,10.244],[-7.365,10.243],[-7.363,10.243],[-7.361,10.243],[-7.359,10.242],[-7.357,10.242],[-7.355,10.242],[-7.353,10.241],[-7.351,10.24],[-7.349,10.24],[-7.347,10.239],[-7.345,10.238],[-7.343,10.238],[-7.341,10.237],[-7.339,10.236],[-7.337,10.236],[-7.334,10.236],[-7.327,10.239],[-7.313,10.249],[-7.307,10.253],[-7.303,10.253],[-7.3,10.253],[-7.281,10.261],[-7.274,10.262],[-7.261,10.256],[-7.23,10.255],[-7.203,10.252],[-7.176,10.251],[-7.156,10.25],[-7.142,10.247],[-7.133,10.241],[-7.123,10.23],[-7.11,10.214],[-7.108,10.212],[-7.091,10.21],[-7.08,10.209],[-7.073,10.195],[-7.086,10.171],[-7.085,10.164],[-7.08,10.16],[-7.073,10.162],[-7.058,10.151],[-7.051,10.147],[-7.032,10.149],[-7.011,10.158],[-6.994,10.174],[-6.987,10.197],[-6.986,10.199],[-6.983,10.213],[-7.006,10.241],[-7.018,10.257],[-7.017,10.263],[-7.006,10.271],[-7.004,10.277],[-6.999,10.283],[-6.993,10.288],[-6.987,10.295],[-6.983,10.305],[-6.98,10.305],[-6.978,10.305],[-6.976,10.305],[-6.974,10.305],[-6.972,10.306],[-6.971,10.307],[-6.97,10.309],[-6.969,10.311],[-6.969,10.313],[-6.967,10.315],[-6.966,10.316],[-6.965,10.318],[-6.964,10.32],[-6.963,10.322],[-6.963,10.324],[-6.963,10.326],[-6.962,10.328],[-6.961,10.33],[-6.96,10.331],[-6.958,10.332],[-6.956,10.333],[-6.954,10.335],[-6.953,10.337],[-6.953,10.339],[-6.952,10.341],[-6.951,10.342],[-6.95,10.344],[-6.948,10.346],[-6.947,10.348],[-6.946,10.35],[-6.945,10.351],[-6.944,10.353],[-6.943,10.354],[-6.941,10.356],[-6.94,10.357],[-6.938,10.359],[-6.936,10.36],[-6.934,10.359],[-6.932,10.359],[-6.931,10.358],[-6.929,10.357],[-6.927,10.356],[-6.924,10.355],[-6.922,10.356],[-6.92,10.357],[-6.918,10.356],[-6.916,10.355],[-6.914,10.355],[-6.912,10.355],[-6.91,10.354],[-6.909,10.353],[-6.908,10.351],[-6.906,10.349],[-6.905,10.348],[-6.903,10.347],[-6.901,10.347],[-6.899,10.348],[-6.897,10.349],[-6.895,10.35],[-6.893,10.351],[-6.891,10.351],[-6.889,10.352],[-6.888,10.353],[-6.886,10.354],[-6.884,10.354],[-6.882,10.353],[-6.88,10.352],[-6.879,10.351],[-6.877,10.349],[-6.876,10.348],[-6.874,10.347],[-6.872,10.346],[-6.87,10.345],[-6.867,10.345],[-6.865,10.346],[-6.864,10.348],[-6.864,10.35],[-6.862,10.351],[-6.86,10.35],[-6.858,10.35],[-6.856,10.35],[-6.855,10.351],[-6.854,10.353],[-6.853,10.355],[-6.851,10.356],[-6.849,10.358],[-6.847,10.359],[-6.845,10.358],[-6.843,10.357],[-6.842,10.356],[-6.84,10.354],[-6.836,10.355],[-6.837,10.357],[-6.837,10.359],[-6.836,10.361],[-6.836,10.363],[-6.835,10.365],[-6.833,10.365],[-6.831,10.366],[-6.829,10.366],[-6.827,10.368],[-6.826,10.37],[-6.825,10.371],[-6.825,10.374],[-6.825,10.376],[-6.826,10.378],[-6.826,10.38],[-6.826,10.382],[-6.827,10.384],[-6.827,10.386],[-6.826,10.389],[-6.807,10.391],[-6.791,10.384],[-6.786,10.372],[-6.777,10.366],[-6.767,10.366],[-6.751,10.365],[-6.739,10.364],[-6.731,10.359],[-6.722,10.351],[-6.709,10.347],[-6.692,10.345],[-6.689,10.345],[-6.687,10.345],[-6.685,10.344],[-6.683,10.344],[-6.681,10.345],[-6.679,10.346],[-6.678,10.348],[-6.677,10.35],[-6.676,10.352],[-6.674,10.352],[-6.672,10.353],[-6.671,10.354],[-6.669,10.355],[-6.668,10.357],[-6.667,10.358],[-6.665,10.359],[-6.659,10.357],[-6.661,10.356],[-6.659,10.354],[-6.658,10.353],[-6.657,10.352],[-6.657,10.35],[-6.657,10.348],[-6.658,10.346],[-6.657,10.345],[-6.655,10.345],[-6.653,10.344],[-6.652,10.342],[-6.651,10.34],[-6.652,10.338],[-6.653,10.337],[-6.653,10.335],[-6.653,10.333],[-6.652,10.333],[-6.65,10.331],[-6.65,10.329],[-6.648,10.327],[-6.647,10.327],[-6.646,10.325],[-6.646,10.324],[-6.646,10.322],[-6.647,10.321],[-6.644,10.318],[-6.645,10.315],[-6.647,10.314],[-6.647,10.312],[-6.644,10.312],[-6.642,10.313],[-6.641,10.313],[-6.639,10.313],[-6.637,10.312],[-6.637,10.31],[-6.637,10.308],[-6.637,10.307],[-6.636,10.308],[-6.634,10.309],[-6.632,10.308],[-6.633,10.306],[-6.631,10.304],[-6.631,10.303],[-6.631,10.301],[-6.634,10.301],[-6.633,10.298],[-6.633,10.297],[-6.632,10.296],[-6.633,10.294],[-6.633,10.293],[-6.632,10.293],[-6.63,10.293],[-6.63,10.291],[-6.63,10.29],[-6.632,10.289],[-6.633,10.287],[-6.634,10.286],[-6.636,10.287],[-6.637,10.287],[-6.638,10.285],[-6.638,10.283],[-6.637,10.281],[-6.636,10.28],[-6.635,10.279],[-6.634,10.276],[-6.633,10.273],[-6.634,10.272],[-6.634,10.27],[-6.634,10.269],[-6.635,10.267],[-6.636,10.266],[-6.638,10.265],[-6.639,10.265],[-6.636,10.263],[-6.634,10.262],[-6.634,10.261],[-6.635,10.259],[-6.637,10.258],[-6.637,10.256],[-6.637,10.254],[-6.635,10.254],[-6.634,10.255],[-6.632,10.253],[-6.632,10.251],[-6.633,10.25],[-6.634,10.248],[-6.632,10.248],[-6.63,10.248],[-6.629,10.247],[-6.629,10.245],[-6.63,10.243],[-6.628,10.242],[-6.627,10.242],[-6.625,10.24],[-6.624,10.239],[-6.623,10.237],[-6.621,10.237],[-6.619,10.236],[-6.617,10.236],[-6.615,10.236],[-6.613,10.236],[-6.611,10.238],[-6.61,10.239],[-6.608,10.24],[-6.606,10.24],[-6.604,10.238],[-6.602,10.237],[-6.601,10.235],[-6.599,10.236],[-6.597,10.237],[-6.597,10.235],[-6.596,10.234],[-6.595,10.233],[-6.594,10.232],[-6.593,10.231],[-6.595,10.194],[-6.596,10.191],[-6.596,10.189],[-6.596,10.187],[-6.596,10.186],[-6.595,10.184],[-6.595,10.181],[-6.594,10.178],[-6.593,10.176],[-6.592,10.174],[-6.59,10.171],[-6.588,10.17],[-6.588,10.169],[-6.587,10.167],[-6.586,10.165],[-6.587,10.163],[-6.588,10.162],[-6.589,10.16],[-6.591,10.157],[-6.614,10.144],[-6.665,10.125],[-6.671,10.123],[-6.675,10.122],[-6.678,10.12],[-6.68,10.119],[-6.682,10.117],[-6.684,10.116],[-6.704,10.103],[-6.706,10.102],[-6.709,10.101],[-6.712,10.1],[-6.744,10.097],[-6.746,10.097],[-6.749,10.098],[-6.752,10.099],[-6.755,10.099],[-6.758,10.1],[-6.759,10.101],[-6.761,10.103],[-6.763,10.105],[-6.764,10.107],[-6.766,10.109],[-6.768,10.111],[-6.768,10.112],[-6.77,10.114],[-6.773,10.119],[-6.775,10.121],[-6.782,10.127],[-6.784,10.13],[-6.786,10.132],[-6.788,10.132],[-6.791,10.131],[-6.793,10.131],[-6.795,10.131],[-6.797,10.131],[-6.799,10.131],[-6.801,10.132],[-6.802,10.133],[-6.804,10.135],[-6.806,10.135],[-6.807,10.135],[-6.809,10.135],[-6.811,10.136],[-6.813,10.135],[-6.814,10.133],[-6.814,10.131],[-6.816,10.129],[-6.818,10.128],[-6.819,10.128],[-6.821,10.13],[-6.821,10.131],[-6.822,10.133],[-6.823,10.134],[-6.825,10.135],[-6.827,10.136],[-6.829,10.136],[-6.831,10.136],[-6.832,10.137],[-6.832,10.135],[-6.831,10.134],[-6.832,10.132],[-6.833,10.13],[-6.835,10.129],[-6.838,10.129],[-6.84,10.128],[-6.841,10.128],[-6.843,10.129],[-6.845,10.129],[-6.846,10.129],[-6.849,10.127],[-6.85,10.127],[-6.852,10.127],[-6.852,10.129],[-6.855,10.129],[-6.856,10.129],[-6.858,10.128],[-6.86,10.127],[-6.863,10.126],[-6.864,10.124],[-6.865,10.123],[-6.866,10.121],[-6.867,10.122],[-6.868,10.12],[-6.87,10.119],[-6.872,10.119],[-6.874,10.119],[-6.877,10.121],[-6.879,10.12],[-6.878,10.118],[-6.878,10.117],[-6.88,10.114],[-6.881,10.112],[-6.882,10.11],[-6.883,10.109],[-6.883,10.107],[-6.884,10.105],[-6.886,10.104],[-6.888,10.103],[-6.89,10.103],[-6.893,10.102],[-6.895,10.103],[-6.896,10.104],[-6.897,10.103],[-6.898,10.101],[-6.899,10.099],[-6.899,10.097],[-6.901,10.096],[-6.902,10.096],[-6.903,10.094],[-6.903,10.093],[-6.904,10.092],[-6.905,10.09],[-6.906,10.089],[-6.907,10.087],[-6.907,10.086],[-6.908,10.084],[-6.91,10.083],[-6.911,10.081],[-6.912,10.08],[-6.912,10.078],[-6.913,10.077],[-6.913,10.074],[-6.914,10.072],[-6.914,10.071],[-6.916,10.069],[-6.917,10.068],[-6.919,10.068],[-6.92,10.067],[-6.922,10.066],[-6.924,10.066],[-6.925,10.065],[-6.927,10.063],[-6.928,10.061],[-6.929,10.06],[-6.93,10.056],[-6.931,10.054],[-6.931,10.053],[-6.931,10.051],[-6.93,10.048],[-6.932,10.046],[-6.933,10.043],[-6.932,10.041],[-6.93,10.04],[-6.929,10.039],[-6.927,10.037],[-6.928,10.035],[-6.929,10.033],[-6.929,10.031],[-6.928,10.03],[-6.928,10.026],[-6.928,10.024],[-6.928,10.023],[-6.929,10.022],[-6.931,10.021],[-6.936,10.017],[-6.936,10.015],[-6.937,10.014],[-6.937,10.011],[-6.938,10.009],[-6.939,10.008],[-6.94,10.007],[-6.94,10.006],[-6.941,10.004],[-6.942,10.003],[-6.944,10.001],[-6.945,9.999],[-6.947,9.998],[-6.949,9.997],[-6.95,9.996],[-6.952,9.996],[-6.953,9.995],[-6.954,9.995],[-6.956,9.994],[-6.958,9.993],[-6.959,9.991],[-6.96,9.989],[-6.961,9.987],[-6.962,9.985],[-6.963,9.983],[-6.964,9.981],[-6.966,9.978],[-6.966,9.976],[-6.966,9.974],[-6.966,9.973],[-6.967,9.97],[-6.967,9.969],[-6.968,9.968],[-6.965,9.967],[-6.963,9.967],[-6.962,9.967],[-6.961,9.966],[-6.959,9.965],[-6.957,9.965],[-6.954,9.964],[-6.952,9.964],[-6.95,9.963],[-6.948,9.962],[-6.944,9.962],[-6.942,9.961],[-6.941,9.961],[-6.939,9.96],[-6.937,9.96],[-6.933,9.959],[-6.932,9.959],[-6.93,9.96],[-6.928,9.96],[-6.927,9.959],[-6.923,9.96],[-6.921,9.96],[-6.919,9.96],[-6.918,9.959],[-6.91,9.961],[-6.908,9.961],[-6.906,9.961],[-6.904,9.961],[-6.902,9.961],[-6.899,9.961],[-6.897,9.961],[-6.894,9.961],[-6.89,9.961],[-6.888,9.962],[-6.885,9.962],[-6.883,9.961],[-6.881,9.961],[-6.879,9.961],[-6.876,9.961],[-6.874,9.961],[-6.871,9.961],[-6.869,9.961],[-6.866,9.96],[-6.864,9.96],[-6.862,9.959],[-6.86,9.959],[-6.858,9.958],[-6.856,9.957],[-6.854,9.956],[-6.852,9.956],[-6.85,9.956],[-6.849,9.956],[-6.847,9.955],[-6.845,9.955],[-6.842,9.955],[-6.839,9.954],[-6.838,9.954],[-6.835,9.954],[-6.832,9.953],[-6.829,9.953],[-6.827,9.953],[-6.824,9.953],[-6.822,9.954],[-6.82,9.954],[-6.818,9.954],[-6.816,9.953],[-6.814,9.953],[-6.812,9.953],[-6.81,9.953],[-6.807,9.953],[-6.805,9.953],[-6.802,9.954],[-6.799,9.954],[-6.797,9.955],[-6.795,9.955],[-6.793,9.955],[-6.792,9.954],[-6.791,9.952],[-6.791,9.95],[-6.79,9.948],[-6.79,9.946],[-6.789,9.944],[-6.788,9.942],[-6.787,9.938],[-6.786,9.935],[-6.784,9.933],[-6.784,9.931],[-6.783,9.929],[-6.783,9.927],[-6.783,9.926],[-6.782,9.924],[-6.781,9.923],[-6.78,9.921],[-6.779,9.919],[-6.778,9.918],[-6.776,9.916],[-6.774,9.914],[-6.772,9.912],[-6.77,9.91],[-6.768,9.908],[-6.766,9.906],[-6.764,9.904],[-6.763,9.903],[-6.76,9.895],[-6.759,9.894],[-6.758,9.892],[-6.757,9.891],[-6.755,9.889],[-6.754,9.887],[-6.753,9.886],[-6.753,9.885],[-6.752,9.882],[-6.753,9.88],[-6.753,9.878],[-6.753,9.877],[-6.754,9.875],[-6.754,9.874],[-6.754,9.871],[-6.752,9.87],[-6.75,9.87],[-6.749,9.869],[-6.748,9.868],[-6.747,9.867],[-6.745,9.866],[-6.744,9.863],[-6.744,9.862],[-6.743,9.86],[-6.743,9.858],[-6.742,9.855],[-6.742,9.851],[-6.742,9.849],[-6.741,9.847],[-6.742,9.846],[-6.742,9.843],[-6.742,9.841],[-6.742,9.839],[-6.743,9.837],[-6.744,9.836],[-6.746,9.834],[-6.748,9.833],[-6.75,9.834],[-6.751,9.834],[-6.753,9.834],[-6.755,9.834],[-6.756,9.833],[-6.758,9.832],[-6.76,9.83],[-6.76,9.828],[-6.76,9.826],[-6.76,9.824],[-6.76,9.821],[-6.76,9.818],[-6.76,9.816],[-6.76,9.814],[-6.76,9.812],[-6.761,9.811],[-6.76,9.809],[-6.758,9.807],[-6.756,9.805],[-6.756,9.803],[-6.756,9.801],[-6.755,9.799],[-6.755,9.798],[-6.755,9.796],[-6.756,9.794],[-6.758,9.793],[-6.761,9.792],[-6.763,9.79],[-6.764,9.79],[-6.766,9.789],[-6.767,9.788],[-6.769,9.787],[-6.771,9.785],[-6.772,9.783],[-6.773,9.782],[-6.774,9.779],[-6.776,9.779],[-6.777,9.777],[-6.778,9.776],[-6.778,9.775],[-6.778,9.772],[-6.778,9.771],[-6.777,9.769],[-6.776,9.769],[-6.774,9.768],[-6.773,9.767],[-6.769,9.766],[-6.767,9.765],[-6.766,9.765],[-6.764,9.764],[-6.762,9.763],[-6.76,9.762],[-6.758,9.761],[-6.756,9.761],[-6.754,9.76],[-6.753,9.759],[-6.751,9.758],[-6.749,9.757],[-6.746,9.756],[-6.744,9.755],[-6.743,9.753],[-6.742,9.751],[-6.742,9.749],[-6.747,9.741],[-6.749,9.738],[-6.75,9.737],[-6.751,9.736],[-6.751,9.734],[-6.755,9.726],[-6.756,9.724],[-6.756,9.722],[-6.757,9.721],[-6.757,9.719],[-6.758,9.717],[-6.759,9.715],[-6.759,9.714],[-6.76,9.712],[-6.762,9.71],[-6.762,9.708],[-6.76,9.707],[-6.758,9.706],[-6.755,9.706],[-6.754,9.705],[-6.751,9.705],[-6.75,9.705],[-6.749,9.704],[-6.748,9.703],[-6.746,9.702],[-6.744,9.701],[-6.745,9.7],[-6.746,9.699],[-6.748,9.697],[-6.746,9.696],[-6.747,9.694],[-6.749,9.693],[-6.75,9.691],[-6.752,9.692],[-6.754,9.692],[-6.756,9.691],[-6.758,9.69],[-6.76,9.69],[-6.761,9.689],[-6.764,9.687],[-6.765,9.685],[-6.765,9.682],[-6.765,9.681],[-6.766,9.678],[-6.766,9.676],[-6.766,9.675],[-6.765,9.673],[-6.765,9.672],[-6.764,9.67],[-6.763,9.667],[-6.764,9.665],[-6.765,9.664],[-6.765,9.661],[-6.767,9.66],[-6.768,9.658],[-6.773,9.656],[-6.775,9.654],[-6.776,9.652],[-6.776,9.651],[-6.778,9.649],[-6.779,9.647],[-6.78,9.644],[-6.781,9.644],[-6.782,9.641],[-6.783,9.639],[-6.785,9.637],[-6.786,9.634],[-6.786,9.632],[-6.787,9.63],[-6.787,9.629],[-6.788,9.627],[-6.788,9.626],[-6.789,9.624],[-6.79,9.622],[-6.791,9.618],[-6.792,9.615],[-6.793,9.613],[-6.794,9.611],[-6.795,9.609],[-6.796,9.607],[-6.796,9.605],[-6.796,9.602],[-6.795,9.601],[-6.794,9.599],[-6.793,9.598],[-6.792,9.597],[-6.791,9.594],[-6.792,9.591],[-6.791,9.588],[-6.791,9.586],[-6.791,9.583],[-6.792,9.581],[-6.794,9.58],[-6.796,9.579],[-6.797,9.578],[-6.799,9.576],[-6.8,9.574],[-6.8,9.572],[-6.799,9.57],[-6.797,9.569],[-6.794,9.568],[-6.793,9.568],[-6.791,9.567],[-6.79,9.566],[-6.79,9.564],[-6.789,9.563],[-6.789,9.56],[-6.787,9.561],[-6.786,9.56],[-6.785,9.561],[-6.783,9.56],[-6.782,9.56],[-6.781,9.562],[-6.779,9.562],[-6.777,9.561],[-6.776,9.56],[-6.776,9.558],[-6.775,9.556],[-6.774,9.555],[-6.773,9.554],[-6.772,9.552],[-6.771,9.55],[-6.769,9.548],[-6.768,9.546],[-6.766,9.545],[-6.766,9.544],[-6.764,9.542],[-6.763,9.54],[-6.761,9.539],[-6.759,9.537],[-6.758,9.536],[-6.757,9.535],[-6.755,9.535],[-6.754,9.534],[-6.752,9.533],[-6.75,9.532],[-6.749,9.531],[-6.747,9.53],[-6.746,9.529],[-6.744,9.527],[-6.744,9.525],[-6.744,9.52],[-6.744,9.517],[-6.744,9.514],[-6.745,9.512],[-6.746,9.51],[-6.747,9.508],[-6.746,9.507],[-6.746,9.504],[-6.746,9.502],[-6.746,9.499],[-6.747,9.497],[-6.749,9.496],[-6.75,9.496],[-6.751,9.497],[-6.753,9.497],[-6.755,9.497],[-6.757,9.496],[-6.757,9.494],[-6.758,9.493],[-6.758,9.492],[-6.759,9.49],[-6.76,9.489],[-6.762,9.488],[-6.763,9.487],[-6.764,9.486],[-6.766,9.484],[-6.767,9.481],[-6.767,9.48],[-6.765,9.478],[-6.764,9.477],[-6.764,9.475],[-6.764,9.473],[-6.764,9.471],[-6.764,9.47],[-6.766,9.468],[-6.767,9.467],[-6.768,9.466],[-6.769,9.465],[-6.771,9.464],[-6.772,9.463],[-6.774,9.462],[-6.775,9.461],[-6.777,9.459],[-6.779,9.458],[-6.781,9.457],[-6.783,9.455],[-6.784,9.454],[-6.785,9.453],[-6.787,9.451],[-6.789,9.45],[-6.791,9.448],[-6.792,9.446],[-6.794,9.444],[-6.796,9.44],[-6.797,9.438],[-6.799,9.437],[-6.8,9.435],[-6.798,9.435],[-6.796,9.434],[-6.794,9.433],[-6.792,9.432],[-6.79,9.431],[-6.788,9.43],[-6.787,9.429],[-6.785,9.429],[-6.783,9.428],[-6.781,9.427],[-6.778,9.426],[-6.776,9.425],[-6.772,9.424],[-6.77,9.423],[-6.767,9.422],[-6.768,9.421],[-6.769,9.419],[-6.771,9.418],[-6.772,9.417],[-6.773,9.416],[-6.774,9.415],[-6.775,9.414],[-6.776,9.412],[-6.777,9.411],[-6.779,9.409],[-6.78,9.408],[-6.781,9.407],[-6.783,9.407],[-6.785,9.408],[-6.786,9.408],[-6.789,9.408],[-6.791,9.408],[-6.792,9.408],[-6.794,9.407],[-6.795,9.405],[-6.796,9.403],[-6.797,9.401],[-6.798,9.399],[-6.799,9.397],[-6.8,9.394],[-6.799,9.392],[-6.799,9.39],[-6.799,9.386],[-6.8,9.385],[-6.8,9.383],[-6.8,9.381],[-6.8,9.38],[-6.8,9.378],[-6.8,9.376],[-6.8,9.374],[-6.799,9.373],[-6.799,9.37],[-6.799,9.369],[-6.798,9.367],[-6.798,9.365],[-6.797,9.363],[-6.791,9.361],[-6.79,9.353],[-6.789,9.353],[-6.786,9.353],[-6.783,9.353],[-6.782,9.352],[-6.78,9.349],[-6.781,9.348],[-6.781,9.346],[-6.782,9.344],[-6.783,9.342],[-6.784,9.34],[-6.785,9.337],[-6.785,9.335],[-6.785,9.333],[-6.786,9.331],[-6.786,9.33],[-6.784,9.327],[-6.782,9.325],[-6.782,9.323],[-6.782,9.321],[-6.781,9.32],[-6.782,9.318],[-6.783,9.316],[-6.784,9.315],[-6.785,9.313],[-6.786,9.311],[-6.786,9.308],[-6.786,9.307],[-6.786,9.305],[-6.787,9.303],[-6.786,9.301],[-6.787,9.298],[-6.786,9.296],[-6.786,9.295],[-6.787,9.293],[-6.789,9.292],[-6.79,9.29],[-6.791,9.289],[-6.79,9.288],[-6.788,9.287],[-6.787,9.287],[-6.785,9.285],[-6.784,9.284],[-6.782,9.282],[-6.779,9.282],[-6.777,9.283],[-6.775,9.283],[-6.773,9.283],[-6.771,9.283],[-6.77,9.284],[-6.769,9.285],[-6.767,9.285],[-6.765,9.285],[-6.763,9.286],[-6.761,9.286],[-6.76,9.285],[-6.758,9.283],[-6.756,9.281],[-6.754,9.279],[-6.753,9.278],[-6.752,9.277],[-6.75,9.277],[-6.749,9.276],[-6.747,9.276],[-6.744,9.276],[-6.743,9.275],[-6.742,9.273],[-6.742,9.271],[-6.737,9.268],[-6.738,9.267],[-6.738,9.265],[-6.739,9.263],[-6.741,9.26],[-6.742,9.258],[-6.743,9.255],[-6.743,9.254],[-6.744,9.252],[-6.746,9.249],[-6.746,9.248],[-6.746,9.245],[-6.746,9.243],[-6.746,9.241],[-6.746,9.239],[-6.746,9.237],[-6.745,9.235],[-6.745,9.233],[-6.746,9.231],[-6.746,9.229],[-6.745,9.227],[-6.746,9.225],[-6.746,9.223],[-6.746,9.221],[-6.746,9.219],[-6.746,9.216],[-6.747,9.214],[-6.747,9.211],[-6.747,9.208],[-6.747,9.205],[-6.747,9.203],[-6.748,9.202],[-6.749,9.198],[-6.75,9.197],[-6.751,9.195],[-6.751,9.193],[-6.751,9.191],[-6.751,9.19],[-6.751,9.188],[-6.751,9.185],[-6.753,9.183],[-6.755,9.181],[-6.757,9.18],[-6.758,9.178],[-6.759,9.176],[-6.759,9.174],[-6.759,9.172],[-6.759,9.171],[-6.759,9.169],[-6.759,9.167],[-6.76,9.166],[-6.759,9.164],[-6.758,9.163],[-6.756,9.162],[-6.754,9.16],[-6.753,9.159],[-6.751,9.158],[-6.749,9.156],[-6.748,9.155],[-6.746,9.153],[-6.745,9.151],[-6.743,9.149],[-6.742,9.148],[-6.74,9.147],[-6.74,9.145],[-6.741,9.143],[-6.743,9.141],[-6.744,9.14],[-6.746,9.138],[-6.747,9.136],[-6.749,9.135],[-6.751,9.133],[-6.753,9.131],[-6.754,9.13],[-6.755,9.129],[-6.756,9.127],[-6.757,9.126],[-6.757,9.124],[-6.757,9.121],[-6.757,9.118],[-6.757,9.117],[-6.76,9.114],[-6.761,9.113],[-6.763,9.111],[-6.765,9.109],[-6.766,9.108],[-6.768,9.107],[-6.77,9.106],[-6.772,9.106],[-6.774,9.105],[-6.777,9.105],[-6.779,9.105],[-6.781,9.105],[-6.783,9.105],[-6.785,9.105],[-6.787,9.104],[-6.789,9.102],[-6.791,9.101],[-6.793,9.1],[-6.794,9.099],[-6.796,9.098],[-6.797,9.098],[-6.8,9.097],[-6.802,9.095],[-6.803,9.093],[-6.804,9.091],[-6.805,9.09],[-6.807,9.089],[-6.809,9.089],[-6.811,9.088],[-6.812,9.089],[-6.814,9.088],[-6.816,9.087],[-6.817,9.086],[-6.818,9.084],[-6.82,9.082],[-6.821,9.08],[-6.823,9.078],[-6.824,9.076],[-6.828,9.074],[-6.829,9.073],[-6.832,9.071],[-6.834,9.071],[-6.837,9.071],[-6.838,9.072],[-6.84,9.073],[-6.841,9.073],[-6.843,9.074],[-6.845,9.075],[-6.846,9.075],[-6.848,9.076],[-6.849,9.076],[-6.851,9.076],[-6.852,9.077],[-6.854,9.077],[-6.856,9.077],[-6.86,9.077],[-6.862,9.077],[-6.863,9.077],[-6.865,9.077],[-6.866,9.077],[-6.868,9.076],[-6.87,9.077],[-6.871,9.077],[-6.874,9.076],[-6.875,9.075],[-6.876,9.074],[-6.878,9.073],[-6.88,9.072],[-6.882,9.071],[-6.883,9.07],[-6.884,9.07],[-6.886,9.069],[-6.887,9.068],[-6.888,9.068],[-6.889,9.067],[-6.89,9.065],[-6.891,9.063],[-6.892,9.062],[-6.893,9.061],[-6.894,9.06],[-6.895,9.058],[-6.896,9.057],[-6.896,9.056],[-6.897,9.055],[-6.898,9.053],[-6.898,9.05],[-6.898,9.049],[-6.899,9.048],[-6.899,9.047],[-6.899,9.046],[-6.898,9.044],[-6.899,9.042],[-6.9,9.04],[-6.9,9.039],[-6.9,9.037],[-6.9,9.036],[-6.899,9.035],[-6.898,9.032],[-6.899,9.031],[-6.899,9.03],[-6.9,9.028],[-6.9,9.027],[-6.902,9.026],[-6.903,9.026],[-6.903,9.024],[-6.904,9.023],[-6.904,9.021],[-6.905,9.02],[-6.905,9.018],[-6.905,9.017],[-6.903,9.015],[-6.903,9.013],[-6.903,9.011],[-6.904,9.01],[-6.905,9.008],[-6.906,9.006],[-6.906,9.005],[-6.906,9.004],[-6.906,9.003],[-6.906,9.002],[-6.906,9.0],[-6.906,8.998],[-6.906,8.996],[-6.906,8.995],[-6.906,8.993],[-6.906,8.992],[-6.907,8.99],[-6.907,8.988],[-6.907,8.987],[-6.907,8.985],[-6.907,8.984],[-6.907,8.982],[-6.907,8.98],[-6.906,8.978],[-6.906,8.977],[-6.905,8.974],[-6.904,8.972],[-6.904,8.971],[-6.904,8.969],[-6.904,8.967],[-6.903,8.965],[-6.903,8.963],[-6.903,8.96],[-6.903,8.958],[-6.903,8.956],[-6.903,8.954],[-6.903,8.952],[-6.904,8.951],[-6.904,8.949],[-6.903,8.948],[-6.903,8.947],[-6.902,8.945],[-6.901,8.944],[-6.901,8.943],[-6.901,8.942],[-6.902,8.941],[-6.902,8.939],[-6.909,8.94],[-6.91,8.941],[-6.912,8.941],[-6.913,8.942],[-6.915,8.943],[-6.916,8.943],[-6.918,8.945],[-6.918,8.946],[-6.919,8.948],[-6.919,8.949],[-6.92,8.95],[-6.921,8.952],[-6.922,8.953],[-6.922,8.954],[-6.923,8.955],[-6.924,8.956],[-6.925,8.957],[-6.926,8.958],[-6.928,8.96],[-6.929,8.961],[-6.93,8.962],[-6.932,8.963],[-6.932,8.964],[-6.933,8.965],[-6.935,8.967],[-6.936,8.968],[-6.937,8.968],[-6.938,8.969],[-6.939,8.97],[-6.94,8.971],[-6.941,8.972],[-6.942,8.973],[-6.944,8.974],[-6.945,8.974],[-6.946,8.974],[-6.948,8.973],[-6.949,8.972],[-6.95,8.972],[-6.952,8.971],[-6.954,8.97],[-6.956,8.969],[-6.957,8.968],[-6.958,8.967],[-6.959,8.966],[-6.961,8.965],[-6.962,8.965],[-6.963,8.965],[-6.965,8.965],[-6.966,8.965],[-6.968,8.965],[-6.97,8.966],[-6.971,8.966],[-6.972,8.967],[-6.973,8.969],[-6.974,8.97],[-6.976,8.971],[-6.978,8.971],[-6.98,8.972],[-6.981,8.972],[-6.983,8.972],[-6.984,8.973],[-6.986,8.973],[-6.988,8.973],[-6.99,8.973],[-6.992,8.973],[-6.994,8.972],[-6.996,8.972],[-6.998,8.972],[-7.0,8.971],[-7.002,8.971],[-7.005,8.971],[-7.007,8.97],[-7.01,8.968],[-7.011,8.968],[-7.013,8.968],[-7.015,8.968],[-7.017,8.968],[-7.018,8.968],[-7.02,8.969],[-7.022,8.971],[-7.024,8.972],[-7.026,8.974],[-7.028,8.975],[-7.03,8.976],[-7.032,8.977],[-7.034,8.978],[-7.036,8.978],[-7.038,8.979],[-7.039,8.981],[-7.041,8.983],[-7.041,8.984],[-7.043,8.986],[-7.043,8.987],[-7.044,8.988],[-7.045,8.989],[-7.047,8.99],[-7.048,8.991],[-7.048,8.993],[-7.049,8.994],[-7.049,8.996],[-7.049,8.997],[-7.05,8.998],[-7.051,9.0],[-7.051,9.001],[-7.052,9.002],[-7.053,9.004],[-7.053,9.005],[-7.054,9.007],[-7.055,9.008],[-7.057,9.01],[-7.058,9.012],[-7.059,9.013],[-7.059,9.015],[-7.062,9.017],[-7.063,9.019],[-7.065,9.021],[-7.066,9.023],[-7.068,9.025],[-7.07,9.028],[-7.071,9.029],[-7.073,9.031],[-7.075,9.032],[-7.077,9.033],[-7.079,9.033],[-7.081,9.034],[-7.083,9.035],[-7.085,9.036],[-7.087,9.037],[-7.089,9.038],[-7.091,9.039],[-7.092,9.04],[-7.094,9.04],[-7.095,9.041],[-7.097,9.042],[-7.098,9.043],[-7.1,9.044],[-7.102,9.045],[-7.103,9.045],[-7.104,9.045],[-7.107,9.046],[-7.108,9.046],[-7.109,9.046],[-7.11,9.046],[-7.111,9.046],[-7.112,9.045],[-7.113,9.044],[-7.114,9.043],[-7.115,9.042],[-7.116,9.04],[-7.118,9.038],[-7.119,9.037],[-7.12,9.036],[-7.122,9.035],[-7.122,9.034],[-7.123,9.032],[-7.124,9.031],[-7.125,9.029],[-7.125,9.028],[-7.126,9.026],[-7.127,9.025],[-7.129,9.023],[-7.13,9.022],[-7.132,9.021],[-7.134,9.019],[-7.135,9.017],[-7.136,9.016],[-7.137,9.014],[-7.138,9.013],[-7.139,9.011],[-7.14,9.01],[-7.141,9.009],[-7.142,9.008],[-7.143,9.007],[-7.143,9.006],[-7.144,9.004],[-7.144,9.002],[-7.145,9.001],[-7.147,8.999],[-7.148,8.999],[-7.15,8.999],[-7.15,9.0],[-7.15,9.002],[-7.151,9.004],[-7.153,9.004],[-7.154,9.003],[-7.155,9.002],[-7.156,9.001],[-7.157,9.0],[-7.158,8.998],[-7.159,8.997],[-7.16,8.996],[-7.161,8.995],[-7.163,8.995],[-7.164,8.995],[-7.166,8.994],[-7.167,8.994],[-7.169,8.993],[-7.17,8.993],[-7.17,8.991],[-7.17,8.99],[-7.17,8.988],[-7.171,8.987],[-7.171,8.985],[-7.171,8.984],[-7.172,8.982],[-7.172,8.98],[-7.172,8.978],[-7.172,8.976],[-7.172,8.974],[-7.173,8.972],[-7.173,8.971],[-7.175,8.969],[-7.175,8.966],[-7.174,8.963],[-7.175,8.961],[-7.174,8.958],[-7.176,8.956],[-7.177,8.954],[-7.179,8.953],[-7.18,8.953],[-7.183,8.953],[-7.185,8.953],[-7.188,8.953],[-7.19,8.953],[-7.193,8.954],[-7.196,8.955],[-7.197,8.955],[-7.199,8.956],[-7.201,8.956],[-7.203,8.956],[-7.205,8.956],[-7.207,8.956],[-7.209,8.955],[-7.21,8.954],[-7.212,8.955],[-7.214,8.956],[-7.215,8.957],[-7.218,8.957],[-7.219,8.957],[-7.221,8.957],[-7.223,8.955],[-7.225,8.954],[-7.225,8.952],[-7.226,8.95],[-7.227,8.949],[-7.227,8.947],[-7.227,8.946],[-7.228,8.943],[-7.228,8.941],[-7.228,8.939],[-7.228,8.936],[-7.228,8.935],[-7.228,8.933],[-7.227,8.932],[-7.227,8.93],[-7.225,8.928],[-7.224,8.927],[-7.222,8.925],[-7.22,8.925],[-7.217,8.924],[-7.216,8.924],[-7.215,8.923],[-7.214,8.922],[-7.212,8.92],[-7.212,8.919],[-7.212,8.916],[-7.212,8.914],[-7.214,8.912],[-7.214,8.91],[-7.214,8.908],[-7.215,8.906],[-7.215,8.904],[-7.216,8.902],[-7.216,8.901],[-7.217,8.899],[-7.218,8.897],[-7.218,8.896],[-7.218,8.894],[-7.216,8.892],[-7.215,8.891],[-7.214,8.889],[-7.213,8.888],[-7.213,8.885],[-7.213,8.883],[-7.213,8.881],[-7.214,8.879],[-7.216,8.878],[-7.217,8.879],[-7.217,8.881],[-7.218,8.884],[-7.219,8.885],[-7.221,8.883],[-7.222,8.882],[-7.223,8.88],[-7.224,8.877],[-7.223,8.875],[-7.221,8.873],[-7.219,8.872],[-7.216,8.871],[-7.215,8.87],[-7.212,8.87],[-7.21,8.869],[-7.209,8.867],[-7.209,8.865],[-7.209,8.864],[-7.209,8.86],[-7.21,8.857],[-7.211,8.855],[-7.211,8.853],[-7.21,8.851],[-7.21,8.848],[-7.21,8.847],[-7.209,8.844],[-7.206,8.844],[-7.204,8.845],[-7.202,8.846],[-7.2,8.846],[-7.198,8.846],[-7.196,8.845],[-7.195,8.844],[-7.195,8.842],[-7.195,8.838],[-7.195,8.837],[-7.196,8.835],[-7.197,8.833],[-7.199,8.831],[-7.201,8.83],[-7.202,8.83],[-7.205,8.829],[-7.207,8.828],[-7.208,8.828],[-7.21,8.827],[-7.21,8.825],[-7.208,8.824],[-7.205,8.824],[-7.205,8.823],[-7.203,8.821],[-7.201,8.821],[-7.2,8.818],[-7.2,8.817],[-7.199,8.815],[-7.199,8.813],[-7.199,8.811],[-7.198,8.809],[-7.197,8.807],[-7.194,8.807],[-7.192,8.805],[-7.19,8.806],[-7.193,8.803],[-7.195,8.801],[-7.197,8.8],[-7.198,8.799],[-7.201,8.797],[-7.202,8.795],[-7.203,8.792],[-7.202,8.79],[-7.2,8.788],[-7.197,8.785],[-7.197,8.784],[-7.196,8.782],[-7.193,8.782],[-7.192,8.783],[-7.189,8.782],[-7.187,8.782],[-7.185,8.78],[-7.186,8.779],[-7.187,8.777],[-7.188,8.776],[-7.189,8.774],[-7.19,8.773],[-7.191,8.772],[-7.193,8.771],[-7.195,8.771],[-7.196,8.769],[-7.198,8.769],[-7.197,8.767],[-7.199,8.766],[-7.201,8.766],[-7.202,8.765],[-7.202,8.763],[-7.202,8.76],[-7.203,8.758],[-7.203,8.756],[-7.202,8.755],[-7.202,8.753],[-7.201,8.752],[-7.199,8.75],[-7.198,8.748],[-7.198,8.745],[-7.194,8.742],[-7.192,8.739],[-7.194,8.737],[-7.198,8.736],[-7.198,8.734],[-7.199,8.733],[-7.201,8.734],[-7.204,8.734],[-7.205,8.732],[-7.204,8.73],[-7.204,8.727],[-7.204,8.725],[-7.204,8.723],[-7.204,8.722],[-7.204,8.72],[-7.203,8.717],[-7.203,8.716],[-7.202,8.714],[-7.2,8.714],[-7.2,8.712],[-7.2,8.709],[-7.2,8.707],[-7.2,8.705],[-7.202,8.704],[-7.203,8.702],[-7.203,8.7],[-7.204,8.699],[-7.203,8.696],[-7.204,8.693],[-7.206,8.693],[-7.207,8.689],[-7.209,8.688],[-7.211,8.688],[-7.213,8.688],[-7.214,8.686],[-7.214,8.683],[-7.214,8.682],[-7.212,8.68],[-7.209,8.669],[-7.21,8.666],[-7.211,8.665],[-7.211,8.663],[-7.212,8.662],[-7.213,8.659],[-7.214,8.658],[-7.216,8.656],[-7.216,8.654],[-7.214,8.653],[-7.212,8.653],[-7.21,8.651],[-7.209,8.648],[-7.208,8.647],[-7.208,8.645],[-7.209,8.642],[-7.211,8.64],[-7.213,8.638],[-7.214,8.636],[-7.213,8.632],[-7.213,8.63],[-7.214,8.629],[-7.216,8.627],[-7.217,8.627],[-7.218,8.626],[-7.219,8.623],[-7.219,8.622],[-7.218,8.62],[-7.217,8.618],[-7.216,8.62],[-7.215,8.623],[-7.207,8.624],[-7.206,8.623],[-7.206,8.621],[-7.206,8.618],[-7.205,8.617],[-7.203,8.614],[-7.203,8.612],[-7.204,8.609],[-7.203,8.606],[-7.203,8.603],[-7.202,8.602],[-7.202,8.599],[-7.202,8.597],[-7.203,8.595],[-7.204,8.595],[-7.206,8.594],[-7.207,8.594],[-7.209,8.595],[-7.213,8.595],[-7.215,8.595],[-7.215,8.593],[-7.214,8.593],[-7.212,8.592],[-7.21,8.591],[-7.209,8.588],[-7.206,8.587],[-7.205,8.587],[-7.206,8.588],[-7.207,8.589],[-7.207,8.591],[-7.205,8.592],[-7.202,8.593],[-7.199,8.594],[-7.198,8.593],[-7.197,8.59],[-7.197,8.589],[-7.197,8.587],[-7.197,8.585],[-7.198,8.584],[-7.199,8.582],[-7.201,8.58],[-7.202,8.578],[-7.203,8.576],[-7.205,8.574],[-7.207,8.573],[-7.206,8.571],[-7.205,8.569],[-7.203,8.567],[-7.203,8.566],[-7.203,8.564],[-7.202,8.562],[-7.201,8.561],[-7.2,8.56],[-7.191,8.555],[-7.188,8.55],[-7.183,8.546],[-7.18,8.543],[-7.184,8.537],[-7.186,8.536],[-7.178,8.53],[-7.178,8.526],[-7.181,8.522],[-7.185,8.52],[-7.183,8.516],[-7.179,8.512],[-7.182,8.512],[-7.184,8.512],[-7.187,8.512],[-7.188,8.513],[-7.19,8.513],[-7.192,8.514],[-7.194,8.514],[-7.197,8.515],[-7.199,8.515],[-7.202,8.517],[-7.204,8.518],[-7.205,8.52],[-7.208,8.523],[-7.209,8.526],[-7.21,8.527],[-7.212,8.532],[-7.213,8.533],[-7.214,8.535],[-7.214,8.538],[-7.214,8.541],[-7.214,8.543],[-7.214,8.545],[-7.215,8.547],[-7.216,8.549],[-7.218,8.549],[-7.221,8.551],[-7.223,8.552],[-7.224,8.553],[-7.225,8.555],[-7.225,8.558],[-7.223,8.56],[-7.22,8.561],[-7.219,8.563],[-7.218,8.565],[-7.218,8.569],[-7.219,8.571],[-7.219,8.573],[-7.221,8.576],[-7.223,8.577],[-7.225,8.578],[-7.228,8.58],[-7.229,8.582],[-7.229,8.583],[-7.23,8.587],[-7.231,8.591],[-7.233,8.593],[-7.236,8.594],[-7.235,8.597],[-7.235,8.599],[-7.235,8.602],[-7.235,8.605],[-7.237,8.608],[-7.234,8.609],[-7.232,8.612],[-7.232,8.614],[-7.234,8.616],[-7.236,8.617],[-7.237,8.618],[-7.237,8.622],[-7.237,8.624],[-7.239,8.627],[-7.241,8.629],[-7.244,8.63],[-7.246,8.631],[-7.249,8.633],[-7.249,8.636],[-7.251,8.638],[-7.252,8.641],[-7.254,8.643],[-7.255,8.646],[-7.256,8.648],[-7.258,8.65],[-7.26,8.651],[-7.261,8.652],[-7.264,8.652],[-7.266,8.654],[-7.267,8.656],[-7.268,8.659],[-7.269,8.661],[-7.272,8.663],[-7.275,8.664],[-7.276,8.666],[-7.277,8.668],[-7.278,8.669],[-7.28,8.671],[-7.281,8.671],[-7.285,8.672],[-7.287,8.673],[-7.289,8.674],[-7.291,8.674],[-7.293,8.675],[-7.296,8.675],[-7.298,8.677],[-7.3,8.678],[-7.302,8.679],[-7.304,8.679],[-7.306,8.681],[-7.308,8.682],[-7.309,8.679],[-7.312,8.677],[-7.314,8.678],[-7.317,8.678],[-7.319,8.677],[-7.32,8.676],[-7.322,8.675],[-7.322,8.676],[-7.325,8.677],[-7.328,8.677],[-7.33,8.676],[-7.333,8.677],[-7.337,8.677],[-7.34,8.678],[-7.341,8.68],[-7.342,8.683],[-7.343,8.685],[-7.345,8.687],[-7.347,8.687],[-7.348,8.685],[-7.349,8.683],[-7.349,8.68],[-7.351,8.68],[-7.353,8.681],[-7.355,8.681],[-7.358,8.68],[-7.36,8.68],[-7.361,8.681],[-7.363,8.683],[-7.365,8.683],[-7.366,8.686],[-7.367,8.688],[-7.367,8.691],[-7.365,8.69],[-7.363,8.692],[-7.364,8.694],[-7.366,8.696],[-7.368,8.697],[-7.369,8.699],[-7.37,8.702],[-7.368,8.704],[-7.366,8.705],[-7.365,8.707],[-7.365,8.709],[-7.367,8.709],[-7.368,8.711],[-7.37,8.713],[-7.371,8.716],[-7.373,8.715],[-7.374,8.717],[-7.374,8.719],[-7.376,8.721],[-7.378,8.723],[-7.38,8.725],[-7.381,8.727],[-7.381,8.73],[-7.381,8.731],[-7.382,8.733],[-7.386,8.733],[-7.386,8.736],[-7.387,8.738],[-7.388,8.741],[-7.391,8.741],[-7.393,8.741],[-7.397,8.741],[-7.399,8.739],[-7.401,8.738],[-7.402,8.74],[-7.403,8.742],[-7.404,8.745],[-7.403,8.747],[-7.4,8.748],[-7.398,8.749],[-7.395,8.751],[-7.395,8.753],[-7.397,8.755],[-7.399,8.757],[-7.401,8.758],[-7.404,8.758],[-7.407,8.758],[-7.408,8.759],[-7.412,8.76],[-7.414,8.76],[-7.417,8.76],[-7.418,8.76],[-7.418,8.757],[-7.421,8.756],[-7.422,8.758],[-7.423,8.759],[-7.426,8.762],[-7.427,8.764],[-7.432,8.766],[-7.434,8.767],[-7.436,8.769],[-7.438,8.771],[-7.44,8.772],[-7.443,8.773],[-7.444,8.775],[-7.446,8.776],[-7.448,8.777],[-7.45,8.779],[-7.452,8.78],[-7.453,8.782],[-7.456,8.787],[-7.458,8.789],[-7.459,8.791],[-7.461,8.793],[-7.462,8.794],[-7.465,8.797],[-7.469,8.803],[-7.47,8.804],[-7.473,8.806],[-7.475,8.807],[-7.479,8.811],[-7.481,8.813],[-7.484,8.816],[-7.491,8.823],[-7.496,8.826],[-7.498,8.829],[-7.499,8.83],[-7.501,8.832],[-7.504,8.834],[-7.505,8.835],[-7.507,8.837],[-7.51,8.838],[-7.511,8.836],[-7.511,8.834],[-7.513,8.836],[-7.514,8.837],[-7.517,8.838],[-7.519,8.838],[-7.521,8.839],[-7.523,8.841],[-7.525,8.841],[-7.527,8.841],[-7.531,8.843],[-7.533,8.844],[-7.535,8.846],[-7.534,8.847],[-7.535,8.849],[-7.537,8.85],[-7.539,8.85],[-7.542,8.852],[-7.546,8.857],[-7.546,8.859],[-7.546,8.862],[-7.547,8.864],[-7.548,8.867],[-7.548,8.869],[-7.546,8.87],[-7.546,8.873],[-7.547,8.875],[-7.545,8.877],[-7.545,8.88],[-7.545,8.882],[-7.547,8.884],[-7.549,8.886],[-7.55,8.887],[-7.552,8.889],[-7.554,8.891],[-7.556,8.893],[-7.558,8.895],[-7.56,8.895],[-7.56,8.897],[-7.562,8.899],[-7.564,8.9],[-7.562,8.901],[-7.56,8.903],[-7.558,8.904],[-7.558,8.906],[-7.558,8.908],[-7.559,8.91],[-7.561,8.911],[-7.562,8.913],[-7.564,8.913],[-7.567,8.914],[-7.569,8.915],[-7.57,8.917],[-7.57,8.92],[-7.571,8.922],[-7.571,8.925],[-7.569,8.927],[-7.57,8.928],[-7.572,8.929],[-7.574,8.93],[-7.576,8.931],[-7.579,8.931],[-7.581,8.931],[-7.583,8.93],[-7.584,8.932],[-7.585,8.933],[-7.587,8.934],[-7.59,8.936],[-7.592,8.937],[-7.594,8.939],[-7.595,8.941],[-7.597,8.942],[-7.6,8.942],[-7.601,8.944],[-7.603,8.946],[-7.604,8.948],[-7.606,8.948],[-7.609,8.949],[-7.611,8.951],[-7.612,8.953],[-7.614,8.953],[-7.616,8.953],[-7.618,8.954],[-7.62,8.954],[-7.624,8.955],[-7.625,8.955],[-7.627,8.956],[-7.63,8.957],[-7.633,8.959],[-7.635,8.959],[-7.636,8.96],[-7.638,8.96],[-7.639,8.962],[-7.64,8.964],[-7.641,8.966],[-7.642,8.968],[-7.645,8.968],[-7.647,8.967],[-7.649,8.966],[-7.65,8.965],[-7.653,8.963],[-7.655,8.962],[-7.657,8.961],[-7.659,8.962],[-7.661,8.962],[-7.663,8.964],[-7.666,8.965],[-7.668,8.965],[-7.671,8.966],[-7.673,8.966],[-7.675,8.967],[-7.677,8.969],[-7.678,8.971],[-7.679,8.973],[-7.68,8.975],[-7.68,8.977],[-7.681,8.98],[-7.681,8.983],[-7.681,8.985],[-7.681,8.987],[-7.68,8.99],[-7.68,8.992],[-7.68,8.994],[-7.68,8.997],[-7.68,8.999],[-7.68,9.001],[-7.68,9.003],[-7.68,9.006],[-7.681,9.008],[-7.682,9.011],[-7.684,9.013],[-7.684,9.016],[-7.684,9.019],[-7.685,9.021],[-7.686,9.024],[-7.687,9.027],[-7.687,9.029],[-7.687,9.032],[-7.687,9.035],[-7.686,9.037],[-7.685,9.039],[-7.686,9.041],[-7.688,9.043],[-7.689,9.045],[-7.691,9.047],[-7.692,9.049],[-7.693,9.052],[-7.694,9.054],[-7.696,9.057],[-7.698,9.058],[-7.7,9.059],[-7.702,9.061],[-7.705,9.062],[-7.707,9.064],[-7.709,9.066],[-7.711,9.067],[-7.713,9.068],[-7.715,9.069],[-7.717,9.069],[-7.719,9.07],[-7.719,9.071],[-7.72,9.073],[-7.722,9.074],[-7.724,9.075],[-7.725,9.076],[-7.727,9.078],[-7.728,9.079],[-7.73,9.081],[-7.731,9.082],[-7.733,9.084],[-7.735,9.085],[-7.737,9.085],[-7.738,9.086],[-7.74,9.087],[-7.742,9.088],[-7.744,9.089],[-7.746,9.09],[-7.748,9.091],[-7.75,9.092],[-7.752,9.092],[-7.754,9.093],[-7.756,9.093],[-7.758,9.094],[-7.76,9.094],[-7.762,9.095],[-7.763,9.096],[-7.765,9.096],[-7.767,9.097],[-7.769,9.099],[-7.771,9.1],[-7.772,9.101],[-7.774,9.103],[-7.775,9.104],[-7.777,9.105],[-7.778,9.107],[-7.779,9.109],[-7.779,9.111],[-7.78,9.113],[-7.781,9.114],[-7.782,9.116],[-7.784,9.117],[-7.786,9.119],[-7.787,9.12],[-7.789,9.121],[-7.79,9.123],[-7.792,9.124],[-7.793,9.126],[-7.795,9.127],[-7.796,9.129],[-7.797,9.13],[-7.798,9.132],[-7.799,9.134],[-7.8,9.136],[-7.8,9.138],[-7.8,9.139],[-7.801,9.142],[-7.801,9.144],[-7.8,9.146],[-7.798,9.147],[-7.8,9.149],[-7.802,9.151],[-7.803,9.153],[-7.805,9.154],[-7.806,9.156],[-7.807,9.157],[-7.808,9.159],[-7.809,9.161],[-7.809,9.163],[-7.81,9.165],[-7.811,9.167],[-7.812,9.169],[-7.813,9.17],[-7.815,9.171],[-7.816,9.173],[-7.818,9.174],[-7.82,9.175],[-7.822,9.176],[-7.823,9.177],[-7.825,9.179],[-7.827,9.18],[-7.829,9.182],[-7.831,9.183],[-7.833,9.184],[-7.836,9.186],[-7.838,9.183],[-7.839,9.181],[-7.84,9.179],[-7.841,9.177],[-7.843,9.175],[-7.844,9.174],[-7.845,9.172],[-7.847,9.171],[-7.848,9.169],[-7.85,9.168],[-7.851,9.166],[-7.853,9.165],[-7.855,9.164],[-7.857,9.163],[-7.858,9.162],[-7.86,9.161],[-7.861,9.159],[-7.863,9.158],[-7.865,9.158],[-7.869,9.158],[-7.871,9.158],[-7.873,9.159],[-7.875,9.16],[-7.876,9.161],[-7.879,9.163],[-7.881,9.165],[-7.883,9.166],[-7.884,9.167],[-7.886,9.168],[-7.887,9.17],[-7.889,9.171],[-7.891,9.172],[-7.892,9.174],[-7.894,9.175],[-7.895,9.176],[-7.897,9.178],[-7.898,9.179],[-7.9,9.18],[-7.902,9.182],[-7.903,9.183],[-7.904,9.185],[-7.905,9.187],[-7.906,9.188],[-7.907,9.19],[-7.908,9.192],[-7.91,9.196],[-7.91,9.198],[-7.911,9.2],[-7.912,9.202],[-7.912,9.204],[-7.913,9.206],[-7.913,9.208],[-7.913,9.21],[-7.913,9.212],[-7.914,9.214],[-7.913,9.216],[-7.913,9.218],[-7.912,9.22],[-7.911,9.221],[-7.91,9.223],[-7.909,9.225],[-7.908,9.227],[-7.907,9.229],[-7.906,9.231],[-7.905,9.232],[-7.904,9.234],[-7.903,9.238],[-7.902,9.239],[-7.901,9.241],[-7.9,9.243],[-7.899,9.245],[-7.898,9.247],[-7.897,9.249],[-7.896,9.25],[-7.895,9.252],[-7.894,9.254],[-7.893,9.256],[-7.892,9.258],[-7.891,9.26],[-7.891,9.262],[-7.89,9.263],[-7.888,9.265],[-7.887,9.267],[-7.886,9.269],[-7.886,9.271],[-7.885,9.273],[-7.884,9.275],[-7.883,9.277],[-7.883,9.28],[-7.882,9.281],[-7.882,9.283],[-7.881,9.285],[-7.879,9.287],[-7.878,9.288],[-7.876,9.289],[-7.875,9.291],[-7.873,9.292],[-7.873,9.294],[-7.872,9.296],[-7.873,9.298],[-7.873,9.3],[-7.874,9.302],[-7.875,9.304],[-7.875,9.306],[-7.875,9.308],[-7.874,9.31],[-7.874,9.312],[-7.873,9.315],[-7.872,9.318],[-7.873,9.32],[-7.874,9.321],[-7.875,9.323],[-7.876,9.325],[-7.876,9.327],[-7.877,9.329],[-7.877,9.331],[-7.877,9.333],[-7.876,9.336],[-7.876,9.338],[-7.876,9.34],[-7.875,9.341],[-7.874,9.343],[-7.873,9.345],[-7.872,9.347],[-7.871,9.349],[-7.87,9.35],[-7.868,9.352],[-7.867,9.353],[-7.866,9.355],[-7.864,9.358],[-7.865,9.36],[-7.865,9.362],[-7.865,9.364],[-7.864,9.366],[-7.863,9.368],[-7.861,9.369],[-7.86,9.37],[-7.858,9.372],[-7.857,9.374],[-7.856,9.376],[-7.856,9.377],[-7.855,9.379],[-7.855,9.381],[-7.854,9.384],[-7.854,9.386],[-7.853,9.387],[-7.852,9.389],[-7.852,9.391],[-7.852,9.395],[-7.852,9.397],[-7.852,9.399],[-7.851,9.401],[-7.851,9.403],[-7.85,9.405],[-7.849,9.407],[-7.849,9.409],[-7.848,9.411],[-7.848,9.413],[-7.849,9.415],[-7.849,9.418],[-7.851,9.417],[-7.854,9.417],[-7.856,9.417],[-7.858,9.417],[-7.86,9.417],[-7.862,9.417],[-7.864,9.416],[-7.866,9.416],[-7.868,9.416],[-7.87,9.416],[-7.874,9.416],[-7.876,9.416],[-7.878,9.416],[-7.88,9.416],[-7.882,9.416],[-7.884,9.416],[-7.886,9.416],[-7.888,9.416],[-7.89,9.416],[-7.892,9.416],[-7.894,9.417],[-7.897,9.417],[-7.899,9.417],[-7.901,9.417],[-7.903,9.417],[-7.905,9.417],[-7.907,9.416],[-7.908,9.415],[-7.91,9.414],[-7.921,9.41],[-7.928,9.409],[-7.939,9.404],[-7.947,9.405],[-7.957,9.398],[-7.963,9.396],[-7.978,9.395],[-7.985,9.392],[-7.999,9.395],[-8.007,9.391],[-8.017,9.389],[-8.02,9.389],[-8.021,9.391],[-8.023,9.392],[-8.025,9.393],[-8.027,9.392],[-8.029,9.392],[-8.03,9.393],[-8.031,9.395],[-8.032,9.397],[-8.033,9.398],[-8.034,9.4],[-8.036,9.402],[-8.037,9.403],[-8.039,9.404],[-8.041,9.404],[-8.043,9.406],[-8.045,9.407],[-8.046,9.408],[-8.048,9.41],[-8.049,9.411],[-8.051,9.412],[-8.052,9.414],[-8.054,9.415],[-8.056,9.416],[-8.057,9.418],[-8.059,9.419],[-8.06,9.421],[-8.062,9.422],[-8.063,9.423],[-8.065,9.425],[-8.067,9.426],[-8.069,9.427],[-8.07,9.428],[-8.072,9.429],[-8.073,9.43],[-8.074,9.432],[-8.075,9.434],[-8.076,9.436],[-8.078,9.439],[-8.08,9.44],[-8.081,9.441],[-8.083,9.441],[-8.085,9.442],[-8.086,9.445],[-8.087,9.446],[-8.088,9.448],[-8.089,9.45],[-8.09,9.452],[-8.09,9.454],[-8.091,9.456],[-8.092,9.458],[-8.094,9.459],[-8.096,9.459],[-8.098,9.461],[-8.098,9.463],[-8.098,9.465],[-8.099,9.466],[-8.101,9.468],[-8.102,9.469],[-8.103,9.471],[-8.104,9.473],[-8.105,9.475],[-8.106,9.477],[-8.107,9.478],[-8.109,9.482],[-8.11,9.483],[-8.111,9.485],[-8.113,9.487],[-8.114,9.488],[-8.115,9.49],[-8.116,9.492],[-8.117,9.494],[-8.118,9.495],[-8.119,9.497],[-8.12,9.499],[-8.121,9.501],[-8.122,9.503],[-8.123,9.504],[-8.124,9.506],[-8.125,9.508],[-8.125,9.51],[-8.125,9.512],[-8.125,9.514],[-8.124,9.516],[-8.123,9.518],[-8.123,9.521],[-8.124,9.522],[-8.126,9.523],[-8.128,9.524],[-8.13,9.525],[-8.131,9.527],[-8.133,9.527],[-8.134,9.529],[-8.133,9.533],[-8.133,9.535],[-8.133,9.537],[-8.134,9.539],[-8.136,9.54],[-8.137,9.541],[-8.138,9.543],[-8.139,9.545],[-8.139,9.547],[-8.139,9.549],[-8.139,9.551],[-8.14,9.553],[-8.14,9.555],[-8.139,9.557],[-8.139,9.559],[-8.138,9.561],[-8.137,9.563],[-8.135,9.564],[-8.134,9.565],[-8.133,9.567],[-8.133,9.569],[-8.133,9.571],[-8.133,9.574],[-8.134,9.576],[-8.135,9.577],[-8.136,9.579],[-8.137,9.581],[-8.139,9.582],[-8.141,9.583],[-8.142,9.584],[-8.143,9.586],[-8.143,9.588],[-8.143,9.59],[-8.142,9.592],[-8.141,9.594],[-8.14,9.596],[-8.14,9.598],[-8.139,9.6],[-8.139,9.602],[-8.139,9.604],[-8.139,9.606],[-8.138,9.608],[-8.137,9.61],[-8.136,9.612],[-8.135,9.613],[-8.135,9.615],[-8.137,9.616],[-8.138,9.618],[-8.14,9.619],[-8.141,9.621],[-8.141,9.623],[-8.141,9.625],[-8.14,9.627],[-8.138,9.627],[-8.136,9.627],[-8.134,9.627],[-8.132,9.628],[-8.13,9.628],[-8.128,9.63],[-8.127,9.631],[-8.126,9.633],[-8.124,9.634],[-8.122,9.635],[-8.121,9.637],[-8.122,9.639],[-8.122,9.642],[-8.121,9.644],[-8.12,9.645],[-8.118,9.646],[-8.116,9.647],[-8.115,9.649],[-8.114,9.651],[-8.114,9.653],[-8.115,9.655],[-8.115,9.657],[-8.116,9.659],[-8.118,9.66],[-8.12,9.66],[-8.122,9.66],[-8.123,9.662],[-8.121,9.663],[-8.119,9.663],[-8.118,9.665],[-8.117,9.667],[-8.117,9.669],[-8.119,9.67],[-8.12,9.673],[-8.123,9.675],[-8.122,9.677],[-8.121,9.679],[-8.121,9.681],[-8.12,9.683],[-8.121,9.684],[-8.123,9.685],[-8.124,9.686],[-8.123,9.688],[-8.122,9.69],[-8.121,9.691],[-8.119,9.693],[-8.118,9.695],[-8.117,9.696],[-8.116,9.698],[-8.115,9.7],[-8.114,9.702],[-8.113,9.703],[-8.111,9.705],[-8.11,9.706],[-8.108,9.709],[-8.109,9.711],[-8.11,9.713],[-8.111,9.714],[-8.113,9.716],[-8.113,9.718],[-8.114,9.72],[-8.114,9.722],[-8.114,9.724],[-8.114,9.726],[-8.114,9.728],[-8.114,9.73],[-8.114,9.732],[-8.115,9.734],[-8.116,9.736],[-8.117,9.738],[-8.117,9.74],[-8.116,9.742],[-8.114,9.743],[-8.112,9.744],[-8.112,9.746],[-8.112,9.748],[-8.112,9.75],[-8.113,9.751],[-8.115,9.753],[-8.116,9.755],[-8.117,9.756],[-8.117,9.758],[-8.117,9.76],[-8.115,9.761],[-8.113,9.76],[-8.111,9.76],[-8.109,9.76],[-8.107,9.761],[-8.106,9.762],[-8.105,9.764],[-8.105,9.766],[-8.106,9.768],[-8.107,9.77],[-8.108,9.772],[-8.108,9.774],[-8.109,9.776],[-8.11,9.778],[-8.11,9.78],[-8.11,9.782],[-8.11,9.784],[-8.109,9.786],[-8.107,9.787],[-8.106,9.789],[-8.104,9.789],[-8.102,9.789],[-8.1,9.789],[-8.098,9.79],[-8.098,9.792],[-8.099,9.794],[-8.1,9.795],[-8.102,9.796],[-8.104,9.797],[-8.106,9.798],[-8.107,9.8],[-8.107,9.801],[-8.107,9.804],[-8.107,9.806],[-8.106,9.807],[-8.104,9.808],[-8.1,9.809],[-8.098,9.808],[-8.097,9.807],[-8.096,9.805],[-8.094,9.804],[-8.092,9.805],[-8.092,9.807],[-8.092,9.809],[-8.093,9.811],[-8.092,9.813],[-8.091,9.815],[-8.091,9.817],[-8.092,9.819],[-8.093,9.82],[-8.093,9.823],[-8.093,9.825],[-8.092,9.826],[-8.092,9.829],[-8.093,9.83],[-8.094,9.832],[-8.096,9.833],[-8.096,9.837],[-8.095,9.839],[-8.094,9.841],[-8.093,9.842],[-8.093,9.844],[-8.094,9.846],[-8.095,9.848],[-8.096,9.85],[-8.095,9.852],[-8.092,9.854],[-8.091,9.857],[-8.092,9.859],[-8.093,9.861],[-8.094,9.862],[-8.095,9.864],[-8.096,9.865],[-8.097,9.867],[-8.099,9.868],[-8.101,9.869],[-8.103,9.868],[-8.105,9.867],[-8.109,9.866],[-8.111,9.866],[-8.113,9.865],[-8.115,9.865],[-8.117,9.865],[-8.119,9.865],[-8.121,9.865],[-8.123,9.865],[-8.125,9.864],[-8.126,9.862],[-8.129,9.862],[-8.131,9.863],[-8.133,9.864],[-8.135,9.865],[-8.137,9.866],[-8.138,9.867],[-8.139,9.869],[-8.139,9.871],[-8.138,9.873],[-8.138,9.875],[-8.136,9.878],[-8.134,9.879],[-8.132,9.88],[-8.131,9.879],[-8.129,9.878],[-8.127,9.878],[-8.125,9.88],[-8.125,9.882],[-8.124,9.884],[-8.123,9.886],[-8.122,9.887],[-8.121,9.889],[-8.119,9.891],[-8.119,9.893],[-8.119,9.895],[-8.119,9.897],[-8.119,9.899],[-8.12,9.9],[-8.122,9.902],[-8.123,9.903],[-8.125,9.904],[-8.127,9.904],[-8.129,9.905],[-8.13,9.907],[-8.129,9.909],[-8.129,9.911],[-8.13,9.913],[-8.131,9.914],[-8.133,9.913],[-8.135,9.911],[-8.136,9.91],[-8.138,9.909],[-8.14,9.908],[-8.142,9.908],[-8.144,9.907],[-8.146,9.907],[-8.148,9.907],[-8.15,9.908],[-8.151,9.909],[-8.152,9.911],[-8.153,9.913],[-8.153,9.915],[-8.154,9.917],[-8.157,9.92],[-8.158,9.921],[-8.159,9.923],[-8.159,9.925],[-8.159,9.927],[-8.158,9.929],[-8.156,9.93],[-8.154,9.93],[-8.152,9.93],[-8.15,9.931],[-8.148,9.932],[-8.148,9.934],[-8.148,9.936],[-8.149,9.938],[-8.151,9.94],[-8.153,9.94],[-8.155,9.941],[-8.156,9.942],[-8.157,9.944],[-8.157,9.946],[-8.155,9.947],[-8.153,9.947],[-8.151,9.946],[-8.15,9.945],[-8.148,9.944],[-8.146,9.943],[-8.144,9.943],[-8.142,9.943],[-8.14,9.943],[-8.138,9.944],[-8.137,9.945],[-8.135,9.945],[-8.133,9.946],[-8.131,9.948],[-8.13,9.95],[-8.129,9.951],[-8.127,9.953],[-8.125,9.953],[-8.123,9.953],[-8.121,9.954],[-8.119,9.954],[-8.117,9.954],[-8.115,9.954],[-8.113,9.954],[-8.111,9.955],[-8.11,9.957],[-8.11,9.959],[-8.11,9.961],[-8.109,9.963],[-8.108,9.965],[-8.108,9.967],[-8.109,9.969],[-8.11,9.971],[-8.111,9.973],[-8.113,9.975],[-8.115,9.976],[-8.117,9.976],[-8.119,9.975],[-8.121,9.974],[-8.122,9.973],[-8.124,9.972],[-8.125,9.97],[-8.126,9.968],[-8.128,9.967],[-8.13,9.967],[-8.132,9.967],[-8.134,9.967],[-8.136,9.968],[-8.138,9.969],[-8.14,9.97],[-8.141,9.972],[-8.143,9.973],[-8.144,9.975],[-8.144,9.977],[-8.143,9.979],[-8.142,9.981],[-8.141,9.982],[-8.139,9.983],[-8.137,9.984],[-8.135,9.984],[-8.133,9.985],[-8.132,9.986],[-8.13,9.988],[-8.129,9.99],[-8.129,9.992],[-8.128,9.994],[-8.127,9.996],[-8.127,9.998],[-8.126,10.0],[-8.124,10.002],[-8.12,10.007],[-8.116,10.014],[-8.112,10.023],[-8.113,10.03],[-8.114,10.039],[-8.113,10.046],[-8.108,10.054],[-8.093,10.059],[-8.078,10.06],[-8.065,10.069],[-8.059,10.065],[-8.05,10.073],[-8.018,10.088],[-8.01,10.089],[-8.009,10.098],[-8.008,10.109],[-8.007,10.116],[-8.009,10.124],[-8.011,10.131],[-8.006,10.137],[-8.0,10.14],[-7.991,10.142],[-7.988,10.147],[-7.986,10.153],[-7.982,10.161],[-7.978,10.165],[-7.974,10.166],[-7.972,10.167],[-7.971,10.164],[-7.971,10.164],[-7.97,10.162],[-7.968,10.16],[-7.967,10.159],[-7.965,10.157],[-7.964,10.156],[-7.963,10.154],[-7.961,10.153],[-7.959,10.152],[-7.957,10.151],[-7.955,10.151],[-7.953,10.151],[-7.951,10.15],[-7.949,10.15],[-7.947,10.15],[-7.945,10.15],[-7.943,10.15],[-7.941,10.15],[-7.939,10.149],[-7.937,10.149],[-7.935,10.148],[-7.933,10.148],[-7.931,10.148],[-7.929,10.149],[-7.927,10.15],[-7.926,10.152],[-7.924,10.153],[-7.922,10.153],[-7.92,10.154],[-7.918,10.154],[-7.916,10.155],[-7.914,10.156],[-7.913,10.157],[-7.912,10.159],[-7.91,10.161],[-7.909,10.163],[-7.907,10.163],[-7.905,10.164],[-7.903,10.164],[-7.901,10.165],[-7.899,10.165],[-7.898,10.166],[-7.896,10.167],[-7.894,10.167],[-7.892,10.168],[-7.89,10.168],[-7.888,10.168],[-7.886,10.168],[-7.884,10.168],[-7.882,10.168],[-7.88,10.168],[-7.878,10.168],[-7.876,10.168],[-7.873,10.168],[-7.871,10.168],[-7.869,10.168],[-7.868,10.169],[-7.866,10.17],[-7.864,10.171],[-7.863,10.173],[-7.861,10.174],[-7.86,10.176],[-7.859,10.178],[-7.859,10.18],[-7.859,10.182],[-7.857,10.183],[-7.855,10.184],[-7.854,10.185],[-7.853,10.187],[-7.852,10.189],[-7.851,10.191],[-7.851,10.193],[-7.851,10.195],[-7.849,10.196],[-7.848,10.197],[-7.846,10.199],[-7.845,10.2],[-7.844,10.202],[-7.844,10.205],[-7.843,10.206],[-7.841,10.207],[-7.839,10.207],[-7.837,10.208],[-7.835,10.209],[-7.834,10.21],[-7.831,10.21],[-7.829,10.21],[-7.828,10.211],[-7.827,10.213],[-7.827,10.215],[-7.827,10.217],[-7.827,10.219],[-7.826,10.221],[-7.824,10.223],[-7.823,10.224],[-7.821,10.225],[-7.819,10.226],[-7.818,10.228],[-7.816,10.229],[-7.812,10.23],[-7.811,10.232],[-7.81,10.233],[-7.809,10.235],[-7.807,10.237],[-7.806,10.238],[-7.804,10.238],[-7.802,10.238],[-7.8,10.237],[-7.798,10.237],[-7.797,10.239],[-7.797,10.241],[-7.796,10.243],[-7.796,10.245],[-7.795,10.247],[-7.795,10.249],[-7.794,10.251],[-7.794,10.253],[-7.793,10.254],[-7.792,10.256],[-7.791,10.258],[-7.789,10.26],[-7.788,10.261],[-7.786,10.263],[-7.785,10.265],[-7.784,10.266],[-7.783,10.268],[-7.782,10.27],[-7.781,10.272],[-7.78,10.273],[-7.779,10.275],[-7.777,10.276],[-7.776,10.278],[-7.774,10.279],[-7.772,10.279],[-7.77,10.28],[-7.768,10.281],[-7.766,10.282],[-7.764,10.282],[-7.762,10.283],[-7.761,10.284],[-7.759,10.285],[-7.758,10.287],[-7.757,10.291],[-7.756,10.293],[-7.753,10.295],[-7.752,10.296],[-7.75,10.297],[-7.748,10.298],[-7.746,10.299],[-7.746,10.302],[-7.745,10.303],[-7.746,10.305],[-7.747,10.306],[-7.749,10.307],[-7.751,10.307],[-7.754,10.308],[-7.755,10.307],[-7.757,10.307],[-7.759,10.307],[-7.761,10.306],[-7.763,10.305],[-7.765,10.306],[-7.766,10.308],[-7.766,10.31],[-7.764,10.311],[-7.763,10.312],[-7.76,10.313],[-7.759,10.314],[-7.757,10.315],[-7.755,10.315],[-7.753,10.316],[-7.751,10.316],[-7.749,10.317],[-7.747,10.318],[-7.746,10.32],[-7.744,10.321],[-7.743,10.323],[-7.743,10.325],[-7.744,10.327],[-7.744,10.329],[-7.745,10.331],[-7.746,10.333],[-7.747,10.334],[-7.748,10.336],[-7.748,10.338],[-7.748,10.34],[-7.746,10.342],[-7.743,10.344],[-7.741,10.345],[-7.739,10.345],[-7.737,10.346],[-7.735,10.345],[-7.733,10.345],[-7.731,10.344],[-7.73,10.343],[-7.728,10.342],[-7.726,10.342],[-7.724,10.341],[-7.722,10.341],[-7.719,10.341],[-7.717,10.342],[-7.715,10.342],[-7.714,10.344],[-7.712,10.345],[-7.711,10.347],[-7.711,10.349],[-7.71,10.351],[-7.71,10.353],[-7.711,10.355],[-7.711,10.358],[-7.712,10.36],[-7.712,10.362],[-7.713,10.364],[-7.714,10.366],[-7.715,10.367],[-7.716,10.369],[-7.718,10.37],[-7.719,10.371],[-7.721,10.372],[-7.723,10.373],[-7.725,10.373],[-7.727,10.374],[-7.728,10.376],[-7.728,10.378],[-7.728,10.38],[-7.726,10.38],[-7.724,10.381],[-7.722,10.382],[-7.72,10.382],[-7.718,10.383],[-7.715,10.385],[-7.713,10.387],[-7.712,10.388],[-7.711,10.39],[-7.71,10.392],[-7.71,10.394],[-7.709,10.396],[-7.695,10.396],[-7.687,10.399],[-7.674,10.41],[-7.672,10.417],[-7.664,10.423],[-7.647,10.436],[-7.633,10.452],[-7.625,10.46],[-7.603,10.441],[-7.589,10.427]]]}},{"type":"Feature","id":"District Autonome D'Abidjan","properties":{"name":"District Autonome D'Abidjan","code":"CI14","level":"district","status":"pending","schools":922,"students":149528,"girls":74230,"boys":75298},"geometry":{"type":"Polygon","coordinates":[[[-4.17,5.6],[-4.168,5.6],[-4.166,5.601],[-4.165,5.601],[-4.164,5.601],[-4.163,5.601],[-4.162,5.601],[-4.161,5.6],[-4.161,5.599],[-4.161,5.598],[-4.16,5.598],[-4.16,5.597],[-4.159,5.596],[-4.158,5.596],[-4.157,5.596],[-4.157,5.597],[-4.155,5.597],[-4.153,5.597],[-4.152,5.596],[-4.151,5.596],[-4.15,5.596],[-4.149,5.597],[-4.148,5.597],[-4.148,5.598],[-4.146,5.599],[-4.145,5.599],[-4.144,5.599],[-4.143,5.598],[-4.143,5.597],[-4.142,5.596],[-4.142,5.595],[-4.141,5.594],[-4.14,5.593],[-4.139,5.593],[-4.138,5.592],[-4.137,5.591],[-4.137,5.59],[-4.136,5.589],[-4.135,5.589],[-4.134,5.588],[-4.133,5.587],[-4.132,5.586],[-4.131,5.585],[-4.13,5.585],[-4.128,5.584],[-4.127,5.584],[-4.126,5.584],[-4.125,5.584],[-4.124,5.583],[-4.123,5.583],[-4.121,5.582],[-4.12,5.582],[-4.119,5.582],[-4.118,5.581],[-4.116,5.58],[-4.115,5.58],[-4.113,5.579],[-4.112,5.579],[-4.11,5.579],[-4.108,5.578],[-4.107,5.578],[-4.104,5.577],[-4.103,5.576],[-4.099,5.576],[-4.098,5.576],[-4.096,5.577],[-4.094,5.577],[-4.092,5.577],[-4.089,5.578],[-4.086,5.578],[-4.084,5.577],[-4.082,5.577],[-4.08,5.577],[-4.078,5.576],[-4.075,5.575],[-4.073,5.575],[-4.071,5.574],[-4.038,5.588],[-4.032,5.583],[-4.03,5.582],[-4.029,5.582],[-4.028,5.582],[-4.026,5.583],[-4.024,5.583],[-4.023,5.583],[-4.021,5.583],[-4.02,5.583],[-4.017,5.583],[-4.015,5.583],[-4.013,5.583],[-4.012,5.583],[-4.01,5.583],[-4.009,5.583],[-4.007,5.583],[-4.006,5.583],[-4.004,5.583],[-4.003,5.583],[-4.002,5.583],[-3.999,5.583],[-3.997,5.583],[-3.994,5.584],[-3.992,5.584],[-3.99,5.584],[-3.988,5.584],[-3.986,5.585],[-3.984,5.585],[-3.983,5.586],[-3.981,5.586],[-3.979,5.586],[-3.978,5.586],[-3.976,5.587],[-3.974,5.587],[-3.973,5.587],[-3.971,5.587],[-3.97,5.587],[-3.968,5.587],[-3.966,5.587],[-3.965,5.587],[-3.963,5.587],[-3.961,5.588],[-3.96,5.588],[-3.959,5.588],[-3.956,5.588],[-3.955,5.588],[-3.954,5.589],[-3.953,5.589],[-3.952,5.589],[-3.95,5.589],[-3.949,5.588],[-3.947,5.587],[-3.946,5.587],[-3.945,5.587],[-3.944,5.588],[-3.942,5.588],[-3.94,5.589],[-3.939,5.588],[-3.939,5.587],[-3.938,5.586],[-3.937,5.585],[-3.936,5.584],[-3.935,5.583],[-3.935,5.582],[-3.934,5.58],[-3.933,5.58],[-3.933,5.579],[-3.933,5.577],[-3.932,5.577],[-3.93,5.576],[-3.929,5.575],[-3.928,5.574],[-3.928,5.572],[-3.927,5.572],[-3.927,5.57],[-3.927,5.569],[-3.929,5.567],[-3.93,5.566],[-3.93,5.565],[-3.929,5.564],[-3.929,5.563],[-3.928,5.561],[-3.927,5.561],[-3.926,5.56],[-3.925,5.56],[-3.924,5.56],[-3.923,5.559],[-3.922,5.559],[-3.92,5.559],[-3.92,5.558],[-3.918,5.559],[-3.917,5.56],[-3.917,5.561],[-3.916,5.562],[-3.915,5.561],[-3.914,5.56],[-3.914,5.558],[-3.913,5.557],[-3.912,5.557],[-3.911,5.556],[-3.912,5.555],[-3.912,5.554],[-3.91,5.555],[-3.909,5.555],[-3.909,5.555],[-3.908,5.553],[-3.907,5.552],[-3.906,5.552],[-3.904,5.552],[-3.903,5.551],[-3.902,5.549],[-3.902,5.548],[-3.901,5.547],[-3.9,5.548],[-3.899,5.547],[-3.898,5.546],[-3.898,5.545],[-3.898,5.544],[-3.898,5.542],[-3.897,5.541],[-3.896,5.54],[-3.896,5.537],[-3.895,5.537],[-3.893,5.536],[-3.893,5.536],[-3.892,5.534],[-3.891,5.533],[-3.89,5.532],[-3.889,5.531],[-3.888,5.53],[-3.888,5.529],[-3.887,5.528],[-3.887,5.527],[-3.886,5.526],[-3.886,5.525],[-3.886,5.524],[-3.886,5.523],[-3.885,5.521],[-3.884,5.52],[-3.883,5.52],[-3.882,5.521],[-3.881,5.52],[-3.879,5.52],[-3.878,5.519],[-3.877,5.517],[-3.877,5.516],[-3.876,5.515],[-3.877,5.514],[-3.877,5.513],[-3.877,5.511],[-3.876,5.51],[-3.876,5.509],[-3.877,5.509],[-3.878,5.508],[-3.876,5.507],[-3.875,5.506],[-3.875,5.505],[-3.875,5.504],[-3.875,5.502],[-3.875,5.501],[-3.874,5.5],[-3.872,5.501],[-3.872,5.502],[-3.871,5.504],[-3.869,5.505],[-3.868,5.506],[-3.867,5.506],[-3.865,5.505],[-3.864,5.504],[-3.863,5.503],[-3.863,5.504],[-3.861,5.504],[-3.86,5.504],[-3.859,5.505],[-3.858,5.506],[-3.858,5.507],[-3.856,5.509],[-3.855,5.509],[-3.853,5.509],[-3.853,5.508],[-3.853,5.507],[-3.854,5.505],[-3.852,5.506],[-3.85,5.505],[-3.849,5.504],[-3.848,5.503],[-3.847,5.502],[-3.847,5.5],[-3.848,5.499],[-3.848,5.497],[-3.848,5.496],[-3.847,5.496],[-3.845,5.496],[-3.844,5.494],[-3.844,5.493],[-3.845,5.491],[-3.846,5.49],[-3.846,5.489],[-3.845,5.488],[-3.843,5.488],[-3.843,5.487],[-3.843,5.486],[-3.844,5.485],[-3.843,5.484],[-3.842,5.484],[-3.841,5.485],[-3.839,5.486],[-3.838,5.486],[-3.837,5.485],[-3.836,5.484],[-3.836,5.482],[-3.836,5.481],[-3.835,5.48],[-3.834,5.479],[-3.834,5.478],[-3.833,5.477],[-3.832,5.476],[-3.832,5.475],[-3.832,5.473],[-3.833,5.473],[-3.835,5.473],[-3.836,5.473],[-3.836,5.472],[-3.835,5.47],[-3.835,5.469],[-3.835,5.468],[-3.834,5.467],[-3.832,5.466],[-3.831,5.466],[-3.83,5.465],[-3.829,5.463],[-3.829,5.462],[-3.829,5.461],[-3.831,5.46],[-3.832,5.459],[-3.833,5.458],[-3.831,5.459],[-3.831,5.458],[-3.831,5.457],[-3.833,5.456],[-3.834,5.456],[-3.836,5.455],[-3.838,5.454],[-3.838,5.453],[-3.837,5.453],[-3.837,5.452],[-3.837,5.45],[-3.836,5.45],[-3.835,5.449],[-3.835,5.447],[-3.835,5.446],[-3.835,5.444],[-3.835,5.443],[-3.835,5.441],[-3.835,5.44],[-3.835,5.439],[-3.833,5.438],[-3.833,5.439],[-3.831,5.44],[-3.829,5.44],[-3.828,5.439],[-3.828,5.438],[-3.828,5.437],[-3.828,5.435],[-3.828,5.433],[-3.827,5.432],[-3.827,5.431],[-3.827,5.43],[-3.826,5.431],[-3.825,5.432],[-3.824,5.434],[-3.824,5.433],[-3.822,5.432],[-3.821,5.432],[-3.819,5.433],[-3.818,5.432],[-3.818,5.431],[-3.818,5.43],[-3.818,5.429],[-3.819,5.427],[-3.82,5.427],[-3.819,5.426],[-3.818,5.426],[-3.816,5.426],[-3.816,5.425],[-3.816,5.423],[-3.817,5.422],[-3.818,5.422],[-3.82,5.422],[-3.821,5.421],[-3.82,5.421],[-3.819,5.42],[-3.818,5.418],[-3.817,5.417],[-3.817,5.416],[-3.818,5.415],[-3.818,5.414],[-3.82,5.414],[-3.821,5.414],[-3.822,5.415],[-3.823,5.413],[-3.823,5.412],[-3.822,5.411],[-3.822,5.41],[-3.822,5.408],[-3.823,5.408],[-3.822,5.407],[-3.823,5.406],[-3.824,5.405],[-3.824,5.404],[-3.825,5.403],[-3.826,5.402],[-3.827,5.401],[-3.828,5.4],[-3.829,5.4],[-3.83,5.399],[-3.83,5.398],[-3.829,5.397],[-3.828,5.396],[-3.828,5.395],[-3.829,5.393],[-3.829,5.392],[-3.829,5.391],[-3.83,5.39],[-3.831,5.391],[-3.832,5.391],[-3.832,5.389],[-3.833,5.388],[-3.834,5.387],[-3.834,5.386],[-3.833,5.385],[-3.832,5.385],[-3.831,5.385],[-3.83,5.385],[-3.829,5.384],[-3.829,5.382],[-3.828,5.381],[-3.829,5.38],[-3.829,5.378],[-3.83,5.378],[-3.83,5.376],[-3.83,5.375],[-3.83,5.374],[-3.829,5.373],[-3.828,5.372],[-3.827,5.371],[-3.826,5.37],[-3.825,5.369],[-3.824,5.369],[-3.823,5.369],[-3.821,5.368],[-3.82,5.367],[-3.819,5.367],[-3.818,5.366],[-3.817,5.367],[-3.817,5.368],[-3.818,5.368],[-3.819,5.369],[-3.82,5.369],[-3.821,5.37],[-3.822,5.371],[-3.823,5.372],[-3.823,5.373],[-3.823,5.374],[-3.823,5.376],[-3.822,5.377],[-3.822,5.378],[-3.821,5.379],[-3.82,5.38],[-3.819,5.38],[-3.817,5.381],[-3.816,5.381],[-3.815,5.381],[-3.814,5.381],[-3.812,5.381],[-3.811,5.381],[-3.809,5.381],[-3.808,5.381],[-3.807,5.381],[-3.806,5.38],[-3.804,5.38],[-3.803,5.379],[-3.802,5.379],[-3.801,5.378],[-3.8,5.377],[-3.798,5.376],[-3.796,5.375],[-3.796,5.374],[-3.795,5.373],[-3.793,5.373],[-3.792,5.372],[-3.791,5.372],[-3.79,5.371],[-3.789,5.37],[-3.789,5.37],[-3.788,5.369],[-3.787,5.368],[-3.786,5.368],[-3.785,5.369],[-3.784,5.37],[-3.783,5.372],[-3.783,5.373],[-3.782,5.373],[-3.78,5.374],[-3.779,5.374],[-3.778,5.374],[-3.777,5.374],[-3.775,5.373],[-3.774,5.372],[-3.773,5.371],[-3.771,5.371],[-3.77,5.371],[-3.769,5.37],[-3.768,5.369],[-3.767,5.369],[-3.766,5.369],[-3.765,5.368],[-3.764,5.367],[-3.763,5.366],[-3.762,5.365],[-3.761,5.364],[-3.761,5.364],[-3.76,5.362],[-3.76,5.361],[-3.759,5.36],[-3.76,5.359],[-3.761,5.358],[-3.761,5.357],[-3.761,5.356],[-3.76,5.355],[-3.76,5.353],[-3.761,5.352],[-3.762,5.351],[-3.762,5.35],[-3.763,5.349],[-3.764,5.348],[-3.765,5.347],[-3.766,5.346],[-3.767,5.345],[-3.768,5.344],[-3.768,5.344],[-3.769,5.343],[-3.769,5.341],[-3.769,5.34],[-3.768,5.339],[-3.767,5.338],[-3.765,5.337],[-3.764,5.336],[-3.763,5.336],[-3.762,5.335],[-3.76,5.335],[-3.759,5.335],[-3.757,5.335],[-3.756,5.335],[-3.754,5.335],[-3.752,5.334],[-3.751,5.333],[-3.75,5.333],[-3.748,5.332],[-3.747,5.331],[-3.746,5.33],[-3.746,5.328],[-3.746,5.326],[-3.746,5.325],[-3.746,5.323],[-3.746,5.322],[-3.746,5.321],[-3.746,5.319],[-3.746,5.318],[-3.746,5.316],[-3.746,5.314],[-3.746,5.313],[-3.745,5.312],[-3.743,5.311],[-3.742,5.31],[-3.741,5.309],[-3.739,5.308],[-3.738,5.308],[-3.736,5.307],[-3.736,5.307],[-3.734,5.306],[-3.733,5.305],[-3.732,5.305],[-3.73,5.305],[-3.728,5.305],[-3.727,5.305],[-3.724,5.304],[-3.722,5.303],[-3.721,5.303],[-3.72,5.302],[-3.718,5.301],[-3.717,5.301],[-3.716,5.3],[-3.716,5.297],[-3.785,5.271],[-3.805,5.285],[-3.816,5.273],[-3.817,5.272],[-3.818,5.27],[-3.818,5.268],[-3.818,5.267],[-3.818,5.265],[-3.817,5.264],[-3.816,5.263],[-3.816,5.262],[-3.815,5.261],[-3.815,5.259],[-3.815,5.258],[-3.815,5.256],[-3.815,5.255],[-3.814,5.253],[-3.815,5.252],[-3.815,5.251],[-3.816,5.25],[-3.818,5.251],[-3.84,5.254],[-3.851,5.228],[-3.852,5.228],[-3.852,5.225],[-3.851,5.221],[-3.87,5.228],[-3.885,5.23],[-3.905,5.233],[-3.924,5.236],[-3.948,5.241],[-3.972,5.248],[-3.979,5.247],[-3.99,5.248],[-4.004,5.25],[-4.01,5.245],[-4.017,5.244],[-4.03,5.245],[-4.035,5.243],[-4.05,5.241],[-4.063,5.241],[-4.079,5.238],[-4.101,5.237],[-4.108,5.234],[-4.116,5.232],[-4.13,5.23],[-4.133,5.23],[-4.141,5.23],[-4.162,5.225],[-4.197,5.22],[-4.213,5.219],[-4.214,5.219],[-4.226,5.28],[-4.274,5.275],[-4.285,5.293],[-4.296,5.308],[-4.306,5.393],[-4.316,5.399],[-4.317,5.4],[-4.318,5.402],[-4.317,5.404],[-4.317,5.406],[-4.317,5.408],[-4.316,5.41],[-4.315,5.411],[-4.314,5.413],[-4.314,5.415],[-4.313,5.417],[-4.311,5.42],[-4.309,5.421],[-4.307,5.421],[-4.306,5.421],[-4.304,5.421],[-4.302,5.421],[-4.301,5.422],[-4.299,5.422],[-4.297,5.423],[-4.295,5.424],[-4.293,5.423],[-4.291,5.424],[-4.289,5.428],[-4.289,5.429],[-4.291,5.431],[-4.291,5.433],[-4.289,5.433],[-4.288,5.433],[-4.287,5.434],[-4.287,5.436],[-4.286,5.439],[-4.286,5.441],[-4.286,5.443],[-4.285,5.444],[-4.285,5.448],[-4.286,5.449],[-4.286,5.451],[-4.288,5.452],[-4.289,5.454],[-4.29,5.455],[-4.293,5.454],[-4.295,5.454],[-4.296,5.456],[-4.298,5.455],[-4.299,5.454],[-4.3,5.456],[-4.299,5.459],[-4.299,5.462],[-4.3,5.463],[-4.3,5.465],[-4.3,5.466],[-4.3,5.468],[-4.3,5.47],[-4.3,5.472],[-4.301,5.473],[-4.302,5.474],[-4.303,5.476],[-4.303,5.478],[-4.302,5.479],[-4.302,5.481],[-4.302,5.482],[-4.302,5.484],[-4.329,5.496],[-4.331,5.497],[-4.333,5.497],[-4.334,5.498],[-4.335,5.501],[-4.336,5.503],[-4.338,5.504],[-4.34,5.504],[-4.342,5.504],[-4.344,5.504],[-4.345,5.504],[-4.346,5.506],[-4.347,5.507],[-4.349,5.507],[-4.352,5.507],[-4.354,5.507],[-4.356,5.508],[-4.358,5.51],[-4.359,5.511],[-4.361,5.512],[-4.363,5.512],[-4.365,5.512],[-4.366,5.513],[-4.367,5.515],[-4.368,5.516],[-4.37,5.518],[-4.371,5.519],[-4.373,5.52],[-4.375,5.52],[-4.376,5.521],[-4.377,5.522],[-4.379,5.522],[-4.38,5.523],[-4.382,5.523],[-4.383,5.525],[-4.386,5.526],[-4.387,5.526],[-4.389,5.526],[-4.39,5.524],[-4.391,5.524],[-4.393,5.525],[-4.394,5.526],[-4.396,5.526],[-4.398,5.526],[-4.4,5.526],[-4.402,5.526],[-4.404,5.526],[-4.405,5.525],[-4.407,5.524],[-4.408,5.524],[-4.409,5.523],[-4.41,5.523],[-4.412,5.523],[-4.413,5.525],[-4.414,5.524],[-4.415,5.523],[-4.416,5.524],[-4.417,5.526],[-4.419,5.526],[-4.419,5.527],[-4.42,5.529],[-4.421,5.528],[-4.423,5.527],[-4.425,5.528],[-4.427,5.527],[-4.429,5.528],[-4.43,5.527],[-4.432,5.527],[-4.434,5.526],[-4.437,5.525],[-4.438,5.527],[-4.439,5.527],[-4.441,5.527],[-4.443,5.527],[-4.444,5.528],[-4.445,5.529],[-4.446,5.53],[-4.447,5.532],[-4.449,5.532],[-4.451,5.532],[-4.453,5.531],[-4.454,5.53],[-4.456,5.53],[-4.457,5.53],[-4.459,5.531],[-4.46,5.532],[-4.461,5.534],[-4.393,5.602],[-4.362,5.581],[-4.262,5.594],[-4.257,5.597],[-4.257,5.597],[-4.255,5.597],[-4.254,5.597],[-4.253,5.597],[-4.25,5.597],[-4.25,5.598],[-4.248,5.599],[-4.247,5.599],[-4.247,5.6],[-4.245,5.6],[-4.244,5.6],[-4.243,5.6],[-4.243,5.6],[-4.242,5.6],[-4.24,5.6],[-4.239,5.6],[-4.238,5.6],[-4.238,5.599],[-4.237,5.599],[-4.236,5.599],[-4.234,5.599],[-4.233,5.6],[-4.233,5.6],[-4.232,5.601],[-4.231,5.601],[-4.23,5.601],[-4.229,5.602],[-4.228,5.602],[-4.228,5.601],[-4.226,5.601],[-4.226,5.6],[-4.225,5.6],[-4.224,5.6],[-4.223,5.6],[-4.222,5.6],[-4.22,5.6],[-4.22,5.601],[-4.219,5.601],[-4.218,5.601],[-4.217,5.601],[-4.216,5.601],[-4.215,5.6],[-4.213,5.6],[-4.211,5.6],[-4.211,5.601],[-4.209,5.601],[-4.208,5.601],[-4.207,5.6],[-4.206,5.6],[-4.204,5.599],[-4.203,5.598],[-4.203,5.598],[-4.202,5.597],[-4.201,5.596],[-4.2,5.595],[-4.199,5.595],[-4.198,5.595],[-4.197,5.595],[-4.196,5.595],[-4.195,5.595],[-4.194,5.596],[-4.193,5.596],[-4.192,5.597],[-4.191,5.597],[-4.19,5.598],[-4.188,5.599],[-4.187,5.599],[-4.186,5.599],[-4.186,5.6],[-4.185,5.601],[-4.183,5.602],[-4.183,5.602],[-4.182,5.603],[-4.181,5.604],[-4.18,5.605],[-4.179,5.605],[-4.178,5.605],[-4.178,5.605],[-4.177,5.604],[-4.176,5.604],[-4.175,5.602],[-4.174,5.602],[-4.173,5.602],[-4.172,5.601],[-4.171,5.601],[-4.17,5.6]]]}},{"type":"Feature","id":"District Autonome De Yamoussoukro","properties":{"name":"District Autonome De Yamoussoukro","code":"CI10","level":"district","status":"pending","schools":825,"students":276389,"girls":135924,"boys":140465},"geometry":{"type":"Polygon","coordinates":[[[-5.292,7.073],[-5.29,7.072],[-5.289,7.071],[-5.288,7.071],[-5.286,7.07],[-5.285,7.07],[-5.284,7.068],[-5.283,7.066],[-5.28,7.063],[-5.279,7.062],[-5.278,7.061],[-5.277,7.061],[-5.275,7.06],[-5.274,7.059],[-5.272,7.059],[-5.271,7.059],[-5.269,7.059],[-5.268,7.059],[-5.266,7.058],[-5.265,7.057],[-5.264,7.058],[-5.262,7.058],[-5.261,7.058],[-5.26,7.058],[-5.259,7.058],[-5.257,7.058],[-5.253,7.058],[-5.251,7.059],[-5.249,7.059],[-5.247,7.06],[-5.245,7.06],[-5.244,7.059],[-5.243,7.059],[-5.241,7.059],[-5.24,7.058],[-5.238,7.058],[-5.237,7.058],[-5.235,7.058],[-5.234,7.057],[-5.232,7.057],[-5.231,7.056],[-5.23,7.055],[-5.229,7.054],[-5.228,7.054],[-5.227,7.052],[-5.225,7.051],[-5.224,7.051],[-5.223,7.05],[-5.222,7.048],[-5.222,7.047],[-5.221,7.045],[-5.22,7.044],[-5.219,7.044],[-5.218,7.043],[-5.217,7.042],[-5.216,7.041],[-5.215,7.039],[-5.214,7.038],[-5.213,7.037],[-5.212,7.037],[-5.21,7.036],[-5.209,7.036],[-5.208,7.036],[-5.206,7.036],[-5.202,7.036],[-5.2,7.036],[-5.199,7.036],[-5.197,7.036],[-5.196,7.037],[-5.195,7.037],[-5.193,7.037],[-5.192,7.037],[-5.19,7.037],[-5.189,7.036],[-5.188,7.035],[-5.186,7.034],[-5.185,7.033],[-5.184,7.032],[-5.183,7.031],[-5.181,7.03],[-5.179,7.03],[-5.178,7.031],[-5.176,7.031],[-5.175,7.03],[-5.174,7.029],[-5.173,7.029],[-5.171,7.028],[-5.17,7.028],[-5.169,7.028],[-5.167,7.029],[-5.165,7.03],[-5.164,7.03],[-5.162,7.028],[-5.16,7.028],[-5.158,7.028],[-5.156,7.028],[-5.154,7.029],[-5.153,7.03],[-5.152,7.032],[-5.151,7.033],[-5.15,7.032],[-5.149,7.031],[-5.147,7.03],[-5.146,7.03],[-5.145,7.03],[-5.142,7.031],[-5.141,7.032],[-5.139,7.031],[-5.138,7.03],[-5.137,7.028],[-5.136,7.028],[-5.135,7.027],[-5.134,7.027],[-5.133,7.027],[-5.131,7.028],[-5.13,7.028],[-5.129,7.028],[-5.127,7.028],[-5.125,7.029],[-5.123,7.028],[-5.124,7.026],[-5.124,7.025],[-5.124,7.023],[-5.125,7.023],[-5.126,7.023],[-5.127,7.023],[-5.129,7.022],[-5.128,7.02],[-5.127,7.019],[-5.127,7.017],[-5.127,7.016],[-5.126,7.015],[-5.125,7.014],[-5.125,7.013],[-5.125,7.012],[-5.124,7.01],[-5.123,7.01],[-5.121,7.009],[-5.121,7.008],[-5.121,7.007],[-5.121,7.005],[-5.12,7.003],[-5.119,7.002],[-5.119,7.001],[-5.119,7.0],[-5.118,6.998],[-5.117,6.997],[-5.116,6.997],[-5.115,6.997],[-5.113,6.997],[-5.112,6.997],[-5.111,6.997],[-5.11,6.995],[-5.11,6.993],[-5.109,6.992],[-5.108,6.991],[-5.107,6.991],[-5.106,6.992],[-5.104,6.993],[-5.103,6.994],[-5.101,6.993],[-5.1,6.992],[-5.099,6.991],[-5.098,6.991],[-5.096,6.99],[-5.096,6.989],[-5.095,6.988],[-5.095,6.987],[-5.094,6.986],[-5.094,6.984],[-5.094,6.983],[-5.094,6.982],[-5.093,6.981],[-5.092,6.98],[-5.09,6.98],[-5.088,6.981],[-5.087,6.982],[-5.087,6.983],[-5.085,6.983],[-5.084,6.982],[-5.083,6.981],[-5.083,6.98],[-5.082,6.978],[-5.081,6.977],[-5.079,6.977],[-5.077,6.977],[-5.076,6.978],[-5.074,6.977],[-5.072,6.977],[-5.07,6.977],[-5.069,6.977],[-5.067,6.977],[-5.066,6.977],[-5.064,6.976],[-5.062,6.977],[-5.06,6.976],[-5.059,6.977],[-5.057,6.977],[-5.056,6.976],[-5.055,6.974],[-5.055,6.973],[-5.053,6.972],[-5.053,6.971],[-5.053,6.97],[-5.052,6.969],[-5.051,6.967],[-5.049,6.967],[-5.049,6.966],[-5.048,6.965],[-5.048,6.964],[-5.047,6.963],[-5.046,6.961],[-5.046,6.96],[-5.044,6.958],[-5.044,6.957],[-5.042,6.956],[-5.041,6.956],[-5.041,6.954],[-5.041,6.953],[-5.041,6.952],[-5.042,6.95],[-5.042,6.948],[-5.041,6.947],[-5.041,6.946],[-5.04,6.945],[-5.039,6.944],[-5.037,6.943],[-5.036,6.942],[-5.034,6.941],[-5.034,6.939],[-5.034,6.938],[-5.033,6.936],[-5.033,6.935],[-5.034,6.933],[-5.035,6.932],[-5.034,6.93],[-5.034,6.929],[-5.032,6.926],[-5.031,6.925],[-5.03,6.924],[-5.031,6.922],[-5.031,6.92],[-5.03,6.919],[-5.029,6.918],[-5.028,6.917],[-5.028,6.915],[-5.028,6.914],[-5.028,6.913],[-5.027,6.912],[-5.026,6.911],[-5.027,6.911],[-5.029,6.91],[-5.03,6.909],[-5.03,6.908],[-5.029,6.906],[-5.028,6.905],[-5.027,6.905],[-5.026,6.904],[-5.025,6.902],[-5.023,6.903],[-5.022,6.903],[-5.021,6.903],[-5.019,6.902],[-5.017,6.901],[-5.015,6.901],[-5.014,6.901],[-5.013,6.9],[-5.012,6.898],[-5.01,6.898],[-5.009,6.897],[-5.008,6.896],[-5.008,6.895],[-5.007,6.894],[-5.005,6.893],[-5.006,6.892],[-5.005,6.891],[-5.003,6.891],[-5.002,6.89],[-5.0,6.891],[-4.999,6.891],[-4.998,6.89],[-4.996,6.89],[-4.995,6.89],[-4.994,6.89],[-4.992,6.891],[-4.991,6.89],[-4.99,6.889],[-4.99,6.887],[-4.989,6.886],[-4.988,6.885],[-4.987,6.883],[-4.988,6.881],[-4.989,6.88],[-4.991,6.879],[-4.991,6.877],[-4.991,6.876],[-4.99,6.875],[-4.991,6.874],[-4.991,6.873],[-4.991,6.871],[-4.991,6.87],[-4.991,6.868],[-4.99,6.866],[-4.99,6.865],[-4.989,6.863],[-4.989,6.862],[-4.989,6.861],[-4.989,6.859],[-4.988,6.858],[-4.986,6.857],[-4.985,6.856],[-4.985,6.854],[-4.984,6.853],[-4.983,6.852],[-4.982,6.851],[-4.982,6.85],[-4.98,6.849],[-4.982,6.848],[-4.983,6.846],[-4.983,6.845],[-4.983,6.843],[-4.982,6.842],[-4.981,6.841],[-4.98,6.839],[-4.98,6.838],[-4.979,6.837],[-4.978,6.837],[-4.976,6.836],[-4.974,6.836],[-4.972,6.835],[-4.972,6.834],[-4.972,6.832],[-4.973,6.83],[-4.974,6.829],[-4.974,6.827],[-4.975,6.825],[-4.974,6.823],[-4.972,6.822],[-4.971,6.822],[-4.969,6.822],[-4.968,6.822],[-4.967,6.821],[-4.965,6.82],[-4.964,6.819],[-4.962,6.819],[-4.96,6.819],[-4.958,6.82],[-4.956,6.821],[-4.954,6.821],[-4.955,6.819],[-4.954,6.817],[-4.955,6.816],[-4.955,6.815],[-4.957,6.813],[-4.958,6.813],[-4.96,6.812],[-4.961,6.81],[-4.962,6.809],[-4.963,6.808],[-4.964,6.807],[-4.964,6.805],[-4.964,6.804],[-4.963,6.803],[-4.962,6.803],[-4.961,6.804],[-4.959,6.805],[-4.958,6.804],[-4.958,6.802],[-4.958,6.801],[-4.959,6.799],[-4.961,6.798],[-4.962,6.797],[-4.961,6.794],[-4.961,6.793],[-4.959,6.792],[-4.958,6.791],[-4.958,6.79],[-4.959,6.789],[-4.959,6.786],[-4.96,6.787],[-4.961,6.786],[-4.961,6.784],[-4.961,6.782],[-4.962,6.78],[-4.962,6.779],[-4.963,6.777],[-4.964,6.776],[-4.964,6.775],[-4.965,6.774],[-4.967,6.773],[-4.967,6.772],[-4.967,6.77],[-4.966,6.768],[-4.966,6.766],[-4.967,6.765],[-4.969,6.762],[-4.97,6.762],[-4.971,6.762],[-4.973,6.762],[-4.974,6.763],[-4.976,6.763],[-4.978,6.763],[-4.98,6.762],[-4.98,6.761],[-4.979,6.76],[-4.977,6.759],[-4.976,6.758],[-4.975,6.756],[-4.973,6.755],[-4.972,6.754],[-4.971,6.753],[-4.973,6.752],[-4.974,6.752],[-4.976,6.751],[-4.976,6.752],[-4.981,6.753],[-4.983,6.753],[-4.985,6.753],[-4.987,6.754],[-4.989,6.754],[-4.991,6.755],[-4.993,6.755],[-4.994,6.755],[-4.996,6.756],[-4.999,6.756],[-5.002,6.757],[-5.005,6.758],[-5.007,6.759],[-5.009,6.76],[-5.011,6.761],[-5.014,6.762],[-5.016,6.762],[-5.019,6.763],[-5.022,6.763],[-5.024,6.763],[-5.026,6.763],[-5.028,6.763],[-5.031,6.765],[-5.033,6.766],[-5.036,6.767],[-5.038,6.768],[-5.039,6.769],[-5.04,6.772],[-5.041,6.773],[-5.042,6.775],[-5.043,6.776],[-5.044,6.777],[-5.044,6.779],[-5.045,6.781],[-5.046,6.784],[-5.047,6.785],[-5.048,6.785],[-5.051,6.783],[-5.053,6.781],[-5.055,6.78],[-5.057,6.779],[-5.059,6.778],[-5.061,6.776],[-5.063,6.775],[-5.065,6.774],[-5.068,6.772],[-5.07,6.771],[-5.072,6.77],[-5.076,6.769],[-5.08,6.768],[-5.082,6.768],[-5.083,6.767],[-5.086,6.767],[-5.089,6.766],[-5.092,6.766],[-5.094,6.766],[-5.096,6.767],[-5.099,6.766],[-5.101,6.766],[-5.104,6.766],[-5.106,6.766],[-5.108,6.766],[-5.111,6.765],[-5.112,6.763],[-5.113,6.762],[-5.115,6.762],[-5.116,6.76],[-5.118,6.758],[-5.12,6.757],[-5.121,6.756],[-5.124,6.754],[-5.125,6.753],[-5.127,6.751],[-5.13,6.75],[-5.132,6.749],[-5.134,6.748],[-5.136,6.746],[-5.138,6.744],[-5.139,6.742],[-5.141,6.74],[-5.143,6.738],[-5.146,6.735],[-5.149,6.732],[-5.151,6.73],[-5.153,6.727],[-5.155,6.724],[-5.158,6.722],[-5.16,6.719],[-5.162,6.717],[-5.165,6.714],[-5.167,6.711],[-5.169,6.709],[-5.172,6.707],[-5.175,6.703],[-5.177,6.701],[-5.18,6.698],[-5.182,6.696],[-5.184,6.694],[-5.186,6.691],[-5.189,6.688],[-5.192,6.686],[-5.194,6.683],[-5.197,6.68],[-5.2,6.677],[-5.203,6.675],[-5.206,6.673],[-5.208,6.671],[-5.21,6.669],[-5.213,6.666],[-5.216,6.664],[-5.219,6.661],[-5.221,6.66],[-5.222,6.658],[-5.224,6.656],[-5.227,6.655],[-5.229,6.654],[-5.231,6.653],[-5.234,6.652],[-5.236,6.651],[-5.238,6.651],[-5.241,6.65],[-5.243,6.648],[-5.245,6.647],[-5.247,6.646],[-5.25,6.646],[-5.252,6.645],[-5.255,6.644],[-5.258,6.643],[-5.261,6.642],[-5.263,6.641],[-5.266,6.64],[-5.268,6.639],[-5.271,6.639],[-5.272,6.638],[-5.273,6.636],[-5.272,6.631],[-5.273,6.63],[-5.273,6.628],[-5.273,6.627],[-5.274,6.626],[-5.275,6.625],[-5.276,6.624],[-5.277,6.622],[-5.277,6.621],[-5.278,6.62],[-5.279,6.619],[-5.28,6.617],[-5.282,6.617],[-5.283,6.615],[-5.284,6.614],[-5.284,6.612],[-5.284,6.609],[-5.284,6.607],[-5.285,6.606],[-5.286,6.604],[-5.286,6.602],[-5.286,6.601],[-5.286,6.599],[-5.285,6.598],[-5.284,6.596],[-5.284,6.595],[-5.283,6.593],[-5.283,6.591],[-5.283,6.589],[-5.284,6.587],[-5.285,6.585],[-5.285,6.583],[-5.286,6.582],[-5.286,6.58],[-5.285,6.579],[-5.284,6.578],[-5.282,6.577],[-5.282,6.576],[-5.282,6.574],[-5.283,6.572],[-5.284,6.571],[-5.285,6.57],[-5.286,6.568],[-5.287,6.566],[-5.288,6.565],[-5.289,6.564],[-5.29,6.562],[-5.291,6.561],[-5.292,6.559],[-5.294,6.558],[-5.295,6.556],[-5.297,6.556],[-5.298,6.555],[-5.299,6.555],[-5.3,6.554],[-5.302,6.554],[-5.304,6.551],[-5.306,6.553],[-5.307,6.555],[-5.308,6.556],[-5.309,6.557],[-5.309,6.559],[-5.309,6.561],[-5.309,6.562],[-5.309,6.564],[-5.308,6.565],[-5.308,6.567],[-5.306,6.568],[-5.305,6.569],[-5.303,6.569],[-5.301,6.57],[-5.3,6.571],[-5.3,6.572],[-5.299,6.574],[-5.3,6.576],[-5.3,6.577],[-5.301,6.579],[-5.302,6.58],[-5.302,6.582],[-5.304,6.584],[-5.305,6.586],[-5.306,6.588],[-5.308,6.589],[-5.309,6.59],[-5.311,6.591],[-5.312,6.591],[-5.314,6.592],[-5.316,6.593],[-5.317,6.594],[-5.32,6.595],[-5.323,6.595],[-5.325,6.596],[-5.328,6.597],[-5.33,6.597],[-5.332,6.598],[-5.334,6.599],[-5.336,6.599],[-5.338,6.6],[-5.339,6.6],[-5.341,6.6],[-5.343,6.599],[-5.345,6.599],[-5.346,6.599],[-5.348,6.599],[-5.35,6.6],[-5.352,6.601],[-5.356,6.602],[-5.358,6.602],[-5.359,6.602],[-5.361,6.602],[-5.363,6.601],[-5.365,6.601],[-5.366,6.601],[-5.368,6.6],[-5.371,6.6],[-5.372,6.6],[-5.374,6.599],[-5.376,6.599],[-5.378,6.599],[-5.381,6.6],[-5.383,6.6],[-5.384,6.599],[-5.386,6.599],[-5.388,6.598],[-5.389,6.598],[-5.391,6.598],[-5.393,6.597],[-5.395,6.597],[-5.396,6.598],[-5.399,6.598],[-5.401,6.599],[-5.402,6.599],[-5.403,6.6],[-5.405,6.601],[-5.407,6.602],[-5.408,6.603],[-5.41,6.605],[-5.411,6.606],[-5.411,6.608],[-5.412,6.609],[-5.413,6.61],[-5.414,6.612],[-5.415,6.613],[-5.416,6.615],[-5.417,6.618],[-5.417,6.62],[-5.417,6.622],[-5.417,6.624],[-5.416,6.627],[-5.416,6.628],[-5.416,6.63],[-5.416,6.632],[-5.415,6.635],[-5.415,6.637],[-5.414,6.64],[-5.414,6.641],[-5.413,6.643],[-5.413,6.646],[-5.413,6.647],[-5.412,6.648],[-5.411,6.648],[-5.408,6.649],[-5.407,6.653],[-5.406,6.656],[-5.405,6.657],[-5.403,6.659],[-5.401,6.662],[-5.4,6.664],[-5.4,6.666],[-5.4,6.668],[-5.4,6.67],[-5.401,6.672],[-5.402,6.675],[-5.403,6.677],[-5.404,6.68],[-5.405,6.683],[-5.406,6.684],[-5.407,6.686],[-5.407,6.689],[-5.406,6.691],[-5.407,6.694],[-5.407,6.696],[-5.407,6.699],[-5.406,6.702],[-5.406,6.704],[-5.407,6.706],[-5.408,6.708],[-5.408,6.709],[-5.41,6.711],[-5.411,6.713],[-5.412,6.714],[-5.414,6.716],[-5.414,6.718],[-5.415,6.719],[-5.416,6.721],[-5.417,6.724],[-5.419,6.73],[-5.42,6.732],[-5.421,6.733],[-5.422,6.735],[-5.422,6.737],[-5.423,6.739],[-5.425,6.741],[-5.427,6.742],[-5.428,6.744],[-5.429,6.745],[-5.431,6.748],[-5.432,6.75],[-5.434,6.752],[-5.435,6.755],[-5.436,6.758],[-5.441,6.758],[-5.441,6.761],[-5.441,6.763],[-5.441,6.766],[-5.441,6.768],[-5.441,6.771],[-5.441,6.772],[-5.442,6.775],[-5.443,6.777],[-5.444,6.778],[-5.445,6.78],[-5.447,6.782],[-5.449,6.785],[-5.451,6.786],[-5.454,6.788],[-5.456,6.79],[-5.456,6.79],[-5.458,6.791],[-5.46,6.793],[-5.461,6.794],[-5.463,6.795],[-5.465,6.797],[-5.466,6.799],[-5.468,6.8],[-5.469,6.801],[-5.471,6.802],[-5.473,6.803],[-5.474,6.803],[-5.476,6.803],[-5.478,6.805],[-5.48,6.806],[-5.482,6.807],[-5.483,6.807],[-5.485,6.808],[-5.487,6.809],[-5.488,6.809],[-5.489,6.81],[-5.489,6.812],[-5.49,6.813],[-5.49,6.815],[-5.49,6.817],[-5.489,6.818],[-5.489,6.82],[-5.489,6.822],[-5.488,6.824],[-5.487,6.826],[-5.487,6.828],[-5.487,6.829],[-5.487,6.831],[-5.488,6.832],[-5.488,6.834],[-5.488,6.836],[-5.489,6.837],[-5.489,6.839],[-5.49,6.841],[-5.49,6.843],[-5.491,6.845],[-5.491,6.846],[-5.491,6.847],[-5.491,6.849],[-5.49,6.85],[-5.49,6.852],[-5.491,6.853],[-5.492,6.854],[-5.492,6.855],[-5.494,6.856],[-5.494,6.857],[-5.495,6.858],[-5.496,6.858],[-5.498,6.859],[-5.499,6.859],[-5.501,6.859],[-5.502,6.859],[-5.503,6.859],[-5.505,6.859],[-5.506,6.86],[-5.508,6.86],[-5.509,6.861],[-5.511,6.861],[-5.512,6.862],[-5.513,6.863],[-5.514,6.864],[-5.515,6.865],[-5.515,6.866],[-5.516,6.868],[-5.517,6.869],[-5.518,6.871],[-5.519,6.872],[-5.519,6.873],[-5.52,6.874],[-5.521,6.876],[-5.522,6.877],[-5.522,6.878],[-5.523,6.879],[-5.523,6.88],[-5.524,6.881],[-5.525,6.882],[-5.525,6.883],[-5.526,6.885],[-5.526,6.886],[-5.526,6.888],[-5.526,6.889],[-5.525,6.89],[-5.525,6.892],[-5.525,6.894],[-5.526,6.895],[-5.526,6.896],[-5.527,6.897],[-5.528,6.898],[-5.529,6.899],[-5.53,6.9],[-5.531,6.902],[-5.531,6.903],[-5.531,6.905],[-5.532,6.906],[-5.531,6.908],[-5.531,6.909],[-5.53,6.911],[-5.53,6.912],[-5.529,6.914],[-5.528,6.915],[-5.527,6.916],[-5.526,6.916],[-5.525,6.916],[-5.524,6.918],[-5.523,6.918],[-5.522,6.92],[-5.521,6.921],[-5.521,6.922],[-5.52,6.923],[-5.518,6.924],[-5.517,6.925],[-5.515,6.925],[-5.514,6.926],[-5.512,6.926],[-5.511,6.927],[-5.51,6.927],[-5.508,6.927],[-5.507,6.928],[-5.506,6.929],[-5.505,6.93],[-5.505,6.932],[-5.505,6.934],[-5.505,6.935],[-5.505,6.937],[-5.505,6.938],[-5.505,6.94],[-5.504,6.941],[-5.504,6.943],[-5.504,6.944],[-5.503,6.946],[-5.503,6.947],[-5.503,6.949],[-5.503,6.951],[-5.503,6.952],[-5.504,6.955],[-5.504,6.956],[-5.504,6.957],[-5.504,6.959],[-5.504,6.96],[-5.504,6.961],[-5.504,6.963],[-5.504,6.964],[-5.503,6.967],[-5.503,6.968],[-5.502,6.969],[-5.502,6.971],[-5.502,6.972],[-5.502,6.974],[-5.501,6.976],[-5.501,6.977],[-5.501,6.978],[-5.501,6.98],[-5.501,6.981],[-5.501,6.982],[-5.5,6.984],[-5.501,6.985],[-5.501,6.986],[-5.501,6.987],[-5.501,6.989],[-5.501,6.99],[-5.5,6.991],[-5.5,6.993],[-5.499,6.994],[-5.498,6.995],[-5.497,6.996],[-5.497,6.997],[-5.496,6.999],[-5.496,7.0],[-5.495,7.003],[-5.494,7.005],[-5.493,7.006],[-5.492,7.007],[-5.49,7.008],[-5.489,7.009],[-5.488,7.01],[-5.487,7.011],[-5.487,7.013],[-5.487,7.015],[-5.487,7.016],[-5.487,7.018],[-5.487,7.019],[-5.486,7.02],[-5.485,7.022],[-5.484,7.023],[-5.484,7.024],[-5.484,7.026],[-5.484,7.027],[-5.483,7.029],[-5.481,7.031],[-5.479,7.031],[-5.477,7.031],[-5.476,7.031],[-5.474,7.032],[-5.474,7.033],[-5.473,7.034],[-5.471,7.034],[-5.47,7.035],[-5.469,7.035],[-5.468,7.035],[-5.467,7.035],[-5.465,7.034],[-5.464,7.033],[-5.463,7.032],[-5.462,7.031],[-5.46,7.031],[-5.459,7.032],[-5.458,7.032],[-5.457,7.033],[-5.456,7.034],[-5.455,7.035],[-5.454,7.036],[-5.452,7.037],[-5.452,7.039],[-5.451,7.039],[-5.45,7.038],[-5.449,7.037],[-5.448,7.035],[-5.446,7.035],[-5.445,7.035],[-5.443,7.035],[-5.442,7.036],[-5.441,7.037],[-5.441,7.039],[-5.44,7.04],[-5.438,7.041],[-5.437,7.042],[-5.436,7.042],[-5.434,7.044],[-5.433,7.044],[-5.432,7.044],[-5.431,7.045],[-5.429,7.045],[-5.428,7.046],[-5.426,7.047],[-5.424,7.047],[-5.422,7.047],[-5.42,7.047],[-5.419,7.048],[-5.417,7.048],[-5.416,7.048],[-5.414,7.049],[-5.413,7.049],[-5.411,7.049],[-5.41,7.05],[-5.408,7.051],[-5.407,7.051],[-5.406,7.052],[-5.404,7.053],[-5.403,7.053],[-5.402,7.053],[-5.4,7.054],[-5.399,7.055],[-5.397,7.055],[-5.396,7.056],[-5.395,7.057],[-5.394,7.058],[-5.393,7.059],[-5.392,7.059],[-5.39,7.061],[-5.388,7.061],[-5.387,7.062],[-5.386,7.063],[-5.384,7.064],[-5.383,7.064],[-5.382,7.065],[-5.381,7.065],[-5.381,7.066],[-5.38,7.067],[-5.378,7.068],[-5.377,7.069],[-5.375,7.069],[-5.374,7.069],[-5.371,7.07],[-5.37,7.07],[-5.369,7.07],[-5.367,7.07],[-5.366,7.07],[-5.364,7.07],[-5.363,7.07],[-5.361,7.072],[-5.36,7.072],[-5.358,7.072],[-5.357,7.072],[-5.355,7.072],[-5.352,7.072],[-5.351,7.073],[-5.339,7.072],[-5.337,7.072],[-5.336,7.072],[-5.334,7.073],[-5.333,7.074],[-5.332,7.074],[-5.331,7.075],[-5.329,7.075],[-5.328,7.075],[-5.327,7.076],[-5.326,7.076],[-5.325,7.076],[-5.323,7.077],[-5.322,7.077],[-5.321,7.077],[-5.32,7.078],[-5.319,7.078],[-5.318,7.079],[-5.317,7.079],[-5.316,7.079],[-5.314,7.079],[-5.313,7.079],[-5.312,7.079],[-5.311,7.078],[-5.309,7.078],[-5.307,7.077],[-5.304,7.076],[-5.303,7.076],[-5.301,7.075],[-5.3,7.075],[-5.298,7.074],[-5.297,7.074],[-5.296,7.074],[-5.295,7.074],[-5.293,7.073],[-5.292,7.073]]]}},{"type":"Feature","id":"Goh-Djiboua","properties":{"name":"Goh-Djiboua","code":"CI11","level":"district","status":"pending","schools":1793,"students":352118,"girls":169078,"boys":183040},"geometry":{"type":"Polygon","coordinates":[[[-5.425,6.648],[-5.423,6.648],[-5.42,6.648],[-5.418,6.648],[-5.415,6.649],[-5.414,6.649],[-5.412,6.648],[-5.413,6.647],[-5.413,6.646],[-5.413,6.643],[-5.414,6.641],[-5.414,6.64],[-5.415,6.637],[-5.415,6.635],[-5.416,6.632],[-5.416,6.63],[-5.416,6.628],[-5.416,6.627],[-5.417,6.624],[-5.417,6.622],[-5.417,6.62],[-5.417,6.618],[-5.416,6.615],[-5.415,6.613],[-5.414,6.612],[-5.413,6.61],[-5.412,6.609],[-5.411,6.608],[-5.411,6.606],[-5.41,6.605],[-5.408,6.603],[-5.407,6.602],[-5.405,6.601],[-5.403,6.6],[-5.402,6.599],[-5.401,6.599],[-5.399,6.598],[-5.396,6.598],[-5.395,6.597],[-5.393,6.597],[-5.391,6.598],[-5.389,6.598],[-5.388,6.598],[-5.386,6.599],[-5.384,6.599],[-5.383,6.6],[-5.381,6.6],[-5.378,6.599],[-5.376,6.599],[-5.374,6.599],[-5.372,6.6],[-5.371,6.6],[-5.368,6.6],[-5.366,6.601],[-5.365,6.601],[-5.363,6.601],[-5.361,6.602],[-5.359,6.602],[-5.358,6.602],[-5.356,6.602],[-5.352,6.601],[-5.35,6.6],[-5.348,6.599],[-5.346,6.599],[-5.345,6.599],[-5.343,6.599],[-5.341,6.6],[-5.339,6.6],[-5.338,6.6],[-5.336,6.599],[-5.334,6.599],[-5.332,6.598],[-5.33,6.597],[-5.328,6.597],[-5.325,6.596],[-5.323,6.595],[-5.32,6.595],[-5.317,6.594],[-5.316,6.593],[-5.314,6.592],[-5.312,6.591],[-5.311,6.591],[-5.309,6.59],[-5.308,6.589],[-5.306,6.588],[-5.305,6.586],[-5.304,6.584],[-5.302,6.582],[-5.302,6.58],[-5.301,6.579],[-5.3,6.577],[-5.3,6.576],[-5.299,6.574],[-5.3,6.572],[-5.3,6.571],[-5.301,6.57],[-5.303,6.569],[-5.305,6.569],[-5.306,6.568],[-5.308,6.567],[-5.308,6.565],[-5.309,6.564],[-5.309,6.562],[-5.309,6.561],[-5.309,6.559],[-5.309,6.557],[-5.308,6.556],[-5.307,6.555],[-5.306,6.553],[-5.304,6.551],[-5.304,6.55],[-5.304,6.548],[-5.305,6.545],[-5.306,6.544],[-5.307,6.542],[-5.309,6.541],[-5.311,6.541],[-5.313,6.54],[-5.315,6.54],[-5.316,6.539],[-5.318,6.538],[-5.322,6.535],[-5.324,6.533],[-5.327,6.531],[-5.328,6.53],[-5.329,6.528],[-5.329,6.526],[-5.33,6.525],[-5.329,6.522],[-5.329,6.52],[-5.329,6.519],[-5.327,6.517],[-5.326,6.515],[-5.326,6.513],[-5.325,6.512],[-5.323,6.51],[-5.322,6.51],[-5.32,6.509],[-5.318,6.508],[-5.316,6.507],[-5.314,6.507],[-5.312,6.506],[-5.31,6.505],[-5.308,6.505],[-5.307,6.505],[-5.304,6.505],[-5.301,6.503],[-5.3,6.502],[-5.299,6.5],[-5.299,6.498],[-5.3,6.495],[-5.301,6.493],[-5.302,6.49],[-5.302,6.488],[-5.302,6.485],[-5.303,6.482],[-5.303,6.481],[-5.305,6.478],[-5.306,6.476],[-5.308,6.474],[-5.309,6.472],[-5.311,6.471],[-5.312,6.47],[-5.315,6.469],[-5.317,6.467],[-5.318,6.465],[-5.32,6.463],[-5.32,6.462],[-5.321,6.459],[-5.321,6.457],[-5.32,6.455],[-5.32,6.453],[-5.319,6.451],[-5.318,6.45],[-5.317,6.448],[-5.315,6.446],[-5.314,6.445],[-5.313,6.444],[-5.313,6.442],[-5.313,6.441],[-5.313,6.439],[-5.312,6.438],[-5.312,6.436],[-5.311,6.434],[-5.311,6.431],[-5.312,6.429],[-5.314,6.427],[-5.315,6.426],[-5.316,6.423],[-5.316,6.42],[-5.316,6.419],[-5.316,6.417],[-5.316,6.415],[-5.317,6.413],[-5.318,6.41],[-5.318,6.409],[-5.318,6.408],[-5.318,6.405],[-5.317,6.403],[-5.316,6.402],[-5.316,6.4],[-5.314,6.398],[-5.313,6.396],[-5.312,6.395],[-5.31,6.393],[-5.309,6.392],[-5.309,6.391],[-5.309,6.389],[-5.309,6.387],[-5.309,6.385],[-5.309,6.384],[-5.308,6.382],[-5.307,6.381],[-5.307,6.379],[-5.306,6.378],[-5.305,6.376],[-5.304,6.374],[-5.302,6.371],[-5.303,6.369],[-5.304,6.368],[-5.305,6.365],[-5.305,6.363],[-5.304,6.362],[-5.303,6.36],[-5.302,6.359],[-5.301,6.358],[-5.298,6.357],[-5.296,6.356],[-5.294,6.357],[-5.291,6.357],[-5.289,6.358],[-5.288,6.357],[-5.286,6.356],[-5.285,6.356],[-5.282,6.356],[-5.28,6.357],[-5.278,6.357],[-5.276,6.356],[-5.275,6.355],[-5.273,6.355],[-5.272,6.356],[-5.27,6.356],[-5.268,6.357],[-5.266,6.359],[-5.264,6.359],[-5.263,6.36],[-5.259,6.361],[-5.258,6.362],[-5.256,6.363],[-5.255,6.364],[-5.253,6.365],[-5.252,6.366],[-5.251,6.367],[-5.25,6.368],[-5.249,6.37],[-5.247,6.372],[-5.245,6.373],[-5.244,6.373],[-5.241,6.374],[-5.237,6.374],[-5.235,6.375],[-5.233,6.375],[-5.232,6.375],[-5.23,6.375],[-5.228,6.375],[-5.226,6.376],[-5.224,6.376],[-5.222,6.376],[-5.219,6.376],[-5.217,6.377],[-5.216,6.377],[-5.213,6.378],[-5.211,6.378],[-5.208,6.377],[-5.207,6.377],[-5.205,6.376],[-5.205,6.373],[-5.204,6.372],[-5.203,6.371],[-5.241,6.242],[-5.215,6.22],[-5.143,6.155],[-5.018,6.131],[-4.991,6.089],[-5.003,6.064],[-5.037,6.036],[-5.023,6.014],[-5.018,6.008],[-5.002,5.999],[-4.999,6.001],[-4.999,5.946],[-4.997,5.945],[-4.996,5.944],[-4.995,5.906],[-4.994,5.9],[-4.994,5.897],[-4.994,5.893],[-4.994,5.89],[-4.993,5.888],[-4.992,5.887],[-4.99,5.885],[-4.988,5.883],[-4.987,5.882],[-4.986,5.881],[-4.984,5.88],[-4.983,5.88],[-4.982,5.88],[-4.981,5.88],[-4.979,5.88],[-4.977,5.88],[-4.975,5.879],[-4.973,5.879],[-4.971,5.878],[-4.97,5.877],[-4.969,5.876],[-4.967,5.875],[-4.966,5.873],[-4.965,5.872],[-4.964,5.871],[-4.963,5.87],[-4.961,5.869],[-4.96,5.869],[-4.959,5.868],[-4.958,5.866],[-4.956,5.865],[-4.954,5.864],[-4.95,5.863],[-4.948,5.863],[-4.947,5.863],[-4.945,5.861],[-4.944,5.86],[-4.941,5.86],[-4.941,5.859],[-4.939,5.858],[-4.937,5.857],[-4.936,5.856],[-4.936,5.855],[-4.936,5.853],[-4.936,5.852],[-4.937,5.851],[-4.939,5.85],[-4.939,5.849],[-4.941,5.849],[-4.941,5.848],[-4.942,5.847],[-4.942,5.846],[-4.943,5.845],[-4.942,5.844],[-4.941,5.843],[-4.94,5.841],[-4.941,5.84],[-4.942,5.839],[-4.942,5.839],[-4.943,5.837],[-4.942,5.836],[-4.941,5.833],[-4.94,5.83],[-4.94,5.828],[-4.941,5.823],[-4.94,5.819],[-4.941,5.817],[-4.944,5.819],[-4.944,5.817],[-4.945,5.816],[-4.946,5.815],[-4.946,5.813],[-4.947,5.812],[-4.948,5.811],[-4.95,5.811],[-4.951,5.81],[-4.953,5.809],[-4.954,5.809],[-4.956,5.808],[-4.957,5.806],[-4.956,5.803],[-4.956,5.802],[-4.956,5.8],[-4.957,5.799],[-4.957,5.798],[-4.957,5.797],[-4.956,5.795],[-4.956,5.793],[-4.957,5.791],[-4.958,5.789],[-4.959,5.787],[-4.96,5.784],[-4.961,5.782],[-4.961,5.781],[-4.961,5.779],[-4.96,5.778],[-4.959,5.777],[-4.959,5.775],[-4.96,5.775],[-4.962,5.774],[-4.963,5.774],[-4.965,5.773],[-4.966,5.773],[-4.968,5.771],[-4.969,5.77],[-4.97,5.769],[-4.971,5.767],[-4.972,5.766],[-4.973,5.765],[-4.974,5.764],[-4.975,5.762],[-4.975,5.76],[-4.975,5.759],[-4.974,5.758],[-4.972,5.756],[-4.97,5.754],[-4.97,5.752],[-4.971,5.75],[-4.972,5.749],[-4.973,5.747],[-4.974,5.745],[-4.974,5.744],[-4.974,5.742],[-4.974,5.739],[-4.974,5.736],[-4.973,5.734],[-4.973,5.732],[-4.972,5.73],[-4.971,5.728],[-4.971,5.726],[-4.97,5.724],[-4.969,5.723],[-4.968,5.721],[-4.967,5.719],[-4.966,5.717],[-4.964,5.715],[-4.963,5.713],[-4.961,5.712],[-4.96,5.71],[-4.96,5.709],[-4.959,5.707],[-4.959,5.704],[-4.959,5.703],[-4.958,5.7],[-4.956,5.699],[-4.954,5.697],[-4.953,5.696],[-4.952,5.695],[-4.951,5.694],[-4.95,5.692],[-4.95,5.691],[-4.949,5.689],[-4.948,5.687],[-4.947,5.686],[-4.945,5.684],[-4.944,5.684],[-4.943,5.684],[-4.941,5.683],[-4.94,5.683],[-4.94,5.68],[-4.94,5.679],[-4.942,5.677],[-4.942,5.676],[-4.943,5.674],[-4.943,5.673],[-4.944,5.672],[-4.947,5.672],[-4.948,5.672],[-4.95,5.671],[-4.951,5.67],[-4.952,5.669],[-4.953,5.666],[-4.953,5.665],[-4.953,5.664],[-4.951,5.663],[-4.95,5.662],[-4.95,5.66],[-4.952,5.66],[-4.953,5.66],[-4.954,5.659],[-4.956,5.658],[-4.957,5.656],[-4.958,5.654],[-4.958,5.652],[-4.959,5.649],[-4.961,5.646],[-4.962,5.645],[-4.964,5.644],[-4.965,5.643],[-4.967,5.643],[-4.969,5.644],[-4.971,5.642],[-4.972,5.642],[-4.973,5.641],[-4.975,5.641],[-4.977,5.641],[-4.979,5.641],[-4.981,5.641],[-4.983,5.64],[-4.984,5.639],[-4.985,5.638],[-4.986,5.637],[-4.988,5.635],[-4.989,5.635],[-4.991,5.635],[-4.993,5.636],[-4.994,5.636],[-4.996,5.635],[-4.997,5.634],[-4.998,5.633],[-4.998,5.632],[-4.999,5.63],[-5.0,5.629],[-5.001,5.629],[-5.002,5.628],[-5.003,5.626],[-5.002,5.624],[-5.002,5.623],[-5.002,5.622],[-5.002,5.62],[-5.003,5.619],[-5.004,5.617],[-5.005,5.616],[-5.007,5.612],[-5.008,5.611],[-5.009,5.61],[-5.01,5.609],[-5.011,5.607],[-5.011,5.605],[-5.011,5.604],[-5.012,5.601],[-5.013,5.599],[-5.013,5.597],[-5.014,5.596],[-5.015,5.595],[-5.016,5.594],[-5.017,5.593],[-5.019,5.592],[-5.021,5.593],[-5.023,5.592],[-5.024,5.59],[-5.025,5.589],[-5.026,5.588],[-5.028,5.586],[-5.029,5.584],[-5.029,5.583],[-5.031,5.581],[-5.032,5.58],[-5.033,5.58],[-5.034,5.579],[-5.035,5.578],[-5.035,5.576],[-5.035,5.574],[-5.035,5.573],[-5.034,5.572],[-5.033,5.571],[-5.032,5.571],[-5.03,5.57],[-5.03,5.569],[-5.029,5.567],[-5.029,5.566],[-5.029,5.564],[-5.028,5.564],[-5.026,5.564],[-5.025,5.563],[-5.024,5.562],[-5.022,5.562],[-5.021,5.562],[-5.02,5.56],[-5.02,5.558],[-5.02,5.557],[-5.02,5.556],[-5.018,5.554],[-5.018,5.553],[-5.017,5.551],[-5.017,5.55],[-5.018,5.548],[-5.018,5.546],[-5.017,5.545],[-5.016,5.544],[-5.015,5.542],[-5.013,5.541],[-5.012,5.539],[-5.012,5.538],[-5.013,5.536],[-5.014,5.534],[-5.015,5.532],[-5.016,5.531],[-5.016,5.53],[-5.015,5.529],[-5.014,5.528],[-5.014,5.527],[-5.013,5.525],[-5.012,5.524],[-5.012,5.523],[-5.011,5.521],[-5.011,5.519],[-5.012,5.518],[-5.012,5.516],[-5.011,5.514],[-5.011,5.513],[-5.01,5.512],[-5.01,5.51],[-5.009,5.509],[-5.009,5.507],[-5.01,5.506],[-5.01,5.504],[-5.01,5.503],[-5.01,5.501],[-5.009,5.5],[-5.01,5.499],[-5.012,5.498],[-5.012,5.497],[-5.013,5.496],[-5.013,5.495],[-5.014,5.493],[-5.014,5.492],[-5.014,5.491],[-5.015,5.49],[-5.016,5.488],[-5.017,5.487],[-5.018,5.486],[-5.019,5.486],[-5.02,5.485],[-5.021,5.483],[-5.021,5.481],[-5.02,5.48],[-5.02,5.478],[-5.02,5.477],[-5.02,5.475],[-5.021,5.474],[-5.021,5.473],[-5.023,5.472],[-5.023,5.47],[-5.023,5.469],[-5.024,5.467],[-5.023,5.466],[-5.023,5.465],[-5.023,5.464],[-5.023,5.462],[-5.024,5.462],[-5.026,5.461],[-5.027,5.46],[-5.027,5.459],[-5.027,5.456],[-5.028,5.455],[-5.027,5.454],[-5.027,5.453],[-5.028,5.452],[-5.029,5.45],[-5.03,5.448],[-5.029,5.447],[-5.03,5.445],[-5.03,5.444],[-5.03,5.442],[-5.031,5.441],[-5.032,5.44],[-5.033,5.439],[-5.032,5.438],[-5.033,5.437],[-5.034,5.436],[-5.036,5.436],[-5.037,5.435],[-5.037,5.434],[-5.038,5.433],[-5.038,5.431],[-5.039,5.43],[-5.038,5.428],[-5.039,5.427],[-5.04,5.426],[-5.041,5.424],[-5.043,5.424],[-5.044,5.423],[-5.044,5.42],[-5.044,5.418],[-5.044,5.416],[-5.044,5.415],[-5.044,5.413],[-5.044,5.411],[-5.045,5.41],[-5.047,5.408],[-5.047,5.407],[-5.046,5.405],[-5.046,5.404],[-5.046,5.401],[-5.046,5.399],[-5.047,5.398],[-5.049,5.398],[-5.05,5.397],[-5.051,5.396],[-5.052,5.395],[-5.052,5.393],[-5.053,5.391],[-5.054,5.39],[-5.055,5.389],[-5.054,5.388],[-5.054,5.386],[-5.054,5.384],[-5.054,5.382],[-5.053,5.381],[-5.054,5.38],[-5.055,5.379],[-5.054,5.377],[-5.054,5.376],[-5.055,5.375],[-5.056,5.373],[-5.057,5.372],[-5.059,5.371],[-5.059,5.369],[-5.058,5.37],[-5.057,5.369],[-5.057,5.366],[-5.058,5.365],[-5.059,5.365],[-5.06,5.363],[-5.062,5.362],[-5.061,5.361],[-5.06,5.36],[-5.06,5.358],[-5.061,5.357],[-5.062,5.355],[-5.062,5.354],[-5.061,5.352],[-5.06,5.351],[-5.06,5.35],[-5.06,5.348],[-5.058,5.348],[-5.058,5.347],[-5.058,5.345],[-5.059,5.344],[-5.059,5.343],[-5.059,5.341],[-5.058,5.34],[-5.058,5.338],[-5.058,5.337],[-5.057,5.337],[-5.056,5.335],[-5.057,5.334],[-5.056,5.333],[-5.058,5.331],[-5.059,5.332],[-5.059,5.331],[-5.06,5.33],[-5.062,5.329],[-5.063,5.328],[-5.064,5.329],[-5.064,5.327],[-5.065,5.325],[-5.067,5.324],[-5.068,5.324],[-5.068,5.322],[-5.067,5.321],[-5.067,5.319],[-5.066,5.318],[-5.064,5.316],[-5.064,5.315],[-5.064,5.312],[-5.064,5.311],[-5.063,5.31],[-5.04,5.286],[-5.038,5.283],[-5.034,5.279],[-5.032,5.277],[-5.031,5.275],[-5.03,5.274],[-5.029,5.272],[-5.029,5.271],[-5.03,5.27],[-5.03,5.268],[-5.031,5.266],[-5.031,5.264],[-5.032,5.263],[-5.034,5.262],[-5.035,5.261],[-5.037,5.261],[-5.039,5.26],[-5.041,5.26],[-5.042,5.258],[-5.043,5.257],[-5.045,5.255],[-5.046,5.254],[-5.047,5.253],[-5.048,5.251],[-5.048,5.25],[-5.049,5.247],[-5.049,5.245],[-5.049,5.243],[-5.05,5.242],[-5.051,5.242],[-5.053,5.24],[-5.054,5.239],[-5.055,5.238],[-5.057,5.237],[-5.059,5.237],[-5.06,5.237],[-5.062,5.236],[-5.064,5.236],[-5.066,5.235],[-5.068,5.234],[-5.068,5.193],[-5.107,5.173],[-5.135,5.193],[-5.133,5.202],[-5.133,5.205],[-5.132,5.207],[-5.131,5.208],[-5.129,5.21],[-5.128,5.213],[-5.128,5.216],[-5.128,5.218],[-5.128,5.221],[-5.128,5.224],[-5.127,5.227],[-5.127,5.229],[-5.126,5.232],[-5.126,5.234],[-5.127,5.236],[-5.127,5.237],[-5.164,5.233],[-5.188,5.233],[-5.188,5.23],[-5.187,5.228],[-5.186,5.225],[-5.186,5.223],[-5.187,5.221],[-5.189,5.218],[-5.191,5.216],[-5.193,5.214],[-5.193,5.208],[-5.195,5.206],[-5.233,5.178],[-5.283,5.176],[-5.308,5.16],[-5.37,5.217],[-5.373,5.218],[-5.375,5.218],[-5.378,5.218],[-5.379,5.221],[-5.381,5.221],[-5.384,5.222],[-5.387,5.222],[-5.389,5.222],[-5.392,5.222],[-5.394,5.222],[-5.397,5.222],[-5.399,5.222],[-5.403,5.221],[-5.406,5.221],[-5.406,5.225],[-5.405,5.228],[-5.403,5.229],[-5.403,5.232],[-5.402,5.235],[-5.401,5.237],[-5.402,5.24],[-5.401,5.243],[-5.4,5.246],[-5.398,5.25],[-5.398,5.254],[-5.398,5.257],[-5.401,5.26],[-5.404,5.262],[-5.407,5.263],[-5.41,5.264],[-5.414,5.265],[-5.416,5.267],[-5.419,5.269],[-5.422,5.271],[-5.425,5.271],[-5.428,5.271],[-5.431,5.27],[-5.433,5.269],[-5.433,5.266],[-5.436,5.269],[-5.437,5.271],[-5.438,5.274],[-5.439,5.276],[-5.442,5.277],[-5.444,5.277],[-5.447,5.278],[-5.45,5.279],[-5.452,5.281],[-5.454,5.282],[-5.455,5.284],[-5.454,5.291],[-5.452,5.293],[-5.452,5.295],[-5.454,5.297],[-5.456,5.299],[-5.439,5.326],[-5.427,5.351],[-5.427,5.352],[-5.426,5.354],[-5.425,5.355],[-5.425,5.355],[-5.424,5.356],[-5.422,5.356],[-5.421,5.357],[-5.419,5.357],[-5.418,5.357],[-5.417,5.357],[-5.416,5.358],[-5.415,5.358],[-5.414,5.359],[-5.413,5.36],[-5.412,5.36],[-5.41,5.362],[-5.408,5.363],[-5.407,5.364],[-5.406,5.365],[-5.404,5.366],[-5.403,5.366],[-5.402,5.367],[-5.402,5.368],[-5.402,5.369],[-5.401,5.369],[-5.4,5.37],[-5.398,5.37],[-5.398,5.371],[-5.397,5.373],[-5.396,5.374],[-5.395,5.374],[-5.393,5.375],[-5.393,5.376],[-5.392,5.376],[-5.392,5.378],[-5.391,5.379],[-5.39,5.38],[-5.389,5.381],[-5.387,5.382],[-5.387,5.382],[-5.386,5.383],[-5.385,5.384],[-5.384,5.384],[-5.384,5.385],[-5.384,5.386],[-5.384,5.387],[-5.384,5.388],[-5.383,5.389],[-5.383,5.39],[-5.381,5.39],[-5.38,5.39],[-5.379,5.39],[-5.377,5.391],[-5.376,5.392],[-5.375,5.392],[-5.373,5.392],[-5.373,5.392],[-5.372,5.391],[-5.371,5.392],[-5.37,5.393],[-5.37,5.393],[-5.369,5.393],[-5.368,5.394],[-5.368,5.394],[-5.369,5.395],[-5.37,5.396],[-5.371,5.396],[-5.372,5.396],[-5.372,5.396],[-5.373,5.396],[-5.374,5.396],[-5.376,5.395],[-5.377,5.395],[-5.378,5.395],[-5.379,5.396],[-5.38,5.397],[-5.381,5.398],[-5.382,5.399],[-5.383,5.399],[-5.385,5.398],[-5.386,5.398],[-5.387,5.398],[-5.388,5.398],[-5.39,5.398],[-5.39,5.399],[-5.392,5.399],[-5.393,5.399],[-5.394,5.4],[-5.395,5.4],[-5.396,5.4],[-5.398,5.4],[-5.399,5.4],[-5.399,5.4],[-5.402,5.4],[-5.403,5.399],[-5.404,5.399],[-5.406,5.399],[-5.407,5.399],[-5.408,5.4],[-5.409,5.4],[-5.411,5.401],[-5.412,5.402],[-5.413,5.403],[-5.414,5.404],[-5.415,5.404],[-5.415,5.405],[-5.415,5.406],[-5.416,5.407],[-5.417,5.408],[-5.417,5.408],[-5.418,5.409],[-5.419,5.41],[-5.419,5.411],[-5.419,5.412],[-5.419,5.413],[-5.418,5.413],[-5.418,5.415],[-5.418,5.416],[-5.419,5.417],[-5.419,5.418],[-5.42,5.419],[-5.421,5.42],[-5.421,5.421],[-5.422,5.422],[-5.422,5.424],[-5.422,5.425],[-5.422,5.427],[-5.423,5.428],[-5.423,5.429],[-5.423,5.431],[-5.424,5.432],[-5.425,5.433],[-5.426,5.434],[-5.427,5.435],[-5.428,5.435],[-5.429,5.436],[-5.431,5.436],[-5.432,5.436],[-5.433,5.436],[-5.434,5.437],[-5.436,5.437],[-5.438,5.439],[-5.439,5.439],[-5.44,5.439],[-5.441,5.439],[-5.442,5.439],[-5.443,5.439],[-5.444,5.438],[-5.445,5.437],[-5.447,5.437],[-5.448,5.437],[-5.449,5.437],[-5.45,5.436],[-5.451,5.436],[-5.452,5.435],[-5.453,5.434],[-5.455,5.433],[-5.456,5.433],[-5.458,5.432],[-5.461,5.431],[-5.463,5.432],[-5.464,5.433],[-5.465,5.433],[-5.466,5.434],[-5.466,5.435],[-5.467,5.435],[-5.468,5.435],[-5.469,5.435],[-5.47,5.434],[-5.471,5.433],[-5.472,5.432],[-5.472,5.431],[-5.473,5.431],[-5.474,5.432],[-5.474,5.434],[-5.475,5.436],[-5.476,5.436],[-5.476,5.437],[-5.476,5.438],[-5.476,5.439],[-5.476,5.44],[-5.476,5.442],[-5.476,5.443],[-5.476,5.444],[-5.476,5.444],[-5.476,5.445],[-5.476,5.446],[-5.476,5.447],[-5.476,5.448],[-5.476,5.45],[-5.477,5.451],[-5.477,5.452],[-5.478,5.452],[-5.478,5.453],[-5.479,5.454],[-5.48,5.455],[-5.48,5.456],[-5.481,5.459],[-5.481,5.461],[-5.483,5.468],[-5.483,5.469],[-5.484,5.47],[-5.484,5.472],[-5.485,5.473],[-5.486,5.474],[-5.487,5.475],[-5.487,5.476],[-5.488,5.477],[-5.489,5.478],[-5.489,5.479],[-5.488,5.481],[-5.488,5.482],[-5.488,5.483],[-5.489,5.484],[-5.489,5.486],[-5.489,5.488],[-5.49,5.489],[-5.49,5.49],[-5.491,5.491],[-5.491,5.492],[-5.493,5.491],[-5.494,5.49],[-5.495,5.489],[-5.496,5.489],[-5.497,5.488],[-5.498,5.488],[-5.5,5.488],[-5.501,5.489],[-5.501,5.49],[-5.503,5.49],[-5.504,5.49],[-5.507,5.491],[-5.508,5.491],[-5.509,5.491],[-5.51,5.492],[-5.511,5.492],[-5.512,5.493],[-5.513,5.494],[-5.513,5.495],[-5.515,5.496],[-5.516,5.497],[-5.516,5.499],[-5.517,5.5],[-5.518,5.501],[-5.518,5.501],[-5.519,5.502],[-5.52,5.503],[-5.521,5.504],[-5.522,5.505],[-5.523,5.506],[-5.525,5.506],[-5.526,5.506],[-5.527,5.506],[-5.528,5.506],[-5.529,5.506],[-5.531,5.506],[-5.532,5.507],[-5.534,5.507],[-5.536,5.509],[-5.537,5.51],[-5.537,5.511],[-5.538,5.512],[-5.539,5.513],[-5.54,5.514],[-5.541,5.516],[-5.543,5.517],[-5.544,5.516],[-5.545,5.515],[-5.546,5.515],[-5.547,5.515],[-5.549,5.515],[-5.55,5.515],[-5.552,5.516],[-5.553,5.516],[-5.555,5.516],[-5.555,5.515],[-5.557,5.515],[-5.558,5.515],[-5.559,5.515],[-5.56,5.515],[-5.561,5.515],[-5.561,5.516],[-5.561,5.517],[-5.561,5.519],[-5.56,5.52],[-5.56,5.521],[-5.56,5.522],[-5.56,5.523],[-5.561,5.525],[-5.561,5.526],[-5.562,5.527],[-5.562,5.529],[-5.563,5.53],[-5.563,5.531],[-5.563,5.532],[-5.564,5.533],[-5.564,5.535],[-5.565,5.536],[-5.566,5.536],[-5.567,5.538],[-5.567,5.539],[-5.567,5.54],[-5.568,5.541],[-5.568,5.542],[-5.569,5.544],[-5.569,5.546],[-5.569,5.547],[-5.569,5.549],[-5.569,5.55],[-5.568,5.552],[-5.568,5.553],[-5.568,5.554],[-5.567,5.555],[-5.567,5.556],[-5.568,5.557],[-5.569,5.559],[-5.569,5.561],[-5.57,5.563],[-5.571,5.565],[-5.571,5.567],[-5.572,5.568],[-5.572,5.57],[-5.573,5.571],[-5.573,5.572],[-5.573,5.574],[-5.573,5.576],[-5.581,5.572],[-5.583,5.571],[-5.584,5.571],[-5.586,5.57],[-5.588,5.57],[-5.589,5.57],[-5.591,5.569],[-5.593,5.569],[-5.594,5.569],[-5.596,5.568],[-5.598,5.568],[-5.6,5.567],[-5.6,5.566],[-5.601,5.565],[-5.605,5.559],[-5.606,5.558],[-5.607,5.557],[-5.609,5.557],[-5.611,5.557],[-5.612,5.557],[-5.613,5.556],[-5.613,5.555],[-5.613,5.553],[-5.613,5.551],[-5.614,5.55],[-5.615,5.55],[-5.616,5.549],[-5.617,5.548],[-5.618,5.547],[-5.618,5.545],[-5.62,5.544],[-5.621,5.544],[-5.623,5.543],[-5.626,5.543],[-5.628,5.543],[-5.631,5.544],[-5.633,5.544],[-5.635,5.543],[-5.636,5.544],[-5.637,5.546],[-5.638,5.547],[-5.637,5.549],[-5.635,5.551],[-5.634,5.553],[-5.633,5.555],[-5.635,5.556],[-5.637,5.558],[-5.639,5.559],[-5.641,5.56],[-5.644,5.561],[-5.646,5.562],[-5.648,5.562],[-5.651,5.563],[-5.653,5.564],[-5.655,5.564],[-5.656,5.564],[-5.724,5.61],[-5.726,5.611],[-5.743,5.623],[-5.744,5.621],[-5.745,5.62],[-5.747,5.62],[-5.748,5.619],[-5.749,5.618],[-5.75,5.617],[-5.751,5.615],[-5.752,5.614],[-5.753,5.612],[-5.753,5.611],[-5.754,5.609],[-5.753,5.609],[-5.752,5.608],[-5.752,5.607],[-5.751,5.606],[-5.751,5.605],[-5.752,5.604],[-5.751,5.602],[-5.751,5.601],[-5.751,5.6],[-5.751,5.599],[-5.751,5.598],[-5.75,5.597],[-5.75,5.596],[-5.75,5.595],[-5.749,5.594],[-5.749,5.593],[-5.75,5.592],[-5.752,5.593],[-5.754,5.593],[-5.755,5.593],[-5.756,5.593],[-5.758,5.592],[-5.758,5.591],[-5.759,5.59],[-5.76,5.589],[-5.761,5.588],[-5.762,5.587],[-5.763,5.586],[-5.764,5.586],[-5.765,5.585],[-5.766,5.584],[-5.766,5.583],[-5.766,5.582],[-5.766,5.58],[-5.767,5.579],[-5.768,5.578],[-5.768,5.578],[-5.769,5.577],[-5.77,5.576],[-5.771,5.575],[-5.77,5.574],[-5.77,5.573],[-5.77,5.572],[-5.77,5.571],[-5.77,5.57],[-5.771,5.568],[-5.771,5.567],[-5.77,5.566],[-5.77,5.565],[-5.77,5.564],[-5.77,5.563],[-5.771,5.562],[-5.772,5.561],[-5.773,5.56],[-5.773,5.559],[-5.774,5.558],[-5.773,5.557],[-5.773,5.556],[-5.773,5.554],[-5.775,5.553],[-5.777,5.553],[-5.779,5.552],[-5.779,5.552],[-5.781,5.551],[-5.781,5.55],[-5.781,5.549],[-5.782,5.548],[-5.782,5.547],[-5.782,5.546],[-5.783,5.545],[-5.784,5.543],[-5.785,5.542],[-5.786,5.542],[-5.787,5.541],[-5.787,5.54],[-5.788,5.539],[-5.789,5.538],[-5.79,5.538],[-5.791,5.537],[-5.792,5.537],[-5.794,5.536],[-5.795,5.536],[-5.797,5.536],[-5.8,5.537],[-5.8,5.534],[-5.801,5.534],[-5.803,5.534],[-5.804,5.534],[-5.807,5.534],[-5.809,5.533],[-5.811,5.533],[-5.812,5.533],[-5.814,5.533],[-5.816,5.533],[-5.818,5.533],[-5.819,5.532],[-5.82,5.531],[-5.821,5.529],[-5.822,5.529],[-5.823,5.529],[-5.825,5.529],[-5.827,5.53],[-5.828,5.531],[-5.829,5.532],[-5.831,5.533],[-5.832,5.534],[-5.835,5.534],[-5.836,5.535],[-5.838,5.536],[-5.84,5.536],[-5.843,5.536],[-5.845,5.536],[-5.847,5.537],[-5.849,5.537],[-5.851,5.537],[-5.852,5.538],[-5.853,5.539],[-5.854,5.539],[-5.855,5.54],[-5.857,5.54],[-5.858,5.541],[-5.86,5.541],[-5.861,5.542],[-5.862,5.542],[-5.864,5.541],[-5.865,5.54],[-5.867,5.54],[-5.868,5.54],[-5.869,5.539],[-5.87,5.539],[-5.871,5.538],[-5.872,5.537],[-5.873,5.536],[-5.874,5.536],[-5.876,5.537],[-5.877,5.538],[-5.878,5.538],[-5.879,5.539],[-5.88,5.539],[-5.881,5.538],[-5.882,5.538],[-5.883,5.538],[-5.885,5.537],[-5.886,5.537],[-5.888,5.537],[-5.89,5.537],[-5.892,5.537],[-5.894,5.537],[-5.896,5.537],[-5.897,5.538],[-5.899,5.538],[-5.9,5.538],[-5.902,5.538],[-5.903,5.539],[-5.904,5.539],[-5.906,5.54],[-5.907,5.54],[-5.908,5.541],[-5.91,5.541],[-5.911,5.541],[-5.913,5.542],[-5.914,5.541],[-5.915,5.541],[-5.917,5.54],[-5.918,5.539],[-5.919,5.539],[-5.92,5.538],[-5.92,5.537],[-5.92,5.536],[-5.92,5.535],[-5.921,5.534],[-5.922,5.533],[-5.924,5.533],[-5.925,5.533],[-5.926,5.532],[-5.927,5.532],[-5.928,5.532],[-5.929,5.532],[-5.93,5.532],[-5.931,5.532],[-5.933,5.531],[-5.933,5.531],[-5.934,5.53],[-5.935,5.528],[-5.936,5.528],[-5.937,5.528],[-5.938,5.528],[-5.939,5.528],[-5.941,5.528],[-5.942,5.528],[-5.944,5.529],[-5.945,5.53],[-5.946,5.531],[-5.947,5.531],[-5.949,5.531],[-5.95,5.531],[-5.951,5.531],[-5.953,5.531],[-5.979,5.522],[-5.98,5.524],[-5.981,5.525],[-5.982,5.525],[-5.983,5.525],[-5.984,5.524],[-5.985,5.523],[-5.986,5.524],[-5.988,5.525],[-5.989,5.525],[-5.99,5.524],[-5.991,5.524],[-5.992,5.524],[-5.994,5.524],[-5.994,5.525],[-5.995,5.526],[-5.996,5.527],[-5.996,5.529],[-5.997,5.53],[-5.997,5.532],[-5.998,5.534],[-5.999,5.535],[-6.0,5.536],[-6.001,5.538],[-6.002,5.54],[-6.002,5.541],[-6.002,5.543],[-6.002,5.544],[-6.002,5.546],[-6.002,5.547],[-6.003,5.547],[-6.004,5.547],[-6.005,5.546],[-6.007,5.547],[-6.008,5.547],[-6.009,5.548],[-6.009,5.549],[-6.009,5.55],[-6.009,5.552],[-6.01,5.553],[-6.01,5.554],[-6.011,5.555],[-6.012,5.556],[-6.013,5.557],[-6.014,5.558],[-6.015,5.559],[-6.015,5.56],[-6.016,5.561],[-6.016,5.562],[-6.017,5.563],[-6.017,5.564],[-6.017,5.565],[-6.018,5.566],[-6.019,5.567],[-6.02,5.569],[-6.02,5.57],[-6.021,5.571],[-6.022,5.573],[-6.023,5.574],[-6.023,5.575],[-6.023,5.576],[-6.024,5.578],[-6.023,5.58],[-6.023,5.581],[-6.024,5.582],[-6.024,5.583],[-6.024,5.585],[-6.025,5.587],[-6.025,5.588],[-6.026,5.589],[-6.027,5.59],[-6.028,5.591],[-6.027,5.593],[-6.026,5.594],[-6.025,5.595],[-6.024,5.596],[-6.023,5.597],[-6.024,5.598],[-6.025,5.599],[-6.024,5.6],[-6.025,5.602],[-6.026,5.603],[-6.027,5.602],[-6.028,5.602],[-6.029,5.602],[-6.03,5.601],[-6.031,5.602],[-6.032,5.602],[-6.034,5.603],[-6.035,5.604],[-6.035,5.605],[-6.034,5.605],[-6.032,5.605],[-6.031,5.606],[-6.029,5.606],[-6.027,5.606],[-6.026,5.606],[-6.025,5.607],[-6.023,5.608],[-6.022,5.608],[-6.02,5.608],[-6.02,5.61],[-6.02,5.611],[-6.021,5.612],[-6.022,5.613],[-6.023,5.614],[-6.023,5.615],[-6.022,5.616],[-6.022,5.617],[-6.021,5.619],[-6.021,5.62],[-6.021,5.621],[-6.021,5.623],[-6.021,5.624],[-6.022,5.625],[-6.022,5.627],[-6.022,5.628],[-6.021,5.629],[-6.021,5.63],[-6.02,5.63],[-6.019,5.631],[-6.018,5.631],[-6.017,5.632],[-6.017,5.633],[-6.016,5.634],[-6.016,5.635],[-6.016,5.636],[-6.016,5.637],[-6.016,5.638],[-6.017,5.639],[-6.017,5.64],[-6.018,5.641],[-6.02,5.642],[-6.021,5.642],[-6.021,5.641],[-6.022,5.64],[-6.022,5.639],[-6.023,5.639],[-6.023,5.64],[-6.024,5.641],[-6.026,5.642],[-6.027,5.643],[-6.028,5.645],[-6.028,5.646],[-6.029,5.648],[-6.029,5.649],[-6.029,5.651],[-6.029,5.652],[-6.028,5.655],[-6.03,5.655],[-6.034,5.654],[-6.036,5.658],[-6.039,5.659],[-6.042,5.662],[-6.041,5.666],[-6.05,5.673],[-6.052,5.676],[-6.054,5.68],[-6.056,5.683],[-6.055,5.687],[-6.058,5.691],[-6.06,5.695],[-6.061,5.699],[-6.061,5.703],[-6.065,5.705],[-6.066,5.708],[-6.069,5.705],[-6.069,5.701],[-6.069,5.697],[-6.073,5.697],[-6.077,5.695],[-6.075,5.699],[-6.072,5.701],[-6.074,5.705],[-6.071,5.708],[-6.075,5.711],[-6.076,5.715],[-6.076,5.719],[-6.075,5.723],[-6.071,5.723],[-6.068,5.726],[-6.071,5.729],[-6.068,5.732],[-6.068,5.733],[-6.068,5.736],[-6.072,5.738],[-6.076,5.741],[-6.079,5.743],[-6.082,5.746],[-6.087,5.748],[-6.091,5.75],[-6.094,5.749],[-6.097,5.746],[-6.1,5.749],[-6.102,5.753],[-6.106,5.754],[-6.105,5.759],[-6.103,5.763],[-6.104,5.767],[-6.107,5.769],[-6.111,5.77],[-6.117,5.772],[-6.189,5.77],[-6.224,5.696],[-6.227,5.696],[-6.228,5.698],[-6.227,5.699],[-6.226,5.7],[-6.226,5.701],[-6.226,5.703],[-6.227,5.705],[-6.226,5.706],[-6.224,5.707],[-6.223,5.707],[-6.223,5.709],[-6.221,5.71],[-6.221,5.712],[-6.222,5.713],[-6.224,5.714],[-6.224,5.715],[-6.225,5.716],[-6.225,5.717],[-6.226,5.718],[-6.227,5.72],[-6.228,5.721],[-6.228,5.723],[-6.229,5.724],[-6.23,5.726],[-6.232,5.727],[-6.231,5.729],[-6.231,5.729],[-6.23,5.73],[-6.23,5.732],[-6.229,5.734],[-6.23,5.735],[-6.23,5.736],[-6.23,5.737],[-6.23,5.738],[-6.229,5.74],[-6.228,5.741],[-6.227,5.742],[-6.226,5.743],[-6.225,5.743],[-6.224,5.744],[-6.223,5.745],[-6.223,5.747],[-6.223,5.748],[-6.222,5.749],[-6.222,5.75],[-6.223,5.751],[-6.224,5.751],[-6.224,5.752],[-6.223,5.753],[-6.221,5.753],[-6.221,5.754],[-6.22,5.755],[-6.221,5.756],[-6.222,5.758],[-6.223,5.759],[-6.224,5.76],[-6.225,5.762],[-6.226,5.762],[-6.227,5.763],[-6.228,5.764],[-6.229,5.764],[-6.229,5.762],[-6.231,5.762],[-6.231,5.763],[-6.231,5.764],[-6.23,5.765],[-6.229,5.766],[-6.229,5.766],[-6.228,5.768],[-6.227,5.769],[-6.228,5.77],[-6.229,5.771],[-6.23,5.771],[-6.23,5.772],[-6.23,5.773],[-6.23,5.774],[-6.229,5.776],[-6.229,5.777],[-6.229,5.778],[-6.229,5.779],[-6.23,5.781],[-6.23,5.782],[-6.23,5.783],[-6.229,5.784],[-6.229,5.786],[-6.23,5.787],[-6.23,5.788],[-6.232,5.788],[-6.233,5.79],[-6.234,5.79],[-6.236,5.791],[-6.237,5.792],[-6.238,5.793],[-6.24,5.794],[-6.24,5.795],[-6.241,5.796],[-6.242,5.798],[-6.242,5.799],[-6.242,5.801],[-6.243,5.802],[-6.244,5.804],[-6.245,5.804],[-6.246,5.804],[-6.247,5.806],[-6.246,5.808],[-6.246,5.809],[-6.246,5.81],[-6.245,5.811],[-6.245,5.812],[-6.245,5.815],[-6.244,5.816],[-6.244,5.817],[-6.243,5.819],[-6.244,5.82],[-6.243,5.821],[-6.243,5.823],[-6.243,5.825],[-6.243,5.826],[-6.244,5.827],[-6.244,5.828],[-6.245,5.829],[-6.245,5.83],[-6.245,5.832],[-6.246,5.833],[-6.247,5.835],[-6.248,5.836],[-6.248,5.838],[-6.248,5.84],[-6.248,5.84],[-6.249,5.842],[-6.249,5.843],[-6.249,5.844],[-6.25,5.845],[-6.251,5.846],[-6.253,5.847],[-6.254,5.848],[-6.255,5.848],[-6.257,5.848],[-6.258,5.849],[-6.258,5.85],[-6.259,5.851],[-6.26,5.851],[-6.262,5.852],[-6.263,5.852],[-6.264,5.852],[-6.265,5.852],[-6.266,5.853],[-6.267,5.86],[-6.269,5.86],[-6.271,5.861],[-6.274,5.862],[-6.275,5.863],[-6.276,5.865],[-6.277,5.866],[-6.279,5.878],[-6.279,5.88],[-6.28,5.881],[-6.279,5.883],[-6.278,5.885],[-6.277,5.886],[-6.276,5.888],[-6.276,5.89],[-6.277,5.892],[-6.278,5.894],[-6.278,5.896],[-6.278,5.897],[-6.279,5.899],[-6.28,5.9],[-6.28,5.901],[-6.281,5.903],[-6.282,5.904],[-6.284,5.905],[-6.285,5.906],[-6.287,5.906],[-6.289,5.909],[-6.29,5.91],[-6.291,5.912],[-6.291,5.914],[-6.291,5.916],[-6.291,5.918],[-6.29,5.921],[-6.29,5.923],[-6.29,5.925],[-6.291,5.927],[-6.291,5.929],[-6.29,5.932],[-6.29,5.934],[-6.29,5.936],[-6.32,5.981],[-6.346,6.02],[-6.356,6.034],[-6.381,6.098],[-6.4,6.133],[-6.412,6.164],[-6.405,6.297],[-6.377,6.301],[-6.372,6.302],[-6.369,6.302],[-6.334,6.311],[-6.331,6.321],[-6.316,6.339],[-6.311,6.344],[-6.214,6.336],[-6.102,6.455],[-6.056,6.503],[-6.046,6.509],[-6.045,6.511],[-6.044,6.513],[-6.043,6.514],[-6.041,6.516],[-6.04,6.518],[-6.039,6.519],[-6.038,6.521],[-6.039,6.522],[-6.038,6.525],[-6.039,6.527],[-6.038,6.528],[-6.037,6.527],[-6.035,6.527],[-6.03,6.527],[-6.026,6.527],[-6.024,6.527],[-6.02,6.527],[-6.016,6.527],[-6.013,6.527],[-6.009,6.527],[-6.004,6.527],[-6.0,6.527],[-5.996,6.527],[-5.992,6.527],[-5.988,6.526],[-5.982,6.527],[-5.977,6.527],[-5.972,6.527],[-5.967,6.527],[-5.963,6.526],[-5.959,6.526],[-5.956,6.526],[-5.952,6.526],[-5.949,6.526],[-5.944,6.526],[-5.94,6.526],[-5.936,6.526],[-5.933,6.525],[-5.928,6.525],[-5.924,6.525],[-5.92,6.524],[-5.917,6.524],[-5.914,6.524],[-5.912,6.523],[-5.908,6.523],[-5.905,6.522],[-5.902,6.522],[-5.898,6.522],[-5.895,6.521],[-5.891,6.521],[-5.888,6.52],[-5.884,6.519],[-5.88,6.519],[-5.877,6.518],[-5.873,6.518],[-5.868,6.517],[-5.866,6.517],[-5.862,6.516],[-5.859,6.516],[-5.855,6.515],[-5.852,6.515],[-5.848,6.514],[-5.845,6.514],[-5.842,6.513],[-5.839,6.513],[-5.836,6.513],[-5.833,6.512],[-5.83,6.512],[-5.826,6.511],[-5.823,6.511],[-5.82,6.51],[-5.817,6.51],[-5.814,6.509],[-5.811,6.509],[-5.808,6.509],[-5.804,6.508],[-5.8,6.508],[-5.797,6.507],[-5.792,6.506],[-5.789,6.506],[-5.785,6.505],[-5.781,6.505],[-5.777,6.504],[-5.772,6.504],[-5.768,6.503],[-5.764,6.502],[-5.76,6.502],[-5.756,6.502],[-5.754,6.502],[-5.751,6.501],[-5.75,6.503],[-5.75,6.505],[-5.749,6.507],[-5.746,6.509],[-5.743,6.509],[-5.742,6.509],[-5.739,6.51],[-5.738,6.512],[-5.737,6.513],[-5.736,6.515],[-5.735,6.516],[-5.734,6.518],[-5.733,6.519],[-5.732,6.521],[-5.731,6.523],[-5.73,6.527],[-5.73,6.529],[-5.73,6.531],[-5.73,6.534],[-5.73,6.537],[-5.73,6.539],[-5.729,6.542],[-5.728,6.544],[-5.727,6.545],[-5.726,6.547],[-5.725,6.549],[-5.723,6.551],[-5.722,6.552],[-5.72,6.553],[-5.718,6.554],[-5.716,6.555],[-5.715,6.556],[-5.713,6.557],[-5.712,6.557],[-5.709,6.559],[-5.708,6.559],[-5.704,6.557],[-5.703,6.556],[-5.701,6.555],[-5.699,6.554],[-5.697,6.554],[-5.695,6.553],[-5.694,6.551],[-5.693,6.547],[-5.693,6.545],[-5.693,6.542],[-5.693,6.539],[-5.692,6.537],[-5.692,6.536],[-5.69,6.535],[-5.688,6.534],[-5.686,6.534],[-5.685,6.533],[-5.683,6.531],[-5.681,6.531],[-5.679,6.532],[-5.677,6.532],[-5.675,6.53],[-5.674,6.527],[-5.672,6.526],[-5.669,6.526],[-5.668,6.528],[-5.666,6.529],[-5.664,6.529],[-5.662,6.531],[-5.66,6.531],[-5.658,6.532],[-5.656,6.533],[-5.655,6.535],[-5.653,6.536],[-5.649,6.536],[-5.646,6.535],[-5.644,6.533],[-5.642,6.533],[-5.639,6.532],[-5.637,6.532],[-5.635,6.533],[-5.635,6.535],[-5.636,6.537],[-5.636,6.539],[-5.637,6.542],[-5.635,6.543],[-5.633,6.543],[-5.631,6.543],[-5.629,6.543],[-5.627,6.543],[-5.626,6.544],[-5.624,6.545],[-5.623,6.546],[-5.622,6.547],[-5.62,6.548],[-5.618,6.549],[-5.616,6.55],[-5.615,6.551],[-5.613,6.551],[-5.61,6.551],[-5.608,6.551],[-5.606,6.551],[-5.604,6.551],[-5.601,6.552],[-5.599,6.552],[-5.597,6.552],[-5.595,6.553],[-5.591,6.554],[-5.59,6.555],[-5.587,6.555],[-5.586,6.556],[-5.583,6.557],[-5.581,6.558],[-5.579,6.558],[-5.577,6.559],[-5.576,6.56],[-5.574,6.562],[-5.573,6.564],[-5.574,6.566],[-5.575,6.568],[-5.577,6.569],[-5.578,6.571],[-5.579,6.572],[-5.58,6.574],[-5.582,6.576],[-5.583,6.579],[-5.584,6.581],[-5.584,6.582],[-5.583,6.585],[-5.582,6.586],[-5.58,6.588],[-5.578,6.588],[-5.576,6.588],[-5.574,6.587],[-5.572,6.586],[-5.57,6.584],[-5.569,6.586],[-5.567,6.588],[-5.564,6.589],[-5.562,6.59],[-5.56,6.591],[-5.559,6.592],[-5.557,6.593],[-5.555,6.594],[-5.554,6.595],[-5.552,6.596],[-5.55,6.597],[-5.549,6.598],[-5.546,6.6],[-5.545,6.6],[-5.543,6.6],[-5.541,6.6],[-5.539,6.599],[-5.537,6.598],[-5.535,6.597],[-5.534,6.595],[-5.532,6.594],[-5.53,6.594],[-5.528,6.595],[-5.526,6.595],[-5.523,6.596],[-5.523,6.598],[-5.524,6.6],[-5.523,6.603],[-5.521,6.603],[-5.519,6.604],[-5.517,6.605],[-5.516,6.606],[-5.514,6.606],[-5.512,6.605],[-5.511,6.603],[-5.509,6.602],[-5.509,6.601],[-5.508,6.598],[-5.509,6.596],[-5.509,6.594],[-5.507,6.592],[-5.505,6.591],[-5.502,6.592],[-5.5,6.594],[-5.499,6.595],[-5.499,6.597],[-5.497,6.599],[-5.495,6.6],[-5.493,6.6],[-5.492,6.601],[-5.49,6.602],[-5.488,6.603],[-5.486,6.606],[-5.487,6.608],[-5.487,6.611],[-5.487,6.613],[-5.487,6.615],[-5.488,6.617],[-5.488,6.62],[-5.488,6.621],[-5.487,6.623],[-5.485,6.624],[-5.482,6.625],[-5.48,6.625],[-5.478,6.625],[-5.476,6.626],[-5.473,6.627],[-5.472,6.628],[-5.471,6.628],[-5.47,6.629],[-5.468,6.63],[-5.466,6.632],[-5.464,6.633],[-5.462,6.633],[-5.459,6.633],[-5.456,6.633],[-5.454,6.634],[-5.453,6.635],[-5.452,6.638],[-5.451,6.639],[-5.451,6.641],[-5.45,6.644],[-5.448,6.645],[-5.445,6.645],[-5.444,6.646],[-5.442,6.647],[-5.44,6.648],[-5.439,6.648],[-5.437,6.649],[-5.435,6.649],[-5.433,6.65],[-5.431,6.65],[-5.428,6.649],[-5.425,6.648]]]}},{"type":"Feature","id":"Lacs","properties":{"name":"Lacs","code":"CI07","level":"district","status":"pending","schools":1680,"students":75941,"girls":38456,"boys":37485},"geometry":{"type":"Polygon","coordinates":[[[-3.988,8.025],[-3.987,8.024],[-3.985,8.025],[-3.983,8.025],[-3.982,8.025],[-3.98,8.025],[-3.979,8.024],[-3.978,8.024],[-3.977,8.023],[-3.975,8.023],[-3.974,8.023],[-3.974,8.021],[-3.974,8.02],[-3.974,8.018],[-3.974,8.016],[-3.976,8.014],[-3.976,8.013],[-3.978,8.012],[-3.979,8.011],[-3.981,8.011],[-3.982,8.011],[-3.984,8.011],[-3.985,8.01],[-3.986,8.01],[-3.988,8.01],[-3.99,8.01],[-3.992,8.01],[-3.993,8.01],[-3.994,8.009],[-3.996,8.008],[-3.997,8.006],[-3.998,8.005],[-3.999,8.003],[-4.001,8.001],[-4.002,8.0],[-4.003,7.999],[-4.004,7.998],[-4.005,7.997],[-4.005,7.995],[-4.007,7.994],[-4.008,7.993],[-4.009,7.993],[-4.01,7.993],[-4.011,7.992],[-4.012,7.992],[-4.013,7.991],[-4.015,7.99],[-4.016,7.989],[-4.017,7.988],[-4.017,7.987],[-4.018,7.985],[-4.019,7.983],[-4.019,7.981],[-4.021,7.98],[-4.021,7.979],[-4.022,7.977],[-4.021,7.975],[-4.02,7.974],[-4.02,7.972],[-4.02,7.971],[-4.02,7.969],[-4.019,7.967],[-4.019,7.966],[-4.018,7.964],[-4.018,7.962],[-4.018,7.961],[-4.017,7.96],[-4.016,7.958],[-4.016,7.956],[-4.016,7.955],[-4.016,7.953],[-4.015,7.952],[-4.014,7.951],[-4.012,7.95],[-4.011,7.949],[-4.01,7.949],[-4.008,7.949],[-4.006,7.949],[-4.005,7.951],[-4.003,7.953],[-4.002,7.953],[-4.001,7.954],[-3.999,7.956],[-3.998,7.957],[-3.997,7.958],[-3.996,7.959],[-3.995,7.96],[-3.994,7.961],[-3.991,7.964],[-3.99,7.965],[-3.988,7.966],[-3.987,7.966],[-3.986,7.967],[-3.983,7.967],[-3.981,7.968],[-3.98,7.968],[-3.978,7.968],[-3.976,7.967],[-3.974,7.967],[-3.973,7.966],[-3.972,7.966],[-3.969,7.966],[-3.965,7.967],[-3.963,7.967],[-3.962,7.967],[-3.961,7.968],[-3.96,7.968],[-3.958,7.969],[-3.955,7.969],[-3.953,7.969],[-3.952,7.969],[-3.95,7.97],[-3.949,7.97],[-3.948,7.971],[-3.947,7.972],[-3.944,7.973],[-3.943,7.973],[-3.941,7.974],[-3.94,7.974],[-3.938,7.975],[-3.937,7.975],[-3.936,7.976],[-3.935,7.976],[-3.931,7.976],[-3.93,7.975],[-3.929,7.975],[-3.927,7.972],[-3.927,7.971],[-3.927,7.969],[-3.928,7.969],[-3.928,7.967],[-3.927,7.966],[-3.926,7.963],[-3.926,7.961],[-3.925,7.96],[-3.925,7.958],[-3.925,7.956],[-3.926,7.955],[-3.926,7.954],[-3.928,7.952],[-3.928,7.951],[-3.93,7.949],[-3.931,7.949],[-3.932,7.947],[-3.933,7.946],[-3.934,7.944],[-3.937,7.942],[-3.939,7.94],[-3.941,7.939],[-3.943,7.938],[-3.944,7.938],[-3.945,7.936],[-3.946,7.935],[-3.947,7.934],[-3.948,7.932],[-3.948,7.931],[-3.947,7.93],[-3.947,7.929],[-3.946,7.927],[-3.947,7.925],[-3.948,7.924],[-3.949,7.923],[-3.951,7.922],[-3.952,7.922],[-3.953,7.921],[-3.954,7.92],[-3.955,7.919],[-3.957,7.919],[-3.959,7.918],[-3.961,7.917],[-3.962,7.917],[-3.963,7.916],[-3.965,7.916],[-3.966,7.915],[-3.967,7.915],[-3.969,7.915],[-3.971,7.915],[-3.972,7.915],[-3.975,7.915],[-3.977,7.914],[-3.978,7.914],[-3.98,7.913],[-3.982,7.912],[-3.984,7.912],[-3.985,7.912],[-3.988,7.912],[-3.989,7.912],[-3.991,7.912],[-3.993,7.911],[-3.995,7.911],[-3.996,7.909],[-3.997,7.908],[-3.998,7.908],[-3.999,7.906],[-4.0,7.904],[-4.0,7.903],[-3.999,7.902],[-3.998,7.9],[-3.996,7.899],[-3.995,7.898],[-3.992,7.898],[-3.99,7.898],[-3.989,7.898],[-3.987,7.898],[-3.986,7.897],[-3.985,7.897],[-3.984,7.896],[-3.981,7.894],[-3.979,7.894],[-3.978,7.893],[-3.976,7.893],[-3.975,7.893],[-3.974,7.893],[-3.972,7.892],[-3.97,7.891],[-3.968,7.891],[-3.966,7.891],[-3.965,7.891],[-3.96,7.891],[-3.958,7.891],[-3.956,7.891],[-3.954,7.891],[-3.953,7.891],[-3.951,7.891],[-3.949,7.891],[-3.948,7.891],[-3.947,7.891],[-3.945,7.891],[-3.943,7.891],[-3.942,7.891],[-3.939,7.89],[-3.938,7.888],[-3.936,7.887],[-3.935,7.886],[-3.933,7.885],[-3.932,7.884],[-3.931,7.883],[-3.929,7.883],[-3.927,7.881],[-3.926,7.881],[-3.924,7.88],[-3.923,7.88],[-3.921,7.879],[-3.92,7.879],[-3.917,7.878],[-3.915,7.878],[-3.913,7.878],[-3.912,7.879],[-3.911,7.88],[-3.909,7.881],[-3.908,7.881],[-3.906,7.881],[-3.905,7.881],[-3.903,7.881],[-3.901,7.881],[-3.9,7.881],[-3.896,7.881],[-3.894,7.88],[-3.893,7.88],[-3.891,7.88],[-3.889,7.879],[-3.888,7.878],[-3.885,7.877],[-3.883,7.876],[-3.882,7.875],[-3.881,7.873],[-3.879,7.872],[-3.878,7.87],[-3.877,7.869],[-3.877,7.868],[-3.876,7.866],[-3.876,7.864],[-3.875,7.862],[-3.873,7.86],[-3.871,7.858],[-3.87,7.858],[-3.869,7.857],[-3.867,7.855],[-3.867,7.854],[-3.866,7.853],[-3.866,7.851],[-3.866,7.85],[-3.866,7.849],[-3.866,7.847],[-3.865,7.845],[-3.865,7.843],[-3.865,7.842],[-3.866,7.841],[-3.867,7.84],[-3.868,7.838],[-3.869,7.837],[-3.869,7.836],[-3.87,7.835],[-3.871,7.833],[-3.873,7.832],[-3.874,7.831],[-3.875,7.83],[-3.876,7.829],[-3.877,7.828],[-3.877,7.826],[-3.878,7.823],[-3.879,7.821],[-3.879,7.82],[-3.879,7.818],[-3.879,7.816],[-3.879,7.815],[-3.879,7.814],[-3.878,7.813],[-3.877,7.812],[-3.876,7.81],[-3.875,7.81],[-3.873,7.809],[-3.872,7.808],[-3.87,7.807],[-3.868,7.806],[-3.866,7.805],[-3.865,7.804],[-3.864,7.803],[-3.862,7.802],[-3.861,7.801],[-3.859,7.799],[-3.859,7.797],[-3.86,7.796],[-3.861,7.795],[-3.862,7.794],[-3.863,7.791],[-3.864,7.788],[-3.867,7.787],[-3.869,7.785],[-3.87,7.783],[-3.872,7.781],[-3.874,7.779],[-3.877,7.776],[-3.878,7.773],[-3.877,7.771],[-3.876,7.769],[-3.872,7.769],[-3.871,7.769],[-3.868,7.769],[-3.866,7.769],[-3.864,7.771],[-3.862,7.771],[-3.86,7.771],[-3.858,7.772],[-3.857,7.772],[-3.856,7.773],[-3.854,7.773],[-3.852,7.773],[-3.849,7.773],[-3.847,7.772],[-3.843,7.772],[-3.84,7.77],[-3.838,7.769],[-3.836,7.768],[-3.834,7.767],[-3.832,7.766],[-3.83,7.765],[-3.829,7.764],[-3.828,7.762],[-3.828,7.76],[-3.829,7.759],[-3.829,7.757],[-3.831,7.755],[-3.833,7.753],[-3.834,7.752],[-3.835,7.75],[-3.835,7.748],[-3.834,7.745],[-3.832,7.743],[-3.831,7.741],[-3.83,7.739],[-3.829,7.739],[-3.824,7.738],[-3.822,7.738],[-3.82,7.738],[-3.818,7.738],[-3.816,7.739],[-3.813,7.74],[-3.811,7.741],[-3.809,7.742],[-3.807,7.742],[-3.805,7.741],[-3.803,7.741],[-3.802,7.742],[-3.8,7.741],[-3.798,7.74],[-3.795,7.74],[-3.793,7.739],[-3.791,7.738],[-3.789,7.737],[-3.788,7.736],[-3.785,7.735],[-3.783,7.735],[-3.782,7.735],[-3.779,7.736],[-3.777,7.737],[-3.773,7.737],[-3.771,7.737],[-3.769,7.737],[-3.766,7.738],[-3.764,7.737],[-3.762,7.736],[-3.761,7.734],[-3.761,7.733],[-3.759,7.731],[-3.757,7.731],[-3.755,7.732],[-3.753,7.732],[-3.751,7.732],[-3.749,7.732],[-3.746,7.733],[-3.745,7.734],[-3.744,7.736],[-3.743,7.738],[-3.742,7.739],[-3.74,7.74],[-3.739,7.739],[-3.739,7.736],[-3.737,7.735],[-3.736,7.734],[-3.735,7.733],[-3.735,7.731],[-3.734,7.728],[-3.733,7.727],[-3.733,7.725],[-3.732,7.723],[-3.732,7.721],[-3.73,7.719],[-3.731,7.717],[-3.732,7.716],[-3.733,7.714],[-3.734,7.713],[-3.735,7.711],[-3.734,7.709],[-3.733,7.707],[-3.733,7.704],[-3.733,7.702],[-3.733,7.699],[-3.734,7.698],[-3.735,7.696],[-3.736,7.695],[-3.736,7.693],[-3.737,7.691],[-3.737,7.688],[-3.737,7.685],[-3.737,7.684],[-3.737,7.681],[-3.736,7.678],[-3.736,7.676],[-3.736,7.675],[-3.736,7.672],[-3.735,7.67],[-3.735,7.669],[-3.734,7.666],[-3.733,7.664],[-3.732,7.663],[-3.73,7.663],[-3.729,7.661],[-3.728,7.659],[-3.727,7.658],[-3.725,7.657],[-3.723,7.656],[-3.72,7.655],[-3.718,7.654],[-3.716,7.652],[-3.714,7.651],[-3.713,7.65],[-3.712,7.648],[-3.71,7.647],[-3.707,7.647],[-3.705,7.647],[-3.703,7.648],[-3.7,7.648],[-3.698,7.648],[-3.695,7.647],[-3.693,7.647],[-3.691,7.645],[-3.689,7.644],[-3.687,7.642],[-3.685,7.64],[-3.684,7.638],[-3.683,7.635],[-3.684,7.633],[-3.684,7.631],[-3.685,7.63],[-3.685,7.628],[-3.684,7.626],[-3.683,7.624],[-3.682,7.622],[-3.681,7.621],[-3.679,7.619],[-3.678,7.617],[-3.677,7.615],[-3.676,7.613],[-3.674,7.611],[-3.672,7.61],[-3.671,7.608],[-3.669,7.607],[-3.667,7.603],[-3.666,7.601],[-3.666,7.6],[-3.665,7.599],[-3.664,7.597],[-3.663,7.594],[-3.663,7.592],[-3.663,7.589],[-3.662,7.588],[-3.662,7.587],[-3.662,7.585],[-3.66,7.584],[-3.658,7.581],[-3.657,7.579],[-3.654,7.577],[-3.653,7.577],[-3.652,7.576],[-3.649,7.574],[-3.647,7.574],[-3.645,7.575],[-3.642,7.575],[-3.64,7.576],[-3.638,7.577],[-3.637,7.577],[-3.634,7.578],[-3.633,7.58],[-3.631,7.582],[-3.629,7.584],[-3.628,7.586],[-3.626,7.587],[-3.624,7.589],[-3.621,7.59],[-3.62,7.591],[-3.618,7.592],[-3.616,7.593],[-3.614,7.593],[-3.613,7.593],[-3.611,7.594],[-3.607,7.593],[-3.605,7.593],[-3.603,7.594],[-3.601,7.594],[-3.599,7.592],[-3.597,7.591],[-3.594,7.59],[-3.593,7.589],[-3.591,7.587],[-3.588,7.586],[-3.585,7.584],[-3.584,7.583],[-3.582,7.58],[-3.58,7.578],[-3.579,7.575],[-3.579,7.572],[-3.58,7.569],[-3.58,7.567],[-3.579,7.565],[-3.578,7.564],[-3.578,7.561],[-3.577,7.559],[-3.576,7.557],[-3.576,7.555],[-3.575,7.553],[-3.576,7.551],[-3.577,7.55],[-3.579,7.547],[-3.58,7.545],[-3.582,7.544],[-3.583,7.542],[-3.585,7.541],[-3.587,7.54],[-3.588,7.539],[-3.59,7.537],[-3.592,7.536],[-3.594,7.535],[-3.596,7.534],[-3.598,7.533],[-3.6,7.533],[-3.601,7.531],[-3.602,7.529],[-3.602,7.528],[-3.602,7.526],[-3.603,7.524],[-3.603,7.523],[-3.603,7.521],[-3.602,7.519],[-3.6,7.518],[-3.594,7.51],[-3.593,7.511],[-3.591,7.511],[-3.589,7.51],[-3.586,7.509],[-3.585,7.508],[-3.583,7.506],[-3.581,7.505],[-3.58,7.503],[-3.579,7.501],[-3.577,7.499],[-3.575,7.498],[-3.572,7.496],[-3.57,7.495],[-3.568,7.494],[-3.565,7.493],[-3.562,7.493],[-3.559,7.492],[-3.557,7.491],[-3.554,7.49],[-3.551,7.49],[-3.549,7.49],[-3.546,7.489],[-3.544,7.489],[-3.541,7.488],[-3.539,7.487],[-3.537,7.486],[-3.535,7.485],[-3.534,7.483],[-3.533,7.481],[-3.531,7.479],[-3.53,7.477],[-3.529,7.475],[-3.528,7.473],[-3.527,7.471],[-3.527,7.469],[-3.527,7.467],[-3.527,7.465],[-3.526,7.463],[-3.525,7.46],[-3.524,7.458],[-3.522,7.456],[-3.52,7.454],[-3.52,7.452],[-3.518,7.451],[-3.516,7.449],[-3.514,7.448],[-3.511,7.446],[-3.508,7.444],[-3.507,7.443],[-3.505,7.44],[-3.503,7.438],[-3.501,7.435],[-3.5,7.434],[-3.498,7.431],[-3.497,7.429],[-3.497,7.426],[-3.497,7.424],[-3.496,7.421],[-3.496,7.417],[-3.496,7.414],[-3.496,7.412],[-3.496,7.41],[-3.496,7.408],[-3.496,7.405],[-3.496,7.402],[-3.497,7.399],[-3.497,7.397],[-3.497,7.395],[-3.498,7.393],[-3.498,7.391],[-3.499,7.389],[-3.501,7.387],[-3.502,7.386],[-3.503,7.385],[-3.504,7.384],[-3.505,7.383],[-3.507,7.382],[-3.508,7.381],[-3.51,7.38],[-3.511,7.377],[-3.513,7.375],[-3.514,7.373],[-3.515,7.372],[-3.516,7.37],[-3.517,7.368],[-3.518,7.367],[-3.517,7.365],[-3.516,7.364],[-3.515,7.362],[-3.514,7.359],[-3.514,7.358],[-3.515,7.357],[-3.515,7.355],[-3.515,7.354],[-3.518,7.354],[-3.52,7.354],[-3.52,7.352],[-3.52,7.351],[-3.522,7.35],[-3.523,7.351],[-3.525,7.351],[-3.527,7.35],[-3.528,7.348],[-3.529,7.347],[-3.531,7.345],[-3.532,7.344],[-3.533,7.343],[-3.535,7.343],[-3.536,7.345],[-3.537,7.346],[-3.538,7.344],[-3.541,7.341],[-3.544,7.339],[-3.546,7.338],[-3.547,7.336],[-3.549,7.334],[-3.551,7.332],[-3.553,7.33],[-3.555,7.328],[-3.556,7.326],[-3.557,7.324],[-3.559,7.323],[-3.56,7.321],[-3.561,7.32],[-3.562,7.318],[-3.563,7.316],[-3.563,7.314],[-3.563,7.313],[-3.563,7.311],[-3.562,7.309],[-3.562,7.307],[-3.561,7.306],[-3.56,7.304],[-3.559,7.303],[-3.557,7.302],[-3.555,7.302],[-3.553,7.301],[-3.551,7.3],[-3.549,7.299],[-3.548,7.298],[-3.546,7.296],[-3.544,7.295],[-3.543,7.294],[-3.541,7.293],[-3.538,7.292],[-3.536,7.293],[-3.535,7.293],[-3.532,7.292],[-3.532,7.29],[-3.534,7.289],[-3.534,7.287],[-3.535,7.286],[-3.537,7.285],[-3.538,7.283],[-3.54,7.282],[-3.541,7.281],[-3.543,7.28],[-3.544,7.28],[-3.546,7.279],[-3.548,7.278],[-3.55,7.277],[-3.554,7.277],[-3.557,7.277],[-3.56,7.278],[-3.563,7.278],[-3.566,7.279],[-3.57,7.279],[-3.571,7.28],[-3.573,7.28],[-3.576,7.281],[-3.578,7.282],[-3.58,7.283],[-3.582,7.283],[-3.584,7.283],[-3.586,7.283],[-3.589,7.282],[-3.591,7.282],[-3.593,7.281],[-3.594,7.28],[-3.595,7.278],[-3.596,7.276],[-3.597,7.274],[-3.597,7.271],[-3.597,7.269],[-3.597,7.267],[-3.597,7.265],[-3.597,7.263],[-3.596,7.26],[-3.596,7.257],[-3.596,7.255],[-3.595,7.253],[-3.593,7.251],[-3.592,7.249],[-3.591,7.248],[-3.589,7.247],[-3.588,7.246],[-3.586,7.245],[-3.585,7.243],[-3.584,7.241],[-3.583,7.239],[-3.583,7.237],[-3.582,7.235],[-3.581,7.234],[-3.58,7.232],[-3.579,7.23],[-3.579,7.229],[-3.579,7.227],[-3.58,7.225],[-3.581,7.223],[-3.582,7.221],[-3.582,7.219],[-3.583,7.217],[-3.583,7.215],[-3.584,7.213],[-3.586,7.211],[-3.587,7.209],[-3.587,7.208],[-3.587,7.206],[-3.588,7.204],[-3.589,7.201],[-3.59,7.199],[-3.59,7.197],[-3.591,7.194],[-3.592,7.192],[-3.593,7.189],[-3.595,7.187],[-3.598,7.185],[-3.601,7.184],[-3.605,7.182],[-3.607,7.181],[-3.61,7.18],[-3.612,7.18],[-3.615,7.181],[-3.615,7.182],[-3.616,7.185],[-3.616,7.186],[-3.616,7.189],[-3.616,7.191],[-3.617,7.192],[-3.619,7.193],[-3.62,7.194],[-3.623,7.195],[-3.626,7.196],[-3.628,7.196],[-3.631,7.196],[-3.633,7.197],[-3.635,7.198],[-3.637,7.2],[-3.639,7.201],[-3.64,7.201],[-3.642,7.202],[-3.644,7.202],[-3.646,7.202],[-3.647,7.201],[-3.649,7.2],[-3.65,7.198],[-3.651,7.197],[-3.652,7.194],[-3.652,7.191],[-3.652,7.188],[-3.653,7.185],[-3.653,7.181],[-3.654,7.179],[-3.654,7.177],[-3.654,7.175],[-3.654,7.173],[-3.653,7.171],[-3.653,7.168],[-3.652,7.167],[-3.652,7.165],[-3.651,7.162],[-3.651,7.16],[-3.651,7.158],[-3.65,7.155],[-3.649,7.153],[-3.648,7.151],[-3.647,7.15],[-3.647,7.147],[-3.646,7.145],[-3.646,7.143],[-3.646,7.14],[-3.646,7.137],[-3.647,7.135],[-3.647,7.133],[-3.646,7.131],[-3.646,7.129],[-3.645,7.129],[-3.644,7.128],[-3.642,7.127],[-3.641,7.126],[-3.641,7.124],[-3.639,7.123],[-3.637,7.123],[-3.634,7.123],[-3.633,7.122],[-3.631,7.121],[-3.629,7.12],[-3.628,7.119],[-3.626,7.117],[-3.625,7.116],[-3.623,7.114],[-3.621,7.113],[-3.619,7.111],[-3.616,7.109],[-3.615,7.108],[-3.612,7.106],[-3.61,7.105],[-3.606,7.105],[-3.604,7.105],[-3.603,7.105],[-3.602,7.104],[-3.6,7.103],[-3.599,7.102],[-3.598,7.102],[-3.595,7.101],[-3.594,7.101],[-3.592,7.101],[-3.59,7.101],[-3.588,7.102],[-3.588,7.103],[-3.587,7.105],[-3.587,7.106],[-3.585,7.107],[-3.583,7.107],[-3.58,7.107],[-3.578,7.108],[-3.576,7.108],[-3.575,7.108],[-3.572,7.106],[-3.571,7.104],[-3.571,7.103],[-3.571,7.102],[-3.571,7.1],[-3.573,7.098],[-3.575,7.097],[-3.577,7.097],[-3.579,7.095],[-3.58,7.093],[-3.581,7.091],[-3.582,7.09],[-3.584,7.088],[-3.585,7.086],[-3.586,7.084],[-3.587,7.083],[-3.588,7.082],[-3.588,7.08],[-3.588,7.079],[-3.587,7.077],[-3.587,7.076],[-3.586,7.074],[-3.586,7.072],[-3.585,7.07],[-3.584,7.068],[-3.583,7.066],[-3.583,7.064],[-3.585,7.063],[-3.587,7.062],[-3.587,7.063],[-3.587,7.065],[-3.587,7.068],[-3.588,7.07],[-3.59,7.071],[-3.591,7.072],[-3.591,7.075],[-3.593,7.077],[-3.595,7.078],[-3.596,7.079],[-3.598,7.079],[-3.602,7.08],[-3.604,7.08],[-3.606,7.08],[-3.608,7.081],[-3.61,7.082],[-3.612,7.083],[-3.614,7.084],[-3.616,7.085],[-3.617,7.087],[-3.619,7.088],[-3.62,7.089],[-3.621,7.09],[-3.623,7.091],[-3.625,7.092],[-3.628,7.091],[-3.629,7.09],[-3.63,7.088],[-3.631,7.086],[-3.631,7.083],[-3.631,7.08],[-3.628,7.078],[-3.627,7.078],[-3.625,7.076],[-3.624,7.074],[-3.623,7.072],[-3.622,7.07],[-3.622,7.069],[-3.624,7.067],[-3.625,7.066],[-3.627,7.064],[-3.628,7.062],[-3.629,7.06],[-3.63,7.057],[-3.632,7.055],[-3.632,7.054],[-3.634,7.052],[-3.636,7.051],[-3.637,7.048],[-3.639,7.047],[-3.64,7.047],[-3.642,7.046],[-3.643,7.046],[-3.645,7.047],[-3.647,7.048],[-3.649,7.049],[-3.651,7.05],[-3.654,7.051],[-3.658,7.052],[-3.66,7.052],[-3.663,7.053],[-3.665,7.053],[-3.668,7.053],[-3.67,7.053],[-3.672,7.053],[-3.674,7.053],[-3.676,7.052],[-3.677,7.051],[-3.679,7.05],[-3.681,7.048],[-3.682,7.047],[-3.684,7.045],[-3.685,7.043],[-3.688,7.041],[-3.689,7.04],[-3.69,7.039],[-3.692,7.038],[-3.694,7.037],[-3.696,7.036],[-3.698,7.034],[-3.7,7.033],[-3.701,7.032],[-3.703,7.032],[-3.704,7.031],[-3.707,7.029],[-3.71,7.028],[-3.711,7.027],[-3.713,7.025],[-3.715,7.024],[-3.716,7.024],[-3.717,7.023],[-3.719,7.02],[-3.719,7.019],[-3.719,7.017],[-3.719,7.015],[-3.719,7.013],[-3.719,7.011],[-3.718,7.008],[-3.717,7.007],[-3.717,7.005],[-3.718,7.003],[-3.72,7.003],[-3.721,7.005],[-3.723,7.006],[-3.726,7.006],[-3.728,7.008],[-3.731,7.008],[-3.733,7.008],[-3.734,7.008],[-3.738,7.008],[-3.739,7.007],[-3.742,7.007],[-3.744,7.006],[-3.745,7.005],[-3.747,7.005],[-3.749,7.004],[-3.752,7.003],[-3.755,7.002],[-3.756,7.002],[-3.759,7.001],[-3.761,7.0],[-3.762,6.998],[-3.764,6.997],[-3.765,6.995],[-3.767,6.994],[-3.768,6.993],[-3.77,6.992],[-3.772,6.991],[-3.773,6.988],[-3.774,6.986],[-3.776,6.984],[-3.777,6.982],[-3.779,6.98],[-3.78,6.979],[-3.781,6.977],[-3.782,6.975],[-3.784,6.972],[-3.785,6.97],[-3.786,6.967],[-3.786,6.965],[-3.787,6.962],[-3.787,6.96],[-3.786,6.958],[-3.786,6.957],[-3.786,6.955],[-3.787,6.952],[-3.786,6.949],[-3.786,6.948],[-3.786,6.945],[-3.786,6.944],[-3.786,6.942],[-3.785,6.939],[-3.784,6.936],[-3.783,6.934],[-3.782,6.932],[-3.781,6.931],[-3.78,6.93],[-3.78,6.929],[-3.778,6.928],[-3.777,6.927],[-3.775,6.926],[-3.773,6.927],[-3.772,6.927],[-3.771,6.928],[-3.77,6.929],[-3.769,6.93],[-3.768,6.931],[-3.767,6.932],[-3.767,6.934],[-3.766,6.935],[-3.765,6.936],[-3.765,6.938],[-3.765,6.939],[-3.765,6.941],[-3.765,6.942],[-3.764,6.943],[-3.763,6.945],[-3.762,6.947],[-3.761,6.948],[-3.76,6.949],[-3.759,6.95],[-3.757,6.952],[-3.756,6.953],[-3.756,6.954],[-3.755,6.955],[-3.753,6.956],[-3.751,6.957],[-3.75,6.957],[-3.748,6.957],[-3.747,6.957],[-3.745,6.956],[-3.744,6.956],[-3.743,6.955],[-3.742,6.955],[-3.742,6.953],[-3.742,6.952],[-3.742,6.95],[-3.744,6.95],[-3.745,6.949],[-3.745,6.947],[-3.746,6.946],[-3.747,6.944],[-3.747,6.943],[-3.747,6.941],[-3.747,6.94],[-3.746,6.938],[-3.745,6.937],[-3.743,6.936],[-3.742,6.935],[-3.741,6.933],[-3.741,6.932],[-3.74,6.93],[-3.739,6.929],[-3.738,6.927],[-3.737,6.925],[-3.736,6.923],[-3.736,6.921],[-3.737,6.92],[-3.737,6.918],[-3.737,6.917],[-3.738,6.915],[-3.739,6.914],[-3.739,6.912],[-3.74,6.91],[-3.741,6.909],[-3.742,6.908],[-3.744,6.908],[-3.745,6.907],[-3.747,6.906],[-3.749,6.906],[-3.75,6.904],[-3.75,6.902],[-3.75,6.901],[-3.751,6.9],[-3.752,6.899],[-3.754,6.897],[-3.755,6.896],[-3.756,6.894],[-3.757,6.892],[-3.758,6.891],[-3.759,6.89],[-3.76,6.889],[-3.761,6.888],[-3.762,6.887],[-3.763,6.886],[-3.764,6.884],[-3.766,6.882],[-3.768,6.881],[-3.769,6.879],[-3.771,6.878],[-3.771,6.877],[-3.773,6.874],[-3.773,6.873],[-3.774,6.872],[-3.775,6.871],[-3.775,6.87],[-3.776,6.868],[-3.777,6.867],[-3.778,6.866],[-3.779,6.864],[-3.78,6.863],[-3.781,6.86],[-3.781,6.858],[-3.782,6.856],[-3.782,6.855],[-3.781,6.853],[-3.781,6.852],[-3.78,6.851],[-3.779,6.85],[-3.777,6.849],[-3.777,6.847],[-3.776,6.846],[-3.775,6.845],[-3.774,6.844],[-3.773,6.842],[-3.773,6.841],[-3.771,6.839],[-3.77,6.838],[-3.769,6.837],[-3.767,6.836],[-3.766,6.835],[-3.765,6.835],[-3.763,6.834],[-3.762,6.834],[-3.761,6.833],[-3.76,6.832],[-3.758,6.831],[-3.756,6.83],[-3.756,6.829],[-3.755,6.828],[-3.754,6.826],[-3.753,6.825],[-3.752,6.824],[-3.751,6.822],[-3.751,6.82],[-3.75,6.819],[-3.75,6.818],[-3.75,6.817],[-3.751,6.815],[-3.753,6.813],[-3.755,6.812],[-3.756,6.811],[-3.757,6.811],[-3.758,6.81],[-3.759,6.808],[-3.76,6.807],[-3.761,6.805],[-3.762,6.804],[-3.763,6.803],[-3.763,6.801],[-3.764,6.799],[-3.765,6.798],[-3.765,6.796],[-3.765,6.795],[-3.765,6.793],[-3.765,6.791],[-3.765,6.79],[-3.765,6.788],[-3.764,6.787],[-3.763,6.786],[-3.763,6.784],[-3.762,6.783],[-3.761,6.782],[-3.761,6.779],[-3.761,6.777],[-3.761,6.776],[-3.762,6.774],[-3.763,6.773],[-3.765,6.773],[-3.768,6.774],[-3.77,6.774],[-3.771,6.775],[-3.773,6.775],[-3.774,6.775],[-3.775,6.774],[-3.777,6.774],[-3.779,6.773],[-3.78,6.773],[-3.782,6.772],[-3.783,6.772],[-3.785,6.771],[-3.787,6.77],[-3.788,6.769],[-3.789,6.769],[-3.79,6.768],[-3.792,6.767],[-3.795,6.767],[-3.796,6.767],[-3.797,6.765],[-3.798,6.764],[-3.799,6.763],[-3.8,6.762],[-3.801,6.761],[-3.801,6.759],[-3.801,6.757],[-3.8,6.755],[-3.799,6.754],[-3.798,6.753],[-3.796,6.751],[-3.795,6.749],[-3.794,6.748],[-3.793,6.746],[-3.793,6.744],[-3.792,6.743],[-3.792,6.741],[-3.791,6.74],[-3.792,6.738],[-3.792,6.737],[-3.793,6.734],[-3.792,6.732],[-3.79,6.731],[-3.789,6.729],[-3.788,6.728],[-3.787,6.727],[-3.786,6.727],[-3.784,6.726],[-3.782,6.726],[-3.781,6.725],[-3.78,6.724],[-3.779,6.723],[-3.778,6.723],[-3.777,6.722],[-3.776,6.721],[-3.776,6.72],[-3.775,6.719],[-3.777,6.717],[-3.777,6.716],[-3.776,6.714],[-3.775,6.712],[-3.774,6.711],[-3.774,6.709],[-3.773,6.708],[-3.772,6.706],[-3.77,6.705],[-3.77,6.703],[-3.769,6.701],[-3.769,6.7],[-3.77,6.699],[-3.772,6.698],[-3.773,6.698],[-3.775,6.698],[-3.777,6.698],[-3.779,6.697],[-3.78,6.696],[-3.781,6.694],[-3.782,6.692],[-3.782,6.691],[-3.783,6.69],[-3.783,6.688],[-3.784,6.687],[-3.785,6.686],[-3.787,6.684],[-3.788,6.683],[-3.79,6.682],[-3.792,6.681],[-3.794,6.681],[-3.797,6.68],[-3.799,6.679],[-3.8,6.677],[-3.801,6.676],[-3.802,6.674],[-3.801,6.672],[-3.8,6.671],[-3.799,6.67],[-3.797,6.668],[-3.795,6.667],[-3.793,6.666],[-3.791,6.665],[-3.79,6.664],[-3.789,6.662],[-3.788,6.661],[-3.786,6.659],[-3.786,6.658],[-3.787,6.656],[-3.788,6.655],[-3.788,6.653],[-3.787,6.652],[-3.787,6.651],[-3.786,6.65],[-3.784,6.648],[-3.783,6.647],[-3.781,6.646],[-3.78,6.645],[-3.778,6.645],[-3.776,6.644],[-3.776,6.642],[-3.776,6.641],[-3.776,6.64],[-3.775,6.639],[-3.776,6.637],[-3.776,6.636],[-3.777,6.634],[-3.777,6.632],[-3.778,6.631],[-3.779,6.63],[-3.78,6.629],[-3.779,6.627],[-3.778,6.626],[-3.777,6.625],[-3.776,6.623],[-3.776,6.622],[-3.776,6.62],[-3.775,6.619],[-3.775,6.617],[-3.774,6.617],[-3.772,6.616],[-3.772,6.614],[-3.772,6.613],[-3.773,6.611],[-3.773,6.61],[-3.775,6.609],[-3.776,6.608],[-3.777,6.608],[-3.78,6.608],[-3.781,6.607],[-3.782,6.606],[-3.784,6.605],[-3.785,6.604],[-3.787,6.602],[-3.788,6.6],[-3.79,6.598],[-3.79,6.597],[-3.791,6.596],[-3.792,6.595],[-3.793,6.594],[-3.794,6.593],[-3.795,6.592],[-3.796,6.59],[-3.796,6.588],[-3.797,6.587],[-3.798,6.585],[-3.799,6.584],[-3.8,6.584],[-3.801,6.584],[-3.803,6.583],[-3.805,6.584],[-3.806,6.583],[-3.807,6.582],[-3.809,6.582],[-3.81,6.581],[-3.812,6.58],[-3.814,6.579],[-3.815,6.579],[-3.817,6.578],[-3.818,6.578],[-3.821,6.576],[-3.823,6.575],[-3.824,6.574],[-3.825,6.573],[-3.826,6.571],[-3.828,6.57],[-3.829,6.569],[-3.83,6.568],[-3.831,6.567],[-3.831,6.565],[-3.832,6.563],[-3.832,6.562],[-3.832,6.56],[-3.833,6.557],[-3.834,6.556],[-3.834,6.553],[-3.835,6.552],[-3.836,6.551],[-3.838,6.55],[-3.839,6.549],[-3.84,6.548],[-3.841,6.546],[-3.843,6.543],[-3.843,6.541],[-3.844,6.539],[-3.844,6.538],[-3.845,6.537],[-3.846,6.536],[-3.847,6.535],[-3.848,6.534],[-3.849,6.534],[-3.85,6.533],[-3.852,6.534],[-3.853,6.534],[-3.855,6.535],[-3.856,6.535],[-3.858,6.535],[-3.86,6.535],[-3.862,6.535],[-3.863,6.535],[-3.865,6.536],[-3.866,6.536],[-3.867,6.536],[-3.869,6.536],[-3.871,6.536],[-3.873,6.535],[-3.875,6.535],[-3.877,6.535],[-3.878,6.534],[-3.881,6.534],[-3.883,6.535],[-3.884,6.537],[-3.885,6.538],[-3.886,6.539],[-3.888,6.54],[-3.889,6.54],[-3.891,6.541],[-3.892,6.542],[-3.893,6.543],[-3.894,6.544],[-3.895,6.545],[-3.896,6.546],[-3.897,6.548],[-3.898,6.549],[-3.898,6.55],[-3.899,6.551],[-3.9,6.552],[-3.902,6.553],[-3.904,6.552],[-3.905,6.551],[-3.908,6.551],[-3.909,6.551],[-3.911,6.55],[-3.913,6.55],[-3.915,6.549],[-3.916,6.549],[-3.918,6.548],[-3.919,6.547],[-3.921,6.546],[-3.923,6.546],[-3.924,6.545],[-3.925,6.546],[-3.927,6.545],[-3.928,6.545],[-3.929,6.545],[-3.931,6.544],[-3.932,6.544],[-3.934,6.544],[-3.936,6.543],[-3.937,6.542],[-3.938,6.542],[-3.94,6.542],[-3.941,6.541],[-3.943,6.54],[-3.945,6.54],[-3.947,6.541],[-3.949,6.541],[-3.95,6.541],[-3.952,6.541],[-3.953,6.541],[-3.955,6.54],[-3.957,6.54],[-3.958,6.54],[-3.96,6.541],[-3.961,6.542],[-3.962,6.543],[-3.963,6.545],[-3.964,6.546],[-3.965,6.548],[-3.965,6.549],[-3.966,6.55],[-3.967,6.551],[-3.969,6.552],[-3.97,6.553],[-3.971,6.555],[-3.973,6.557],[-3.975,6.557],[-3.976,6.557],[-3.978,6.556],[-3.98,6.556],[-3.981,6.556],[-3.982,6.555],[-3.984,6.554],[-3.985,6.554],[-3.998,6.541],[-4.025,6.522],[-4.028,6.52],[-4.061,6.504],[-4.07,6.495],[-4.08,6.482],[-4.092,6.493],[-4.139,6.472],[-4.14,6.466],[-4.162,6.335],[-4.115,6.261],[-4.124,6.256],[-4.159,6.231],[-4.161,6.231],[-4.237,6.186],[-4.236,6.187],[-4.237,6.188],[-4.238,6.189],[-4.238,6.19],[-4.24,6.191],[-4.241,6.192],[-4.241,6.192],[-4.242,6.194],[-4.242,6.194],[-4.243,6.195],[-4.244,6.196],[-4.245,6.196],[-4.246,6.197],[-4.246,6.198],[-4.246,6.201],[-4.246,6.202],[-4.247,6.203],[-4.247,6.204],[-4.246,6.205],[-4.246,6.206],[-4.245,6.207],[-4.245,6.207],[-4.245,6.209],[-4.246,6.209],[-4.247,6.209],[-4.248,6.21],[-4.249,6.21],[-4.249,6.211],[-4.25,6.212],[-4.25,6.213],[-4.25,6.214],[-4.25,6.215],[-4.251,6.216],[-4.251,6.216],[-4.251,6.217],[-4.253,6.219],[-4.253,6.22],[-4.253,6.221],[-4.253,6.222],[-4.253,6.224],[-4.253,6.225],[-4.254,6.226],[-4.254,6.227],[-4.255,6.227],[-4.255,6.229],[-4.256,6.229],[-4.257,6.229],[-4.257,6.23],[-4.258,6.23],[-4.259,6.23],[-4.26,6.231],[-4.26,6.232],[-4.261,6.233],[-4.262,6.234],[-4.262,6.235],[-4.262,6.236],[-4.263,6.237],[-4.263,6.238],[-4.263,6.239],[-4.263,6.24],[-4.263,6.24],[-4.263,6.241],[-4.263,6.242],[-4.264,6.243],[-4.264,6.244],[-4.265,6.244],[-4.266,6.245],[-4.267,6.245],[-4.267,6.246],[-4.268,6.247],[-4.268,6.248],[-4.268,6.249],[-4.268,6.25],[-4.268,6.251],[-4.268,6.252],[-4.267,6.253],[-4.267,6.254],[-4.267,6.255],[-4.267,6.255],[-4.267,6.257],[-4.268,6.258],[-4.268,6.259],[-4.269,6.259],[-4.27,6.26],[-4.27,6.261],[-4.271,6.261],[-4.273,6.262],[-4.274,6.263],[-4.275,6.263],[-4.275,6.264],[-4.277,6.265],[-4.278,6.265],[-4.279,6.264],[-4.281,6.264],[-4.282,6.263],[-4.284,6.263],[-4.286,6.264],[-4.287,6.265],[-4.289,6.265],[-4.29,6.266],[-4.292,6.266],[-4.293,6.266],[-4.294,6.267],[-4.295,6.267],[-4.296,6.267],[-4.298,6.267],[-4.299,6.268],[-4.301,6.268],[-4.303,6.268],[-4.305,6.268],[-4.306,6.268],[-4.308,6.267],[-4.31,6.267],[-4.311,6.267],[-4.313,6.267],[-4.314,6.267],[-4.315,6.267],[-4.316,6.267],[-4.317,6.267],[-4.319,6.267],[-4.32,6.267],[-4.321,6.267],[-4.323,6.267],[-4.323,6.266],[-4.325,6.266],[-4.326,6.266],[-4.328,6.266],[-4.33,6.266],[-4.331,6.266],[-4.333,6.265],[-4.334,6.266],[-4.336,6.266],[-4.337,6.266],[-4.339,6.266],[-4.34,6.266],[-4.342,6.266],[-4.342,6.267],[-4.344,6.267],[-4.345,6.267],[-4.346,6.267],[-4.348,6.267],[-4.349,6.266],[-4.35,6.265],[-4.351,6.264],[-4.352,6.263],[-4.354,6.262],[-4.355,6.262],[-4.356,6.262],[-4.358,6.262],[-4.358,6.262],[-4.36,6.262],[-4.362,6.263],[-4.364,6.263],[-4.366,6.263],[-4.367,6.263],[-4.368,6.263],[-4.369,6.263],[-4.371,6.263],[-4.373,6.263],[-4.374,6.262],[-4.376,6.263],[-4.378,6.263],[-4.38,6.263],[-4.381,6.263],[-4.383,6.263],[-4.385,6.264],[-4.386,6.264],[-4.388,6.264],[-4.389,6.265],[-4.39,6.265],[-4.392,6.265],[-4.393,6.264],[-4.394,6.264],[-4.395,6.263],[-4.396,6.262],[-4.398,6.262],[-4.399,6.261],[-4.401,6.261],[-4.402,6.261],[-4.404,6.262],[-4.406,6.262],[-4.407,6.263],[-4.409,6.263],[-4.411,6.264],[-4.412,6.264],[-4.413,6.264],[-4.415,6.264],[-4.416,6.264],[-4.418,6.264],[-4.418,6.263],[-4.42,6.262],[-4.421,6.262],[-4.422,6.261],[-4.423,6.26],[-4.425,6.259],[-4.425,6.259],[-4.426,6.258],[-4.428,6.257],[-4.429,6.256],[-4.431,6.255],[-4.432,6.254],[-4.433,6.254],[-4.435,6.253],[-4.436,6.254],[-4.437,6.255],[-4.438,6.255],[-4.439,6.256],[-4.441,6.256],[-4.443,6.256],[-4.444,6.256],[-4.446,6.255],[-4.447,6.254],[-4.448,6.254],[-4.45,6.254],[-4.451,6.253],[-4.453,6.252],[-4.456,6.252],[-4.458,6.252],[-4.459,6.253],[-4.461,6.254],[-4.461,6.255],[-4.461,6.257],[-4.462,6.258],[-4.462,6.26],[-4.463,6.261],[-4.463,6.262],[-4.464,6.262],[-4.465,6.264],[-4.466,6.265],[-4.466,6.266],[-4.467,6.267],[-4.468,6.268],[-4.468,6.268],[-4.469,6.268],[-4.471,6.267],[-4.473,6.267],[-4.474,6.267],[-4.476,6.267],[-4.478,6.266],[-4.479,6.265],[-4.481,6.265],[-4.482,6.264],[-4.483,6.263],[-4.484,6.262],[-4.486,6.26],[-4.486,6.259],[-4.487,6.257],[-4.488,6.256],[-4.49,6.254],[-4.491,6.253],[-4.492,6.252],[-4.493,6.251],[-4.495,6.249],[-4.496,6.247],[-4.498,6.245],[-4.499,6.243],[-4.5,6.242],[-4.551,6.25],[-4.557,6.251],[-4.582,6.255],[-4.685,6.272],[-4.685,6.27],[-4.687,6.269],[-4.688,6.269],[-4.69,6.27],[-4.691,6.271],[-4.694,6.272],[-4.696,6.272],[-4.697,6.273],[-4.699,6.274],[-4.701,6.275],[-4.701,6.276],[-4.703,6.279],[-4.704,6.28],[-4.705,6.279],[-4.705,6.277],[-4.705,6.274],[-4.705,6.272],[-4.707,6.271],[-4.709,6.271],[-4.711,6.269],[-4.712,6.266],[-4.713,6.264],[-4.715,6.263],[-4.717,6.262],[-4.718,6.26],[-4.72,6.258],[-4.723,6.258],[-4.725,6.257],[-4.728,6.256],[-4.728,6.253],[-4.729,6.252],[-4.73,6.25],[-4.732,6.249],[-4.734,6.25],[-4.736,6.251],[-4.739,6.251],[-4.741,6.25],[-4.742,6.249],[-4.744,6.248],[-4.746,6.247],[-4.748,6.246],[-4.75,6.245],[-4.753,6.246],[-4.756,6.245],[-4.758,6.244],[-4.759,6.243],[-4.763,6.244],[-4.766,6.243],[-4.768,6.242],[-4.771,6.242],[-4.773,6.241],[-4.774,6.241],[-4.776,6.241],[-4.779,6.241],[-4.782,6.24],[-4.785,6.239],[-4.787,6.24],[-4.79,6.241],[-4.792,6.242],[-4.793,6.243],[-4.795,6.242],[-4.797,6.242],[-4.799,6.241],[-4.801,6.241],[-4.803,6.241],[-4.805,6.241],[-4.806,6.242],[-4.809,6.244],[-4.81,6.245],[-4.812,6.247],[-4.814,6.249],[-4.815,6.25],[-4.816,6.251],[-4.818,6.252],[-4.82,6.251],[-4.821,6.249],[-4.822,6.246],[-4.82,6.245],[-4.818,6.244],[-4.817,6.243],[-4.815,6.241],[-4.816,6.238],[-4.818,6.237],[-4.821,6.237],[-4.822,6.236],[-4.824,6.236],[-4.826,6.235],[-4.826,6.236],[-4.828,6.237],[-4.832,6.237],[-4.932,6.261],[-4.937,6.261],[-4.942,6.26],[-4.945,6.26],[-4.948,6.259],[-4.949,6.259],[-4.95,6.258],[-4.952,6.258],[-4.955,6.257],[-4.958,6.257],[-4.96,6.256],[-4.961,6.255],[-4.963,6.252],[-4.966,6.251],[-4.97,6.25],[-4.973,6.249],[-4.975,6.249],[-4.977,6.248],[-4.98,6.246],[-4.983,6.245],[-4.986,6.245],[-4.989,6.244],[-4.99,6.243],[-4.993,6.24],[-4.996,6.239],[-4.999,6.238],[-5.001,6.24],[-5.004,6.24],[-5.007,6.24],[-5.009,6.24],[-5.012,6.239],[-5.015,6.239],[-5.019,6.238],[-5.024,6.237],[-5.027,6.238],[-5.03,6.238],[-5.033,6.237],[-5.035,6.235],[-5.037,6.236],[-5.038,6.239],[-5.039,6.241],[-5.04,6.243],[-5.04,6.246],[-5.039,6.248],[-5.04,6.251],[-5.04,6.253],[-5.041,6.255],[-5.042,6.257],[-5.043,6.259],[-5.044,6.261],[-5.044,6.264],[-5.041,6.266],[-5.038,6.267],[-5.035,6.269],[-5.034,6.271],[-5.032,6.273],[-5.03,6.275],[-5.029,6.277],[-5.026,6.28],[-5.025,6.283],[-5.024,6.287],[-5.025,6.289],[-5.028,6.29],[-5.031,6.292],[-5.034,6.295],[-5.038,6.296],[-5.04,6.295],[-5.044,6.294],[-5.047,6.295],[-5.05,6.295],[-5.052,6.294],[-5.054,6.293],[-5.057,6.292],[-5.059,6.291],[-5.061,6.29],[-5.063,6.289],[-5.066,6.288],[-5.07,6.288],[-5.072,6.286],[-5.074,6.286],[-5.076,6.287],[-5.078,6.287],[-5.082,6.287],[-5.085,6.287],[-5.091,6.285],[-5.093,6.287],[-5.116,6.308],[-5.126,6.312],[-5.136,6.326],[-5.141,6.331],[-5.181,6.368],[-5.203,6.373],[-5.203,6.371],[-5.204,6.372],[-5.205,6.373],[-5.205,6.376],[-5.207,6.377],[-5.208,6.377],[-5.211,6.378],[-5.213,6.378],[-5.216,6.377],[-5.217,6.377],[-5.219,6.376],[-5.222,6.376],[-5.224,6.376],[-5.226,6.376],[-5.228,6.375],[-5.23,6.375],[-5.232,6.375],[-5.233,6.375],[-5.235,6.375],[-5.237,6.374],[-5.241,6.374],[-5.244,6.373],[-5.245,6.373],[-5.247,6.372],[-5.249,6.37],[-5.25,6.368],[-5.251,6.367],[-5.252,6.366],[-5.253,6.365],[-5.255,6.364],[-5.256,6.363],[-5.258,6.362],[-5.259,6.361],[-5.263,6.36],[-5.264,6.359],[-5.266,6.359],[-5.268,6.357],[-5.27,6.356],[-5.272,6.356],[-5.273,6.355],[-5.275,6.355],[-5.276,6.356],[-5.278,6.357],[-5.28,6.357],[-5.282,6.356],[-5.285,6.356],[-5.286,6.356],[-5.288,6.357],[-5.289,6.358],[-5.291,6.357],[-5.294,6.357],[-5.296,6.356],[-5.298,6.357],[-5.301,6.358],[-5.302,6.359],[-5.303,6.36],[-5.304,6.362],[-5.305,6.363],[-5.305,6.365],[-5.304,6.368],[-5.303,6.369],[-5.302,6.371],[-5.304,6.374],[-5.305,6.376],[-5.306,6.378],[-5.307,6.379],[-5.307,6.381],[-5.308,6.382],[-5.309,6.384],[-5.309,6.385],[-5.309,6.387],[-5.309,6.389],[-5.309,6.391],[-5.309,6.392],[-5.31,6.393],[-5.312,6.395],[-5.313,6.396],[-5.314,6.398],[-5.316,6.4],[-5.316,6.402],[-5.317,6.403],[-5.318,6.405],[-5.318,6.408],[-5.318,6.409],[-5.318,6.41],[-5.317,6.413],[-5.316,6.415],[-5.316,6.417],[-5.316,6.419],[-5.316,6.42],[-5.316,6.423],[-5.315,6.426],[-5.314,6.427],[-5.312,6.429],[-5.311,6.431],[-5.311,6.434],[-5.312,6.436],[-5.312,6.438],[-5.313,6.439],[-5.313,6.441],[-5.313,6.442],[-5.313,6.444],[-5.314,6.445],[-5.315,6.446],[-5.317,6.448],[-5.318,6.45],[-5.319,6.451],[-5.32,6.453],[-5.32,6.455],[-5.321,6.457],[-5.321,6.459],[-5.32,6.462],[-5.32,6.463],[-5.318,6.465],[-5.317,6.467],[-5.315,6.469],[-5.312,6.47],[-5.311,6.471],[-5.309,6.472],[-5.308,6.474],[-5.306,6.476],[-5.305,6.478],[-5.303,6.481],[-5.303,6.482],[-5.302,6.485],[-5.302,6.488],[-5.302,6.49],[-5.301,6.493],[-5.3,6.495],[-5.299,6.498],[-5.299,6.5],[-5.3,6.502],[-5.301,6.503],[-5.304,6.505],[-5.307,6.505],[-5.308,6.505],[-5.31,6.505],[-5.312,6.506],[-5.314,6.507],[-5.316,6.507],[-5.318,6.508],[-5.32,6.509],[-5.322,6.51],[-5.323,6.51],[-5.325,6.512],[-5.326,6.513],[-5.326,6.515],[-5.327,6.517],[-5.329,6.519],[-5.329,6.52],[-5.329,6.522],[-5.33,6.525],[-5.329,6.526],[-5.329,6.528],[-5.328,6.53],[-5.327,6.531],[-5.324,6.533],[-5.322,6.535],[-5.318,6.538],[-5.316,6.539],[-5.315,6.54],[-5.313,6.54],[-5.311,6.541],[-5.309,6.541],[-5.307,6.542],[-5.306,6.544],[-5.305,6.545],[-5.304,6.548],[-5.304,6.55],[-5.304,6.551],[-5.302,6.554],[-5.3,6.554],[-5.299,6.555],[-5.298,6.555],[-5.297,6.556],[-5.295,6.556],[-5.294,6.558],[-5.292,6.559],[-5.291,6.561],[-5.29,6.562],[-5.289,6.564],[-5.288,6.565],[-5.287,6.566],[-5.286,6.568],[-5.285,6.57],[-5.284,6.571],[-5.283,6.572],[-5.282,6.574],[-5.282,6.576],[-5.282,6.577],[-5.284,6.578],[-5.285,6.579],[-5.286,6.58],[-5.286,6.582],[-5.285,6.583],[-5.285,6.585],[-5.284,6.587],[-5.283,6.589],[-5.283,6.591],[-5.283,6.593],[-5.284,6.595],[-5.284,6.596],[-5.285,6.598],[-5.286,6.599],[-5.286,6.601],[-5.286,6.602],[-5.286,6.604],[-5.285,6.606],[-5.284,6.607],[-5.284,6.609],[-5.284,6.612],[-5.284,6.614],[-5.283,6.615],[-5.282,6.617],[-5.28,6.617],[-5.279,6.619],[-5.278,6.62],[-5.277,6.621],[-5.277,6.622],[-5.276,6.624],[-5.275,6.625],[-5.274,6.626],[-5.273,6.627],[-5.273,6.628],[-5.273,6.63],[-5.272,6.631],[-5.273,6.636],[-5.272,6.638],[-5.271,6.639],[-5.268,6.639],[-5.266,6.64],[-5.263,6.641],[-5.261,6.642],[-5.258,6.643],[-5.255,6.644],[-5.252,6.645],[-5.25,6.646],[-5.247,6.646],[-5.245,6.647],[-5.243,6.648],[-5.241,6.65],[-5.238,6.651],[-5.236,6.651],[-5.234,6.652],[-5.231,6.653],[-5.229,6.654],[-5.227,6.655],[-5.224,6.656],[-5.222,6.658],[-5.221,6.66],[-5.219,6.661],[-5.216,6.664],[-5.213,6.666],[-5.21,6.669],[-5.208,6.671],[-5.206,6.673],[-5.203,6.675],[-5.2,6.677],[-5.197,6.68],[-5.194,6.683],[-5.192,6.686],[-5.189,6.688],[-5.186,6.691],[-5.184,6.694],[-5.182,6.696],[-5.18,6.698],[-5.177,6.701],[-5.175,6.703],[-5.172,6.707],[-5.169,6.709],[-5.167,6.711],[-5.165,6.714],[-5.162,6.717],[-5.16,6.719],[-5.158,6.722],[-5.155,6.724],[-5.153,6.727],[-5.151,6.73],[-5.149,6.732],[-5.146,6.735],[-5.143,6.738],[-5.141,6.74],[-5.139,6.742],[-5.138,6.744],[-5.136,6.746],[-5.134,6.748],[-5.132,6.749],[-5.13,6.75],[-5.127,6.751],[-5.125,6.753],[-5.124,6.754],[-5.121,6.756],[-5.12,6.757],[-5.118,6.758],[-5.116,6.76],[-5.115,6.762],[-5.113,6.762],[-5.112,6.763],[-5.111,6.765],[-5.108,6.766],[-5.106,6.766],[-5.104,6.766],[-5.101,6.766],[-5.099,6.766],[-5.096,6.767],[-5.094,6.766],[-5.092,6.766],[-5.089,6.766],[-5.086,6.767],[-5.083,6.767],[-5.082,6.768],[-5.08,6.768],[-5.076,6.769],[-5.072,6.77],[-5.07,6.771],[-5.068,6.772],[-5.065,6.774],[-5.063,6.775],[-5.061,6.776],[-5.059,6.778],[-5.057,6.779],[-5.055,6.78],[-5.053,6.781],[-5.051,6.783],[-5.048,6.785],[-5.047,6.785],[-5.046,6.784],[-5.045,6.781],[-5.044,6.779],[-5.044,6.777],[-5.043,6.776],[-5.042,6.775],[-5.041,6.773],[-5.04,6.772],[-5.039,6.769],[-5.038,6.768],[-5.036,6.767],[-5.033,6.766],[-5.031,6.765],[-5.028,6.763],[-5.026,6.763],[-5.024,6.763],[-5.022,6.763],[-5.019,6.763],[-5.016,6.762],[-5.014,6.762],[-5.011,6.761],[-5.009,6.76],[-5.007,6.759],[-5.005,6.758],[-5.002,6.757],[-4.999,6.756],[-4.996,6.756],[-4.994,6.755],[-4.993,6.755],[-4.991,6.755],[-4.989,6.754],[-4.987,6.754],[-4.985,6.753],[-4.983,6.753],[-4.981,6.753],[-4.976,6.752],[-4.976,6.751],[-4.974,6.752],[-4.973,6.752],[-4.971,6.753],[-4.972,6.754],[-4.973,6.755],[-4.975,6.756],[-4.976,6.758],[-4.977,6.759],[-4.979,6.76],[-4.98,6.761],[-4.98,6.762],[-4.978,6.763],[-4.976,6.763],[-4.974,6.763],[-4.973,6.762],[-4.971,6.762],[-4.97,6.762],[-4.969,6.762],[-4.967,6.765],[-4.966,6.766],[-4.966,6.768],[-4.967,6.77],[-4.967,6.772],[-4.967,6.773],[-4.965,6.774],[-4.964,6.775],[-4.964,6.776],[-4.963,6.777],[-4.962,6.779],[-4.962,6.78],[-4.961,6.782],[-4.961,6.784],[-4.961,6.786],[-4.96,6.787],[-4.959,6.786],[-4.959,6.789],[-4.958,6.79],[-4.958,6.791],[-4.959,6.792],[-4.961,6.793],[-4.961,6.794],[-4.962,6.797],[-4.961,6.798],[-4.959,6.799],[-4.958,6.801],[-4.958,6.802],[-4.958,6.804],[-4.959,6.805],[-4.961,6.804],[-4.962,6.803],[-4.963,6.803],[-4.964,6.804],[-4.964,6.805],[-4.964,6.807],[-4.963,6.808],[-4.962,6.809],[-4.961,6.81],[-4.96,6.812],[-4.958,6.813],[-4.957,6.813],[-4.955,6.815],[-4.955,6.816],[-4.954,6.817],[-4.955,6.819],[-4.954,6.821],[-4.956,6.821],[-4.958,6.82],[-4.96,6.819],[-4.962,6.819],[-4.964,6.819],[-4.965,6.82],[-4.967,6.821],[-4.968,6.822],[-4.969,6.822],[-4.971,6.822],[-4.972,6.822],[-4.974,6.823],[-4.975,6.825],[-4.974,6.827],[-4.974,6.829],[-4.973,6.83],[-4.972,6.832],[-4.972,6.834],[-4.972,6.835],[-4.974,6.836],[-4.976,6.836],[-4.978,6.837],[-4.979,6.837],[-4.98,6.838],[-4.98,6.839],[-4.981,6.841],[-4.982,6.842],[-4.983,6.843],[-4.983,6.845],[-4.983,6.846],[-4.982,6.848],[-4.98,6.849],[-4.982,6.85],[-4.982,6.851],[-4.983,6.852],[-4.984,6.853],[-4.985,6.854],[-4.985,6.856],[-4.986,6.857],[-4.988,6.858],[-4.989,6.859],[-4.989,6.861],[-4.989,6.862],[-4.989,6.863],[-4.99,6.865],[-4.99,6.866],[-4.991,6.868],[-4.991,6.87],[-4.991,6.871],[-4.991,6.873],[-4.991,6.874],[-4.99,6.875],[-4.991,6.876],[-4.991,6.877],[-4.991,6.879],[-4.989,6.88],[-4.988,6.881],[-4.987,6.883],[-4.988,6.885],[-4.989,6.886],[-4.99,6.887],[-4.99,6.889],[-4.991,6.89],[-4.992,6.891],[-4.994,6.89],[-4.995,6.89],[-4.996,6.89],[-4.998,6.89],[-4.999,6.891],[-5.0,6.891],[-5.002,6.89],[-5.003,6.891],[-5.005,6.891],[-5.006,6.892],[-5.005,6.893],[-5.007,6.894],[-5.008,6.895],[-5.008,6.896],[-5.009,6.897],[-5.01,6.898],[-5.012,6.898],[-5.013,6.9],[-5.014,6.901],[-5.015,6.901],[-5.017,6.901],[-5.019,6.902],[-5.021,6.903],[-5.022,6.903],[-5.023,6.903],[-5.025,6.902],[-5.026,6.904],[-5.027,6.905],[-5.028,6.905],[-5.029,6.906],[-5.03,6.908],[-5.03,6.909],[-5.029,6.91],[-5.027,6.911],[-5.026,6.911],[-5.027,6.912],[-5.028,6.913],[-5.028,6.914],[-5.028,6.915],[-5.028,6.917],[-5.029,6.918],[-5.03,6.919],[-5.031,6.92],[-5.031,6.922],[-5.03,6.924],[-5.031,6.925],[-5.032,6.926],[-5.034,6.929],[-5.034,6.93],[-5.035,6.932],[-5.034,6.933],[-5.033,6.935],[-5.033,6.936],[-5.034,6.938],[-5.034,6.939],[-5.034,6.941],[-5.036,6.942],[-5.037,6.943],[-5.039,6.944],[-5.04,6.945],[-5.041,6.946],[-5.041,6.947],[-5.042,6.948],[-5.042,6.95],[-5.041,6.952],[-5.041,6.953],[-5.041,6.954],[-5.041,6.956],[-5.042,6.956],[-5.044,6.957],[-5.044,6.958],[-5.046,6.96],[-5.046,6.961],[-5.047,6.963],[-5.048,6.964],[-5.048,6.965],[-5.049,6.966],[-5.049,6.967],[-5.051,6.967],[-5.052,6.969],[-5.053,6.97],[-5.053,6.971],[-5.053,6.972],[-5.055,6.973],[-5.055,6.974],[-5.056,6.976],[-5.057,6.977],[-5.059,6.977],[-5.06,6.976],[-5.062,6.977],[-5.064,6.976],[-5.066,6.977],[-5.067,6.977],[-5.069,6.977],[-5.07,6.977],[-5.072,6.977],[-5.074,6.977],[-5.076,6.978],[-5.077,6.977],[-5.079,6.977],[-5.081,6.977],[-5.082,6.978],[-5.083,6.98],[-5.083,6.981],[-5.084,6.982],[-5.085,6.983],[-5.087,6.983],[-5.087,6.982],[-5.088,6.981],[-5.09,6.98],[-5.092,6.98],[-5.093,6.981],[-5.094,6.982],[-5.094,6.983],[-5.094,6.984],[-5.094,6.986],[-5.095,6.987],[-5.095,6.988],[-5.096,6.989],[-5.096,6.99],[-5.098,6.991],[-5.099,6.991],[-5.1,6.992],[-5.101,6.993],[-5.103,6.994],[-5.104,6.993],[-5.106,6.992],[-5.107,6.991],[-5.108,6.991],[-5.109,6.992],[-5.11,6.993],[-5.11,6.995],[-5.111,6.997],[-5.112,6.997],[-5.113,6.997],[-5.115,6.997],[-5.116,6.997],[-5.117,6.997],[-5.118,6.998],[-5.119,7.0],[-5.119,7.001],[-5.119,7.002],[-5.12,7.003],[-5.121,7.005],[-5.121,7.007],[-5.121,7.008],[-5.121,7.009],[-5.123,7.01],[-5.124,7.01],[-5.125,7.012],[-5.125,7.013],[-5.125,7.014],[-5.126,7.015],[-5.127,7.016],[-5.127,7.017],[-5.127,7.019],[-5.128,7.02],[-5.129,7.022],[-5.127,7.023],[-5.126,7.023],[-5.125,7.023],[-5.124,7.023],[-5.124,7.025],[-5.124,7.026],[-5.123,7.028],[-5.125,7.029],[-5.127,7.028],[-5.129,7.028],[-5.13,7.028],[-5.131,7.028],[-5.133,7.027],[-5.134,7.027],[-5.135,7.027],[-5.136,7.028],[-5.137,7.028],[-5.138,7.03],[-5.139,7.031],[-5.141,7.032],[-5.142,7.031],[-5.145,7.03],[-5.146,7.03],[-5.147,7.03],[-5.149,7.031],[-5.15,7.032],[-5.151,7.033],[-5.152,7.032],[-5.153,7.03],[-5.154,7.029],[-5.156,7.028],[-5.158,7.028],[-5.16,7.028],[-5.162,7.028],[-5.164,7.03],[-5.165,7.03],[-5.167,7.029],[-5.169,7.028],[-5.17,7.028],[-5.171,7.028],[-5.173,7.029],[-5.174,7.029],[-5.175,7.03],[-5.176,7.031],[-5.178,7.031],[-5.179,7.03],[-5.181,7.03],[-5.183,7.031],[-5.184,7.032],[-5.185,7.033],[-5.186,7.034],[-5.188,7.035],[-5.189,7.036],[-5.19,7.037],[-5.192,7.037],[-5.193,7.037],[-5.195,7.037],[-5.196,7.037],[-5.197,7.036],[-5.199,7.036],[-5.2,7.036],[-5.202,7.036],[-5.206,7.036],[-5.208,7.036],[-5.209,7.036],[-5.21,7.036],[-5.212,7.037],[-5.213,7.037],[-5.214,7.038],[-5.215,7.039],[-5.216,7.041],[-5.217,7.042],[-5.218,7.043],[-5.219,7.044],[-5.22,7.044],[-5.221,7.045],[-5.222,7.047],[-5.222,7.048],[-5.223,7.05],[-5.224,7.051],[-5.225,7.051],[-5.227,7.052],[-5.228,7.054],[-5.229,7.054],[-5.23,7.055],[-5.231,7.056],[-5.232,7.057],[-5.234,7.057],[-5.235,7.058],[-5.237,7.058],[-5.238,7.058],[-5.24,7.058],[-5.241,7.059],[-5.243,7.059],[-5.244,7.059],[-5.245,7.06],[-5.247,7.06],[-5.249,7.059],[-5.251,7.059],[-5.253,7.058],[-5.257,7.058],[-5.259,7.058],[-5.26,7.058],[-5.261,7.058],[-5.262,7.058],[-5.264,7.058],[-5.265,7.057],[-5.266,7.058],[-5.268,7.059],[-5.269,7.059],[-5.271,7.059],[-5.272,7.059],[-5.274,7.059],[-5.275,7.06],[-5.277,7.061],[-5.278,7.061],[-5.279,7.062],[-5.28,7.063],[-5.283,7.066],[-5.284,7.068],[-5.285,7.07],[-5.286,7.07],[-5.288,7.071],[-5.289,7.071],[-5.29,7.072],[-5.292,7.073],[-5.293,7.073],[-5.295,7.074],[-5.296,7.074],[-5.297,7.074],[-5.298,7.074],[-5.3,7.075],[-5.301,7.075],[-5.303,7.076],[-5.304,7.076],[-5.307,7.077],[-5.309,7.078],[-5.311,7.078],[-5.312,7.079],[-5.313,7.079],[-5.314,7.079],[-5.316,7.079],[-5.317,7.079],[-5.318,7.079],[-5.319,7.078],[-5.32,7.078],[-5.321,7.077],[-5.322,7.077],[-5.323,7.077],[-5.325,7.076],[-5.326,7.076],[-5.327,7.076],[-5.328,7.075],[-5.329,7.075],[-5.331,7.075],[-5.332,7.074],[-5.333,7.074],[-5.334,7.073],[-5.336,7.072],[-5.337,7.072],[-5.339,7.072],[-5.351,7.073],[-5.352,7.072],[-5.355,7.072],[-5.357,7.072],[-5.358,7.072],[-5.36,7.072],[-5.361,7.072],[-5.363,7.07],[-5.364,7.07],[-5.366,7.07],[-5.367,7.07],[-5.369,7.07],[-5.37,7.07],[-5.371,7.07],[-5.374,7.069],[-5.375,7.069],[-5.377,7.069],[-5.378,7.068],[-5.38,7.067],[-5.381,7.066],[-5.381,7.065],[-5.382,7.065],[-5.383,7.064],[-5.384,7.064],[-5.386,7.063],[-5.387,7.062],[-5.388,7.061],[-5.39,7.061],[-5.392,7.059],[-5.393,7.059],[-5.394,7.058],[-5.395,7.057],[-5.396,7.056],[-5.397,7.055],[-5.399,7.055],[-5.4,7.054],[-5.402,7.053],[-5.403,7.053],[-5.404,7.053],[-5.406,7.052],[-5.407,7.051],[-5.408,7.051],[-5.41,7.05],[-5.411,7.049],[-5.413,7.049],[-5.414,7.049],[-5.416,7.048],[-5.417,7.048],[-5.419,7.048],[-5.42,7.047],[-5.422,7.047],[-5.424,7.047],[-5.426,7.047],[-5.428,7.046],[-5.429,7.045],[-5.431,7.045],[-5.432,7.044],[-5.433,7.044],[-5.434,7.044],[-5.436,7.042],[-5.437,7.042],[-5.438,7.041],[-5.44,7.04],[-5.441,7.039],[-5.441,7.037],[-5.442,7.036],[-5.443,7.035],[-5.445,7.035],[-5.446,7.035],[-5.448,7.035],[-5.449,7.037],[-5.45,7.038],[-5.451,7.039],[-5.452,7.039],[-5.453,7.041],[-5.456,7.041],[-5.458,7.041],[-5.46,7.042],[-5.462,7.043],[-5.464,7.043],[-5.466,7.044],[-5.468,7.045],[-5.469,7.046],[-5.47,7.048],[-5.472,7.048],[-5.475,7.048],[-5.477,7.049],[-5.479,7.049],[-5.481,7.05],[-5.483,7.05],[-5.485,7.05],[-5.487,7.051],[-5.489,7.053],[-5.489,7.055],[-5.489,7.058],[-5.49,7.061],[-5.49,7.062],[-5.49,7.064],[-5.49,7.066],[-5.49,7.068],[-5.491,7.07],[-5.492,7.072],[-5.493,7.075],[-5.493,7.077],[-5.493,7.079],[-5.493,7.081],[-5.493,7.082],[-5.493,7.084],[-5.494,7.087],[-5.495,7.089],[-5.495,7.091],[-5.495,7.094],[-5.495,7.096],[-5.495,7.098],[-5.495,7.1],[-5.495,7.103],[-5.496,7.105],[-5.496,7.106],[-5.496,7.108],[-5.496,7.11],[-5.495,7.111],[-5.493,7.113],[-5.491,7.114],[-5.49,7.115],[-5.489,7.116],[-5.489,7.118],[-5.489,7.122],[-5.488,7.124],[-5.487,7.125],[-5.486,7.127],[-5.484,7.129],[-5.483,7.131],[-5.481,7.133],[-5.48,7.135],[-5.48,7.137],[-5.481,7.138],[-5.483,7.14],[-5.485,7.14],[-5.487,7.141],[-5.489,7.141],[-5.491,7.141],[-5.492,7.142],[-5.495,7.143],[-5.497,7.144],[-5.499,7.145],[-5.5,7.145],[-5.502,7.146],[-5.504,7.147],[-5.506,7.148],[-5.507,7.149],[-5.509,7.15],[-5.511,7.151],[-5.514,7.153],[-5.515,7.154],[-5.517,7.155],[-5.518,7.156],[-5.521,7.157],[-5.524,7.158],[-5.526,7.157],[-5.528,7.157],[-5.529,7.157],[-5.531,7.157],[-5.535,7.156],[-5.536,7.156],[-5.538,7.156],[-5.54,7.156],[-5.543,7.155],[-5.545,7.154],[-5.546,7.152],[-5.547,7.15],[-5.547,7.148],[-5.547,7.147],[-5.548,7.144],[-5.551,7.143],[-5.553,7.141],[-5.555,7.141],[-5.556,7.141],[-5.558,7.141],[-5.56,7.141],[-5.563,7.14],[-5.565,7.139],[-5.568,7.139],[-5.571,7.139],[-5.572,7.139],[-5.574,7.14],[-5.576,7.14],[-5.579,7.141],[-5.581,7.14],[-5.584,7.14],[-5.585,7.14],[-5.587,7.14],[-5.589,7.141],[-5.59,7.142],[-5.592,7.143],[-5.594,7.144],[-5.595,7.145],[-5.597,7.147],[-5.599,7.148],[-5.601,7.149],[-5.603,7.15],[-5.604,7.151],[-5.607,7.153],[-5.609,7.154],[-5.61,7.154],[-5.612,7.156],[-5.612,7.158],[-5.613,7.16],[-5.611,7.162],[-5.61,7.163],[-5.609,7.164],[-5.607,7.166],[-5.605,7.168],[-5.603,7.17],[-5.602,7.171],[-5.601,7.173],[-5.602,7.175],[-5.602,7.177],[-5.602,7.178],[-5.602,7.18],[-5.602,7.182],[-5.604,7.186],[-5.605,7.187],[-5.607,7.188],[-5.609,7.188],[-5.611,7.189],[-5.613,7.19],[-5.614,7.19],[-5.615,7.19],[-5.617,7.19],[-5.619,7.19],[-5.621,7.19],[-5.622,7.19],[-5.625,7.191],[-5.626,7.192],[-5.628,7.194],[-5.63,7.195],[-5.632,7.196],[-5.634,7.197],[-5.635,7.198],[-5.638,7.199],[-5.639,7.199],[-5.641,7.199],[-5.644,7.199],[-5.646,7.199],[-5.648,7.199],[-5.65,7.199],[-5.652,7.2],[-5.654,7.201],[-5.655,7.203],[-5.659,7.208],[-5.662,7.209],[-5.663,7.21],[-5.664,7.211],[-5.666,7.213],[-5.668,7.214],[-5.67,7.215],[-5.671,7.216],[-5.673,7.218],[-5.674,7.22],[-5.675,7.222],[-5.676,7.224],[-5.676,7.227],[-5.677,7.228],[-5.677,7.23],[-5.676,7.232],[-5.675,7.235],[-5.673,7.237],[-5.672,7.237],[-5.668,7.237],[-5.666,7.237],[-5.665,7.237],[-5.663,7.236],[-5.661,7.234],[-5.658,7.233],[-5.657,7.234],[-5.656,7.236],[-5.655,7.237],[-5.653,7.238],[-5.654,7.239],[-5.654,7.242],[-5.653,7.244],[-5.652,7.246],[-5.651,7.248],[-5.651,7.249],[-5.65,7.252],[-5.649,7.253],[-5.648,7.255],[-5.646,7.256],[-5.644,7.258],[-5.643,7.26],[-5.641,7.262],[-5.64,7.264],[-5.639,7.265],[-5.638,7.266],[-5.636,7.267],[-5.633,7.267],[-5.631,7.268],[-5.629,7.268],[-5.627,7.267],[-5.625,7.267],[-5.623,7.267],[-5.622,7.267],[-5.62,7.267],[-5.616,7.267],[-5.613,7.268],[-5.611,7.269],[-5.61,7.27],[-5.609,7.272],[-5.607,7.273],[-5.605,7.273],[-5.602,7.273],[-5.599,7.273],[-5.596,7.273],[-5.594,7.273],[-5.591,7.273],[-5.589,7.272],[-5.586,7.272],[-5.583,7.272],[-5.58,7.274],[-5.578,7.275],[-5.576,7.277],[-5.575,7.278],[-5.572,7.28],[-5.57,7.281],[-5.568,7.282],[-5.566,7.283],[-5.563,7.283],[-5.56,7.283],[-5.557,7.284],[-5.554,7.284],[-5.55,7.285],[-5.547,7.285],[-5.543,7.286],[-5.54,7.287],[-5.536,7.287],[-5.533,7.288],[-5.529,7.289],[-5.526,7.29],[-5.523,7.29],[-5.52,7.291],[-5.517,7.291],[-5.514,7.292],[-5.511,7.292],[-5.508,7.293],[-5.505,7.293],[-5.503,7.294],[-5.501,7.294],[-5.498,7.295],[-5.497,7.296],[-5.495,7.298],[-5.493,7.299],[-5.49,7.3],[-5.488,7.301],[-5.486,7.302],[-5.485,7.303],[-5.483,7.304],[-5.482,7.305],[-5.481,7.306],[-5.479,7.307],[-5.477,7.306],[-5.475,7.305],[-5.474,7.303],[-5.471,7.303],[-5.466,7.304],[-5.464,7.305],[-5.458,7.303],[-5.45,7.306],[-5.437,7.306],[-5.433,7.298],[-5.435,7.285],[-5.428,7.278],[-5.414,7.281],[-5.407,7.277],[-5.406,7.276],[-5.406,7.274],[-5.405,7.272],[-5.404,7.27],[-5.403,7.267],[-5.403,7.266],[-5.402,7.263],[-5.401,7.261],[-5.401,7.259],[-5.4,7.257],[-5.4,7.255],[-5.399,7.253],[-5.399,7.251],[-5.398,7.249],[-5.397,7.247],[-5.396,7.245],[-5.395,7.244],[-5.393,7.242],[-5.392,7.242],[-5.39,7.241],[-5.388,7.24],[-5.387,7.239],[-5.384,7.239],[-5.382,7.239],[-5.38,7.239],[-5.377,7.239],[-5.373,7.239],[-5.369,7.238],[-5.366,7.238],[-5.362,7.238],[-5.359,7.238],[-5.356,7.238],[-5.354,7.237],[-5.352,7.237],[-5.35,7.239],[-5.348,7.239],[-5.346,7.24],[-5.344,7.24],[-5.342,7.24],[-5.34,7.241],[-5.337,7.241],[-5.334,7.241],[-5.332,7.241],[-5.329,7.241],[-5.327,7.241],[-5.325,7.242],[-5.322,7.242],[-5.321,7.241],[-5.319,7.239],[-5.316,7.239],[-5.315,7.238],[-5.314,7.237],[-5.312,7.236],[-5.311,7.236],[-5.309,7.235],[-5.307,7.236],[-5.305,7.236],[-5.303,7.236],[-5.302,7.234],[-5.301,7.232],[-5.3,7.231],[-5.298,7.229],[-5.296,7.229],[-5.294,7.228],[-5.292,7.229],[-5.291,7.23],[-5.29,7.231],[-5.289,7.233],[-5.289,7.234],[-5.287,7.236],[-5.286,7.237],[-5.286,7.239],[-5.285,7.24],[-5.283,7.242],[-5.282,7.244],[-5.281,7.245],[-5.281,7.247],[-5.28,7.248],[-5.278,7.25],[-5.277,7.252],[-5.276,7.254],[-5.275,7.256],[-5.274,7.257],[-5.273,7.258],[-5.271,7.26],[-5.27,7.261],[-5.268,7.263],[-5.267,7.264],[-5.266,7.265],[-5.265,7.266],[-5.264,7.268],[-5.264,7.269],[-5.262,7.271],[-5.26,7.272],[-5.259,7.274],[-5.257,7.275],[-5.255,7.277],[-5.254,7.279],[-5.252,7.28],[-5.25,7.282],[-5.247,7.288],[-5.246,7.288],[-5.242,7.286],[-5.241,7.285],[-5.238,7.284],[-5.236,7.284],[-5.235,7.283],[-5.231,7.281],[-5.228,7.28],[-5.226,7.281],[-5.214,7.29],[-5.213,7.291],[-5.212,7.292],[-5.21,7.293],[-5.209,7.295],[-5.209,7.297],[-5.209,7.299],[-5.209,7.3],[-5.208,7.301],[-5.207,7.304],[-5.206,7.306],[-5.205,7.309],[-5.205,7.31],[-5.205,7.314],[-5.204,7.316],[-5.202,7.318],[-5.202,7.319],[-5.2,7.32],[-5.2,7.322],[-5.198,7.324],[-5.197,7.325],[-5.196,7.327],[-5.195,7.328],[-5.193,7.329],[-5.192,7.33],[-5.19,7.332],[-5.189,7.333],[-5.186,7.334],[-5.183,7.335],[-5.181,7.336],[-5.18,7.338],[-5.179,7.341],[-5.178,7.342],[-5.176,7.344],[-5.174,7.345],[-5.172,7.346],[-5.17,7.346],[-5.167,7.346],[-5.165,7.345],[-5.162,7.345],[-5.16,7.345],[-5.158,7.346],[-5.156,7.347],[-5.155,7.349],[-5.152,7.349],[-5.15,7.349],[-5.148,7.349],[-5.147,7.349],[-5.145,7.35],[-5.143,7.352],[-5.14,7.354],[-5.138,7.356],[-5.137,7.357],[-5.135,7.358],[-5.133,7.359],[-5.13,7.36],[-5.129,7.362],[-5.127,7.364],[-5.124,7.365],[-5.123,7.366],[-5.122,7.367],[-5.119,7.368],[-5.117,7.371],[-5.117,7.373],[-5.117,7.374],[-5.117,7.376],[-5.117,7.378],[-5.116,7.38],[-5.115,7.383],[-5.114,7.385],[-5.114,7.388],[-5.113,7.391],[-5.113,7.393],[-5.114,7.395],[-5.115,7.396],[-5.115,7.399],[-5.115,7.401],[-5.113,7.401],[-5.11,7.401],[-5.108,7.401],[-5.106,7.401],[-5.103,7.401],[-5.102,7.402],[-5.1,7.403],[-5.098,7.405],[-5.097,7.406],[-5.095,7.407],[-5.094,7.407],[-5.092,7.407],[-5.09,7.408],[-5.087,7.408],[-5.085,7.41],[-5.083,7.409],[-5.081,7.408],[-5.078,7.407],[-5.075,7.405],[-5.073,7.405],[-5.071,7.406],[-5.069,7.405],[-5.067,7.405],[-5.064,7.405],[-5.064,7.406],[-5.062,7.408],[-5.061,7.41],[-5.06,7.411],[-5.057,7.413],[-5.055,7.415],[-5.053,7.416],[-5.049,7.431],[-5.048,7.433],[-5.047,7.434],[-5.045,7.436],[-5.044,7.437],[-5.042,7.439],[-5.04,7.44],[-5.039,7.442],[-5.037,7.443],[-5.036,7.445],[-5.034,7.447],[-5.032,7.448],[-5.03,7.45],[-5.029,7.451],[-5.027,7.454],[-5.025,7.456],[-5.023,7.457],[-5.022,7.458],[-5.003,7.473],[-5.001,7.475],[-4.996,7.471],[-4.995,7.47],[-4.994,7.469],[-4.992,7.466],[-4.99,7.465],[-4.989,7.464],[-4.987,7.465],[-4.988,7.467],[-4.988,7.469],[-4.987,7.471],[-4.985,7.473],[-4.983,7.475],[-4.981,7.476],[-4.98,7.477],[-4.978,7.48],[-4.977,7.481],[-4.976,7.483],[-4.975,7.484],[-4.974,7.486],[-4.973,7.487],[-4.972,7.489],[-4.97,7.49],[-4.969,7.491],[-4.967,7.492],[-4.966,7.492],[-4.963,7.491],[-4.962,7.49],[-4.959,7.488],[-4.958,7.487],[-4.957,7.484],[-4.955,7.483],[-4.953,7.482],[-4.95,7.482],[-4.949,7.483],[-4.948,7.484],[-4.945,7.485],[-4.943,7.485],[-4.941,7.484],[-4.939,7.483],[-4.937,7.482],[-4.934,7.48],[-4.932,7.48],[-4.931,7.481],[-4.929,7.483],[-4.926,7.484],[-4.926,7.494],[-4.927,7.496],[-4.927,7.498],[-4.927,7.5],[-4.927,7.501],[-4.927,7.503],[-4.927,7.505],[-4.927,7.507],[-4.927,7.509],[-4.927,7.51],[-4.927,7.512],[-4.927,7.513],[-4.927,7.514],[-4.927,7.516],[-4.927,7.517],[-4.928,7.519],[-4.929,7.52],[-4.929,7.521],[-4.93,7.523],[-4.929,7.524],[-4.928,7.525],[-4.927,7.526],[-4.926,7.527],[-4.925,7.529],[-4.924,7.53],[-4.923,7.531],[-4.922,7.532],[-4.921,7.534],[-4.921,7.536],[-4.92,7.538],[-4.92,7.539],[-4.919,7.54],[-4.917,7.541],[-4.916,7.543],[-4.915,7.544],[-4.914,7.546],[-4.913,7.547],[-4.912,7.548],[-4.911,7.55],[-4.909,7.551],[-4.908,7.552],[-4.907,7.553],[-4.906,7.554],[-4.905,7.556],[-4.904,7.557],[-4.904,7.559],[-4.903,7.561],[-4.902,7.562],[-4.901,7.564],[-4.9,7.566],[-4.899,7.568],[-4.899,7.569],[-4.898,7.57],[-4.897,7.572],[-4.897,7.573],[-4.896,7.574],[-4.887,7.575],[-4.884,7.61],[-4.883,7.609],[-4.882,7.609],[-4.876,7.606],[-4.876,7.605],[-4.871,7.605],[-4.868,7.605],[-4.868,7.605],[-4.864,7.605],[-4.859,7.603],[-4.857,7.598],[-4.856,7.591],[-4.855,7.59],[-4.855,7.589],[-4.854,7.588],[-4.851,7.586],[-4.848,7.582],[-4.848,7.581],[-4.846,7.578],[-4.841,7.573],[-4.837,7.571],[-4.836,7.571],[-4.831,7.569],[-4.83,7.568],[-4.83,7.566],[-4.828,7.568],[-4.825,7.57],[-4.824,7.571],[-4.821,7.571],[-4.819,7.571],[-4.817,7.571],[-4.814,7.57],[-4.812,7.568],[-4.809,7.567],[-4.806,7.567],[-4.802,7.566],[-4.8,7.566],[-4.797,7.565],[-4.793,7.565],[-4.791,7.564],[-4.789,7.565],[-4.785,7.569],[-4.776,7.58],[-4.758,7.56],[-4.756,7.558],[-4.754,7.556],[-4.751,7.555],[-4.748,7.554],[-4.746,7.553],[-4.745,7.552],[-4.744,7.55],[-4.743,7.547],[-4.742,7.545],[-4.741,7.543],[-4.74,7.54],[-4.739,7.537],[-4.739,7.535],[-4.738,7.532],[-4.738,7.53],[-4.737,7.529],[-4.735,7.528],[-4.733,7.527],[-4.731,7.526],[-4.729,7.525],[-4.728,7.526],[-4.727,7.527],[-4.727,7.529],[-4.726,7.531],[-4.724,7.531],[-4.723,7.531],[-4.722,7.529],[-4.721,7.528],[-4.719,7.528],[-4.718,7.529],[-4.716,7.529],[-4.715,7.528],[-4.713,7.528],[-4.712,7.528],[-4.71,7.527],[-4.708,7.526],[-4.706,7.524],[-4.705,7.523],[-4.704,7.522],[-4.701,7.522],[-4.7,7.522],[-4.698,7.521],[-4.697,7.52],[-4.695,7.52],[-4.693,7.519],[-4.692,7.518],[-4.69,7.518],[-4.688,7.518],[-4.686,7.517],[-4.683,7.518],[-4.681,7.519],[-4.679,7.519],[-4.677,7.52],[-4.676,7.521],[-4.674,7.523],[-4.673,7.524],[-4.672,7.525],[-4.671,7.526],[-4.67,7.526],[-4.668,7.527],[-4.667,7.528],[-4.665,7.529],[-4.663,7.529],[-4.662,7.529],[-4.661,7.53],[-4.66,7.531],[-4.658,7.533],[-4.656,7.535],[-4.655,7.537],[-4.654,7.539],[-4.654,7.54],[-4.655,7.542],[-4.657,7.544],[-4.658,7.545],[-4.659,7.547],[-4.659,7.549],[-4.659,7.55],[-4.658,7.552],[-4.657,7.553],[-4.656,7.555],[-4.654,7.555],[-4.654,7.556],[-4.652,7.558],[-4.65,7.56],[-4.649,7.56],[-4.647,7.561],[-4.646,7.562],[-4.644,7.562],[-4.642,7.562],[-4.64,7.561],[-4.638,7.561],[-4.636,7.561],[-4.634,7.562],[-4.633,7.563],[-4.63,7.564],[-4.629,7.565],[-4.628,7.566],[-4.625,7.566],[-4.623,7.567],[-4.622,7.568],[-4.619,7.568],[-4.618,7.568],[-4.616,7.568],[-4.615,7.569],[-4.613,7.569],[-4.612,7.57],[-4.61,7.57],[-4.609,7.571],[-4.607,7.572],[-4.606,7.574],[-4.607,7.576],[-4.607,7.577],[-4.607,7.579],[-4.605,7.58],[-4.604,7.58],[-4.602,7.58],[-4.6,7.58],[-4.599,7.58],[-4.598,7.581],[-4.599,7.583],[-4.6,7.584],[-4.6,7.586],[-4.6,7.588],[-4.598,7.589],[-4.597,7.59],[-4.596,7.591],[-4.596,7.593],[-4.596,7.595],[-4.596,7.597],[-4.596,7.598],[-4.596,7.6],[-4.594,7.6],[-4.593,7.6],[-4.591,7.601],[-4.589,7.602],[-4.588,7.604],[-4.586,7.605],[-4.585,7.607],[-4.584,7.608],[-4.583,7.608],[-4.581,7.608],[-4.579,7.608],[-4.579,7.61],[-4.578,7.612],[-4.576,7.613],[-4.574,7.614],[-4.573,7.616],[-4.573,7.617],[-4.572,7.619],[-4.571,7.62],[-4.57,7.62],[-4.568,7.621],[-4.566,7.62],[-4.565,7.619],[-4.563,7.618],[-4.561,7.618],[-4.56,7.617],[-4.559,7.617],[-4.557,7.618],[-4.555,7.618],[-4.554,7.619],[-4.552,7.619],[-4.549,7.619],[-4.547,7.618],[-4.545,7.618],[-4.544,7.617],[-4.542,7.617],[-4.54,7.616],[-4.538,7.616],[-4.536,7.615],[-4.535,7.615],[-4.534,7.614],[-4.534,7.612],[-4.533,7.611],[-4.533,7.609],[-4.532,7.607],[-4.532,7.606],[-4.531,7.604],[-4.529,7.603],[-4.528,7.603],[-4.525,7.603],[-4.524,7.603],[-4.522,7.603],[-4.52,7.603],[-4.519,7.603],[-4.517,7.601],[-4.516,7.602],[-4.514,7.604],[-4.513,7.605],[-4.512,7.606],[-4.511,7.607],[-4.51,7.608],[-4.509,7.609],[-4.508,7.61],[-4.506,7.61],[-4.505,7.61],[-4.502,7.61],[-4.501,7.61],[-4.499,7.61],[-4.498,7.611],[-4.496,7.612],[-4.495,7.614],[-4.495,7.617],[-4.495,7.619],[-4.495,7.621],[-4.495,7.642],[-4.495,7.654],[-4.497,7.656],[-4.497,7.657],[-4.497,7.658],[-4.498,7.66],[-4.498,7.662],[-4.499,7.664],[-4.5,7.665],[-4.501,7.665],[-4.502,7.667],[-4.504,7.668],[-4.505,7.67],[-4.506,7.671],[-4.507,7.673],[-4.507,7.675],[-4.507,7.677],[-4.506,7.678],[-4.506,7.679],[-4.506,7.681],[-4.507,7.683],[-4.507,7.684],[-4.507,7.686],[-4.507,7.687],[-4.508,7.689],[-4.508,7.691],[-4.508,7.692],[-4.509,7.695],[-4.509,7.696],[-4.509,7.698],[-4.509,7.699],[-4.51,7.699],[-4.51,7.701],[-4.51,7.703],[-4.511,7.705],[-4.511,7.707],[-4.511,7.708],[-4.51,7.71],[-4.511,7.712],[-4.512,7.714],[-4.512,7.717],[-4.512,7.719],[-4.513,7.72],[-4.513,7.723],[-4.513,7.726],[-4.513,7.728],[-4.513,7.73],[-4.513,7.732],[-4.514,7.733],[-4.515,7.734],[-4.515,7.735],[-4.516,7.737],[-4.519,7.743],[-4.519,7.744],[-4.52,7.745],[-4.52,7.748],[-4.52,7.749],[-4.521,7.75],[-4.521,7.752],[-4.522,7.754],[-4.524,7.756],[-4.525,7.758],[-4.526,7.76],[-4.527,7.762],[-4.528,7.762],[-4.53,7.763],[-4.531,7.764],[-4.532,7.766],[-4.533,7.767],[-4.533,7.768],[-4.534,7.77],[-4.535,7.771],[-4.536,7.772],[-4.537,7.774],[-4.537,7.776],[-4.536,7.777],[-4.537,7.779],[-4.537,7.781],[-4.537,7.783],[-4.538,7.784],[-4.539,7.786],[-4.538,7.788],[-4.537,7.79],[-4.537,7.792],[-4.536,7.794],[-4.535,7.796],[-4.535,7.797],[-4.535,7.799],[-4.535,7.801],[-4.536,7.802],[-4.537,7.803],[-4.537,7.805],[-4.537,7.807],[-4.536,7.809],[-4.535,7.811],[-4.534,7.813],[-4.533,7.815],[-4.532,7.816],[-4.531,7.818],[-4.53,7.821],[-4.529,7.823],[-4.53,7.823],[-4.529,7.829],[-4.527,7.828],[-4.526,7.826],[-4.525,7.825],[-4.524,7.824],[-4.523,7.822],[-4.521,7.822],[-4.519,7.821],[-4.517,7.821],[-4.516,7.82],[-4.514,7.819],[-4.512,7.82],[-4.51,7.82],[-4.508,7.819],[-4.505,7.818],[-4.504,7.817],[-4.448,7.827],[-4.449,7.828],[-4.384,7.839],[-4.346,7.845],[-4.345,7.846],[-4.318,7.865],[-4.316,7.869],[-4.31,7.871],[-4.306,7.873],[-4.305,7.881],[-4.307,7.899],[-4.303,7.9],[-4.298,7.901],[-4.295,7.903],[-4.292,7.904],[-4.288,7.902],[-4.285,7.9],[-4.282,7.901],[-4.278,7.907],[-4.271,7.914],[-4.266,7.924],[-4.262,7.924],[-4.258,7.923],[-4.254,7.924],[-4.251,7.922],[-4.247,7.92],[-4.243,7.92],[-4.241,7.918],[-4.239,7.914],[-4.24,7.906],[-4.242,7.899],[-4.238,7.901],[-4.234,7.902],[-4.232,7.902],[-4.23,7.903],[-4.228,7.903],[-4.226,7.904],[-4.224,7.905],[-4.223,7.904],[-4.221,7.903],[-4.219,7.902],[-4.218,7.9],[-4.217,7.898],[-4.216,7.897],[-4.214,7.895],[-4.214,7.893],[-4.212,7.892],[-4.21,7.89],[-4.208,7.888],[-4.206,7.887],[-4.204,7.887],[-4.202,7.886],[-4.199,7.886],[-4.197,7.886],[-4.193,7.885],[-4.191,7.886],[-4.189,7.886],[-4.187,7.886],[-4.185,7.886],[-4.183,7.886],[-4.181,7.886],[-4.179,7.886],[-4.177,7.886],[-4.173,7.886],[-4.171,7.886],[-4.169,7.886],[-4.168,7.887],[-4.166,7.887],[-4.164,7.887],[-4.162,7.887],[-4.16,7.888],[-4.157,7.889],[-4.155,7.891],[-4.153,7.893],[-4.153,7.895],[-4.153,7.897],[-4.152,7.899],[-4.152,7.901],[-4.151,7.901],[-4.149,7.902],[-4.147,7.902],[-4.144,7.902],[-4.142,7.903],[-4.141,7.904],[-4.139,7.906],[-4.137,7.907],[-4.135,7.908],[-4.133,7.91],[-4.131,7.91],[-4.129,7.91],[-4.126,7.91],[-4.123,7.911],[-4.122,7.911],[-4.119,7.914],[-4.118,7.915],[-4.118,7.918],[-4.116,7.919],[-4.114,7.919],[-4.111,7.918],[-4.108,7.917],[-4.106,7.917],[-4.104,7.916],[-4.103,7.915],[-4.101,7.916],[-4.099,7.917],[-4.097,7.918],[-4.095,7.918],[-4.093,7.918],[-4.091,7.918],[-4.09,7.918],[-4.088,7.919],[-4.086,7.92],[-4.084,7.921],[-4.082,7.922],[-4.081,7.923],[-4.08,7.925],[-4.079,7.926],[-4.079,7.928],[-4.077,7.929],[-4.076,7.931],[-4.075,7.933],[-4.074,7.934],[-4.073,7.936],[-4.073,7.938],[-4.072,7.94],[-4.072,7.942],[-4.072,7.944],[-4.072,7.946],[-4.072,7.948],[-4.071,7.951],[-4.071,7.952],[-4.07,7.954],[-4.069,7.955],[-4.067,7.957],[-4.067,7.959],[-4.067,7.961],[-4.067,7.964],[-4.067,7.966],[-4.066,7.967],[-4.064,7.969],[-4.066,7.97],[-4.068,7.97],[-4.07,7.971],[-4.072,7.972],[-4.074,7.972],[-4.076,7.972],[-4.078,7.974],[-4.079,7.975],[-4.081,7.978],[-4.083,7.979],[-4.084,7.98],[-4.085,7.982],[-4.086,7.984],[-4.088,7.986],[-4.089,7.987],[-4.091,7.989],[-4.092,7.991],[-4.094,7.993],[-4.095,7.994],[-4.096,7.995],[-4.098,7.997],[-4.098,7.999],[-4.098,8.001],[-4.096,8.004],[-4.093,8.006],[-4.091,8.008],[-4.089,8.009],[-4.087,8.009],[-4.085,8.011],[-4.083,8.012],[-4.081,8.012],[-4.079,8.013],[-4.077,8.014],[-4.076,8.015],[-4.075,8.016],[-4.073,8.018],[-4.072,8.019],[-4.07,8.02],[-4.068,8.022],[-4.066,8.023],[-4.063,8.024],[-4.061,8.025],[-4.059,8.027],[-4.057,8.027],[-4.055,8.027],[-4.053,8.028],[-4.051,8.029],[-4.049,8.029],[-4.047,8.029],[-4.044,8.03],[-4.041,8.031],[-4.038,8.032],[-4.036,8.033],[-4.034,8.034],[-4.033,8.035],[-4.032,8.038],[-4.03,8.039],[-4.028,8.04],[-4.027,8.041],[-4.024,8.042],[-4.021,8.044],[-4.02,8.046],[-4.018,8.048],[-4.017,8.047],[-4.016,8.046],[-4.015,8.044],[-4.014,8.043],[-4.013,8.042],[-4.012,8.042],[-4.01,8.041],[-4.009,8.041],[-4.008,8.04],[-4.007,8.039],[-4.006,8.037],[-4.005,8.036],[-4.003,8.035],[-4.001,8.034],[-4.0,8.033],[-3.999,8.032],[-3.998,8.031],[-3.997,8.03],[-3.996,8.029],[-3.995,8.028],[-3.994,8.026],[-3.992,8.025],[-3.99,8.025],[-3.988,8.025]]]}},{"type":"Feature","id":"Montagnes","properties":{"name":"Montagnes","code":"CI06","level":"district","status":"pending","schools":2086,"students":350875,"girls":165161,"boys":185714},"geometry":{"type":"Polygon","coordinates":[[[-7.436,8.153],[-7.436,8.151],[-7.435,8.149],[-7.435,8.147],[-7.434,8.145],[-7.433,8.144],[-7.432,8.142],[-7.433,8.139],[-7.433,8.136],[-7.43,8.134],[-7.429,8.131],[-7.428,8.129],[-7.427,8.127],[-7.426,8.126],[-7.424,8.125],[-7.422,8.125],[-7.42,8.124],[-7.417,8.124],[-7.414,8.125],[-7.412,8.124],[-7.408,8.124],[-7.407,8.123],[-7.405,8.122],[-7.403,8.121],[-7.402,8.12],[-7.4,8.119],[-7.398,8.117],[-7.396,8.115],[-7.394,8.114],[-7.392,8.112],[-7.39,8.111],[-7.388,8.11],[-7.386,8.109],[-7.385,8.109],[-7.382,8.107],[-7.38,8.105],[-7.377,8.103],[-7.375,8.101],[-7.373,8.101],[-7.371,8.1],[-7.369,8.099],[-7.366,8.098],[-7.363,8.096],[-7.361,8.095],[-7.359,8.093],[-7.356,8.091],[-7.354,8.09],[-7.352,8.088],[-7.35,8.086],[-7.348,8.086],[-7.346,8.084],[-7.345,8.084],[-7.341,8.083],[-7.338,8.083],[-7.336,8.083],[-7.335,8.082],[-7.333,8.081],[-7.331,8.079],[-7.329,8.078],[-7.327,8.077],[-7.325,8.074],[-7.324,8.073],[-7.323,8.071],[-7.322,8.069],[-7.32,8.068],[-7.318,8.069],[-7.315,8.069],[-7.314,8.067],[-7.313,8.066],[-7.311,8.065],[-7.309,8.065],[-7.306,8.065],[-7.304,8.064],[-7.301,8.064],[-7.299,8.064],[-7.297,8.063],[-7.296,8.06],[-7.295,8.058],[-7.293,8.057],[-7.292,8.055],[-7.292,8.053],[-7.291,8.052],[-7.29,8.049],[-7.289,8.047],[-7.288,8.045],[-7.286,8.044],[-7.285,8.042],[-7.283,8.041],[-7.282,8.041],[-7.28,8.039],[-7.279,8.037],[-7.277,8.036],[-7.275,8.035],[-7.273,8.033],[-7.272,8.031],[-7.272,8.029],[-7.272,8.026],[-7.27,8.024],[-7.269,8.022],[-7.267,8.021],[-7.266,8.019],[-7.264,8.017],[-7.263,8.016],[-7.262,8.014],[-7.259,8.012],[-7.258,8.01],[-7.258,8.008],[-7.257,8.005],[-7.257,8.002],[-7.257,8.0],[-7.258,7.998],[-7.257,7.994],[-7.257,7.992],[-7.255,7.988],[-7.254,7.988],[-7.251,7.987],[-7.253,7.985],[-7.253,7.982],[-7.252,7.981],[-7.251,7.979],[-7.249,7.977],[-7.119,7.978],[-7.069,7.988],[-7.069,7.986],[-7.069,7.983],[-7.069,7.98],[-7.071,7.977],[-7.072,7.975],[-7.073,7.974],[-7.075,7.971],[-7.076,7.968],[-7.076,7.965],[-7.077,7.963],[-7.077,7.96],[-7.077,7.959],[-7.077,7.957],[-7.076,7.955],[-7.075,7.953],[-7.073,7.951],[-7.072,7.95],[-7.07,7.947],[-7.069,7.945],[-7.069,7.943],[-7.069,7.941],[-7.07,7.938],[-7.07,7.937],[-7.071,7.933],[-7.072,7.93],[-7.072,7.928],[-7.073,7.926],[-7.074,7.924],[-7.076,7.922],[-7.077,7.921],[-7.078,7.919],[-7.08,7.918],[-7.083,7.918],[-7.085,7.917],[-7.087,7.916],[-7.088,7.914],[-7.09,7.912],[-7.092,7.911],[-7.095,7.91],[-7.097,7.909],[-7.1,7.907],[-7.101,7.904],[-7.101,7.902],[-7.101,7.9],[-7.1,7.897],[-7.1,7.896],[-7.1,7.893],[-7.101,7.891],[-7.102,7.888],[-7.102,7.887],[-7.103,7.884],[-7.106,7.883],[-7.108,7.883],[-7.11,7.882],[-7.113,7.881],[-7.115,7.88],[-7.118,7.879],[-7.119,7.877],[-7.119,7.875],[-7.119,7.873],[-7.119,7.87],[-7.12,7.869],[-7.12,7.865],[-7.12,7.864],[-7.119,7.862],[-7.118,7.859],[-7.117,7.856],[-7.116,7.857],[-7.113,7.857],[-7.111,7.857],[-7.111,7.857],[-7.109,7.858],[-7.109,7.857],[-7.108,7.857],[-7.106,7.856],[-7.104,7.856],[-7.103,7.857],[-7.102,7.856],[-7.1,7.856],[-7.099,7.856],[-7.098,7.856],[-7.097,7.856],[-7.096,7.857],[-7.095,7.857],[-7.094,7.857],[-7.093,7.857],[-7.091,7.857],[-7.091,7.856],[-7.09,7.856],[-7.089,7.855],[-7.088,7.855],[-7.086,7.856],[-7.085,7.855],[-7.084,7.855],[-7.082,7.854],[-7.081,7.854],[-7.08,7.853],[-7.08,7.852],[-7.078,7.851],[-7.078,7.85],[-7.077,7.849],[-7.077,7.848],[-7.076,7.846],[-7.076,7.845],[-7.076,7.845],[-7.077,7.843],[-7.077,7.842],[-7.078,7.841],[-7.078,7.84],[-7.077,7.838],[-7.077,7.837],[-7.077,7.836],[-7.077,7.835],[-7.076,7.833],[-7.076,7.832],[-7.076,7.831],[-7.076,7.829],[-7.077,7.828],[-7.076,7.827],[-7.077,7.826],[-7.077,7.825],[-7.077,7.823],[-7.077,7.822],[-7.077,7.821],[-7.077,7.82],[-7.078,7.818],[-7.078,7.817],[-7.078,7.816],[-7.077,7.815],[-7.077,7.814],[-7.078,7.813],[-7.079,7.812],[-7.08,7.811],[-7.081,7.809],[-7.081,7.808],[-7.082,7.806],[-7.082,7.806],[-7.082,7.804],[-7.082,7.802],[-7.082,7.801],[-7.082,7.799],[-7.082,7.798],[-7.081,7.797],[-7.081,7.795],[-7.08,7.794],[-7.08,7.793],[-7.08,7.791],[-7.08,7.79],[-7.08,7.788],[-7.081,7.787],[-7.081,7.786],[-7.081,7.785],[-7.082,7.784],[-7.082,7.783],[-7.081,7.781],[-7.08,7.779],[-7.08,7.778],[-7.081,7.777],[-7.08,7.776],[-7.081,7.774],[-7.081,7.773],[-7.081,7.771],[-7.081,7.77],[-7.081,7.769],[-7.08,7.768],[-7.08,7.768],[-7.08,7.767],[-7.079,7.766],[-7.079,7.765],[-7.08,7.764],[-7.08,7.762],[-7.081,7.761],[-7.081,7.76],[-7.081,7.759],[-7.081,7.758],[-7.081,7.757],[-7.08,7.756],[-7.08,7.755],[-7.08,7.754],[-7.079,7.753],[-7.079,7.751],[-7.079,7.75],[-7.078,7.748],[-7.078,7.746],[-7.078,7.744],[-7.077,7.743],[-7.077,7.742],[-7.077,7.74],[-7.078,7.74],[-7.077,7.737],[-7.077,7.736],[-7.077,7.735],[-7.077,7.734],[-7.076,7.732],[-7.076,7.73],[-7.076,7.729],[-7.076,7.727],[-7.077,7.726],[-7.077,7.725],[-7.078,7.724],[-7.078,7.724],[-7.079,7.723],[-7.08,7.723],[-7.079,7.721],[-7.079,7.72],[-7.079,7.719],[-7.076,7.719],[-7.075,7.72],[-7.074,7.717],[-7.072,7.716],[-7.07,7.715],[-7.069,7.712],[-7.07,7.71],[-7.069,7.708],[-7.069,7.705],[-7.07,7.703],[-7.07,7.701],[-7.07,7.699],[-7.071,7.695],[-7.072,7.694],[-7.073,7.692],[-7.076,7.691],[-7.077,7.69],[-7.078,7.689],[-7.079,7.686],[-7.079,7.683],[-7.078,7.68],[-7.078,7.678],[-7.077,7.676],[-7.076,7.673],[-7.075,7.67],[-7.074,7.669],[-7.073,7.666],[-7.071,7.665],[-7.07,7.664],[-7.068,7.662],[-7.067,7.66],[-7.066,7.658],[-7.065,7.656],[-7.065,7.653],[-7.066,7.651],[-7.066,7.649],[-7.067,7.646],[-7.067,7.644],[-7.067,7.642],[-7.067,7.64],[-7.065,7.638],[-7.064,7.637],[-7.063,7.635],[-7.062,7.633],[-7.06,7.631],[-7.058,7.63],[-7.057,7.627],[-7.055,7.626],[-7.051,7.626],[-7.05,7.626],[-7.047,7.625],[-7.047,7.623],[-7.046,7.621],[-7.045,7.619],[-7.044,7.617],[-7.044,7.615],[-7.043,7.613],[-7.043,7.611],[-7.042,7.609],[-7.038,7.61],[-7.037,7.611],[-7.035,7.612],[-7.033,7.612],[-7.03,7.613],[-7.029,7.614],[-7.026,7.616],[-7.023,7.617],[-7.021,7.616],[-7.018,7.615],[-7.017,7.614],[-7.015,7.612],[-7.014,7.609],[-7.013,7.607],[-7.011,7.605],[-7.01,7.603],[-7.009,7.601],[-7.007,7.599],[-7.006,7.597],[-7.004,7.596],[-7.003,7.594],[-7.002,7.592],[-7.002,7.589],[-7.0,7.588],[-6.998,7.589],[-6.996,7.589],[-6.995,7.589],[-6.992,7.588],[-6.99,7.587],[-6.989,7.585],[-6.988,7.584],[-6.987,7.582],[-6.987,7.58],[-6.986,7.577],[-6.987,7.574],[-6.987,7.57],[-6.986,7.569],[-6.986,7.566],[-6.985,7.564],[-6.984,7.562],[-6.984,7.56],[-6.984,7.558],[-6.985,7.555],[-6.988,7.554],[-6.99,7.554],[-6.993,7.554],[-6.995,7.553],[-6.997,7.553],[-7.001,7.554],[-7.003,7.555],[-7.005,7.556],[-7.007,7.556],[-7.008,7.556],[-7.01,7.556],[-7.012,7.556],[-7.014,7.556],[-7.016,7.556],[-7.019,7.555],[-7.02,7.555],[-7.022,7.554],[-7.024,7.553],[-7.026,7.552],[-7.028,7.55],[-7.029,7.549],[-7.031,7.546],[-7.033,7.546],[-7.035,7.545],[-7.037,7.544],[-7.038,7.543],[-7.04,7.541],[-7.041,7.54],[-7.041,7.537],[-7.042,7.535],[-7.041,7.533],[-7.041,7.53],[-7.04,7.528],[-7.039,7.527],[-7.036,7.525],[-7.035,7.523],[-7.034,7.521],[-7.032,7.519],[-7.03,7.518],[-7.027,7.516],[-7.026,7.515],[-7.024,7.512],[-7.024,7.51],[-7.023,7.508],[-7.023,7.506],[-7.024,7.503],[-7.025,7.501],[-7.026,7.498],[-7.027,7.496],[-7.027,7.494],[-7.027,7.492],[-7.027,7.49],[-7.026,7.487],[-7.025,7.486],[-7.025,7.483],[-7.024,7.48],[-7.023,7.478],[-7.022,7.477],[-7.021,7.475],[-7.02,7.473],[-7.018,7.471],[-7.016,7.47],[-7.015,7.468],[-7.014,7.467],[-7.013,7.465],[-7.011,7.463],[-7.009,7.461],[-7.007,7.46],[-7.005,7.459],[-7.003,7.459],[-7.002,7.457],[-7.002,7.455],[-7.003,7.453],[-7.003,7.45],[-7.002,7.448],[-7.002,7.447],[-7.003,7.444],[-7.004,7.442],[-7.005,7.44],[-7.006,7.439],[-7.008,7.437],[-7.01,7.435],[-7.011,7.433],[-7.012,7.431],[-7.014,7.429],[-7.016,7.427],[-7.017,7.426],[-7.018,7.425],[-7.02,7.424],[-7.023,7.424],[-7.025,7.424],[-7.027,7.424],[-7.029,7.424],[-7.03,7.424],[-7.033,7.423],[-7.035,7.423],[-7.037,7.423],[-7.039,7.422],[-7.042,7.422],[-7.043,7.422],[-7.046,7.421],[-7.047,7.419],[-7.048,7.418],[-7.049,7.416],[-7.049,7.415],[-7.048,7.414],[-7.048,7.414],[-7.047,7.412],[-7.047,7.41],[-7.047,7.409],[-7.047,7.408],[-7.045,7.408],[-7.044,7.407],[-7.044,7.406],[-7.043,7.405],[-7.043,7.404],[-7.043,7.403],[-7.043,7.402],[-7.044,7.401],[-7.044,7.4],[-7.045,7.399],[-7.047,7.399],[-7.048,7.399],[-7.049,7.398],[-7.05,7.397],[-7.052,7.397],[-7.053,7.397],[-7.054,7.396],[-7.055,7.394],[-7.056,7.394],[-7.056,7.393],[-7.057,7.391],[-7.058,7.39],[-7.058,7.388],[-7.059,7.387],[-7.059,7.386],[-7.06,7.384],[-7.061,7.384],[-7.062,7.384],[-7.063,7.384],[-7.064,7.384],[-7.065,7.384],[-7.067,7.384],[-7.069,7.383],[-7.07,7.383],[-7.071,7.384],[-7.072,7.384],[-7.072,7.384],[-7.074,7.384],[-7.074,7.383],[-7.076,7.383],[-7.076,7.382],[-7.077,7.381],[-7.078,7.38],[-7.079,7.38],[-7.08,7.379],[-7.081,7.378],[-7.082,7.376],[-7.082,7.374],[-7.083,7.373],[-7.082,7.371],[-7.082,7.369],[-7.081,7.368],[-7.08,7.367],[-7.079,7.366],[-7.078,7.366],[-7.076,7.364],[-7.075,7.363],[-7.074,7.363],[-7.073,7.362],[-7.072,7.361],[-7.072,7.359],[-7.071,7.358],[-7.07,7.357],[-7.07,7.356],[-7.069,7.355],[-7.068,7.353],[-7.068,7.352],[-7.067,7.351],[-7.067,7.35],[-7.066,7.349],[-7.065,7.348],[-7.065,7.347],[-7.064,7.345],[-7.063,7.343],[-7.062,7.342],[-7.061,7.341],[-7.06,7.339],[-7.059,7.338],[-7.059,7.337],[-7.059,7.336],[-7.058,7.334],[-7.058,7.333],[-7.059,7.332],[-7.059,7.331],[-7.059,7.33],[-7.059,7.329],[-7.06,7.327],[-7.06,7.326],[-7.061,7.325],[-7.061,7.324],[-7.062,7.323],[-7.062,7.322],[-7.063,7.321],[-7.063,7.32],[-7.064,7.319],[-7.064,7.318],[-7.065,7.317],[-7.065,7.315],[-7.065,7.314],[-7.066,7.313],[-7.067,7.311],[-7.067,7.31],[-7.068,7.309],[-7.068,7.308],[-7.069,7.306],[-7.069,7.305],[-7.068,7.303],[-7.068,7.302],[-7.068,7.301],[-7.068,7.3],[-7.067,7.298],[-7.067,7.297],[-7.066,7.297],[-7.065,7.295],[-7.064,7.294],[-7.064,7.293],[-7.063,7.292],[-7.063,7.29],[-7.063,7.29],[-7.063,7.288],[-7.063,7.287],[-7.063,7.285],[-7.063,7.283],[-7.063,7.281],[-7.064,7.28],[-7.064,7.279],[-7.064,7.278],[-7.064,7.277],[-7.065,7.276],[-7.065,7.274],[-7.066,7.273],[-7.066,7.272],[-7.067,7.271],[-7.067,7.27],[-7.068,7.268],[-7.069,7.267],[-7.069,7.266],[-7.069,7.264],[-7.069,7.262],[-7.068,7.26],[-7.068,7.259],[-7.068,7.257],[-7.067,7.256],[-7.067,7.254],[-7.067,7.253],[-7.067,7.252],[-7.068,7.25],[-7.068,7.249],[-7.069,7.247],[-7.069,7.246],[-7.069,7.244],[-7.07,7.243],[-7.07,7.242],[-7.07,7.24],[-7.071,7.239],[-7.071,7.238],[-7.071,7.236],[-7.072,7.235],[-7.072,7.233],[-7.072,7.231],[-7.072,7.23],[-7.072,7.228],[-7.072,7.227],[-7.071,7.226],[-7.071,7.225],[-7.071,7.223],[-7.071,7.223],[-7.071,7.222],[-7.071,7.221],[-7.07,7.219],[-7.07,7.218],[-7.07,7.217],[-7.069,7.216],[-7.069,7.215],[-7.068,7.214],[-7.068,7.213],[-7.067,7.212],[-7.066,7.21],[-7.065,7.208],[-7.065,7.207],[-7.065,7.206],[-7.065,7.206],[-7.063,7.205],[-7.063,7.205],[-7.062,7.205],[-7.061,7.203],[-7.061,7.202],[-7.061,7.2],[-7.062,7.199],[-7.062,7.199],[-7.063,7.197],[-7.063,7.196],[-7.064,7.195],[-7.066,7.195],[-7.066,7.195],[-7.067,7.195],[-7.068,7.195],[-7.069,7.195],[-7.071,7.195],[-7.072,7.195],[-7.073,7.194],[-7.074,7.194],[-7.075,7.193],[-7.076,7.193],[-7.077,7.192],[-7.078,7.192],[-7.078,7.191],[-7.079,7.191],[-7.08,7.191],[-7.08,7.19],[-7.081,7.19],[-7.083,7.189],[-7.083,7.189],[-7.084,7.188],[-7.085,7.187],[-7.086,7.186],[-7.086,7.185],[-7.086,7.184],[-7.086,7.182],[-7.085,7.18],[-7.084,7.178],[-7.083,7.176],[-7.081,7.174],[-7.08,7.173],[-7.078,7.172],[-7.077,7.171],[-7.075,7.169],[-7.072,7.168],[-7.071,7.168],[-7.069,7.168],[-7.067,7.168],[-7.065,7.167],[-7.064,7.165],[-7.063,7.164],[-7.062,7.162],[-7.061,7.16],[-7.06,7.159],[-7.059,7.157],[-7.057,7.156],[-7.057,7.154],[-7.055,7.152],[-7.054,7.151],[-7.053,7.15],[-7.053,7.148],[-7.053,7.146],[-7.055,7.144],[-7.057,7.143],[-7.059,7.143],[-7.06,7.141],[-7.061,7.139],[-7.061,7.137],[-7.062,7.135],[-7.062,7.133],[-7.061,7.13],[-7.061,7.128],[-7.061,7.125],[-7.06,7.123],[-7.06,7.121],[-7.059,7.119],[-7.059,7.117],[-7.059,7.115],[-7.059,7.113],[-7.059,7.111],[-7.059,7.109],[-7.058,7.108],[-7.057,7.108],[-7.055,7.108],[-7.054,7.109],[-7.052,7.108],[-7.051,7.107],[-7.05,7.105],[-7.05,7.103],[-7.051,7.101],[-7.051,7.099],[-7.049,7.098],[-7.047,7.097],[-7.045,7.097],[-7.043,7.096],[-7.043,7.094],[-7.043,7.092],[-7.043,7.09],[-7.044,7.088],[-7.045,7.086],[-7.046,7.084],[-7.046,7.082],[-7.047,7.08],[-7.047,7.079],[-7.048,7.077],[-7.049,7.074],[-7.049,7.073],[-7.05,7.07],[-7.051,7.069],[-7.052,7.066],[-7.052,7.063],[-7.051,7.061],[-7.051,7.059],[-7.052,7.057],[-7.053,7.055],[-7.053,7.053],[-7.054,7.052],[-7.055,7.052],[-7.055,7.05],[-7.056,7.048],[-7.056,7.047],[-7.056,7.044],[-7.056,7.041],[-7.056,7.039],[-7.055,7.036],[-7.055,7.034],[-7.056,7.032],[-7.056,7.029],[-7.056,7.027],[-7.056,7.026],[-7.057,7.024],[-7.058,7.022],[-7.058,7.021],[-7.058,7.019],[-7.059,7.017],[-7.059,7.016],[-7.06,7.014],[-7.061,7.012],[-7.062,7.012],[-7.062,7.009],[-7.063,7.006],[-7.063,7.004],[-7.062,7.002],[-7.061,7.0],[-7.058,6.998],[-7.057,6.996],[-7.057,6.994],[-7.057,6.992],[-7.057,6.989],[-7.057,6.987],[-7.057,6.984],[-7.057,6.982],[-7.057,6.98],[-7.056,6.978],[-7.057,6.975],[-7.057,6.973],[-7.057,6.971],[-7.057,6.97],[-7.058,6.968],[-7.058,6.966],[-7.06,6.963],[-7.061,6.961],[-7.062,6.959],[-7.063,6.956],[-7.063,6.954],[-7.063,6.952],[-7.063,6.95],[-7.063,6.948],[-7.062,6.945],[-7.062,6.944],[-7.062,6.942],[-7.061,6.939],[-7.061,6.938],[-7.06,6.935],[-7.06,6.934],[-7.059,6.933],[-7.057,6.931],[-7.056,6.93],[-7.055,6.929],[-7.049,6.924],[-7.047,6.923],[-7.046,6.923],[-7.044,6.923],[-7.042,6.921],[-7.042,6.92],[-7.042,6.918],[-7.041,6.917],[-7.04,6.916],[-7.039,6.914],[-7.039,6.913],[-7.039,6.911],[-7.039,6.91],[-7.041,6.908],[-7.042,6.906],[-7.042,6.904],[-7.041,6.901],[-7.041,6.899],[-7.042,6.897],[-7.043,6.895],[-7.044,6.892],[-7.046,6.891],[-7.047,6.89],[-7.048,6.889],[-7.05,6.889],[-7.051,6.888],[-7.053,6.888],[-7.055,6.887],[-7.056,6.886],[-7.058,6.885],[-7.058,6.884],[-7.06,6.881],[-7.06,6.88],[-7.06,6.878],[-7.061,6.876],[-7.061,6.874],[-7.06,6.872],[-7.059,6.871],[-7.058,6.869],[-7.059,6.868],[-7.059,6.866],[-7.059,6.864],[-7.059,6.862],[-7.059,6.861],[-7.059,6.86],[-7.059,6.858],[-7.059,6.857],[-7.059,6.855],[-7.059,6.853],[-7.06,6.852],[-7.06,6.85],[-7.061,6.848],[-7.06,6.847],[-7.06,6.844],[-7.058,6.843],[-7.057,6.842],[-7.056,6.842],[-7.055,6.841],[-7.053,6.841],[-7.051,6.84],[-7.05,6.839],[-7.049,6.839],[-7.047,6.838],[-7.046,6.837],[-7.044,6.835],[-7.043,6.835],[-7.041,6.834],[-7.04,6.834],[-7.038,6.834],[-7.036,6.834],[-7.034,6.834],[-7.033,6.833],[-7.031,6.833],[-7.029,6.834],[-7.028,6.836],[-7.026,6.835],[-7.024,6.835],[-7.023,6.834],[-7.022,6.834],[-7.019,6.834],[-7.018,6.833],[-7.017,6.833],[-7.015,6.833],[-7.013,6.833],[-7.011,6.832],[-7.01,6.832],[-7.008,6.832],[-7.007,6.832],[-7.006,6.831],[-7.005,6.829],[-7.005,6.827],[-7.003,6.826],[-7.002,6.825],[-7.002,6.823],[-7.003,6.822],[-7.003,6.82],[-7.002,6.819],[-7.001,6.817],[-7.0,6.815],[-6.999,6.814],[-6.998,6.811],[-6.997,6.809],[-6.996,6.808],[-6.995,6.807],[-6.995,6.806],[-6.994,6.805],[-6.994,6.802],[-6.995,6.8],[-6.995,6.799],[-6.994,6.797],[-6.992,6.795],[-6.991,6.794],[-6.991,6.792],[-6.991,6.79],[-6.991,6.789],[-6.992,6.787],[-6.992,6.786],[-6.992,6.784],[-6.993,6.783],[-6.995,6.78],[-6.995,6.779],[-6.995,6.778],[-6.996,6.777],[-6.996,6.775],[-6.995,6.774],[-6.994,6.773],[-6.993,6.772],[-6.992,6.77],[-6.991,6.768],[-6.99,6.767],[-6.989,6.766],[-6.989,6.763],[-6.988,6.762],[-6.988,6.76],[-6.987,6.757],[-6.986,6.755],[-6.984,6.753],[-6.983,6.752],[-6.983,6.75],[-6.983,6.748],[-6.983,6.747],[-6.983,6.745],[-6.983,6.744],[-6.984,6.741],[-6.984,6.74],[-6.984,6.738],[-6.984,6.736],[-6.984,6.734],[-6.984,6.733],[-6.985,6.732],[-6.987,6.731],[-6.987,6.729],[-6.988,6.728],[-6.99,6.726],[-6.99,6.724],[-6.99,6.723],[-6.988,6.722],[-6.986,6.721],[-6.985,6.721],[-6.983,6.72],[-6.982,6.72],[-6.98,6.719],[-6.979,6.718],[-6.977,6.717],[-6.976,6.716],[-6.975,6.715],[-6.974,6.713],[-6.973,6.711],[-6.973,6.71],[-6.973,6.708],[-6.974,6.707],[-6.975,6.706],[-6.977,6.704],[-6.977,6.703],[-6.978,6.702],[-6.979,6.699],[-6.98,6.697],[-6.981,6.695],[-6.982,6.694],[-6.984,6.693],[-6.985,6.692],[-6.987,6.691],[-6.988,6.69],[-6.989,6.688],[-6.99,6.686],[-6.99,6.684],[-6.99,6.683],[-6.991,6.681],[-6.991,6.679],[-6.991,6.678],[-6.991,6.676],[-6.991,6.674],[-6.99,6.672],[-6.989,6.67],[-6.988,6.669],[-6.987,6.667],[-6.986,6.665],[-6.985,6.663],[-6.984,6.661],[-6.984,6.66],[-6.984,6.658],[-6.983,6.657],[-6.983,6.654],[-6.983,6.652],[-6.983,6.651],[-6.984,6.649],[-6.984,6.647],[-6.984,6.646],[-6.984,6.644],[-6.984,6.642],[-6.985,6.64],[-6.985,6.639],[-6.985,6.637],[-6.986,6.636],[-6.986,6.634],[-6.986,6.632],[-6.985,6.629],[-6.985,6.628],[-6.986,6.626],[-6.987,6.623],[-6.988,6.62],[-6.99,6.618],[-6.992,6.615],[-6.994,6.613],[-6.997,6.61],[-7.0,6.608],[-7.002,6.606],[-7.004,6.605],[-7.007,6.604],[-7.009,6.602],[-7.011,6.6],[-7.014,6.598],[-7.017,6.595],[-7.019,6.592],[-7.021,6.59],[-7.022,6.588],[-7.022,6.585],[-7.021,6.583],[-7.021,6.581],[-7.021,6.579],[-7.02,6.576],[-7.018,6.574],[-7.016,6.572],[-7.013,6.571],[-7.009,6.57],[-7.007,6.568],[-7.002,6.566],[-7.001,6.566],[-6.999,6.565],[-6.998,6.564],[-6.997,6.562],[-6.998,6.561],[-7.0,6.556],[-7.002,6.555],[-7.089,6.489],[-7.13,6.458],[-7.133,6.458],[-7.15,6.463],[-7.151,6.461],[-7.152,6.459],[-7.153,6.458],[-7.154,6.456],[-7.155,6.455],[-7.155,6.45],[-7.156,6.449],[-7.157,6.447],[-7.157,6.445],[-7.155,6.444],[-7.154,6.442],[-7.154,6.44],[-7.154,6.437],[-7.155,6.435],[-7.156,6.434],[-7.156,6.432],[-7.155,6.431],[-7.153,6.43],[-7.152,6.428],[-7.151,6.426],[-7.15,6.424],[-7.149,6.423],[-7.147,6.422],[-7.145,6.422],[-7.144,6.421],[-7.142,6.42],[-7.14,6.417],[-7.139,6.416],[-7.138,6.415],[-7.137,6.413],[-7.135,6.412],[-7.133,6.41],[-7.13,6.407],[-7.127,6.406],[-7.126,6.405],[-7.128,6.404],[-7.133,6.403],[-7.134,6.403],[-7.136,6.402],[-7.138,6.402],[-7.139,6.401],[-7.142,6.4],[-7.144,6.4],[-7.146,6.399],[-7.149,6.398],[-7.151,6.398],[-7.153,6.398],[-7.154,6.396],[-7.156,6.394],[-7.156,6.392],[-7.156,6.39],[-7.157,6.387],[-7.157,6.385],[-7.159,6.38],[-7.16,6.377],[-7.162,6.375],[-7.163,6.375],[-7.165,6.375],[-7.168,6.375],[-7.17,6.374],[-7.171,6.371],[-7.171,6.369],[-7.171,6.367],[-7.172,6.366],[-7.173,6.364],[-7.173,6.362],[-7.174,6.361],[-7.174,6.359],[-7.175,6.357],[-7.176,6.356],[-7.176,6.353],[-7.175,6.352],[-7.176,6.35],[-7.176,6.349],[-7.177,6.347],[-7.178,6.345],[-7.177,6.341],[-7.177,6.338],[-7.177,6.337],[-7.177,6.335],[-7.177,6.332],[-7.177,6.33],[-7.178,6.328],[-7.179,6.326],[-7.18,6.324],[-7.181,6.323],[-7.182,6.322],[-7.183,6.32],[-7.184,6.318],[-7.182,6.317],[-7.182,6.316],[-7.181,6.314],[-7.179,6.313],[-7.179,6.311],[-7.179,6.309],[-7.179,6.308],[-7.178,6.305],[-7.176,6.304],[-7.175,6.303],[-7.174,6.301],[-7.171,6.301],[-7.172,6.299],[-7.172,6.297],[-7.173,6.296],[-7.174,6.295],[-7.175,6.293],[-7.175,6.291],[-7.175,6.289],[-7.175,6.288],[-7.175,6.285],[-7.172,6.279],[-7.173,6.276],[-7.173,6.274],[-7.173,6.272],[-7.171,6.269],[-7.17,6.267],[-7.17,6.265],[-7.172,6.264],[-7.175,6.26],[-7.177,6.259],[-7.178,6.257],[-7.179,6.256],[-7.18,6.255],[-7.182,6.253],[-7.183,6.252],[-7.186,6.251],[-7.186,6.248],[-7.187,6.247],[-7.188,6.245],[-7.19,6.242],[-7.19,6.241],[-7.191,6.24],[-7.193,6.238],[-7.196,6.235],[-7.198,6.234],[-7.2,6.233],[-7.202,6.232],[-7.203,6.231],[-7.204,6.23],[-7.204,6.225],[-7.204,6.223],[-7.204,6.221],[-7.205,6.22],[-7.206,6.218],[-7.207,6.216],[-7.208,6.215],[-7.209,6.213],[-7.21,6.211],[-7.208,6.208],[-7.208,6.205],[-7.207,6.204],[-7.206,6.202],[-7.204,6.201],[-7.202,6.2],[-7.2,6.198],[-7.196,6.194],[-7.194,6.193],[-7.192,6.191],[-7.191,6.19],[-7.19,6.188],[-7.188,6.187],[-7.187,6.185],[-7.186,6.185],[-7.184,6.184],[-7.183,6.183],[-7.181,6.182],[-7.179,6.182],[-7.177,6.182],[-7.176,6.181],[-7.174,6.181],[-7.173,6.181],[-7.17,6.18],[-7.168,6.18],[-7.166,6.179],[-7.164,6.179],[-7.163,6.179],[-7.161,6.18],[-7.159,6.182],[-7.157,6.182],[-7.155,6.183],[-7.154,6.184],[-7.152,6.184],[-7.151,6.184],[-7.149,6.183],[-7.147,6.181],[-7.145,6.18],[-7.144,6.18],[-7.142,6.179],[-7.14,6.178],[-7.138,6.177],[-7.136,6.177],[-7.134,6.178],[-7.132,6.177],[-7.131,6.176],[-7.129,6.175],[-7.127,6.173],[-7.123,6.17],[-7.122,6.168],[-7.123,6.167],[-7.124,6.165],[-7.123,6.164],[-7.122,6.162],[-7.121,6.16],[-7.12,6.159],[-7.119,6.158],[-7.117,6.157],[-7.115,6.156],[-7.113,6.156],[-7.11,6.155],[-7.108,6.153],[-7.108,6.151],[-7.108,6.149],[-7.108,6.147],[-7.107,6.145],[-7.107,6.143],[-7.106,6.141],[-7.106,6.14],[-7.104,6.139],[-7.085,6.06],[-7.084,6.057],[-7.084,6.055],[-7.087,5.99],[-7.087,5.989],[-7.091,5.888],[-7.088,5.666],[-7.091,5.666],[-7.255,5.645],[-7.257,5.643],[-7.257,5.641],[-7.259,5.641],[-7.261,5.64],[-7.261,5.638],[-7.262,5.636],[-7.264,5.634],[-7.266,5.632],[-7.268,5.631],[-7.268,5.628],[-7.268,5.625],[-7.269,5.623],[-7.272,5.622],[-7.273,5.62],[-7.276,5.62],[-7.278,5.62],[-7.281,5.62],[-7.284,5.62],[-7.288,5.621],[-7.29,5.622],[-7.292,5.622],[-7.295,5.624],[-7.297,5.626],[-7.299,5.627],[-7.301,5.628],[-7.304,5.628],[-7.307,5.627],[-7.311,5.625],[-7.312,5.624],[-7.314,5.622],[-7.315,5.62],[-7.317,5.619],[-7.32,5.618],[-7.323,5.619],[-7.325,5.619],[-7.327,5.62],[-7.331,5.621],[-7.333,5.622],[-7.335,5.624],[-7.337,5.625],[-7.339,5.627],[-7.342,5.628],[-7.345,5.628],[-7.346,5.625],[-7.347,5.623],[-7.349,5.622],[-7.352,5.622],[-7.354,5.622],[-7.356,5.623],[-7.358,5.624],[-7.361,5.624],[-7.363,5.624],[-7.365,5.623],[-7.367,5.622],[-7.369,5.622],[-7.372,5.622],[-7.374,5.621],[-7.376,5.621],[-7.382,5.621],[-7.382,5.622],[-7.388,5.625],[-7.394,5.625],[-7.4,5.624],[-7.402,5.625],[-7.401,5.63],[-7.4,5.637],[-7.406,5.641],[-7.41,5.647],[-7.416,5.657],[-7.416,5.662],[-7.416,5.668],[-7.418,5.672],[-7.422,5.675],[-7.425,5.677],[-7.424,5.682],[-7.421,5.692],[-7.425,5.691],[-7.431,5.691],[-7.434,5.695],[-7.436,5.701],[-7.436,5.705],[-7.434,5.709],[-7.437,5.712],[-7.438,5.715],[-7.438,5.72],[-7.44,5.724],[-7.441,5.73],[-7.439,5.733],[-7.438,5.738],[-7.439,5.741],[-7.441,5.746],[-7.447,5.749],[-7.447,5.753],[-7.447,5.757],[-7.444,5.762],[-7.441,5.765],[-7.435,5.769],[-7.433,5.77],[-7.432,5.774],[-7.437,5.78],[-7.438,5.784],[-7.441,5.782],[-7.443,5.782],[-7.446,5.785],[-7.444,5.792],[-7.445,5.795],[-7.448,5.797],[-7.446,5.802],[-7.444,5.805],[-7.441,5.81],[-7.437,5.815],[-7.437,5.818],[-7.435,5.821],[-7.435,5.829],[-7.436,5.836],[-7.433,5.84],[-7.436,5.84],[-7.442,5.844],[-7.446,5.848],[-7.446,5.852],[-7.449,5.851],[-7.451,5.854],[-7.459,5.856],[-7.462,5.857],[-7.465,5.859],[-7.467,5.856],[-7.468,5.854],[-7.468,5.85],[-7.471,5.847],[-7.473,5.843],[-7.473,5.841],[-7.471,5.838],[-7.469,5.832],[-7.474,5.829],[-7.475,5.824],[-7.475,5.821],[-7.476,5.818],[-7.475,5.812],[-7.478,5.809],[-7.486,5.81],[-7.49,5.813],[-7.493,5.816],[-7.498,5.816],[-7.5,5.819],[-7.501,5.822],[-7.505,5.823],[-7.508,5.825],[-7.508,5.83],[-7.509,5.833],[-7.511,5.834],[-7.516,5.835],[-7.521,5.835],[-7.524,5.835],[-7.525,5.837],[-7.525,5.841],[-7.522,5.841],[-7.515,5.843],[-7.516,5.846],[-7.517,5.852],[-7.523,5.854],[-7.527,5.854],[-7.531,5.85],[-7.535,5.844],[-7.541,5.843],[-7.545,5.844],[-7.542,5.838],[-7.543,5.835],[-7.543,5.831],[-7.548,5.829],[-7.551,5.832],[-7.554,5.836],[-7.558,5.841],[-7.562,5.846],[-7.562,5.852],[-7.563,5.858],[-7.565,5.862],[-7.569,5.863],[-7.578,5.863],[-7.579,5.867],[-7.577,5.87],[-7.572,5.873],[-7.57,5.873],[-7.559,5.871],[-7.566,5.878],[-7.571,5.881],[-7.583,5.892],[-7.588,5.896],[-7.592,5.896],[-7.596,5.894],[-7.597,5.892],[-7.599,5.889],[-7.6,5.885],[-7.604,5.884],[-7.607,5.887],[-7.609,5.893],[-7.611,5.891],[-7.615,5.889],[-7.617,5.893],[-7.617,5.902],[-7.622,5.901],[-7.628,5.905],[-7.631,5.903],[-7.637,5.906],[-7.643,5.904],[-7.646,5.907],[-7.647,5.91],[-7.65,5.914],[-7.654,5.916],[-7.656,5.913],[-7.661,5.909],[-7.665,5.912],[-7.666,5.924],[-7.665,5.927],[-7.662,5.931],[-7.661,5.934],[-7.663,5.936],[-7.665,5.94],[-7.666,5.944],[-7.666,5.949],[-7.669,5.947],[-7.674,5.942],[-7.675,5.939],[-7.678,5.93],[-7.68,5.928],[-7.688,5.926],[-7.685,5.918],[-7.676,5.909],[-7.675,5.905],[-7.683,5.895],[-7.688,5.895],[-7.7,5.902],[-7.705,5.904],[-7.707,5.907],[-7.713,5.914],[-7.718,5.917],[-7.721,5.922],[-7.724,5.925],[-7.733,5.931],[-7.739,5.932],[-7.741,5.931],[-7.744,5.933],[-7.747,5.938],[-7.749,5.942],[-7.755,5.948],[-7.766,5.954],[-7.767,5.96],[-7.768,5.966],[-7.767,5.97],[-7.765,5.974],[-7.784,5.979],[-7.79,5.98],[-7.795,5.982],[-7.795,5.99],[-7.796,5.995],[-7.795,6.004],[-7.793,6.006],[-7.789,6.008],[-7.787,6.007],[-7.786,6.009],[-7.786,6.011],[-7.789,6.014],[-7.792,6.02],[-7.791,6.024],[-7.788,6.028],[-7.784,6.03],[-7.78,6.031],[-7.775,6.033],[-7.77,6.036],[-7.773,6.04],[-7.781,6.044],[-7.785,6.048],[-7.788,6.048],[-7.791,6.05],[-7.797,6.055],[-7.803,6.058],[-7.804,6.062],[-7.804,6.066],[-7.8,6.071],[-7.794,6.077],[-7.794,6.08],[-7.796,6.085],[-7.801,6.088],[-7.804,6.095],[-7.807,6.096],[-7.808,6.091],[-7.81,6.087],[-7.816,6.087],[-7.82,6.093],[-7.83,6.098],[-7.831,6.094],[-7.835,6.09],[-7.834,6.088],[-7.834,6.083],[-7.837,6.082],[-7.84,6.081],[-7.844,6.076],[-7.85,6.076],[-7.852,6.081],[-7.851,6.086],[-7.847,6.092],[-7.854,6.093],[-7.856,6.098],[-7.852,6.104],[-7.853,6.11],[-7.854,6.128],[-7.852,6.133],[-7.849,6.137],[-7.85,6.141],[-7.851,6.147],[-7.851,6.155],[-7.849,6.16],[-7.841,6.165],[-7.837,6.167],[-7.84,6.168],[-7.842,6.174],[-7.84,6.178],[-7.839,6.184],[-7.841,6.185],[-7.844,6.186],[-7.847,6.191],[-7.842,6.195],[-7.841,6.198],[-7.835,6.197],[-7.832,6.196],[-7.829,6.195],[-7.823,6.197],[-7.834,6.205],[-7.838,6.21],[-7.842,6.216],[-7.849,6.222],[-7.852,6.229],[-7.857,6.234],[-7.867,6.241],[-7.874,6.246],[-7.881,6.248],[-7.884,6.252],[-7.887,6.255],[-7.891,6.258],[-7.896,6.262],[-7.899,6.267],[-7.901,6.274],[-7.903,6.279],[-7.903,6.283],[-7.904,6.286],[-7.907,6.287],[-7.909,6.283],[-7.908,6.279],[-7.909,6.274],[-7.914,6.273],[-7.918,6.276],[-7.918,6.281],[-7.918,6.287],[-7.92,6.291],[-7.921,6.289],[-7.924,6.283],[-7.928,6.282],[-7.934,6.283],[-7.938,6.289],[-7.946,6.297],[-7.948,6.297],[-7.95,6.295],[-7.952,6.291],[-7.955,6.286],[-7.959,6.285],[-7.964,6.286],[-7.966,6.29],[-7.968,6.293],[-7.97,6.296],[-7.974,6.298],[-7.975,6.296],[-7.977,6.294],[-7.981,6.294],[-7.982,6.299],[-7.984,6.299],[-7.987,6.298],[-7.989,6.295],[-7.992,6.295],[-7.995,6.298],[-7.996,6.303],[-7.995,6.307],[-7.996,6.31],[-8.002,6.32],[-8.007,6.32],[-8.012,6.318],[-8.018,6.318],[-8.025,6.315],[-8.029,6.316],[-8.038,6.312],[-8.043,6.31],[-8.044,6.308],[-8.047,6.304],[-8.049,6.303],[-8.054,6.305],[-8.059,6.306],[-8.061,6.306],[-8.066,6.303],[-8.071,6.303],[-8.072,6.3],[-8.078,6.297],[-8.083,6.3],[-8.091,6.303],[-8.093,6.3],[-8.095,6.297],[-8.097,6.29],[-8.102,6.289],[-8.109,6.292],[-8.113,6.29],[-8.114,6.288],[-8.122,6.282],[-8.128,6.28],[-8.136,6.281],[-8.141,6.278],[-8.15,6.279],[-8.158,6.28],[-8.162,6.278],[-8.166,6.276],[-8.172,6.274],[-8.175,6.278],[-8.176,6.281],[-8.176,6.287],[-8.186,6.29],[-8.188,6.292],[-8.191,6.301],[-8.194,6.3],[-8.196,6.302],[-8.197,6.305],[-8.2,6.305],[-8.201,6.305],[-8.205,6.302],[-8.208,6.301],[-8.21,6.303],[-8.212,6.306],[-8.214,6.304],[-8.217,6.303],[-8.22,6.303],[-8.223,6.304],[-8.224,6.306],[-8.225,6.308],[-8.228,6.311],[-8.23,6.314],[-8.236,6.317],[-8.239,6.319],[-8.24,6.321],[-8.243,6.323],[-8.247,6.321],[-8.25,6.318],[-8.255,6.319],[-8.259,6.321],[-8.26,6.319],[-8.263,6.317],[-8.269,6.319],[-8.274,6.319],[-8.278,6.319],[-8.283,6.32],[-8.284,6.324],[-8.284,6.328],[-8.28,6.331],[-8.275,6.33],[-8.272,6.33],[-8.27,6.333],[-8.27,6.337],[-8.275,6.337],[-8.279,6.337],[-8.281,6.337],[-8.285,6.338],[-8.284,6.343],[-8.284,6.346],[-8.286,6.348],[-8.297,6.35],[-8.301,6.346],[-8.307,6.346],[-8.31,6.354],[-8.313,6.358],[-8.318,6.358],[-8.32,6.36],[-8.327,6.366],[-8.332,6.369],[-8.337,6.37],[-8.341,6.377],[-8.344,6.369],[-8.347,6.366],[-8.35,6.363],[-8.355,6.361],[-8.363,6.36],[-8.368,6.363],[-8.37,6.363],[-8.37,6.361],[-8.373,6.359],[-8.378,6.358],[-8.383,6.359],[-8.385,6.356],[-8.384,6.349],[-8.386,6.347],[-8.39,6.347],[-8.394,6.35],[-8.397,6.351],[-8.399,6.354],[-8.4,6.36],[-8.404,6.363],[-8.405,6.366],[-8.413,6.367],[-8.414,6.369],[-8.407,6.371],[-8.403,6.374],[-8.401,6.376],[-8.398,6.377],[-8.39,6.378],[-8.385,6.381],[-8.384,6.384],[-8.395,6.397],[-8.393,6.41],[-8.401,6.417],[-8.402,6.427],[-8.405,6.423],[-8.411,6.427],[-8.412,6.43],[-8.404,6.436],[-8.403,6.438],[-8.399,6.441],[-8.397,6.444],[-8.398,6.447],[-8.405,6.448],[-8.415,6.454],[-8.427,6.46],[-8.43,6.469],[-8.435,6.472],[-8.437,6.482],[-8.438,6.491],[-8.441,6.495],[-8.458,6.502],[-8.461,6.497],[-8.459,6.491],[-8.452,6.469],[-8.457,6.461],[-8.464,6.457],[-8.468,6.453],[-8.469,6.445],[-8.469,6.442],[-8.479,6.433],[-8.488,6.435],[-8.498,6.439],[-8.506,6.447],[-8.513,6.456],[-8.517,6.46],[-8.522,6.469],[-8.526,6.483],[-8.528,6.486],[-8.536,6.49],[-8.544,6.495],[-8.549,6.499],[-8.556,6.499],[-8.56,6.499],[-8.565,6.499],[-8.568,6.5],[-8.578,6.498],[-8.581,6.502],[-8.584,6.507],[-8.58,6.516],[-8.581,6.524],[-8.575,6.526],[-8.572,6.526],[-8.57,6.524],[-8.567,6.523],[-8.567,6.527],[-8.562,6.54],[-8.561,6.544],[-8.557,6.546],[-8.554,6.547],[-8.554,6.55],[-8.557,6.552],[-8.561,6.552],[-8.563,6.554],[-8.566,6.557],[-8.562,6.562],[-8.56,6.568],[-8.557,6.57],[-8.553,6.57],[-8.55,6.567],[-8.54,6.563],[-8.537,6.562],[-8.534,6.563],[-8.532,6.565],[-8.529,6.575],[-8.529,6.577],[-8.531,6.58],[-8.528,6.591],[-8.53,6.602],[-8.533,6.604],[-8.533,6.608],[-8.528,6.612],[-8.525,6.613],[-8.521,6.609],[-8.52,6.605],[-8.519,6.603],[-8.519,6.6],[-8.517,6.597],[-8.51,6.6],[-8.508,6.598],[-8.504,6.597],[-8.503,6.6],[-8.504,6.604],[-8.505,6.609],[-8.504,6.613],[-8.497,6.62],[-8.491,6.619],[-8.49,6.616],[-8.489,6.612],[-8.483,6.617],[-8.484,6.619],[-8.486,6.622],[-8.485,6.629],[-8.48,6.63],[-8.477,6.63],[-8.475,6.631],[-8.471,6.635],[-8.469,6.636],[-8.466,6.636],[-8.466,6.633],[-8.462,6.633],[-8.462,6.635],[-8.462,6.636],[-8.46,6.638],[-8.456,6.639],[-8.449,6.643],[-8.45,6.645],[-8.452,6.648],[-8.45,6.657],[-8.448,6.66],[-8.445,6.663],[-8.442,6.664],[-8.438,6.664],[-8.436,6.663],[-8.434,6.663],[-8.433,6.658],[-8.429,6.659],[-8.429,6.662],[-8.429,6.669],[-8.426,6.672],[-8.42,6.672],[-8.419,6.669],[-8.415,6.674],[-8.413,6.678],[-8.407,6.681],[-8.405,6.685],[-8.406,6.692],[-8.41,6.699],[-8.409,6.703],[-8.405,6.71],[-8.399,6.712],[-8.394,6.713],[-8.391,6.716],[-8.393,6.72],[-8.392,6.724],[-8.391,6.725],[-8.385,6.723],[-8.381,6.718],[-8.38,6.72],[-8.381,6.723],[-8.385,6.729],[-8.383,6.732],[-8.381,6.733],[-8.376,6.735],[-8.374,6.736],[-8.373,6.74],[-8.37,6.744],[-8.367,6.743],[-8.365,6.74],[-8.363,6.742],[-8.361,6.745],[-8.358,6.748],[-8.362,6.752],[-8.364,6.754],[-8.362,6.758],[-8.36,6.76],[-8.358,6.761],[-8.355,6.763],[-8.35,6.763],[-8.348,6.763],[-8.346,6.759],[-8.346,6.757],[-8.343,6.757],[-8.341,6.761],[-8.342,6.764],[-8.345,6.771],[-8.344,6.775],[-8.344,6.782],[-8.345,6.785],[-8.346,6.79],[-8.342,6.794],[-8.336,6.795],[-8.33,6.798],[-8.33,6.8],[-8.331,6.806],[-8.329,6.809],[-8.326,6.81],[-8.322,6.809],[-8.321,6.813],[-8.324,6.818],[-8.329,6.822],[-8.329,6.827],[-8.328,6.831],[-8.324,6.835],[-8.318,6.838],[-8.313,6.842],[-8.31,6.846],[-8.312,6.851],[-8.311,6.856],[-8.311,6.856],[-8.309,6.86],[-8.31,6.863],[-8.312,6.861],[-8.313,6.858],[-8.314,6.854],[-8.314,6.851],[-8.317,6.85],[-8.318,6.849],[-8.323,6.853],[-8.324,6.858],[-8.327,6.862],[-8.326,6.867],[-8.329,6.87],[-8.333,6.876],[-8.333,6.882],[-8.328,6.885],[-8.326,6.889],[-8.327,6.895],[-8.326,6.899],[-8.32,6.901],[-8.313,6.901],[-8.309,6.902],[-8.308,6.906],[-8.312,6.915],[-8.316,6.923],[-8.316,6.93],[-8.322,6.946],[-8.321,6.953],[-8.323,6.957],[-8.325,6.962],[-8.324,6.965],[-8.32,6.967],[-8.315,6.967],[-8.312,6.968],[-8.31,6.971],[-8.305,6.973],[-8.3,6.974],[-8.296,6.979],[-8.289,6.981],[-8.287,6.984],[-8.286,6.985],[-8.284,6.991],[-8.277,6.996],[-8.276,7.002],[-8.282,7.01],[-8.281,7.014],[-8.282,7.018],[-8.292,7.018],[-8.294,7.024],[-8.29,7.03],[-8.294,7.035],[-8.302,7.064],[-8.301,7.07],[-8.304,7.081],[-8.307,7.087],[-8.302,7.094],[-8.304,7.1],[-8.3,7.113],[-8.296,7.122],[-8.297,7.126],[-8.299,7.129],[-8.3,7.131],[-8.303,7.135],[-8.295,7.146],[-8.282,7.151],[-8.281,7.162],[-8.283,7.166],[-8.285,7.169],[-8.283,7.177],[-8.284,7.18],[-8.286,7.183],[-8.293,7.179],[-8.3,7.185],[-8.304,7.188],[-8.308,7.192],[-8.312,7.193],[-8.317,7.201],[-8.32,7.201],[-8.324,7.201],[-8.329,7.199],[-8.336,7.203],[-8.336,7.208],[-8.337,7.212],[-8.341,7.221],[-8.346,7.222],[-8.347,7.226],[-8.349,7.228],[-8.355,7.231],[-8.361,7.232],[-8.365,7.237],[-8.364,7.24],[-8.368,7.244],[-8.363,7.25],[-8.362,7.255],[-8.358,7.259],[-8.356,7.267],[-8.36,7.273],[-8.367,7.274],[-8.364,7.279],[-8.376,7.292],[-8.378,7.299],[-8.396,7.324],[-8.396,7.334],[-8.4,7.344],[-8.402,7.372],[-8.398,7.388],[-8.402,7.408],[-8.409,7.415],[-8.416,7.422],[-8.417,7.431],[-8.41,7.436],[-8.408,7.448],[-8.413,7.466],[-8.412,7.474],[-8.417,7.481],[-8.42,7.489],[-8.418,7.493],[-8.425,7.501],[-8.426,7.507],[-8.426,7.514],[-8.426,7.52],[-8.427,7.527],[-8.437,7.531],[-8.441,7.527],[-8.452,7.523],[-8.458,7.528],[-8.459,7.531],[-8.471,7.541],[-8.47,7.548],[-8.426,7.59],[-8.4,7.624],[-8.395,7.627],[-8.39,7.623],[-8.39,7.611],[-8.385,7.61],[-8.379,7.608],[-8.38,7.597],[-8.382,7.584],[-8.378,7.583],[-8.358,7.581],[-8.346,7.583],[-8.339,7.585],[-8.329,7.6],[-8.309,7.605],[-8.305,7.586],[-8.268,7.57],[-8.236,7.549],[-8.224,7.541],[-8.214,7.531],[-8.202,7.546],[-8.185,7.554],[-8.18,7.557],[-8.174,7.574],[-8.175,7.582],[-8.183,7.605],[-8.174,7.619],[-8.169,7.64],[-8.154,7.652],[-8.149,7.651],[-8.142,7.661],[-8.146,7.666],[-8.15,7.671],[-8.134,7.698],[-8.118,7.719],[-8.114,7.731],[-8.111,7.737],[-8.102,7.761],[-8.103,7.783],[-8.094,7.795],[-8.113,7.82],[-8.107,7.828],[-8.107,7.832],[-8.124,7.831],[-8.127,7.84],[-8.124,7.843],[-8.132,7.86],[-8.13,7.88],[-8.124,7.887],[-8.119,7.894],[-8.117,7.904],[-8.104,7.936],[-8.097,7.948],[-8.095,7.956],[-8.096,7.963],[-8.097,7.967],[-8.092,7.975],[-8.088,7.979],[-8.084,7.998],[-8.081,7.997],[-8.078,7.997],[-8.076,7.997],[-8.074,7.997],[-8.072,7.998],[-8.071,7.999],[-8.07,8.001],[-8.069,8.003],[-8.067,8.005],[-8.066,8.006],[-8.065,8.008],[-8.065,8.01],[-8.065,8.012],[-8.065,8.014],[-8.064,8.016],[-8.063,8.018],[-8.062,8.019],[-8.06,8.02],[-8.058,8.021],[-8.056,8.022],[-8.055,8.023],[-8.054,8.025],[-8.053,8.027],[-8.052,8.029],[-8.052,8.031],[-8.051,8.033],[-8.049,8.034],[-8.048,8.035],[-8.045,8.037],[-8.043,8.038],[-8.041,8.039],[-8.039,8.04],[-8.037,8.04],[-8.036,8.039],[-8.034,8.037],[-8.033,8.036],[-8.031,8.035],[-8.029,8.035],[-8.027,8.034],[-8.025,8.033],[-8.023,8.032],[-8.021,8.032],[-8.019,8.031],[-8.017,8.031],[-8.015,8.031],[-8.013,8.03],[-8.011,8.031],[-8.009,8.031],[-8.007,8.032],[-8.004,8.033],[-8.002,8.034],[-8.0,8.036],[-7.998,8.037],[-7.997,8.038],[-7.996,8.04],[-7.994,8.041],[-7.992,8.041],[-7.99,8.04],[-7.988,8.041],[-7.985,8.04],[-7.984,8.04],[-7.982,8.038],[-7.98,8.037],[-7.979,8.036],[-7.977,8.034],[-7.976,8.033],[-7.974,8.031],[-7.974,8.029],[-7.974,8.027],[-7.975,8.026],[-7.977,8.025],[-7.978,8.022],[-7.978,8.02],[-7.977,8.018],[-7.976,8.017],[-7.975,8.015],[-7.973,8.014],[-7.971,8.014],[-7.969,8.015],[-7.967,8.016],[-7.966,8.018],[-7.965,8.019],[-7.963,8.02],[-7.961,8.02],[-7.959,8.02],[-7.957,8.018],[-7.956,8.017],[-7.954,8.017],[-7.952,8.017],[-7.95,8.016],[-7.949,8.014],[-7.947,8.013],[-7.946,8.012],[-7.943,8.01],[-7.942,8.009],[-7.939,8.009],[-7.938,8.01],[-7.936,8.011],[-7.934,8.012],[-7.932,8.013],[-7.931,8.015],[-7.933,8.017],[-7.933,8.018],[-7.931,8.017],[-7.929,8.016],[-7.927,8.014],[-7.926,8.012],[-7.924,8.012],[-7.921,8.013],[-7.919,8.013],[-7.917,8.014],[-7.915,8.015],[-7.914,8.015],[-7.914,8.014],[-7.914,8.012],[-7.913,8.011],[-7.91,8.01],[-7.908,8.011],[-7.906,8.01],[-7.906,8.008],[-7.905,8.006],[-7.902,8.006],[-7.9,8.007],[-7.898,8.008],[-7.895,8.009],[-7.893,8.009],[-7.892,8.011],[-7.891,8.012],[-7.889,8.013],[-7.887,8.013],[-7.886,8.016],[-7.886,8.017],[-7.885,8.019],[-7.886,8.021],[-7.886,8.023],[-7.884,8.023],[-7.883,8.022],[-7.882,8.021],[-7.881,8.02],[-7.879,8.02],[-7.877,8.021],[-7.877,8.023],[-7.874,8.024],[-7.875,8.022],[-7.874,8.021],[-7.87,8.02],[-7.868,8.02],[-7.866,8.021],[-7.863,8.02],[-7.861,8.019],[-7.859,8.019],[-7.857,8.018],[-7.855,8.017],[-7.854,8.015],[-7.855,8.013],[-7.855,8.01],[-7.855,8.007],[-7.855,8.004],[-7.855,8.003],[-7.854,8.0],[-7.852,7.999],[-7.85,7.999],[-7.848,7.997],[-7.848,7.996],[-7.848,7.994],[-7.849,7.991],[-7.85,7.99],[-7.852,7.988],[-7.852,7.987],[-7.85,7.986],[-7.847,7.986],[-7.846,7.984],[-7.845,7.982],[-7.843,7.981],[-7.843,7.978],[-7.842,7.977],[-7.843,7.975],[-7.844,7.974],[-7.846,7.972],[-7.848,7.971],[-7.848,7.968],[-7.848,7.966],[-7.847,7.963],[-7.847,7.962],[-7.847,7.96],[-7.847,7.958],[-7.846,7.956],[-7.844,7.954],[-7.842,7.955],[-7.842,7.957],[-7.841,7.959],[-7.839,7.96],[-7.837,7.959],[-7.836,7.957],[-7.834,7.955],[-7.832,7.954],[-7.83,7.953],[-7.828,7.953],[-7.826,7.953],[-7.825,7.954],[-7.822,7.955],[-7.82,7.953],[-7.819,7.951],[-7.818,7.948],[-7.817,7.945],[-7.816,7.943],[-7.814,7.941],[-7.812,7.94],[-7.809,7.939],[-7.806,7.938],[-7.804,7.939],[-7.802,7.94],[-7.8,7.941],[-7.799,7.939],[-7.798,7.938],[-7.797,7.936],[-7.796,7.934],[-7.797,7.932],[-7.798,7.931],[-7.799,7.93],[-7.799,7.928],[-7.799,7.926],[-7.8,7.923],[-7.8,7.921],[-7.801,7.919],[-7.802,7.917],[-7.801,7.915],[-7.8,7.914],[-7.798,7.915],[-7.797,7.917],[-7.796,7.918],[-7.794,7.916],[-7.792,7.915],[-7.791,7.915],[-7.789,7.914],[-7.787,7.914],[-7.785,7.912],[-7.784,7.91],[-7.782,7.909],[-7.781,7.907],[-7.781,7.905],[-7.782,7.903],[-7.781,7.901],[-7.779,7.899],[-7.777,7.899],[-7.775,7.897],[-7.774,7.896],[-7.773,7.893],[-7.772,7.891],[-7.771,7.89],[-7.769,7.89],[-7.767,7.89],[-7.765,7.888],[-7.763,7.888],[-7.756,7.886],[-7.738,7.882],[-7.729,7.885],[-7.727,7.884],[-7.725,7.883],[-7.723,7.882],[-7.722,7.882],[-7.719,7.883],[-7.717,7.883],[-7.715,7.885],[-7.713,7.886],[-7.711,7.888],[-7.709,7.887],[-7.707,7.886],[-7.706,7.884],[-7.704,7.881],[-7.705,7.878],[-7.707,7.879],[-7.709,7.878],[-7.709,7.877],[-7.708,7.874],[-7.708,7.873],[-7.707,7.87],[-7.706,7.869],[-7.705,7.866],[-7.703,7.865],[-7.702,7.864],[-7.7,7.864],[-7.698,7.864],[-7.696,7.864],[-7.694,7.865],[-7.692,7.865],[-7.69,7.866],[-7.688,7.866],[-7.689,7.864],[-7.69,7.863],[-7.69,7.86],[-7.69,7.858],[-7.69,7.855],[-7.689,7.853],[-7.687,7.851],[-7.685,7.849],[-7.684,7.848],[-7.682,7.847],[-7.68,7.847],[-7.678,7.847],[-7.676,7.848],[-7.675,7.848],[-7.673,7.85],[-7.672,7.852],[-7.67,7.854],[-7.668,7.855],[-7.666,7.853],[-7.664,7.851],[-7.663,7.849],[-7.659,7.848],[-7.658,7.846],[-7.657,7.844],[-7.655,7.842],[-7.652,7.84],[-7.65,7.84],[-7.648,7.841],[-7.647,7.842],[-7.646,7.844],[-7.645,7.846],[-7.642,7.845],[-7.64,7.843],[-7.639,7.842],[-7.637,7.841],[-7.634,7.841],[-7.632,7.841],[-7.629,7.843],[-7.628,7.844],[-7.629,7.846],[-7.627,7.848],[-7.625,7.849],[-7.623,7.849],[-7.621,7.849],[-7.619,7.85],[-7.617,7.849],[-7.615,7.85],[-7.613,7.851],[-7.612,7.852],[-7.611,7.855],[-7.612,7.857],[-7.613,7.859],[-7.615,7.86],[-7.615,7.862],[-7.615,7.864],[-7.614,7.865],[-7.612,7.866],[-7.611,7.867],[-7.61,7.869],[-7.609,7.871],[-7.607,7.872],[-7.605,7.871],[-7.601,7.87],[-7.599,7.87],[-7.597,7.87],[-7.595,7.869],[-7.593,7.869],[-7.592,7.871],[-7.591,7.873],[-7.592,7.875],[-7.589,7.876],[-7.587,7.874],[-7.586,7.873],[-7.585,7.871],[-7.586,7.869],[-7.587,7.868],[-7.586,7.865],[-7.585,7.864],[-7.584,7.863],[-7.583,7.861],[-7.581,7.86],[-7.58,7.859],[-7.578,7.859],[-7.576,7.86],[-7.575,7.859],[-7.573,7.858],[-7.571,7.86],[-7.569,7.86],[-7.566,7.86],[-7.565,7.862],[-7.563,7.863],[-7.562,7.865],[-7.561,7.867],[-7.559,7.867],[-7.557,7.867],[-7.554,7.868],[-7.553,7.868],[-7.553,7.87],[-7.554,7.871],[-7.555,7.873],[-7.554,7.875],[-7.552,7.874],[-7.551,7.872],[-7.55,7.871],[-7.549,7.869],[-7.548,7.867],[-7.546,7.865],[-7.546,7.863],[-7.546,7.861],[-7.544,7.861],[-7.543,7.862],[-7.542,7.863],[-7.54,7.865],[-7.54,7.867],[-7.539,7.869],[-7.537,7.87],[-7.536,7.868],[-7.535,7.867],[-7.533,7.867],[-7.531,7.867],[-7.53,7.868],[-7.528,7.871],[-7.528,7.872],[-7.527,7.874],[-7.526,7.875],[-7.524,7.876],[-7.523,7.878],[-7.522,7.88],[-7.522,7.883],[-7.524,7.885],[-7.525,7.888],[-7.525,7.89],[-7.523,7.891],[-7.521,7.891],[-7.519,7.891],[-7.517,7.893],[-7.517,7.896],[-7.517,7.898],[-7.516,7.9],[-7.516,7.903],[-7.517,7.905],[-7.519,7.907],[-7.521,7.907],[-7.523,7.908],[-7.524,7.91],[-7.525,7.912],[-7.526,7.914],[-7.523,7.915],[-7.521,7.916],[-7.52,7.919],[-7.518,7.92],[-7.516,7.92],[-7.514,7.919],[-7.511,7.918],[-7.508,7.92],[-7.508,7.921],[-7.507,7.924],[-7.508,7.926],[-7.51,7.927],[-7.511,7.929],[-7.512,7.93],[-7.513,7.932],[-7.515,7.932],[-7.517,7.933],[-7.519,7.933],[-7.522,7.934],[-7.524,7.936],[-7.524,7.938],[-7.524,7.939],[-7.523,7.942],[-7.523,7.943],[-7.522,7.946],[-7.521,7.948],[-7.52,7.951],[-7.52,7.952],[-7.519,7.954],[-7.519,7.957],[-7.519,7.959],[-7.518,7.961],[-7.518,7.963],[-7.519,7.966],[-7.52,7.967],[-7.518,7.97],[-7.517,7.972],[-7.518,7.974],[-7.519,7.976],[-7.519,7.978],[-7.519,7.98],[-7.519,7.982],[-7.52,7.984],[-7.518,7.986],[-7.518,7.989],[-7.519,7.991],[-7.517,7.992],[-7.515,7.994],[-7.515,7.996],[-7.514,7.998],[-7.515,8.001],[-7.514,8.003],[-7.513,8.005],[-7.514,8.008],[-7.513,8.011],[-7.513,8.013],[-7.515,8.015],[-7.516,8.017],[-7.513,8.019],[-7.511,8.021],[-7.511,8.023],[-7.51,8.025],[-7.509,8.028],[-7.51,8.031],[-7.51,8.033],[-7.509,8.036],[-7.509,8.038],[-7.511,8.04],[-7.513,8.041],[-7.514,8.042],[-7.515,8.044],[-7.515,8.046],[-7.516,8.048],[-7.517,8.049],[-7.519,8.051],[-7.521,8.052],[-7.522,8.055],[-7.521,8.058],[-7.521,8.06],[-7.521,8.062],[-7.522,8.067],[-7.522,8.068],[-7.522,8.071],[-7.52,8.074],[-7.519,8.077],[-7.518,8.079],[-7.515,8.081],[-7.513,8.083],[-7.511,8.085],[-7.51,8.087],[-7.509,8.088],[-7.507,8.09],[-7.506,8.091],[-7.503,8.092],[-7.501,8.093],[-7.5,8.094],[-7.499,8.096],[-7.498,8.099],[-7.496,8.1],[-7.494,8.101],[-7.493,8.103],[-7.492,8.104],[-7.491,8.107],[-7.491,8.11],[-7.491,8.112],[-7.49,8.113],[-7.489,8.116],[-7.488,8.118],[-7.489,8.12],[-7.488,8.122],[-7.489,8.125],[-7.487,8.127],[-7.485,8.13],[-7.483,8.132],[-7.482,8.134],[-7.481,8.135],[-7.479,8.136],[-7.478,8.138],[-7.476,8.14],[-7.476,8.143],[-7.475,8.145],[-7.473,8.146],[-7.47,8.147],[-7.468,8.148],[-7.466,8.148],[-7.463,8.15],[-7.462,8.151],[-7.46,8.152],[-7.457,8.154],[-7.454,8.154],[-7.452,8.154],[-7.448,8.154],[-7.446,8.154],[-7.444,8.153],[-7.442,8.153],[-7.438,8.154],[-7.437,8.155],[-7.436,8.153]]]}},{"type":"Feature","id":"Sassandra-Marahoue","properties":{"name":"Sassandra-Marahoue","code":"CI08","level":"district","status":"pending","schools":567,"students":313838,"girls":150995,"boys":162843},"geometry":{"type":"Polygon","coordinates":[[[-6.533,7.767],[-6.462,7.735],[-6.368,7.771],[-6.336,7.777],[-6.335,7.778],[-6.259,7.779],[-6.257,7.779],[-6.247,7.78],[-6.245,7.78],[-6.243,7.78],[-6.242,7.779],[-6.241,7.777],[-6.239,7.777],[-6.238,7.775],[-6.235,7.773],[-6.235,7.772],[-6.236,7.77],[-6.236,7.769],[-6.237,7.767],[-6.237,7.765],[-6.238,7.764],[-6.238,7.762],[-6.237,7.759],[-6.237,7.757],[-6.235,7.754],[-6.234,7.753],[-6.233,7.752],[-6.232,7.751],[-6.231,7.75],[-6.229,7.748],[-6.228,7.746],[-6.226,7.744],[-6.225,7.743],[-6.224,7.741],[-6.222,7.74],[-6.22,7.735],[-6.218,7.734],[-6.216,7.733],[-6.215,7.732],[-6.212,7.729],[-6.213,7.726],[-6.213,7.723],[-6.214,7.721],[-6.214,7.719],[-6.214,7.717],[-6.214,7.715],[-6.214,7.713],[-6.213,7.712],[-6.213,7.709],[-6.214,7.707],[-6.215,7.705],[-6.215,7.702],[-6.215,7.7],[-6.215,7.698],[-6.215,7.697],[-6.216,7.695],[-6.216,7.693],[-6.215,7.691],[-6.215,7.689],[-6.215,7.688],[-6.214,7.686],[-6.213,7.684],[-6.211,7.683],[-6.209,7.683],[-6.207,7.683],[-6.204,7.683],[-6.202,7.683],[-6.2,7.683],[-6.199,7.682],[-6.197,7.681],[-6.195,7.679],[-6.194,7.678],[-6.192,7.676],[-6.19,7.675],[-6.187,7.675],[-6.186,7.675],[-6.184,7.674],[-6.182,7.673],[-6.181,7.671],[-6.18,7.67],[-6.179,7.669],[-6.177,7.667],[-6.176,7.665],[-6.174,7.664],[-6.173,7.662],[-6.172,7.661],[-6.171,7.66],[-6.168,7.658],[-6.166,7.657],[-6.165,7.657],[-6.163,7.657],[-6.16,7.657],[-6.15,7.656],[-6.147,7.655],[-6.145,7.655],[-6.143,7.654],[-6.14,7.653],[-6.138,7.653],[-6.135,7.652],[-6.134,7.651],[-6.133,7.651],[-6.131,7.65],[-6.129,7.649],[-6.128,7.648],[-6.127,7.648],[-6.125,7.647],[-6.124,7.646],[-6.122,7.646],[-6.119,7.644],[-6.117,7.643],[-6.116,7.642],[-6.114,7.64],[-6.112,7.638],[-6.111,7.637],[-6.11,7.636],[-6.109,7.636],[-6.105,7.636],[-6.104,7.637],[-6.074,7.656],[-6.074,7.657],[-6.074,7.659],[-6.073,7.66],[-6.072,7.661],[-6.071,7.663],[-6.07,7.664],[-6.069,7.665],[-6.068,7.666],[-6.067,7.667],[-6.066,7.668],[-6.066,7.669],[-6.066,7.671],[-6.067,7.672],[-6.066,7.673],[-6.066,7.674],[-6.064,7.675],[-6.063,7.676],[-6.062,7.677],[-6.061,7.677],[-6.06,7.678],[-6.059,7.679],[-6.058,7.68],[-6.058,7.681],[-6.058,7.682],[-6.059,7.683],[-6.059,7.684],[-6.059,7.685],[-6.058,7.686],[-6.057,7.686],[-6.055,7.686],[-6.055,7.687],[-6.055,7.688],[-6.056,7.69],[-6.056,7.691],[-6.057,7.693],[-6.058,7.694],[-6.059,7.694],[-6.06,7.695],[-6.061,7.696],[-6.063,7.698],[-6.063,7.698],[-6.064,7.699],[-6.064,7.701],[-6.064,7.703],[-6.064,7.704],[-6.064,7.705],[-6.063,7.706],[-6.063,7.707],[-6.062,7.709],[-6.062,7.71],[-6.062,7.712],[-6.061,7.713],[-6.061,7.714],[-6.061,7.716],[-6.06,7.717],[-6.059,7.718],[-6.058,7.719],[-6.056,7.719],[-6.055,7.719],[-6.054,7.718],[-6.053,7.717],[-6.052,7.715],[-6.052,7.714],[-6.052,7.712],[-6.052,7.711],[-6.05,7.711],[-6.049,7.711],[-6.049,7.713],[-6.05,7.714],[-6.05,7.715],[-6.051,7.715],[-6.051,7.716],[-6.051,7.717],[-6.051,7.718],[-6.05,7.719],[-6.05,7.721],[-6.049,7.722],[-6.048,7.723],[-6.047,7.724],[-6.047,7.724],[-6.046,7.725],[-6.045,7.727],[-6.045,7.728],[-6.045,7.729],[-6.044,7.73],[-6.043,7.731],[-6.043,7.732],[-6.043,7.733],[-6.042,7.734],[-6.042,7.736],[-6.041,7.737],[-6.04,7.739],[-6.04,7.74],[-6.039,7.741],[-6.038,7.742],[-6.037,7.743],[-6.037,7.744],[-6.037,7.745],[-6.037,7.746],[-6.037,7.747],[-6.036,7.748],[-6.035,7.749],[-6.034,7.749],[-6.032,7.749],[-6.031,7.749],[-6.03,7.75],[-6.028,7.75],[-6.026,7.751],[-6.025,7.752],[-6.023,7.752],[-6.022,7.753],[-6.021,7.754],[-6.02,7.753],[-6.018,7.752],[-6.016,7.752],[-6.015,7.751],[-6.013,7.75],[-6.011,7.75],[-6.01,7.749],[-6.008,7.749],[-6.006,7.748],[-6.005,7.748],[-6.002,7.747],[-5.999,7.747],[-5.998,7.747],[-5.996,7.747],[-5.994,7.748],[-5.993,7.749],[-5.992,7.75],[-5.99,7.751],[-5.988,7.751],[-5.986,7.752],[-5.984,7.753],[-5.982,7.754],[-5.981,7.754],[-5.979,7.753],[-5.977,7.753],[-5.976,7.753],[-5.975,7.751],[-5.974,7.75],[-5.974,7.749],[-5.973,7.749],[-5.972,7.748],[-5.97,7.746],[-5.969,7.745],[-5.968,7.743],[-5.966,7.741],[-5.965,7.741],[-5.964,7.739],[-5.963,7.738],[-5.961,7.737],[-5.96,7.736],[-5.958,7.735],[-5.956,7.734],[-5.955,7.732],[-5.954,7.732],[-5.953,7.731],[-5.952,7.729],[-5.951,7.73],[-5.949,7.73],[-5.948,7.73],[-5.946,7.731],[-5.945,7.731],[-5.943,7.731],[-5.941,7.731],[-5.94,7.731],[-5.938,7.731],[-5.937,7.73],[-5.936,7.73],[-5.935,7.73],[-5.933,7.731],[-5.931,7.731],[-5.93,7.731],[-5.928,7.731],[-5.927,7.731],[-5.924,7.731],[-5.922,7.73],[-5.921,7.731],[-5.919,7.731],[-5.917,7.731],[-5.915,7.731],[-5.913,7.731],[-5.912,7.731],[-5.91,7.732],[-5.908,7.732],[-5.906,7.732],[-5.904,7.733],[-5.902,7.733],[-5.9,7.732],[-5.898,7.732],[-5.896,7.732],[-5.893,7.732],[-5.891,7.732],[-5.89,7.733],[-5.888,7.733],[-5.887,7.734],[-5.885,7.734],[-5.884,7.735],[-5.876,7.733],[-5.875,7.734],[-5.873,7.735],[-5.87,7.734],[-5.867,7.735],[-5.865,7.736],[-5.863,7.736],[-5.86,7.735],[-5.857,7.736],[-5.854,7.737],[-5.851,7.738],[-5.849,7.74],[-5.848,7.743],[-5.846,7.744],[-5.844,7.745],[-5.841,7.746],[-5.839,7.748],[-5.837,7.751],[-5.836,7.753],[-5.833,7.753],[-5.83,7.753],[-5.827,7.753],[-5.825,7.753],[-5.822,7.752],[-5.819,7.753],[-5.816,7.753],[-5.813,7.752],[-5.81,7.752],[-5.807,7.751],[-5.805,7.751],[-5.804,7.75],[-5.804,7.749],[-5.802,7.746],[-5.8,7.745],[-5.796,7.743],[-5.795,7.742],[-5.794,7.739],[-5.794,7.735],[-5.793,7.733],[-5.795,7.731],[-5.795,7.727],[-5.796,7.724],[-5.795,7.72],[-5.795,7.718],[-5.794,7.715],[-5.794,7.713],[-5.794,7.71],[-5.794,7.707],[-5.794,7.704],[-5.794,7.702],[-5.794,7.699],[-5.793,7.696],[-5.792,7.693],[-5.791,7.69],[-5.792,7.687],[-5.791,7.684],[-5.789,7.681],[-5.787,7.679],[-5.786,7.677],[-5.785,7.675],[-5.784,7.673],[-5.783,7.671],[-5.783,7.668],[-5.784,7.664],[-5.785,7.662],[-5.787,7.658],[-5.788,7.656],[-5.789,7.654],[-5.79,7.653],[-5.79,7.65],[-5.79,7.648],[-5.791,7.646],[-5.794,7.643],[-5.796,7.641],[-5.798,7.638],[-5.799,7.635],[-5.798,7.633],[-5.796,7.63],[-5.795,7.628],[-5.793,7.626],[-5.792,7.624],[-5.791,7.622],[-5.789,7.619],[-5.787,7.618],[-5.785,7.615],[-5.783,7.613],[-5.781,7.61],[-5.779,7.608],[-5.777,7.605],[-5.774,7.603],[-5.772,7.601],[-5.77,7.599],[-5.768,7.597],[-5.766,7.595],[-5.765,7.594],[-5.761,7.592],[-5.759,7.59],[-5.757,7.589],[-5.753,7.59],[-5.75,7.591],[-5.747,7.591],[-5.745,7.589],[-5.743,7.586],[-5.74,7.584],[-5.739,7.583],[-5.739,7.58],[-5.737,7.577],[-5.736,7.575],[-5.737,7.572],[-5.736,7.568],[-5.735,7.566],[-5.732,7.563],[-5.73,7.561],[-5.73,7.558],[-5.731,7.555],[-5.731,7.553],[-5.731,7.551],[-5.729,7.549],[-5.727,7.548],[-5.727,7.544],[-5.726,7.544],[-5.725,7.542],[-5.724,7.54],[-5.724,7.539],[-5.723,7.538],[-5.722,7.537],[-5.721,7.536],[-5.72,7.535],[-5.719,7.535],[-5.717,7.534],[-5.715,7.533],[-5.713,7.531],[-5.709,7.529],[-5.709,7.527],[-5.712,7.524],[-5.713,7.522],[-5.712,7.518],[-5.711,7.517],[-5.712,7.513],[-5.713,7.511],[-5.716,7.509],[-5.718,7.507],[-5.719,7.505],[-5.721,7.505],[-5.724,7.505],[-5.728,7.504],[-5.731,7.501],[-5.733,7.5],[-5.735,7.498],[-5.736,7.495],[-5.736,7.492],[-5.736,7.49],[-5.735,7.487],[-5.735,7.483],[-5.734,7.48],[-5.734,7.478],[-5.736,7.476],[-5.738,7.475],[-5.73,7.471],[-5.727,7.469],[-5.725,7.467],[-5.722,7.465],[-5.718,7.464],[-5.716,7.46],[-5.716,7.459],[-5.716,7.457],[-5.716,7.454],[-5.716,7.451],[-5.717,7.447],[-5.717,7.444],[-5.718,7.44],[-5.721,7.437],[-5.722,7.434],[-5.724,7.43],[-5.725,7.425],[-5.725,7.421],[-5.726,7.418],[-5.728,7.415],[-5.731,7.413],[-5.733,7.411],[-5.734,7.406],[-5.733,7.402],[-5.732,7.398],[-5.732,7.394],[-5.731,7.389],[-5.731,7.386],[-5.73,7.382],[-5.728,7.379],[-5.727,7.376],[-5.725,7.373],[-5.723,7.37],[-5.721,7.367],[-5.718,7.366],[-5.714,7.365],[-5.71,7.364],[-5.707,7.364],[-5.705,7.366],[-5.702,7.367],[-5.698,7.365],[-5.695,7.363],[-5.693,7.361],[-5.691,7.358],[-5.69,7.354],[-5.69,7.351],[-5.692,7.348],[-5.694,7.345],[-5.696,7.342],[-5.698,7.34],[-5.701,7.339],[-5.705,7.337],[-5.709,7.336],[-5.712,7.334],[-5.716,7.332],[-5.718,7.33],[-5.721,7.328],[-5.722,7.326],[-5.721,7.323],[-5.72,7.32],[-5.718,7.318],[-5.714,7.316],[-5.713,7.314],[-5.71,7.312],[-5.707,7.31],[-5.705,7.308],[-5.702,7.305],[-5.699,7.303],[-5.696,7.302],[-5.693,7.301],[-5.69,7.3],[-5.687,7.298],[-5.683,7.297],[-5.68,7.296],[-5.677,7.295],[-5.674,7.294],[-5.671,7.292],[-5.669,7.29],[-5.666,7.288],[-5.663,7.286],[-5.661,7.284],[-5.658,7.281],[-5.655,7.278],[-5.653,7.276],[-5.652,7.274],[-5.653,7.27],[-5.654,7.267],[-5.655,7.264],[-5.655,7.261],[-5.655,7.258],[-5.651,7.249],[-5.651,7.248],[-5.652,7.246],[-5.653,7.244],[-5.654,7.242],[-5.654,7.239],[-5.653,7.238],[-5.655,7.237],[-5.656,7.236],[-5.657,7.234],[-5.658,7.233],[-5.661,7.234],[-5.663,7.236],[-5.665,7.237],[-5.666,7.237],[-5.668,7.237],[-5.672,7.237],[-5.673,7.237],[-5.675,7.235],[-5.676,7.232],[-5.677,7.23],[-5.677,7.228],[-5.676,7.227],[-5.676,7.224],[-5.675,7.222],[-5.674,7.22],[-5.673,7.218],[-5.671,7.216],[-5.67,7.215],[-5.668,7.214],[-5.666,7.213],[-5.664,7.211],[-5.663,7.21],[-5.662,7.209],[-5.659,7.208],[-5.655,7.203],[-5.654,7.201],[-5.652,7.2],[-5.65,7.199],[-5.648,7.199],[-5.646,7.199],[-5.644,7.199],[-5.641,7.199],[-5.639,7.199],[-5.638,7.199],[-5.635,7.198],[-5.634,7.197],[-5.632,7.196],[-5.63,7.195],[-5.628,7.194],[-5.626,7.192],[-5.625,7.191],[-5.622,7.19],[-5.621,7.19],[-5.619,7.19],[-5.617,7.19],[-5.615,7.19],[-5.614,7.19],[-5.613,7.19],[-5.611,7.189],[-5.609,7.188],[-5.607,7.188],[-5.605,7.187],[-5.604,7.186],[-5.602,7.182],[-5.602,7.18],[-5.602,7.178],[-5.602,7.177],[-5.602,7.175],[-5.601,7.173],[-5.602,7.171],[-5.603,7.17],[-5.605,7.168],[-5.607,7.166],[-5.609,7.164],[-5.61,7.163],[-5.611,7.162],[-5.613,7.16],[-5.612,7.158],[-5.612,7.156],[-5.61,7.154],[-5.609,7.154],[-5.607,7.153],[-5.604,7.151],[-5.603,7.15],[-5.601,7.149],[-5.599,7.148],[-5.597,7.147],[-5.595,7.145],[-5.594,7.144],[-5.592,7.143],[-5.59,7.142],[-5.589,7.141],[-5.587,7.14],[-5.585,7.14],[-5.584,7.14],[-5.581,7.14],[-5.579,7.141],[-5.576,7.14],[-5.574,7.14],[-5.572,7.139],[-5.571,7.139],[-5.568,7.139],[-5.565,7.139],[-5.563,7.14],[-5.56,7.141],[-5.558,7.141],[-5.556,7.141],[-5.555,7.141],[-5.553,7.141],[-5.551,7.143],[-5.548,7.144],[-5.547,7.147],[-5.547,7.148],[-5.547,7.15],[-5.546,7.152],[-5.545,7.154],[-5.543,7.155],[-5.54,7.156],[-5.538,7.156],[-5.536,7.156],[-5.535,7.156],[-5.531,7.157],[-5.529,7.157],[-5.528,7.157],[-5.526,7.157],[-5.524,7.158],[-5.521,7.157],[-5.518,7.156],[-5.517,7.155],[-5.515,7.154],[-5.514,7.153],[-5.511,7.151],[-5.509,7.15],[-5.507,7.149],[-5.506,7.148],[-5.504,7.147],[-5.502,7.146],[-5.5,7.145],[-5.499,7.145],[-5.497,7.144],[-5.495,7.143],[-5.492,7.142],[-5.491,7.141],[-5.489,7.141],[-5.487,7.141],[-5.485,7.14],[-5.483,7.14],[-5.481,7.138],[-5.48,7.137],[-5.48,7.135],[-5.481,7.133],[-5.483,7.131],[-5.484,7.129],[-5.486,7.127],[-5.487,7.125],[-5.488,7.124],[-5.489,7.122],[-5.489,7.118],[-5.489,7.116],[-5.49,7.115],[-5.491,7.114],[-5.493,7.113],[-5.495,7.111],[-5.496,7.11],[-5.496,7.108],[-5.496,7.106],[-5.496,7.105],[-5.495,7.103],[-5.495,7.1],[-5.495,7.098],[-5.495,7.096],[-5.495,7.094],[-5.495,7.091],[-5.495,7.089],[-5.494,7.087],[-5.493,7.084],[-5.493,7.082],[-5.493,7.081],[-5.493,7.079],[-5.493,7.077],[-5.493,7.075],[-5.492,7.072],[-5.491,7.07],[-5.49,7.068],[-5.49,7.066],[-5.49,7.064],[-5.49,7.062],[-5.49,7.061],[-5.489,7.058],[-5.489,7.055],[-5.489,7.053],[-5.487,7.051],[-5.485,7.05],[-5.483,7.05],[-5.481,7.05],[-5.479,7.049],[-5.477,7.049],[-5.475,7.048],[-5.472,7.048],[-5.47,7.048],[-5.469,7.046],[-5.468,7.045],[-5.466,7.044],[-5.464,7.043],[-5.462,7.043],[-5.46,7.042],[-5.458,7.041],[-5.456,7.041],[-5.453,7.041],[-5.452,7.039],[-5.452,7.037],[-5.454,7.036],[-5.455,7.035],[-5.456,7.034],[-5.457,7.033],[-5.458,7.032],[-5.459,7.032],[-5.46,7.031],[-5.462,7.031],[-5.463,7.032],[-5.464,7.033],[-5.465,7.034],[-5.467,7.035],[-5.468,7.035],[-5.469,7.035],[-5.47,7.035],[-5.471,7.034],[-5.473,7.034],[-5.474,7.033],[-5.474,7.032],[-5.476,7.031],[-5.477,7.031],[-5.479,7.031],[-5.481,7.031],[-5.483,7.029],[-5.484,7.027],[-5.484,7.026],[-5.484,7.024],[-5.484,7.023],[-5.485,7.022],[-5.486,7.02],[-5.487,7.019],[-5.487,7.018],[-5.487,7.016],[-5.487,7.015],[-5.487,7.013],[-5.487,7.011],[-5.488,7.01],[-5.489,7.009],[-5.49,7.008],[-5.492,7.007],[-5.493,7.006],[-5.494,7.005],[-5.495,7.003],[-5.496,7.0],[-5.496,6.999],[-5.497,6.997],[-5.497,6.996],[-5.498,6.995],[-5.499,6.994],[-5.5,6.993],[-5.5,6.991],[-5.501,6.99],[-5.501,6.989],[-5.501,6.987],[-5.501,6.986],[-5.501,6.985],[-5.5,6.984],[-5.501,6.982],[-5.501,6.981],[-5.501,6.98],[-5.501,6.978],[-5.501,6.977],[-5.501,6.976],[-5.502,6.974],[-5.502,6.972],[-5.502,6.971],[-5.502,6.969],[-5.503,6.968],[-5.503,6.967],[-5.504,6.964],[-5.504,6.963],[-5.504,6.961],[-5.504,6.96],[-5.504,6.959],[-5.504,6.957],[-5.504,6.956],[-5.504,6.955],[-5.503,6.952],[-5.503,6.951],[-5.503,6.949],[-5.503,6.947],[-5.503,6.946],[-5.504,6.944],[-5.504,6.943],[-5.504,6.941],[-5.505,6.94],[-5.505,6.938],[-5.505,6.937],[-5.505,6.935],[-5.505,6.934],[-5.505,6.932],[-5.505,6.93],[-5.506,6.929],[-5.507,6.928],[-5.508,6.927],[-5.51,6.927],[-5.511,6.927],[-5.512,6.926],[-5.514,6.926],[-5.515,6.925],[-5.517,6.925],[-5.518,6.924],[-5.52,6.923],[-5.521,6.922],[-5.521,6.921],[-5.522,6.92],[-5.523,6.918],[-5.524,6.918],[-5.525,6.916],[-5.526,6.916],[-5.527,6.916],[-5.528,6.915],[-5.529,6.914],[-5.53,6.912],[-5.53,6.911],[-5.531,6.909],[-5.531,6.908],[-5.532,6.906],[-5.531,6.905],[-5.531,6.903],[-5.531,6.902],[-5.53,6.9],[-5.529,6.899],[-5.528,6.898],[-5.527,6.897],[-5.526,6.896],[-5.526,6.895],[-5.525,6.894],[-5.525,6.892],[-5.525,6.89],[-5.526,6.889],[-5.526,6.888],[-5.526,6.886],[-5.526,6.885],[-5.525,6.883],[-5.525,6.882],[-5.524,6.881],[-5.523,6.88],[-5.523,6.879],[-5.522,6.878],[-5.522,6.877],[-5.521,6.876],[-5.52,6.874],[-5.519,6.873],[-5.519,6.872],[-5.518,6.871],[-5.517,6.869],[-5.516,6.868],[-5.515,6.866],[-5.515,6.865],[-5.514,6.864],[-5.513,6.863],[-5.512,6.862],[-5.511,6.861],[-5.509,6.861],[-5.508,6.86],[-5.506,6.86],[-5.505,6.859],[-5.503,6.859],[-5.502,6.859],[-5.501,6.859],[-5.499,6.859],[-5.498,6.859],[-5.496,6.858],[-5.495,6.858],[-5.494,6.857],[-5.494,6.856],[-5.492,6.855],[-5.492,6.854],[-5.491,6.853],[-5.49,6.852],[-5.49,6.85],[-5.491,6.849],[-5.491,6.847],[-5.491,6.846],[-5.491,6.845],[-5.49,6.843],[-5.49,6.841],[-5.489,6.839],[-5.489,6.837],[-5.488,6.836],[-5.488,6.834],[-5.488,6.832],[-5.487,6.831],[-5.487,6.829],[-5.487,6.828],[-5.487,6.826],[-5.488,6.824],[-5.489,6.822],[-5.489,6.82],[-5.489,6.818],[-5.49,6.817],[-5.49,6.815],[-5.49,6.813],[-5.489,6.812],[-5.489,6.81],[-5.488,6.809],[-5.487,6.809],[-5.485,6.808],[-5.483,6.807],[-5.482,6.807],[-5.48,6.806],[-5.478,6.805],[-5.476,6.803],[-5.474,6.803],[-5.473,6.803],[-5.471,6.802],[-5.469,6.801],[-5.468,6.8],[-5.466,6.799],[-5.465,6.797],[-5.463,6.795],[-5.461,6.794],[-5.46,6.793],[-5.458,6.791],[-5.456,6.79],[-5.456,6.79],[-5.454,6.788],[-5.451,6.786],[-5.449,6.785],[-5.447,6.782],[-5.445,6.78],[-5.444,6.778],[-5.443,6.777],[-5.442,6.775],[-5.441,6.772],[-5.441,6.771],[-5.441,6.768],[-5.441,6.766],[-5.441,6.763],[-5.441,6.761],[-5.441,6.758],[-5.436,6.758],[-5.435,6.755],[-5.434,6.752],[-5.432,6.75],[-5.431,6.748],[-5.429,6.745],[-5.428,6.744],[-5.427,6.742],[-5.425,6.741],[-5.423,6.739],[-5.422,6.737],[-5.422,6.735],[-5.421,6.733],[-5.42,6.732],[-5.419,6.73],[-5.417,6.724],[-5.416,6.721],[-5.415,6.719],[-5.414,6.718],[-5.414,6.716],[-5.412,6.714],[-5.411,6.713],[-5.41,6.711],[-5.408,6.709],[-5.408,6.708],[-5.407,6.706],[-5.406,6.704],[-5.406,6.702],[-5.407,6.699],[-5.407,6.696],[-5.407,6.694],[-5.406,6.691],[-5.407,6.689],[-5.407,6.686],[-5.406,6.684],[-5.405,6.683],[-5.404,6.68],[-5.403,6.677],[-5.402,6.675],[-5.401,6.672],[-5.4,6.67],[-5.4,6.668],[-5.4,6.666],[-5.4,6.664],[-5.401,6.662],[-5.403,6.659],[-5.405,6.657],[-5.406,6.656],[-5.407,6.653],[-5.408,6.649],[-5.411,6.648],[-5.412,6.648],[-5.414,6.649],[-5.415,6.649],[-5.418,6.648],[-5.42,6.648],[-5.423,6.648],[-5.425,6.648],[-5.428,6.649],[-5.431,6.65],[-5.433,6.65],[-5.435,6.649],[-5.437,6.649],[-5.439,6.648],[-5.44,6.648],[-5.442,6.647],[-5.444,6.646],[-5.445,6.645],[-5.448,6.645],[-5.45,6.644],[-5.451,6.641],[-5.451,6.639],[-5.452,6.638],[-5.453,6.635],[-5.454,6.634],[-5.456,6.633],[-5.459,6.633],[-5.462,6.633],[-5.464,6.633],[-5.466,6.632],[-5.468,6.63],[-5.47,6.629],[-5.471,6.628],[-5.472,6.628],[-5.473,6.627],[-5.476,6.626],[-5.478,6.625],[-5.48,6.625],[-5.482,6.625],[-5.485,6.624],[-5.487,6.623],[-5.488,6.621],[-5.488,6.62],[-5.488,6.617],[-5.487,6.615],[-5.487,6.613],[-5.487,6.611],[-5.487,6.608],[-5.486,6.606],[-5.488,6.603],[-5.49,6.602],[-5.492,6.601],[-5.493,6.6],[-5.495,6.6],[-5.497,6.599],[-5.499,6.597],[-5.499,6.595],[-5.5,6.594],[-5.502,6.592],[-5.505,6.591],[-5.507,6.592],[-5.509,6.594],[-5.509,6.596],[-5.508,6.598],[-5.509,6.601],[-5.509,6.602],[-5.511,6.603],[-5.512,6.605],[-5.514,6.606],[-5.516,6.606],[-5.517,6.605],[-5.519,6.604],[-5.521,6.603],[-5.523,6.603],[-5.524,6.6],[-5.523,6.598],[-5.523,6.596],[-5.526,6.595],[-5.528,6.595],[-5.53,6.594],[-5.532,6.594],[-5.534,6.595],[-5.535,6.597],[-5.537,6.598],[-5.539,6.599],[-5.541,6.6],[-5.543,6.6],[-5.545,6.6],[-5.546,6.6],[-5.549,6.598],[-5.55,6.597],[-5.552,6.596],[-5.554,6.595],[-5.555,6.594],[-5.557,6.593],[-5.559,6.592],[-5.56,6.591],[-5.562,6.59],[-5.564,6.589],[-5.567,6.588],[-5.569,6.586],[-5.57,6.584],[-5.572,6.586],[-5.574,6.587],[-5.576,6.588],[-5.578,6.588],[-5.58,6.588],[-5.582,6.586],[-5.583,6.585],[-5.584,6.582],[-5.584,6.581],[-5.583,6.579],[-5.582,6.576],[-5.58,6.574],[-5.579,6.572],[-5.578,6.571],[-5.577,6.569],[-5.575,6.568],[-5.574,6.566],[-5.573,6.564],[-5.574,6.562],[-5.576,6.56],[-5.577,6.559],[-5.579,6.558],[-5.581,6.558],[-5.583,6.557],[-5.586,6.556],[-5.587,6.555],[-5.59,6.555],[-5.591,6.554],[-5.595,6.553],[-5.597,6.552],[-5.599,6.552],[-5.601,6.552],[-5.604,6.551],[-5.606,6.551],[-5.608,6.551],[-5.61,6.551],[-5.613,6.551],[-5.615,6.551],[-5.616,6.55],[-5.618,6.549],[-5.62,6.548],[-5.622,6.547],[-5.623,6.546],[-5.624,6.545],[-5.626,6.544],[-5.627,6.543],[-5.629,6.543],[-5.631,6.543],[-5.633,6.543],[-5.635,6.543],[-5.637,6.542],[-5.636,6.539],[-5.636,6.537],[-5.635,6.535],[-5.635,6.533],[-5.637,6.532],[-5.639,6.532],[-5.642,6.533],[-5.644,6.533],[-5.646,6.535],[-5.649,6.536],[-5.653,6.536],[-5.655,6.535],[-5.656,6.533],[-5.658,6.532],[-5.66,6.531],[-5.662,6.531],[-5.664,6.529],[-5.666,6.529],[-5.668,6.528],[-5.669,6.526],[-5.672,6.526],[-5.674,6.527],[-5.675,6.53],[-5.677,6.532],[-5.679,6.532],[-5.681,6.531],[-5.683,6.531],[-5.685,6.533],[-5.686,6.534],[-5.688,6.534],[-5.69,6.535],[-5.692,6.536],[-5.692,6.537],[-5.693,6.539],[-5.693,6.542],[-5.693,6.545],[-5.693,6.547],[-5.694,6.551],[-5.695,6.553],[-5.697,6.554],[-5.699,6.554],[-5.701,6.555],[-5.703,6.556],[-5.704,6.557],[-5.708,6.559],[-5.709,6.559],[-5.712,6.557],[-5.713,6.557],[-5.715,6.556],[-5.716,6.555],[-5.718,6.554],[-5.72,6.553],[-5.722,6.552],[-5.723,6.551],[-5.725,6.549],[-5.726,6.547],[-5.727,6.545],[-5.728,6.544],[-5.729,6.542],[-5.73,6.539],[-5.73,6.537],[-5.73,6.534],[-5.73,6.531],[-5.73,6.529],[-5.73,6.527],[-5.731,6.523],[-5.732,6.521],[-5.733,6.519],[-5.734,6.518],[-5.735,6.516],[-5.736,6.515],[-5.737,6.513],[-5.738,6.512],[-5.739,6.51],[-5.742,6.509],[-5.743,6.509],[-5.746,6.509],[-5.749,6.507],[-5.75,6.505],[-5.75,6.503],[-5.751,6.501],[-5.754,6.502],[-5.756,6.502],[-5.76,6.502],[-5.764,6.502],[-5.768,6.503],[-5.772,6.504],[-5.777,6.504],[-5.781,6.505],[-5.785,6.505],[-5.789,6.506],[-5.792,6.506],[-5.797,6.507],[-5.8,6.508],[-5.804,6.508],[-5.808,6.509],[-5.811,6.509],[-5.814,6.509],[-5.817,6.51],[-5.82,6.51],[-5.823,6.511],[-5.826,6.511],[-5.83,6.512],[-5.833,6.512],[-5.836,6.513],[-5.839,6.513],[-5.842,6.513],[-5.845,6.514],[-5.848,6.514],[-5.852,6.515],[-5.855,6.515],[-5.859,6.516],[-5.862,6.516],[-5.866,6.517],[-5.868,6.517],[-5.873,6.518],[-5.877,6.518],[-5.88,6.519],[-5.884,6.519],[-5.888,6.52],[-5.891,6.521],[-5.895,6.521],[-5.898,6.522],[-5.902,6.522],[-5.905,6.522],[-5.908,6.523],[-5.912,6.523],[-5.914,6.524],[-5.917,6.524],[-5.92,6.524],[-5.924,6.525],[-5.928,6.525],[-5.933,6.525],[-5.936,6.526],[-5.94,6.526],[-5.944,6.526],[-5.949,6.526],[-5.952,6.526],[-5.956,6.526],[-5.959,6.526],[-5.963,6.526],[-5.967,6.527],[-5.972,6.527],[-5.977,6.527],[-5.982,6.527],[-5.988,6.526],[-5.992,6.527],[-5.996,6.527],[-6.0,6.527],[-6.004,6.527],[-6.009,6.527],[-6.013,6.527],[-6.016,6.527],[-6.02,6.527],[-6.024,6.527],[-6.026,6.527],[-6.03,6.527],[-6.035,6.527],[-6.037,6.527],[-6.038,6.528],[-6.039,6.527],[-6.038,6.525],[-6.039,6.522],[-6.038,6.521],[-6.039,6.519],[-6.04,6.518],[-6.041,6.516],[-6.043,6.514],[-6.044,6.513],[-6.045,6.511],[-6.046,6.509],[-6.056,6.503],[-6.102,6.455],[-6.214,6.336],[-6.311,6.344],[-6.316,6.339],[-6.331,6.321],[-6.334,6.311],[-6.369,6.302],[-6.372,6.302],[-6.377,6.301],[-6.405,6.297],[-6.407,6.296],[-6.409,6.296],[-6.41,6.296],[-6.413,6.296],[-6.415,6.295],[-6.417,6.295],[-6.419,6.295],[-6.421,6.295],[-6.422,6.295],[-6.424,6.295],[-6.426,6.295],[-6.428,6.295],[-6.43,6.294],[-6.432,6.294],[-6.433,6.294],[-6.437,6.293],[-6.439,6.292],[-6.477,6.271],[-6.507,6.261],[-6.574,6.308],[-6.59,6.32],[-6.614,6.299],[-6.615,6.299],[-6.644,6.298],[-6.647,6.298],[-6.651,6.298],[-6.656,6.298],[-6.659,6.297],[-6.662,6.297],[-6.664,6.297],[-6.666,6.297],[-6.669,6.297],[-6.672,6.297],[-6.675,6.297],[-6.677,6.296],[-6.68,6.296],[-6.682,6.295],[-6.686,6.294],[-6.688,6.294],[-6.692,6.293],[-6.694,6.293],[-6.697,6.293],[-6.7,6.292],[-6.703,6.292],[-6.706,6.292],[-6.708,6.291],[-6.711,6.291],[-6.714,6.291],[-6.717,6.29],[-6.72,6.289],[-6.722,6.289],[-6.726,6.288],[-6.728,6.287],[-6.731,6.286],[-6.737,6.285],[-6.758,6.281],[-6.767,6.279],[-6.795,6.276],[-6.799,6.276],[-6.802,6.275],[-6.805,6.275],[-6.809,6.274],[-6.812,6.274],[-6.816,6.274],[-6.82,6.274],[-6.827,6.274],[-6.829,6.274],[-6.833,6.274],[-6.845,6.275],[-6.86,6.276],[-6.862,6.277],[-6.865,6.277],[-6.866,6.278],[-6.867,6.28],[-6.868,6.281],[-6.896,6.324],[-6.915,6.35],[-6.927,6.366],[-6.934,6.375],[-6.979,6.422],[-6.978,6.424],[-6.978,6.426],[-6.978,6.429],[-6.979,6.431],[-6.982,6.436],[-6.982,6.438],[-6.983,6.439],[-6.985,6.441],[-6.986,6.443],[-6.986,6.445],[-6.987,6.447],[-6.989,6.448],[-6.991,6.447],[-6.992,6.446],[-6.995,6.447],[-6.997,6.447],[-6.999,6.446],[-7.0,6.446],[-7.001,6.447],[-7.003,6.449],[-7.004,6.45],[-7.005,6.452],[-7.005,6.455],[-7.005,6.456],[-7.005,6.458],[-7.005,6.459],[-7.004,6.461],[-7.003,6.462],[-7.001,6.464],[-7.0,6.464],[-6.996,6.464],[-6.993,6.462],[-6.992,6.461],[-6.989,6.46],[-6.987,6.46],[-6.985,6.46],[-6.984,6.459],[-6.982,6.459],[-6.981,6.46],[-6.979,6.46],[-6.977,6.461],[-6.975,6.462],[-6.973,6.463],[-6.972,6.465],[-6.971,6.468],[-6.969,6.469],[-6.967,6.468],[-6.965,6.469],[-6.963,6.47],[-6.963,6.471],[-6.962,6.474],[-6.96,6.475],[-6.959,6.477],[-6.957,6.478],[-6.956,6.478],[-6.954,6.479],[-6.953,6.481],[-6.952,6.483],[-6.952,6.485],[-6.952,6.488],[-6.952,6.489],[-6.953,6.491],[-6.954,6.493],[-6.955,6.494],[-6.956,6.496],[-6.957,6.497],[-6.957,6.499],[-6.958,6.501],[-6.96,6.503],[-6.96,6.504],[-6.961,6.506],[-6.962,6.508],[-6.962,6.51],[-6.963,6.512],[-6.963,6.513],[-6.964,6.515],[-6.963,6.516],[-6.962,6.518],[-6.962,6.519],[-6.963,6.521],[-6.965,6.523],[-6.966,6.525],[-6.967,6.526],[-6.968,6.528],[-6.97,6.529],[-6.971,6.531],[-6.974,6.536],[-6.975,6.537],[-6.976,6.539],[-6.977,6.54],[-6.977,6.542],[-6.979,6.545],[-6.98,6.547],[-6.979,6.55],[-6.98,6.551],[-6.981,6.552],[-6.983,6.554],[-6.984,6.555],[-6.986,6.556],[-6.992,6.558],[-6.994,6.557],[-6.996,6.555],[-6.998,6.553],[-6.999,6.553],[-7.0,6.554],[-7.0,6.556],[-6.998,6.561],[-6.997,6.562],[-6.998,6.564],[-6.999,6.565],[-7.001,6.566],[-7.002,6.566],[-7.007,6.568],[-7.009,6.57],[-7.013,6.571],[-7.016,6.572],[-7.018,6.574],[-7.02,6.576],[-7.021,6.579],[-7.021,6.581],[-7.021,6.583],[-7.022,6.585],[-7.022,6.588],[-7.021,6.59],[-7.019,6.592],[-7.017,6.595],[-7.014,6.598],[-7.011,6.6],[-7.009,6.602],[-7.007,6.604],[-7.004,6.605],[-7.002,6.606],[-7.0,6.608],[-6.997,6.61],[-6.994,6.613],[-6.992,6.615],[-6.99,6.618],[-6.988,6.62],[-6.987,6.623],[-6.986,6.626],[-6.985,6.628],[-6.985,6.629],[-6.986,6.632],[-6.986,6.634],[-6.986,6.636],[-6.985,6.637],[-6.985,6.639],[-6.985,6.64],[-6.984,6.642],[-6.984,6.644],[-6.984,6.646],[-6.984,6.647],[-6.984,6.649],[-6.983,6.651],[-6.983,6.652],[-6.983,6.654],[-6.983,6.657],[-6.984,6.658],[-6.984,6.66],[-6.984,6.661],[-6.985,6.663],[-6.986,6.665],[-6.987,6.667],[-6.988,6.669],[-6.989,6.67],[-6.99,6.672],[-6.991,6.674],[-6.991,6.676],[-6.991,6.678],[-6.991,6.679],[-6.991,6.681],[-6.99,6.683],[-6.99,6.684],[-6.99,6.686],[-6.989,6.688],[-6.988,6.69],[-6.987,6.691],[-6.985,6.692],[-6.984,6.693],[-6.982,6.694],[-6.981,6.695],[-6.98,6.697],[-6.979,6.699],[-6.978,6.702],[-6.977,6.703],[-6.977,6.704],[-6.975,6.706],[-6.974,6.707],[-6.973,6.708],[-6.973,6.71],[-6.973,6.711],[-6.974,6.713],[-6.975,6.715],[-6.976,6.716],[-6.977,6.717],[-6.979,6.718],[-6.98,6.719],[-6.982,6.72],[-6.983,6.72],[-6.985,6.721],[-6.986,6.721],[-6.988,6.722],[-6.99,6.723],[-6.99,6.724],[-6.99,6.726],[-6.988,6.728],[-6.987,6.729],[-6.987,6.731],[-6.985,6.732],[-6.984,6.733],[-6.984,6.734],[-6.984,6.736],[-6.984,6.738],[-6.984,6.74],[-6.984,6.741],[-6.983,6.744],[-6.983,6.745],[-6.983,6.747],[-6.983,6.748],[-6.983,6.75],[-6.983,6.752],[-6.984,6.753],[-6.986,6.755],[-6.987,6.757],[-6.988,6.76],[-6.988,6.762],[-6.989,6.763],[-6.989,6.766],[-6.99,6.767],[-6.991,6.768],[-6.992,6.77],[-6.993,6.772],[-6.994,6.773],[-6.995,6.774],[-6.996,6.775],[-6.996,6.777],[-6.995,6.778],[-6.995,6.779],[-6.995,6.78],[-6.993,6.783],[-6.992,6.784],[-6.992,6.786],[-6.992,6.787],[-6.991,6.789],[-6.991,6.79],[-6.991,6.792],[-6.991,6.794],[-6.992,6.795],[-6.994,6.797],[-6.995,6.799],[-6.995,6.8],[-6.994,6.802],[-6.994,6.805],[-6.995,6.806],[-6.995,6.807],[-6.996,6.808],[-6.997,6.809],[-6.998,6.811],[-6.999,6.814],[-7.0,6.815],[-7.001,6.817],[-7.002,6.819],[-7.003,6.82],[-7.003,6.822],[-7.002,6.823],[-7.002,6.825],[-7.003,6.826],[-7.005,6.827],[-7.005,6.829],[-7.006,6.831],[-7.007,6.832],[-7.008,6.832],[-7.01,6.832],[-7.011,6.832],[-7.013,6.833],[-7.015,6.833],[-7.017,6.833],[-7.018,6.833],[-7.019,6.834],[-7.022,6.834],[-7.023,6.834],[-7.024,6.835],[-7.026,6.835],[-7.028,6.836],[-7.029,6.834],[-7.031,6.833],[-7.033,6.833],[-7.034,6.834],[-7.036,6.834],[-7.038,6.834],[-7.04,6.834],[-7.041,6.834],[-7.043,6.835],[-7.044,6.835],[-7.046,6.837],[-7.047,6.838],[-7.049,6.839],[-7.05,6.839],[-7.051,6.84],[-7.053,6.841],[-7.055,6.841],[-7.056,6.842],[-7.057,6.842],[-7.058,6.843],[-7.06,6.844],[-7.06,6.847],[-7.061,6.848],[-7.06,6.85],[-7.06,6.852],[-7.059,6.853],[-7.059,6.855],[-7.059,6.857],[-7.059,6.858],[-7.059,6.86],[-7.059,6.861],[-7.059,6.862],[-7.059,6.864],[-7.059,6.866],[-7.059,6.868],[-7.058,6.869],[-7.059,6.871],[-7.06,6.872],[-7.061,6.874],[-7.061,6.876],[-7.06,6.878],[-7.06,6.88],[-7.06,6.881],[-7.058,6.884],[-7.058,6.885],[-7.056,6.886],[-7.055,6.887],[-7.053,6.888],[-7.051,6.888],[-7.05,6.889],[-7.048,6.889],[-7.047,6.89],[-7.046,6.891],[-7.044,6.892],[-7.043,6.895],[-7.042,6.897],[-7.041,6.899],[-7.041,6.901],[-7.042,6.904],[-7.042,6.906],[-7.041,6.908],[-7.039,6.91],[-7.039,6.911],[-7.039,6.913],[-7.039,6.914],[-7.04,6.916],[-7.041,6.917],[-7.042,6.918],[-7.042,6.92],[-7.042,6.921],[-7.044,6.923],[-7.046,6.923],[-7.047,6.923],[-7.049,6.924],[-7.055,6.929],[-7.056,6.93],[-7.057,6.931],[-7.059,6.933],[-7.06,6.934],[-7.06,6.935],[-7.061,6.938],[-7.061,6.939],[-7.062,6.942],[-7.062,6.944],[-7.062,6.945],[-7.063,6.948],[-7.063,6.95],[-7.063,6.952],[-7.063,6.954],[-7.063,6.956],[-7.062,6.959],[-7.061,6.961],[-7.06,6.963],[-7.058,6.966],[-7.058,6.968],[-7.057,6.97],[-7.057,6.971],[-7.057,6.973],[-7.057,6.975],[-7.056,6.978],[-7.057,6.98],[-7.057,6.982],[-7.057,6.984],[-7.057,6.987],[-7.057,6.989],[-7.057,6.992],[-7.057,6.994],[-7.057,6.996],[-7.058,6.998],[-7.061,7.0],[-7.062,7.002],[-7.063,7.004],[-7.063,7.006],[-7.062,7.009],[-7.062,7.012],[-7.061,7.012],[-7.06,7.014],[-7.059,7.016],[-7.059,7.017],[-7.058,7.019],[-7.058,7.021],[-7.058,7.022],[-7.057,7.024],[-7.056,7.026],[-7.056,7.027],[-7.056,7.029],[-7.056,7.032],[-7.055,7.034],[-7.055,7.036],[-7.056,7.039],[-7.056,7.041],[-7.056,7.044],[-7.056,7.047],[-7.056,7.048],[-7.055,7.05],[-7.055,7.052],[-7.054,7.052],[-7.053,7.053],[-7.053,7.055],[-7.052,7.057],[-7.051,7.059],[-7.051,7.061],[-7.052,7.063],[-7.052,7.066],[-7.051,7.069],[-7.05,7.07],[-7.049,7.073],[-7.049,7.074],[-7.048,7.077],[-7.047,7.079],[-7.047,7.08],[-7.046,7.082],[-7.046,7.084],[-7.045,7.086],[-7.044,7.088],[-7.043,7.09],[-7.043,7.092],[-7.043,7.094],[-7.043,7.096],[-7.045,7.097],[-7.047,7.097],[-7.049,7.098],[-7.051,7.099],[-7.051,7.101],[-7.05,7.103],[-7.05,7.105],[-7.051,7.107],[-7.052,7.108],[-7.054,7.109],[-7.055,7.108],[-7.057,7.108],[-7.058,7.108],[-7.059,7.109],[-7.059,7.111],[-7.059,7.113],[-7.059,7.115],[-7.059,7.117],[-7.059,7.119],[-7.06,7.121],[-7.06,7.123],[-7.061,7.125],[-7.061,7.128],[-7.061,7.13],[-7.062,7.133],[-7.062,7.135],[-7.061,7.137],[-7.061,7.139],[-7.06,7.141],[-7.059,7.143],[-7.057,7.143],[-7.055,7.144],[-7.053,7.146],[-7.053,7.148],[-7.053,7.15],[-7.054,7.151],[-7.055,7.152],[-7.057,7.154],[-7.057,7.156],[-7.059,7.157],[-7.06,7.159],[-7.061,7.16],[-7.062,7.162],[-7.063,7.164],[-7.064,7.165],[-7.065,7.167],[-7.067,7.168],[-7.069,7.168],[-7.071,7.168],[-7.072,7.168],[-7.075,7.169],[-7.077,7.171],[-7.078,7.172],[-7.08,7.173],[-7.081,7.174],[-7.083,7.176],[-7.084,7.178],[-7.085,7.18],[-7.086,7.182],[-7.086,7.184],[-7.086,7.185],[-7.086,7.186],[-7.085,7.187],[-7.084,7.188],[-7.083,7.189],[-7.083,7.189],[-7.081,7.19],[-7.08,7.19],[-7.08,7.191],[-7.079,7.191],[-7.078,7.191],[-7.078,7.192],[-7.077,7.192],[-7.076,7.193],[-7.075,7.193],[-7.074,7.194],[-7.073,7.194],[-7.072,7.195],[-7.071,7.195],[-7.069,7.195],[-7.068,7.195],[-7.067,7.195],[-7.066,7.195],[-7.066,7.195],[-7.064,7.195],[-7.063,7.196],[-7.063,7.197],[-7.062,7.199],[-7.062,7.199],[-7.061,7.2],[-7.061,7.202],[-7.061,7.203],[-7.062,7.205],[-7.063,7.205],[-7.063,7.205],[-7.065,7.206],[-7.065,7.206],[-7.065,7.207],[-7.065,7.208],[-7.066,7.21],[-7.067,7.212],[-7.068,7.213],[-7.068,7.214],[-7.069,7.215],[-7.069,7.216],[-7.07,7.217],[-7.07,7.218],[-7.07,7.219],[-7.071,7.221],[-7.071,7.222],[-7.071,7.223],[-7.071,7.223],[-7.071,7.225],[-7.071,7.226],[-7.072,7.227],[-7.072,7.228],[-7.072,7.23],[-7.072,7.231],[-7.072,7.233],[-7.072,7.235],[-7.071,7.236],[-7.071,7.238],[-7.071,7.239],[-7.07,7.24],[-7.07,7.242],[-7.07,7.243],[-7.069,7.244],[-7.069,7.246],[-7.069,7.247],[-7.068,7.249],[-7.068,7.25],[-7.067,7.252],[-7.067,7.253],[-7.067,7.254],[-7.067,7.256],[-7.068,7.257],[-7.068,7.259],[-7.068,7.26],[-7.069,7.262],[-7.069,7.264],[-7.069,7.266],[-7.069,7.267],[-7.068,7.268],[-7.067,7.27],[-7.067,7.271],[-7.066,7.272],[-7.066,7.273],[-7.065,7.274],[-7.065,7.276],[-7.064,7.277],[-7.064,7.278],[-7.064,7.279],[-7.064,7.28],[-7.063,7.281],[-7.063,7.283],[-7.063,7.285],[-7.063,7.287],[-7.063,7.288],[-7.063,7.29],[-7.063,7.29],[-7.063,7.292],[-7.064,7.293],[-7.064,7.294],[-7.065,7.295],[-7.066,7.297],[-7.067,7.297],[-7.067,7.298],[-7.068,7.3],[-7.068,7.301],[-7.068,7.302],[-7.068,7.303],[-7.069,7.305],[-7.069,7.306],[-7.068,7.308],[-7.068,7.309],[-7.067,7.31],[-7.067,7.311],[-7.066,7.313],[-7.065,7.314],[-7.065,7.315],[-7.065,7.317],[-7.064,7.318],[-7.064,7.319],[-7.063,7.32],[-7.063,7.321],[-7.062,7.322],[-7.062,7.323],[-7.061,7.324],[-7.061,7.325],[-7.06,7.326],[-7.06,7.327],[-7.059,7.329],[-7.059,7.33],[-7.059,7.331],[-7.059,7.332],[-7.058,7.333],[-7.058,7.334],[-7.059,7.336],[-7.059,7.337],[-7.059,7.338],[-7.06,7.339],[-7.061,7.341],[-7.062,7.342],[-7.063,7.343],[-7.064,7.345],[-7.065,7.347],[-7.065,7.348],[-7.066,7.349],[-7.067,7.35],[-7.067,7.351],[-7.068,7.352],[-7.068,7.353],[-7.069,7.355],[-7.07,7.356],[-7.07,7.357],[-7.071,7.358],[-7.072,7.359],[-7.072,7.361],[-7.073,7.362],[-7.074,7.363],[-7.075,7.363],[-7.076,7.364],[-7.078,7.366],[-7.079,7.366],[-7.08,7.367],[-7.081,7.368],[-7.082,7.369],[-7.082,7.371],[-7.083,7.373],[-7.082,7.374],[-7.082,7.376],[-7.081,7.378],[-7.08,7.379],[-7.079,7.38],[-7.078,7.38],[-7.077,7.381],[-7.076,7.382],[-7.076,7.383],[-7.074,7.383],[-7.074,7.384],[-7.072,7.384],[-7.072,7.384],[-7.071,7.384],[-7.07,7.383],[-7.069,7.383],[-7.067,7.384],[-7.065,7.384],[-7.064,7.384],[-7.063,7.384],[-7.062,7.384],[-7.061,7.384],[-7.06,7.384],[-7.059,7.386],[-7.059,7.387],[-7.058,7.388],[-7.058,7.39],[-7.057,7.391],[-7.056,7.393],[-7.056,7.394],[-7.055,7.394],[-7.054,7.396],[-7.053,7.397],[-7.052,7.397],[-7.05,7.397],[-7.049,7.398],[-7.048,7.399],[-7.047,7.399],[-7.045,7.399],[-7.044,7.4],[-7.044,7.401],[-7.043,7.402],[-7.043,7.403],[-7.043,7.404],[-7.043,7.405],[-7.044,7.406],[-7.044,7.407],[-7.045,7.408],[-7.047,7.408],[-7.047,7.409],[-7.047,7.41],[-7.047,7.412],[-7.048,7.414],[-7.048,7.414],[-7.049,7.415],[-7.049,7.416],[-7.048,7.418],[-7.047,7.419],[-7.046,7.421],[-7.043,7.422],[-7.042,7.422],[-7.039,7.422],[-7.037,7.423],[-7.035,7.423],[-7.033,7.423],[-7.03,7.424],[-7.029,7.424],[-7.027,7.424],[-7.025,7.424],[-7.023,7.424],[-7.02,7.424],[-7.018,7.425],[-7.017,7.426],[-7.016,7.427],[-7.014,7.429],[-7.012,7.431],[-7.011,7.433],[-7.01,7.435],[-7.008,7.437],[-7.006,7.439],[-7.005,7.44],[-7.004,7.442],[-7.003,7.444],[-7.002,7.447],[-7.002,7.448],[-7.003,7.45],[-7.003,7.453],[-7.002,7.455],[-7.002,7.457],[-7.003,7.459],[-7.005,7.459],[-7.007,7.46],[-7.009,7.461],[-7.011,7.463],[-7.013,7.465],[-7.014,7.467],[-7.015,7.468],[-7.016,7.47],[-7.018,7.471],[-7.02,7.473],[-7.021,7.475],[-7.022,7.477],[-7.023,7.478],[-7.024,7.48],[-7.025,7.483],[-7.025,7.486],[-7.026,7.487],[-7.027,7.49],[-7.027,7.492],[-7.027,7.494],[-7.027,7.496],[-7.026,7.498],[-7.025,7.501],[-7.024,7.503],[-7.023,7.506],[-7.023,7.508],[-7.024,7.51],[-7.024,7.512],[-7.026,7.515],[-7.027,7.516],[-7.03,7.518],[-7.032,7.519],[-7.034,7.521],[-7.035,7.523],[-7.036,7.525],[-7.039,7.527],[-7.04,7.528],[-7.041,7.53],[-7.041,7.533],[-7.042,7.535],[-7.041,7.537],[-7.041,7.54],[-7.04,7.541],[-7.038,7.543],[-7.037,7.544],[-7.035,7.545],[-7.033,7.546],[-7.031,7.546],[-7.029,7.549],[-7.028,7.55],[-7.026,7.552],[-7.024,7.553],[-7.022,7.554],[-7.02,7.555],[-7.019,7.555],[-7.016,7.556],[-7.014,7.556],[-7.012,7.556],[-7.01,7.556],[-7.008,7.556],[-7.007,7.556],[-7.005,7.556],[-7.003,7.555],[-7.001,7.554],[-6.997,7.553],[-6.995,7.553],[-6.993,7.554],[-6.99,7.554],[-6.988,7.554],[-6.985,7.555],[-6.984,7.558],[-6.984,7.56],[-6.984,7.562],[-6.985,7.564],[-6.986,7.566],[-6.986,7.569],[-6.987,7.57],[-6.987,7.574],[-6.986,7.577],[-6.987,7.58],[-6.987,7.582],[-6.988,7.584],[-6.989,7.585],[-6.99,7.587],[-6.992,7.588],[-6.995,7.589],[-6.996,7.589],[-6.998,7.589],[-7.0,7.588],[-7.002,7.589],[-7.002,7.592],[-7.003,7.594],[-7.004,7.596],[-7.006,7.597],[-7.007,7.599],[-7.009,7.601],[-7.01,7.603],[-7.011,7.605],[-7.013,7.607],[-7.014,7.609],[-7.015,7.612],[-7.017,7.614],[-7.018,7.615],[-7.021,7.616],[-7.023,7.617],[-7.026,7.616],[-7.029,7.614],[-7.03,7.613],[-7.033,7.612],[-7.035,7.612],[-7.037,7.611],[-7.038,7.61],[-7.042,7.609],[-7.043,7.611],[-7.043,7.613],[-7.044,7.615],[-7.044,7.617],[-7.045,7.619],[-7.046,7.621],[-7.047,7.623],[-7.047,7.625],[-7.05,7.626],[-7.051,7.626],[-7.055,7.626],[-7.057,7.627],[-7.058,7.63],[-7.06,7.631],[-7.062,7.633],[-7.063,7.635],[-7.064,7.637],[-7.065,7.638],[-7.067,7.64],[-7.067,7.642],[-7.067,7.644],[-7.067,7.646],[-7.066,7.649],[-7.066,7.651],[-7.065,7.653],[-7.065,7.656],[-7.066,7.658],[-7.067,7.66],[-7.068,7.662],[-7.07,7.664],[-7.071,7.665],[-7.073,7.666],[-7.074,7.669],[-7.075,7.67],[-7.076,7.673],[-7.077,7.676],[-7.078,7.678],[-7.078,7.68],[-7.079,7.683],[-7.079,7.686],[-7.078,7.689],[-7.077,7.69],[-7.076,7.691],[-7.073,7.692],[-7.072,7.694],[-7.071,7.695],[-7.07,7.699],[-7.07,7.701],[-7.07,7.703],[-7.069,7.705],[-7.069,7.708],[-7.07,7.71],[-7.069,7.712],[-7.07,7.715],[-7.072,7.716],[-7.074,7.717],[-7.075,7.72],[-7.076,7.719],[-7.079,7.719],[-7.079,7.72],[-7.079,7.721],[-7.08,7.723],[-7.079,7.723],[-7.078,7.724],[-7.078,7.724],[-7.077,7.725],[-7.077,7.726],[-7.076,7.727],[-7.076,7.729],[-7.076,7.73],[-7.076,7.732],[-7.077,7.734],[-7.077,7.735],[-7.077,7.736],[-7.077,7.737],[-7.078,7.74],[-7.077,7.74],[-7.077,7.742],[-7.077,7.743],[-7.078,7.744],[-7.078,7.746],[-7.078,7.748],[-7.079,7.75],[-7.079,7.751],[-7.079,7.753],[-7.08,7.754],[-7.08,7.755],[-7.08,7.756],[-7.081,7.757],[-7.081,7.758],[-7.081,7.759],[-7.081,7.76],[-7.081,7.761],[-7.08,7.762],[-7.08,7.764],[-7.079,7.765],[-7.079,7.766],[-7.08,7.767],[-7.08,7.768],[-7.08,7.768],[-7.081,7.769],[-7.081,7.77],[-7.081,7.771],[-7.081,7.773],[-7.081,7.774],[-7.08,7.776],[-7.081,7.777],[-7.08,7.778],[-7.08,7.779],[-7.081,7.781],[-7.082,7.783],[-7.082,7.784],[-7.081,7.785],[-7.081,7.786],[-7.081,7.787],[-7.08,7.788],[-7.08,7.79],[-7.08,7.791],[-7.08,7.793],[-7.08,7.794],[-7.081,7.795],[-7.049,7.797],[-6.998,7.803],[-6.992,7.803],[-6.918,7.802],[-6.831,7.801],[-6.829,7.801],[-6.822,7.801],[-6.791,7.801],[-6.73,7.8],[-6.618,7.8],[-6.616,7.8],[-6.61,7.798],[-6.599,7.796],[-6.533,7.767]]]}},{"type":"Feature","id":"Savanes","properties":{"name":"Savanes","code":"CI01","level":"district","status":"pending","schools":1200,"students":190738,"girls":94943,"boys":95795},"geometry":{"type":"Polygon","coordinates":[[[-6.233,10.732],[-6.231,10.732],[-6.229,10.732],[-6.227,10.732],[-6.225,10.732],[-6.223,10.732],[-6.221,10.731],[-6.22,10.729],[-6.22,10.727],[-6.222,10.726],[-6.224,10.725],[-6.224,10.723],[-6.224,10.721],[-6.225,10.719],[-6.227,10.718],[-6.228,10.716],[-6.23,10.715],[-6.231,10.714],[-6.233,10.712],[-6.234,10.711],[-6.236,10.71],[-6.237,10.708],[-6.239,10.707],[-6.239,10.705],[-6.238,10.703],[-6.237,10.702],[-6.236,10.7],[-6.235,10.698],[-6.235,10.696],[-6.236,10.694],[-6.236,10.692],[-6.236,10.69],[-6.236,10.687],[-6.237,10.685],[-6.238,10.684],[-6.239,10.682],[-6.239,10.68],[-6.239,10.678],[-6.24,10.676],[-6.241,10.674],[-6.242,10.673],[-6.243,10.671],[-6.243,10.669],[-6.242,10.667],[-6.241,10.665],[-6.24,10.664],[-6.238,10.663],[-6.236,10.662],[-6.234,10.661],[-6.23,10.661],[-6.228,10.662],[-6.226,10.663],[-6.224,10.662],[-6.223,10.66],[-6.223,10.658],[-6.222,10.656],[-6.221,10.655],[-6.219,10.653],[-6.217,10.652],[-6.216,10.651],[-6.214,10.65],[-6.213,10.648],[-6.211,10.647],[-6.21,10.645],[-6.209,10.644],[-6.207,10.643],[-6.204,10.643],[-6.202,10.644],[-6.2,10.644],[-6.198,10.644],[-6.196,10.644],[-6.195,10.641],[-6.196,10.639],[-6.198,10.638],[-6.2,10.637],[-6.202,10.635],[-6.203,10.634],[-6.204,10.632],[-6.206,10.631],[-6.208,10.63],[-6.21,10.629],[-6.212,10.629],[-6.214,10.629],[-6.216,10.629],[-6.218,10.629],[-6.22,10.629],[-6.222,10.629],[-6.224,10.629],[-6.226,10.629],[-6.227,10.628],[-6.229,10.626],[-6.23,10.625],[-6.232,10.623],[-6.233,10.621],[-6.234,10.619],[-6.234,10.617],[-6.233,10.615],[-6.232,10.614],[-6.23,10.612],[-6.23,10.61],[-6.229,10.608],[-6.229,10.606],[-6.227,10.605],[-6.225,10.605],[-6.223,10.605],[-6.221,10.606],[-6.219,10.605],[-6.218,10.604],[-6.216,10.603],[-6.216,10.601],[-6.217,10.599],[-6.219,10.598],[-6.22,10.596],[-6.222,10.595],[-6.224,10.593],[-6.224,10.591],[-6.223,10.59],[-6.221,10.59],[-6.219,10.591],[-6.217,10.591],[-6.215,10.59],[-6.214,10.589],[-6.214,10.587],[-6.215,10.585],[-6.216,10.583],[-6.217,10.581],[-6.217,10.579],[-6.218,10.577],[-6.219,10.576],[-6.22,10.574],[-6.221,10.572],[-6.223,10.57],[-6.224,10.569],[-6.226,10.567],[-6.227,10.566],[-6.228,10.564],[-6.23,10.563],[-6.231,10.56],[-6.233,10.559],[-6.235,10.558],[-6.237,10.558],[-6.239,10.558],[-6.241,10.558],[-6.243,10.557],[-6.244,10.556],[-6.246,10.555],[-6.247,10.554],[-6.249,10.552],[-6.25,10.551],[-6.251,10.549],[-6.252,10.547],[-6.252,10.545],[-6.253,10.543],[-6.254,10.541],[-6.254,10.539],[-6.255,10.537],[-6.256,10.535],[-6.255,10.533],[-6.255,10.531],[-6.254,10.529],[-6.253,10.527],[-6.252,10.526],[-6.25,10.525],[-6.247,10.524],[-6.246,10.523],[-6.244,10.522],[-6.242,10.522],[-6.24,10.522],[-6.238,10.523],[-6.236,10.523],[-6.234,10.524],[-6.233,10.525],[-6.232,10.527],[-6.231,10.529],[-6.23,10.531],[-6.228,10.532],[-6.226,10.531],[-6.224,10.531],[-6.222,10.53],[-6.22,10.529],[-6.218,10.525],[-6.217,10.524],[-6.215,10.523],[-6.214,10.521],[-6.213,10.519],[-6.213,10.517],[-6.213,10.515],[-6.213,10.513],[-6.213,10.511],[-6.213,10.509],[-6.212,10.507],[-6.211,10.506],[-6.209,10.506],[-6.207,10.506],[-6.204,10.506],[-6.202,10.506],[-6.2,10.506],[-6.198,10.506],[-6.196,10.506],[-6.194,10.506],[-6.192,10.505],[-6.19,10.505],[-6.188,10.505],[-6.186,10.505],[-6.184,10.504],[-6.182,10.504],[-6.178,10.503],[-6.176,10.502],[-6.174,10.5],[-6.173,10.499],[-6.171,10.497],[-6.171,10.495],[-6.172,10.494],[-6.174,10.492],[-6.175,10.491],[-6.177,10.489],[-6.178,10.488],[-6.18,10.487],[-6.182,10.487],[-6.184,10.486],[-6.186,10.485],[-6.187,10.484],[-6.189,10.482],[-6.191,10.481],[-6.192,10.479],[-6.193,10.478],[-6.195,10.476],[-6.196,10.474],[-6.197,10.472],[-6.196,10.47],[-6.196,10.468],[-6.196,10.466],[-6.196,10.464],[-6.196,10.462],[-6.195,10.46],[-6.195,10.458],[-6.195,10.456],[-6.195,10.454],[-6.194,10.452],[-6.193,10.45],[-6.192,10.448],[-6.191,10.447],[-6.189,10.446],[-6.187,10.445],[-6.186,10.443],[-6.185,10.441],[-6.183,10.44],[-6.182,10.439],[-6.18,10.438],[-6.178,10.436],[-6.176,10.435],[-6.175,10.434],[-6.173,10.434],[-6.171,10.433],[-6.169,10.431],[-6.168,10.43],[-6.167,10.428],[-6.167,10.426],[-6.168,10.424],[-6.168,10.422],[-6.168,10.42],[-6.169,10.418],[-6.17,10.417],[-6.172,10.416],[-6.175,10.416],[-6.176,10.418],[-6.178,10.419],[-6.18,10.419],[-6.182,10.419],[-6.184,10.419],[-6.186,10.419],[-6.189,10.418],[-6.19,10.417],[-6.191,10.415],[-6.192,10.413],[-6.192,10.411],[-6.192,10.409],[-6.191,10.407],[-6.19,10.405],[-6.191,10.403],[-6.192,10.402],[-6.193,10.4],[-6.193,10.398],[-6.193,10.396],[-6.195,10.394],[-6.196,10.393],[-6.195,10.391],[-6.194,10.389],[-6.192,10.388],[-6.19,10.387],[-6.189,10.385],[-6.188,10.383],[-6.188,10.381],[-6.187,10.38],[-6.186,10.379],[-6.184,10.378],[-6.182,10.378],[-6.18,10.377],[-6.178,10.376],[-6.176,10.375],[-6.175,10.373],[-6.175,10.371],[-6.177,10.37],[-6.179,10.369],[-6.18,10.368],[-6.182,10.366],[-6.183,10.365],[-6.184,10.363],[-6.186,10.361],[-6.187,10.36],[-6.189,10.359],[-6.19,10.357],[-6.192,10.356],[-6.194,10.355],[-6.195,10.354],[-6.197,10.352],[-6.198,10.351],[-6.2,10.349],[-6.201,10.347],[-6.202,10.346],[-6.202,10.344],[-6.201,10.342],[-6.2,10.34],[-6.199,10.339],[-6.198,10.337],[-6.196,10.335],[-6.195,10.334],[-6.193,10.332],[-6.192,10.332],[-6.19,10.33],[-6.189,10.329],[-6.19,10.327],[-6.191,10.325],[-6.192,10.323],[-6.193,10.321],[-6.195,10.32],[-6.196,10.319],[-6.197,10.317],[-6.197,10.315],[-6.197,10.312],[-6.197,10.31],[-6.198,10.309],[-6.199,10.308],[-6.202,10.308],[-6.203,10.309],[-6.204,10.311],[-6.205,10.313],[-6.205,10.315],[-6.206,10.317],[-6.207,10.319],[-6.208,10.321],[-6.21,10.321],[-6.212,10.321],[-6.214,10.321],[-6.216,10.321],[-6.218,10.321],[-6.22,10.321],[-6.222,10.32],[-6.224,10.319],[-6.226,10.318],[-6.228,10.317],[-6.229,10.315],[-6.231,10.314],[-6.232,10.313],[-6.234,10.312],[-6.236,10.311],[-6.238,10.31],[-6.239,10.309],[-6.24,10.307],[-6.24,10.305],[-6.238,10.303],[-6.237,10.302],[-6.235,10.301],[-6.234,10.299],[-6.232,10.298],[-6.231,10.297],[-6.229,10.296],[-6.227,10.294],[-6.226,10.292],[-6.226,10.291],[-6.226,10.288],[-6.226,10.286],[-6.226,10.284],[-6.225,10.282],[-6.226,10.28],[-6.226,10.278],[-6.226,10.276],[-6.226,10.274],[-6.227,10.272],[-6.226,10.27],[-6.224,10.269],[-6.222,10.269],[-6.221,10.268],[-6.219,10.266],[-6.218,10.265],[-6.216,10.264],[-6.214,10.263],[-6.211,10.263],[-6.209,10.264],[-6.207,10.265],[-6.205,10.265],[-6.203,10.266],[-6.2,10.265],[-6.199,10.263],[-6.198,10.261],[-6.198,10.259],[-6.199,10.257],[-6.199,10.255],[-6.2,10.245],[-6.197,10.242],[-6.191,10.235],[-6.179,10.229],[-6.168,10.226],[-6.153,10.221],[-6.146,10.219],[-6.137,10.211],[-6.13,10.214],[-6.117,10.214],[-6.103,10.216],[-6.083,10.214],[-6.072,10.216],[-6.066,10.214],[-6.055,10.206],[-6.043,10.202],[-6.025,10.201],[-6.015,10.201],[-5.998,10.195],[-5.993,10.194],[-5.986,10.199],[-5.981,10.211],[-5.974,10.219],[-5.964,10.23],[-5.957,10.241],[-5.952,10.248],[-5.952,10.252],[-5.956,10.269],[-5.951,10.272],[-5.943,10.271],[-5.93,10.276],[-5.923,10.275],[-5.911,10.266],[-5.9,10.259],[-5.892,10.26],[-5.886,10.263],[-5.884,10.27],[-5.881,10.283],[-5.885,10.289],[-5.892,10.299],[-5.887,10.305],[-5.871,10.318],[-5.876,10.332],[-5.867,10.372],[-5.863,10.38],[-5.858,10.374],[-5.851,10.374],[-5.833,10.384],[-5.827,10.388],[-5.823,10.394],[-5.822,10.4],[-5.819,10.406],[-5.809,10.413],[-5.808,10.414],[-5.805,10.417],[-5.804,10.418],[-5.802,10.419],[-5.8,10.421],[-5.799,10.422],[-5.797,10.423],[-5.796,10.425],[-5.794,10.426],[-5.792,10.427],[-5.791,10.428],[-5.789,10.43],[-5.787,10.431],[-5.786,10.432],[-5.784,10.433],[-5.782,10.434],[-5.781,10.435],[-5.777,10.436],[-5.776,10.437],[-5.774,10.438],[-5.772,10.438],[-5.77,10.438],[-5.768,10.438],[-5.766,10.437],[-5.764,10.436],[-5.762,10.435],[-5.76,10.435],[-5.758,10.434],[-5.757,10.433],[-5.755,10.431],[-5.753,10.43],[-5.752,10.429],[-5.75,10.428],[-5.748,10.427],[-5.744,10.427],[-5.742,10.428],[-5.74,10.428],[-5.738,10.429],[-5.736,10.429],[-5.733,10.428],[-5.731,10.428],[-5.729,10.428],[-5.725,10.428],[-5.723,10.429],[-5.721,10.429],[-5.719,10.429],[-5.717,10.429],[-5.715,10.43],[-5.713,10.43],[-5.712,10.432],[-5.711,10.433],[-5.71,10.435],[-5.709,10.437],[-5.707,10.438],[-5.706,10.44],[-5.704,10.441],[-5.703,10.442],[-5.701,10.443],[-5.7,10.445],[-5.698,10.446],[-5.697,10.448],[-5.695,10.449],[-5.694,10.451],[-5.692,10.452],[-5.691,10.454],[-5.689,10.455],[-5.688,10.457],[-5.686,10.458],[-5.685,10.459],[-5.683,10.46],[-5.681,10.461],[-5.679,10.461],[-5.677,10.462],[-5.675,10.462],[-5.673,10.462],[-5.671,10.462],[-5.669,10.463],[-5.667,10.463],[-5.665,10.464],[-5.663,10.464],[-5.661,10.465],[-5.659,10.465],[-5.657,10.465],[-5.655,10.464],[-5.653,10.463],[-5.652,10.461],[-5.651,10.459],[-5.649,10.458],[-5.647,10.458],[-5.645,10.457],[-5.643,10.457],[-5.641,10.458],[-5.639,10.458],[-5.637,10.458],[-5.635,10.459],[-5.633,10.459],[-5.631,10.458],[-5.629,10.458],[-5.627,10.457],[-5.626,10.456],[-5.624,10.454],[-5.622,10.454],[-5.62,10.453],[-5.618,10.452],[-5.616,10.452],[-5.614,10.451],[-5.612,10.452],[-5.61,10.453],[-5.608,10.453],[-5.607,10.454],[-5.605,10.455],[-5.603,10.455],[-5.601,10.455],[-5.599,10.455],[-5.597,10.454],[-5.595,10.453],[-5.593,10.452],[-5.591,10.452],[-5.587,10.452],[-5.585,10.453],[-5.583,10.452],[-5.581,10.452],[-5.579,10.453],[-5.577,10.454],[-5.576,10.455],[-5.574,10.456],[-5.572,10.456],[-5.57,10.456],[-5.568,10.456],[-5.566,10.457],[-5.564,10.458],[-5.563,10.459],[-5.561,10.461],[-5.559,10.46],[-5.557,10.459],[-5.556,10.458],[-5.554,10.457],[-5.553,10.455],[-5.552,10.454],[-5.551,10.452],[-5.549,10.45],[-5.548,10.449],[-5.546,10.448],[-5.544,10.447],[-5.542,10.446],[-5.54,10.445],[-5.539,10.444],[-5.537,10.443],[-5.535,10.442],[-5.533,10.441],[-5.532,10.44],[-5.53,10.439],[-5.528,10.438],[-5.526,10.437],[-5.525,10.436],[-5.524,10.434],[-5.522,10.432],[-5.521,10.431],[-5.52,10.43],[-5.518,10.429],[-5.516,10.428],[-5.514,10.427],[-5.513,10.425],[-5.512,10.423],[-5.511,10.422],[-5.511,10.42],[-5.511,10.418],[-5.51,10.416],[-5.508,10.416],[-5.506,10.416],[-5.504,10.415],[-5.502,10.414],[-5.501,10.412],[-5.499,10.411],[-5.498,10.409],[-5.496,10.408],[-5.495,10.407],[-5.493,10.405],[-5.492,10.404],[-5.49,10.403],[-5.489,10.401],[-5.488,10.399],[-5.488,10.397],[-5.488,10.395],[-5.486,10.394],[-5.485,10.392],[-5.485,10.39],[-5.485,10.388],[-5.485,10.386],[-5.485,10.384],[-5.483,10.383],[-5.483,10.381],[-5.483,10.378],[-5.483,10.376],[-5.483,10.374],[-5.483,10.372],[-5.482,10.371],[-5.48,10.37],[-5.478,10.37],[-5.475,10.37],[-5.474,10.372],[-5.473,10.373],[-5.471,10.375],[-5.469,10.374],[-5.467,10.373],[-5.466,10.372],[-5.464,10.369],[-5.463,10.367],[-5.462,10.365],[-5.462,10.363],[-5.461,10.361],[-5.46,10.359],[-5.46,10.357],[-5.459,10.355],[-5.459,10.353],[-5.461,10.352],[-5.462,10.35],[-5.463,10.348],[-5.464,10.346],[-5.464,10.344],[-5.463,10.343],[-5.461,10.341],[-5.459,10.34],[-5.458,10.339],[-5.456,10.338],[-5.454,10.337],[-5.451,10.337],[-5.449,10.337],[-5.447,10.338],[-5.446,10.339],[-5.444,10.339],[-5.442,10.338],[-5.44,10.337],[-5.439,10.335],[-5.438,10.333],[-5.438,10.331],[-5.437,10.329],[-5.437,10.327],[-5.437,10.325],[-5.438,10.323],[-5.438,10.321],[-5.437,10.319],[-5.435,10.318],[-5.433,10.317],[-5.431,10.316],[-5.429,10.318],[-5.428,10.319],[-5.426,10.32],[-5.425,10.322],[-5.423,10.321],[-5.421,10.321],[-5.419,10.319],[-5.418,10.317],[-5.417,10.316],[-5.416,10.314],[-5.416,10.312],[-5.416,10.31],[-5.415,10.308],[-5.414,10.306],[-5.413,10.304],[-5.411,10.303],[-5.41,10.301],[-5.408,10.3],[-5.407,10.299],[-5.405,10.298],[-5.403,10.297],[-5.401,10.296],[-5.4,10.295],[-5.398,10.294],[-5.396,10.293],[-5.394,10.292],[-5.392,10.29],[-5.391,10.289],[-5.389,10.288],[-5.387,10.288],[-5.384,10.287],[-5.383,10.288],[-5.381,10.289],[-5.379,10.29],[-5.377,10.291],[-5.375,10.291],[-5.373,10.29],[-5.372,10.289],[-5.371,10.287],[-5.37,10.285],[-5.37,10.283],[-5.369,10.281],[-5.367,10.28],[-5.365,10.28],[-5.363,10.28],[-5.361,10.28],[-5.358,10.282],[-5.357,10.284],[-5.357,10.286],[-5.357,10.288],[-5.356,10.29],[-5.355,10.291],[-5.354,10.293],[-5.353,10.296],[-5.352,10.297],[-5.351,10.299],[-5.349,10.299],[-5.348,10.298],[-5.346,10.297],[-5.344,10.295],[-5.342,10.294],[-5.341,10.294],[-5.339,10.293],[-5.337,10.292],[-5.335,10.292],[-5.333,10.291],[-5.331,10.29],[-5.329,10.289],[-5.329,10.289],[-5.328,10.288],[-5.325,10.288],[-5.324,10.289],[-5.322,10.29],[-5.321,10.292],[-5.32,10.293],[-5.318,10.295],[-5.316,10.296],[-5.314,10.296],[-5.312,10.297],[-5.31,10.298],[-5.308,10.298],[-5.306,10.3],[-5.305,10.301],[-5.303,10.301],[-5.301,10.301],[-5.299,10.3],[-5.297,10.3],[-5.295,10.299],[-5.293,10.301],[-5.293,10.303],[-5.294,10.305],[-5.295,10.307],[-5.296,10.309],[-5.297,10.31],[-5.297,10.312],[-5.296,10.314],[-5.295,10.315],[-5.293,10.316],[-5.29,10.317],[-5.288,10.317],[-5.286,10.316],[-5.285,10.315],[-5.284,10.313],[-5.283,10.311],[-5.281,10.31],[-5.279,10.31],[-5.278,10.308],[-5.277,10.306],[-5.275,10.306],[-5.273,10.306],[-5.271,10.306],[-5.27,10.308],[-5.268,10.309],[-5.266,10.31],[-5.264,10.31],[-5.263,10.308],[-5.262,10.306],[-5.26,10.305],[-5.258,10.305],[-5.256,10.305],[-5.254,10.305],[-5.252,10.305],[-5.25,10.307],[-5.249,10.308],[-5.247,10.309],[-5.246,10.31],[-5.244,10.311],[-5.242,10.312],[-5.24,10.312],[-5.238,10.312],[-5.236,10.312],[-5.234,10.312],[-5.232,10.311],[-5.23,10.312],[-5.227,10.312],[-5.226,10.311],[-5.224,10.31],[-5.222,10.308],[-5.221,10.307],[-5.22,10.306],[-5.218,10.305],[-5.216,10.305],[-5.213,10.305],[-5.212,10.305],[-5.21,10.306],[-5.208,10.307],[-5.206,10.308],[-5.205,10.31],[-5.204,10.312],[-5.203,10.313],[-5.202,10.315],[-5.2,10.317],[-5.199,10.318],[-5.197,10.318],[-5.195,10.318],[-5.194,10.316],[-5.194,10.314],[-5.195,10.312],[-5.196,10.311],[-5.198,10.31],[-5.2,10.308],[-5.201,10.306],[-5.2,10.304],[-5.199,10.303],[-5.197,10.302],[-5.194,10.301],[-5.192,10.301],[-5.19,10.3],[-5.189,10.299],[-5.187,10.299],[-5.185,10.298],[-5.183,10.297],[-5.181,10.296],[-5.18,10.295],[-5.179,10.293],[-5.179,10.291],[-5.177,10.29],[-5.175,10.29],[-5.173,10.288],[-5.173,10.287],[-5.172,10.285],[-5.17,10.283],[-5.168,10.283],[-5.166,10.282],[-5.163,10.282],[-5.161,10.282],[-5.16,10.283],[-5.158,10.284],[-5.156,10.284],[-5.154,10.285],[-5.152,10.286],[-5.15,10.287],[-5.147,10.287],[-5.145,10.29],[-5.143,10.291],[-5.142,10.292],[-5.14,10.294],[-5.139,10.295],[-5.138,10.297],[-5.137,10.299],[-5.137,10.301],[-5.136,10.303],[-5.135,10.305],[-5.134,10.307],[-5.132,10.308],[-5.13,10.308],[-5.128,10.307],[-5.128,10.305],[-5.127,10.303],[-5.126,10.301],[-5.125,10.299],[-5.124,10.298],[-5.12,10.299],[-5.119,10.3],[-5.117,10.302],[-5.116,10.303],[-5.114,10.304],[-5.112,10.305],[-5.111,10.303],[-5.111,10.301],[-5.111,10.299],[-5.111,10.297],[-5.112,10.295],[-5.113,10.293],[-5.115,10.292],[-5.116,10.29],[-5.117,10.289],[-5.119,10.287],[-5.119,10.285],[-5.12,10.283],[-5.12,10.281],[-5.121,10.279],[-5.12,10.277],[-5.118,10.276],[-5.116,10.275],[-5.114,10.275],[-5.112,10.276],[-5.11,10.276],[-5.108,10.277],[-5.106,10.277],[-5.104,10.276],[-5.102,10.275],[-5.101,10.274],[-5.099,10.272],[-5.099,10.271],[-5.098,10.269],[-5.099,10.267],[-5.101,10.265],[-5.102,10.264],[-5.104,10.263],[-5.106,10.262],[-5.108,10.261],[-5.111,10.26],[-5.113,10.259],[-5.115,10.259],[-5.117,10.258],[-5.118,10.257],[-5.12,10.256],[-5.121,10.254],[-5.122,10.253],[-5.123,10.251],[-5.124,10.249],[-5.123,10.247],[-5.123,10.245],[-5.122,10.243],[-5.12,10.242],[-5.118,10.241],[-5.116,10.24],[-5.114,10.24],[-5.112,10.24],[-5.11,10.239],[-5.109,10.238],[-5.108,10.236],[-5.108,10.234],[-5.108,10.23],[-5.109,10.228],[-5.111,10.226],[-5.112,10.225],[-5.113,10.223],[-5.114,10.222],[-5.116,10.22],[-5.117,10.219],[-5.118,10.217],[-5.119,10.215],[-5.12,10.213],[-5.121,10.212],[-5.122,10.21],[-5.122,10.208],[-5.123,10.206],[-5.123,10.204],[-5.122,10.202],[-5.12,10.201],[-5.117,10.201],[-5.115,10.202],[-5.113,10.204],[-5.111,10.205],[-5.109,10.205],[-5.107,10.206],[-5.105,10.207],[-5.104,10.208],[-5.102,10.209],[-5.1,10.21],[-5.098,10.211],[-5.097,10.212],[-5.095,10.214],[-5.094,10.215],[-5.092,10.217],[-5.091,10.218],[-5.09,10.22],[-5.088,10.22],[-5.086,10.221],[-5.084,10.22],[-5.082,10.219],[-5.082,10.217],[-5.081,10.215],[-5.081,10.213],[-5.081,10.211],[-5.081,10.207],[-5.082,10.205],[-5.082,10.203],[-5.082,10.201],[-5.082,10.199],[-5.082,10.197],[-5.082,10.195],[-5.082,10.193],[-5.082,10.191],[-5.083,10.189],[-5.083,10.187],[-5.084,10.185],[-5.086,10.184],[-5.087,10.182],[-5.089,10.181],[-5.091,10.181],[-5.093,10.18],[-5.095,10.18],[-5.097,10.18],[-5.099,10.18],[-5.101,10.179],[-5.104,10.178],[-5.104,10.176],[-5.104,10.174],[-5.103,10.172],[-5.102,10.171],[-5.1,10.169],[-5.098,10.169],[-5.096,10.168],[-5.094,10.169],[-5.092,10.169],[-5.09,10.17],[-5.088,10.17],[-5.086,10.171],[-5.084,10.171],[-5.082,10.172],[-5.08,10.173],[-5.079,10.175],[-5.077,10.176],[-5.076,10.177],[-5.074,10.178],[-5.072,10.179],[-5.07,10.179],[-5.066,10.178],[-5.064,10.177],[-5.063,10.176],[-5.062,10.174],[-5.062,10.172],[-5.062,10.17],[-5.063,10.168],[-5.064,10.167],[-5.065,10.165],[-5.066,10.163],[-5.066,10.161],[-5.067,10.159],[-5.068,10.157],[-5.069,10.155],[-5.07,10.154],[-5.071,10.152],[-5.071,10.15],[-5.071,10.147],[-5.071,10.145],[-5.07,10.143],[-5.071,10.141],[-5.071,10.139],[-5.071,10.137],[-5.07,10.136],[-5.068,10.135],[-5.066,10.134],[-5.064,10.134],[-5.062,10.133],[-5.06,10.132],[-5.058,10.132],[-5.056,10.132],[-5.054,10.132],[-5.052,10.132],[-5.05,10.132],[-5.048,10.132],[-5.046,10.131],[-5.044,10.131],[-5.042,10.13],[-5.041,10.128],[-5.04,10.126],[-5.039,10.124],[-5.039,10.122],[-5.039,10.12],[-5.04,10.117],[-5.042,10.116],[-5.044,10.115],[-5.046,10.115],[-5.048,10.115],[-5.049,10.117],[-5.051,10.118],[-5.052,10.119],[-5.054,10.12],[-5.056,10.121],[-5.057,10.123],[-5.059,10.123],[-5.061,10.123],[-5.063,10.122],[-5.065,10.121],[-5.067,10.122],[-5.069,10.122],[-5.071,10.121],[-5.072,10.12],[-5.074,10.118],[-5.074,10.116],[-5.075,10.114],[-5.075,10.111],[-5.075,10.109],[-5.074,10.107],[-5.072,10.106],[-5.07,10.105],[-5.068,10.105],[-5.066,10.104],[-5.064,10.104],[-5.062,10.104],[-5.06,10.104],[-5.058,10.103],[-5.056,10.103],[-5.054,10.103],[-5.052,10.103],[-5.05,10.103],[-5.048,10.103],[-5.046,10.104],[-5.045,10.106],[-5.043,10.107],[-5.041,10.106],[-5.04,10.104],[-5.04,10.102],[-5.041,10.1],[-5.043,10.098],[-5.044,10.097],[-5.045,10.095],[-5.047,10.094],[-5.049,10.093],[-5.051,10.093],[-5.053,10.092],[-5.055,10.091],[-5.057,10.091],[-5.058,10.089],[-5.059,10.087],[-5.059,10.085],[-5.058,10.083],[-5.057,10.082],[-5.054,10.083],[-5.052,10.084],[-5.05,10.085],[-5.048,10.085],[-5.046,10.085],[-5.044,10.084],[-5.042,10.083],[-5.038,10.082],[-5.036,10.083],[-5.035,10.085],[-5.034,10.087],[-5.033,10.089],[-5.032,10.09],[-5.03,10.092],[-5.029,10.093],[-5.027,10.094],[-5.026,10.095],[-5.024,10.096],[-5.022,10.097],[-5.02,10.098],[-5.018,10.099],[-5.017,10.1],[-5.015,10.1],[-5.013,10.101],[-5.011,10.102],[-5.009,10.103],[-5.007,10.104],[-5.005,10.104],[-5.003,10.102],[-5.003,10.1],[-5.003,10.098],[-5.004,10.096],[-5.005,10.094],[-5.006,10.092],[-5.006,10.09],[-5.007,10.088],[-5.008,10.086],[-5.01,10.085],[-5.011,10.084],[-5.013,10.082],[-5.014,10.081],[-5.016,10.079],[-5.017,10.078],[-5.017,10.076],[-5.018,10.074],[-5.017,10.072],[-5.017,10.07],[-5.016,10.068],[-5.015,10.066],[-5.012,10.065],[-5.011,10.064],[-5.009,10.064],[-5.007,10.064],[-5.005,10.064],[-5.003,10.064],[-5.001,10.064],[-4.999,10.064],[-4.997,10.063],[-4.995,10.063],[-4.993,10.062],[-4.991,10.061],[-4.99,10.059],[-4.989,10.057],[-4.988,10.056],[-4.986,10.054],[-4.985,10.052],[-4.984,10.051],[-4.983,10.049],[-4.981,10.048],[-4.98,10.046],[-4.978,10.045],[-4.976,10.044],[-4.974,10.043],[-4.972,10.042],[-4.97,10.041],[-4.969,10.04],[-4.968,10.038],[-4.967,10.036],[-4.966,10.034],[-4.966,10.032],[-4.965,10.031],[-4.963,10.029],[-4.962,10.028],[-4.961,10.026],[-4.961,10.024],[-4.961,10.022],[-4.961,10.02],[-4.961,10.018],[-4.961,10.015],[-4.96,10.014],[-4.959,10.012],[-4.958,10.01],[-4.957,10.009],[-4.955,10.006],[-4.955,10.004],[-4.954,10.002],[-4.955,10.0],[-4.955,9.998],[-4.956,9.997],[-4.958,9.995],[-4.96,9.995],[-4.962,9.996],[-4.964,9.997],[-4.965,9.999],[-4.966,10.0],[-4.967,10.002],[-4.968,10.004],[-4.969,10.006],[-4.97,10.007],[-4.972,10.008],[-4.974,10.007],[-4.975,10.005],[-4.977,10.004],[-4.977,10.002],[-4.978,10.0],[-4.98,9.997],[-4.98,9.995],[-4.981,9.993],[-4.981,9.991],[-4.98,9.988],[-4.98,9.986],[-4.979,9.985],[-4.978,9.983],[-4.977,9.981],[-4.975,9.98],[-4.973,9.979],[-4.971,9.978],[-4.97,9.978],[-4.968,9.978],[-4.966,9.977],[-4.964,9.977],[-4.962,9.977],[-4.96,9.976],[-4.958,9.976],[-4.956,9.975],[-4.954,9.974],[-4.954,9.972],[-4.953,9.97],[-4.953,9.968],[-4.953,9.966],[-4.952,9.964],[-4.951,9.962],[-4.949,9.96],[-4.947,9.959],[-4.946,9.958],[-4.944,9.958],[-4.942,9.957],[-4.94,9.956],[-4.938,9.955],[-4.937,9.954],[-4.936,9.952],[-4.935,9.95],[-4.935,9.948],[-4.937,9.946],[-4.938,9.945],[-4.94,9.944],[-4.942,9.944],[-4.945,9.944],[-4.947,9.944],[-4.949,9.945],[-4.951,9.946],[-4.953,9.946],[-4.955,9.946],[-4.957,9.944],[-4.958,9.942],[-4.958,9.94],[-4.957,9.938],[-4.956,9.936],[-4.955,9.934],[-4.954,9.933],[-4.953,9.931],[-4.953,9.929],[-4.952,9.925],[-4.952,9.922],[-4.952,9.92],[-4.954,9.918],[-4.955,9.917],[-4.957,9.916],[-4.959,9.916],[-4.961,9.915],[-4.962,9.913],[-4.963,9.911],[-4.964,9.91],[-4.965,9.907],[-4.965,9.905],[-4.965,9.903],[-4.965,9.901],[-4.965,9.899],[-4.964,9.897],[-4.963,9.896],[-4.962,9.894],[-4.96,9.893],[-4.959,9.891],[-4.958,9.89],[-4.956,9.888],[-4.955,9.887],[-4.953,9.886],[-4.951,9.885],[-4.949,9.884],[-4.947,9.883],[-4.946,9.883],[-4.944,9.882],[-4.942,9.881],[-4.94,9.881],[-4.938,9.88],[-4.936,9.879],[-4.934,9.878],[-4.933,9.876],[-4.932,9.874],[-4.932,9.872],[-4.931,9.87],[-4.93,9.869],[-4.927,9.868],[-4.926,9.87],[-4.924,9.871],[-4.923,9.873],[-4.923,9.875],[-4.924,9.877],[-4.924,9.879],[-4.923,9.881],[-4.922,9.883],[-4.92,9.884],[-4.919,9.886],[-4.917,9.887],[-4.916,9.888],[-4.914,9.889],[-4.91,9.891],[-4.908,9.891],[-4.906,9.891],[-4.904,9.89],[-4.902,9.89],[-4.9,9.889],[-4.899,9.888],[-4.897,9.887],[-4.895,9.886],[-4.893,9.885],[-4.892,9.884],[-4.89,9.883],[-4.888,9.882],[-4.887,9.881],[-4.885,9.88],[-4.883,9.879],[-4.881,9.878],[-4.879,9.878],[-4.877,9.877],[-4.875,9.877],[-4.873,9.876],[-4.871,9.876],[-4.868,9.875],[-4.866,9.875],[-4.864,9.874],[-4.862,9.874],[-4.86,9.873],[-4.858,9.873],[-4.856,9.872],[-4.854,9.871],[-4.853,9.871],[-4.851,9.87],[-4.849,9.869],[-4.847,9.868],[-4.845,9.868],[-4.843,9.869],[-4.841,9.869],[-4.839,9.869],[-4.837,9.87],[-4.835,9.87],[-4.833,9.87],[-4.831,9.869],[-4.829,9.868],[-4.827,9.867],[-4.825,9.867],[-4.823,9.866],[-4.822,9.864],[-4.821,9.862],[-4.82,9.861],[-4.819,9.859],[-4.819,9.857],[-4.82,9.855],[-4.82,9.853],[-4.82,9.85],[-4.819,9.849],[-4.818,9.847],[-4.817,9.845],[-4.816,9.843],[-4.814,9.842],[-4.812,9.841],[-4.81,9.841],[-4.807,9.841],[-4.805,9.841],[-4.803,9.842],[-4.8,9.843],[-4.798,9.844],[-4.796,9.844],[-4.795,9.842],[-4.794,9.841],[-4.793,9.839],[-4.791,9.838],[-4.789,9.837],[-4.787,9.836],[-4.785,9.835],[-4.784,9.834],[-4.782,9.833],[-4.781,9.831],[-4.781,9.829],[-4.781,9.827],[-4.781,9.825],[-4.783,9.823],[-4.784,9.822],[-4.786,9.821],[-4.787,9.819],[-4.788,9.817],[-4.789,9.815],[-4.788,9.813],[-4.787,9.811],[-4.787,9.809],[-4.787,9.807],[-4.787,9.805],[-4.787,9.803],[-4.787,9.801],[-4.787,9.799],[-4.788,9.797],[-4.787,9.795],[-4.787,9.793],[-4.786,9.791],[-4.784,9.79],[-4.783,9.788],[-4.781,9.787],[-4.78,9.785],[-4.779,9.783],[-4.78,9.781],[-4.78,9.779],[-4.781,9.778],[-4.785,9.778],[-4.788,9.779],[-4.79,9.78],[-4.791,9.781],[-4.793,9.782],[-4.794,9.784],[-4.796,9.785],[-4.798,9.785],[-4.8,9.785],[-4.802,9.785],[-4.804,9.786],[-4.806,9.787],[-4.808,9.787],[-4.81,9.785],[-4.811,9.784],[-4.811,9.782],[-4.811,9.78],[-4.811,9.778],[-4.81,9.776],[-4.809,9.774],[-4.807,9.773],[-4.805,9.772],[-4.804,9.771],[-4.801,9.77],[-4.799,9.77],[-4.797,9.771],[-4.795,9.771],[-4.793,9.771],[-4.791,9.77],[-4.79,9.768],[-4.789,9.766],[-4.789,9.764],[-4.789,9.762],[-4.789,9.76],[-4.788,9.758],[-4.787,9.757],[-4.785,9.756],[-4.783,9.755],[-4.781,9.755],[-4.779,9.754],[-4.777,9.753],[-4.776,9.751],[-4.775,9.749],[-4.776,9.747],[-4.776,9.745],[-4.777,9.743],[-4.777,9.741],[-4.776,9.739],[-4.774,9.738],[-4.772,9.737],[-4.77,9.736],[-4.768,9.736],[-4.766,9.736],[-4.764,9.736],[-4.763,9.737],[-4.761,9.738],[-4.76,9.74],[-4.76,9.742],[-4.762,9.744],[-4.763,9.745],[-4.764,9.747],[-4.765,9.749],[-4.765,9.751],[-4.763,9.752],[-4.761,9.753],[-4.76,9.755],[-4.758,9.756],[-4.756,9.756],[-4.754,9.755],[-4.752,9.754],[-4.75,9.754],[-4.748,9.753],[-4.746,9.753],[-4.744,9.752],[-4.742,9.752],[-4.74,9.751],[-4.738,9.75],[-4.737,9.75],[-4.735,9.749],[-4.733,9.748],[-4.732,9.746],[-4.731,9.744],[-4.73,9.743],[-4.73,9.74],[-4.73,9.738],[-4.729,9.737],[-4.728,9.735],[-4.726,9.733],[-4.724,9.732],[-4.723,9.731],[-4.721,9.729],[-4.719,9.727],[-4.718,9.726],[-4.717,9.724],[-4.716,9.722],[-4.715,9.72],[-4.714,9.718],[-4.713,9.716],[-4.713,9.715],[-4.712,9.713],[-4.711,9.711],[-4.711,9.709],[-4.71,9.707],[-4.71,9.705],[-4.709,9.703],[-4.708,9.701],[-4.707,9.699],[-4.705,9.698],[-4.704,9.696],[-4.704,9.694],[-4.703,9.693],[-4.702,9.69],[-4.701,9.689],[-4.7,9.687],[-4.698,9.686],[-4.697,9.685],[-4.695,9.684],[-4.691,9.683],[-4.689,9.682],[-4.688,9.681],[-4.688,9.679],[-4.687,9.677],[-4.686,9.676],[-4.684,9.675],[-4.682,9.675],[-4.68,9.675],[-4.678,9.677],[-4.676,9.678],[-4.675,9.679],[-4.673,9.68],[-4.671,9.681],[-4.67,9.682],[-4.668,9.683],[-4.665,9.684],[-4.663,9.684],[-4.661,9.684],[-4.659,9.684],[-4.657,9.684],[-4.655,9.684],[-4.654,9.686],[-4.652,9.687],[-4.651,9.689],[-4.651,9.691],[-4.65,9.693],[-4.65,9.695],[-4.65,9.697],[-4.65,9.699],[-4.65,9.701],[-4.65,9.703],[-4.649,9.705],[-4.648,9.707],[-4.646,9.708],[-4.645,9.71],[-4.643,9.711],[-4.641,9.711],[-4.638,9.709],[-4.637,9.708],[-4.635,9.707],[-4.634,9.705],[-4.632,9.704],[-4.63,9.703],[-4.629,9.702],[-4.627,9.702],[-4.623,9.701],[-4.621,9.702],[-4.62,9.703],[-4.618,9.704],[-4.617,9.706],[-4.616,9.707],[-4.615,9.709],[-4.614,9.711],[-4.613,9.713],[-4.613,9.715],[-4.613,9.717],[-4.612,9.719],[-4.61,9.722],[-4.608,9.722],[-4.606,9.72],[-4.605,9.719],[-4.604,9.717],[-4.603,9.715],[-4.601,9.715],[-4.599,9.715],[-4.597,9.713],[-4.596,9.712],[-4.594,9.709],[-4.592,9.708],[-4.591,9.707],[-4.589,9.705],[-4.588,9.703],[-4.587,9.702],[-4.586,9.7],[-4.585,9.698],[-4.584,9.697],[-4.583,9.695],[-4.582,9.693],[-4.58,9.692],[-4.578,9.691],[-4.576,9.69],[-4.575,9.689],[-4.573,9.689],[-4.571,9.688],[-4.569,9.688],[-4.567,9.688],[-4.565,9.689],[-4.563,9.689],[-4.56,9.69],[-4.558,9.691],[-4.557,9.692],[-4.556,9.694],[-4.554,9.696],[-4.553,9.697],[-4.551,9.698],[-4.55,9.7],[-4.549,9.702],[-4.548,9.704],[-4.547,9.705],[-4.546,9.707],[-4.544,9.709],[-4.543,9.71],[-4.542,9.712],[-4.541,9.714],[-4.542,9.716],[-4.542,9.718],[-4.542,9.72],[-4.543,9.722],[-4.544,9.723],[-4.546,9.725],[-4.547,9.727],[-4.548,9.728],[-4.549,9.73],[-4.55,9.732],[-4.55,9.734],[-4.55,9.736],[-4.55,9.738],[-4.55,9.74],[-4.549,9.742],[-4.548,9.744],[-4.547,9.745],[-4.545,9.746],[-4.543,9.747],[-4.541,9.748],[-4.539,9.748],[-4.537,9.748],[-4.535,9.749],[-4.533,9.749],[-4.531,9.749],[-4.529,9.749],[-4.527,9.75],[-4.523,9.75],[-4.521,9.75],[-4.519,9.75],[-4.517,9.75],[-4.515,9.75],[-4.513,9.75],[-4.511,9.749],[-4.51,9.748],[-4.508,9.746],[-4.507,9.745],[-4.506,9.743],[-4.504,9.742],[-4.503,9.74],[-4.502,9.738],[-4.502,9.736],[-4.501,9.734],[-4.5,9.732],[-4.5,9.73],[-4.5,9.728],[-4.5,9.726],[-4.5,9.724],[-4.5,9.722],[-4.501,9.719],[-4.502,9.718],[-4.504,9.716],[-4.505,9.714],[-4.506,9.713],[-4.508,9.712],[-4.509,9.71],[-4.511,9.709],[-4.512,9.708],[-4.514,9.706],[-4.515,9.705],[-4.516,9.703],[-4.517,9.701],[-4.518,9.699],[-4.518,9.697],[-4.518,9.695],[-4.518,9.693],[-4.518,9.691],[-4.518,9.689],[-4.518,9.687],[-4.518,9.685],[-4.518,9.683],[-4.518,9.681],[-4.517,9.678],[-4.517,9.676],[-4.517,9.674],[-4.517,9.672],[-4.517,9.67],[-4.517,9.668],[-4.517,9.666],[-4.516,9.664],[-4.516,9.662],[-4.515,9.66],[-4.514,9.658],[-4.513,9.657],[-4.512,9.655],[-4.511,9.653],[-4.51,9.651],[-4.509,9.65],[-4.508,9.648],[-4.506,9.647],[-4.505,9.645],[-4.503,9.645],[-4.501,9.644],[-4.498,9.644],[-4.496,9.645],[-4.494,9.646],[-4.492,9.647],[-4.49,9.647],[-4.488,9.648],[-4.486,9.649],[-4.484,9.649],[-4.482,9.649],[-4.48,9.649],[-4.478,9.649],[-4.476,9.649],[-4.474,9.649],[-4.472,9.648],[-4.47,9.648],[-4.469,9.648],[-4.467,9.647],[-4.465,9.647],[-4.463,9.648],[-4.461,9.648],[-4.459,9.649],[-4.457,9.649],[-4.454,9.649],[-4.451,9.65],[-4.449,9.65],[-4.448,9.651],[-4.446,9.652],[-4.444,9.653],[-4.442,9.654],[-4.44,9.655],[-4.439,9.656],[-4.437,9.657],[-4.435,9.658],[-4.433,9.659],[-4.432,9.66],[-4.43,9.66],[-4.428,9.661],[-4.426,9.66],[-4.424,9.66],[-4.422,9.658],[-4.42,9.657],[-4.418,9.656],[-4.417,9.655],[-4.415,9.654],[-4.412,9.652],[-4.411,9.65],[-4.409,9.649],[-4.408,9.647],[-4.407,9.645],[-4.406,9.643],[-4.406,9.641],[-4.405,9.639],[-4.405,9.637],[-4.405,9.635],[-4.405,9.633],[-4.405,9.631],[-4.405,9.629],[-4.405,9.627],[-4.405,9.625],[-4.405,9.623],[-4.405,9.621],[-4.405,9.619],[-4.404,9.617],[-4.404,9.615],[-4.403,9.613],[-4.402,9.611],[-4.401,9.609],[-4.4,9.607],[-4.399,9.605],[-4.398,9.604],[-4.397,9.602],[-4.395,9.6],[-4.394,9.599],[-4.393,9.598],[-4.391,9.596],[-4.39,9.594],[-4.388,9.593],[-4.387,9.592],[-4.385,9.591],[-4.383,9.591],[-4.381,9.59],[-4.379,9.59],[-4.376,9.59],[-4.374,9.591],[-4.372,9.591],[-4.371,9.593],[-4.37,9.594],[-4.369,9.597],[-4.369,9.599],[-4.37,9.601],[-4.37,9.603],[-4.37,9.605],[-4.371,9.608],[-4.37,9.61],[-4.37,9.612],[-4.37,9.614],[-4.369,9.615],[-4.367,9.617],[-4.366,9.618],[-4.364,9.619],[-4.362,9.619],[-4.36,9.62],[-4.358,9.62],[-4.356,9.621],[-4.354,9.622],[-4.352,9.623],[-4.35,9.623],[-4.348,9.624],[-4.346,9.624],[-4.343,9.623],[-4.34,9.623],[-4.338,9.622],[-4.337,9.621],[-4.335,9.62],[-4.333,9.619],[-4.332,9.617],[-4.331,9.615],[-4.331,9.613],[-4.33,9.611],[-4.329,9.61],[-4.328,9.608],[-4.327,9.606],[-4.325,9.605],[-4.323,9.604],[-4.322,9.602],[-4.32,9.601],[-4.319,9.6],[-4.318,9.598],[-4.316,9.597],[-4.315,9.595],[-4.313,9.594],[-4.312,9.592],[-4.309,9.592],[-4.308,9.593],[-4.307,9.595],[-4.306,9.594],[-4.302,9.592],[-4.299,9.59],[-4.298,9.588],[-4.292,9.58],[-4.287,9.574],[-4.285,9.569],[-4.284,9.567],[-4.28,9.562],[-4.276,9.557],[-4.273,9.556],[-4.268,9.554],[-4.265,9.553],[-4.261,9.549],[-4.259,9.547],[-4.255,9.542],[-4.251,9.539],[-4.246,9.539],[-4.243,9.538],[-4.24,9.536],[-4.239,9.533],[-4.239,9.53],[-4.239,9.526],[-4.239,9.524],[-4.239,9.521],[-4.241,9.517],[-4.242,9.514],[-4.243,9.51],[-4.243,9.506],[-4.243,9.502],[-4.242,9.499],[-4.241,9.495],[-4.238,9.491],[-4.236,9.49],[-4.235,9.488],[-4.234,9.485],[-4.233,9.482],[-4.231,9.478],[-4.228,9.477],[-4.224,9.475],[-4.221,9.473],[-4.219,9.471],[-4.218,9.47],[-4.215,9.467],[-4.212,9.464],[-4.209,9.462],[-4.205,9.46],[-4.203,9.459],[-4.201,9.458],[-4.197,9.457],[-4.194,9.454],[-4.191,9.451],[-4.191,9.448],[-4.192,9.443],[-4.192,9.439],[-4.193,9.435],[-4.194,9.432],[-4.194,9.43],[-4.195,9.426],[-4.194,9.423],[-4.196,9.419],[-4.197,9.415],[-4.196,9.413],[-4.194,9.409],[-4.192,9.406],[-4.188,9.405],[-4.185,9.406],[-4.183,9.405],[-4.18,9.403],[-4.177,9.399],[-4.178,9.392],[-4.18,9.389],[-4.181,9.388],[-4.184,9.384],[-4.186,9.382],[-4.186,9.38],[-4.187,9.376],[-4.186,9.369],[-4.186,9.364],[-4.189,9.361],[-4.192,9.358],[-4.194,9.355],[-4.198,9.353],[-4.201,9.352],[-4.205,9.351],[-4.207,9.349],[-4.209,9.346],[-4.206,9.341],[-4.204,9.338],[-4.202,9.334],[-4.199,9.331],[-4.197,9.329],[-4.196,9.326],[-4.195,9.323],[-4.193,9.32],[-4.191,9.318],[-4.189,9.316],[-4.188,9.313],[-4.186,9.31],[-4.184,9.308],[-4.181,9.306],[-4.179,9.303],[-4.177,9.301],[-4.175,9.298],[-4.172,9.295],[-4.171,9.292],[-4.17,9.288],[-4.17,9.285],[-4.172,9.283],[-4.176,9.28],[-4.179,9.278],[-4.181,9.277],[-4.185,9.276],[-4.187,9.275],[-4.19,9.274],[-4.193,9.27],[-4.195,9.266],[-4.196,9.263],[-4.197,9.261],[-4.197,9.257],[-4.196,9.255],[-4.194,9.252],[-4.191,9.25],[-4.189,9.248],[-4.183,9.245],[-4.177,9.24],[-4.172,9.235],[-4.171,9.231],[-4.167,9.229],[-4.163,9.229],[-4.161,9.231],[-4.16,9.233],[-4.159,9.236],[-4.155,9.24],[-4.153,9.242],[-4.151,9.243],[-4.149,9.245],[-4.145,9.249],[-4.14,9.25],[-4.136,9.252],[-4.135,9.254],[-4.131,9.257],[-4.129,9.259],[-4.127,9.261],[-4.124,9.262],[-4.121,9.262],[-4.119,9.261],[-4.115,9.26],[-4.11,9.26],[-4.101,9.257],[-4.098,9.256],[-4.096,9.256],[-4.093,9.256],[-4.09,9.257],[-4.087,9.258],[-4.083,9.259],[-4.079,9.258],[-4.077,9.257],[-4.074,9.257],[-4.072,9.257],[-4.07,9.255],[-4.068,9.254],[-4.067,9.249],[-4.065,9.245],[-4.065,9.243],[-4.063,9.241],[-4.059,9.239],[-4.055,9.238],[-4.051,9.239],[-4.048,9.238],[-4.045,9.235],[-4.044,9.233],[-4.042,9.23],[-4.04,9.226],[-4.037,9.223],[-4.035,9.221],[-4.033,9.219],[-4.032,9.217],[-4.03,9.214],[-4.026,9.211],[-4.024,9.211],[-4.02,9.213],[-4.018,9.215],[-4.015,9.216],[-4.011,9.215],[-4.008,9.214],[-4.006,9.213],[-4.003,9.212],[-4.002,9.21],[-4.002,9.206],[-4.001,9.204],[-3.998,9.203],[-3.994,9.202],[-3.992,9.203],[-3.99,9.206],[-3.987,9.207],[-3.982,9.206],[-3.98,9.206],[-3.976,9.207],[-3.972,9.207],[-3.968,9.206],[-3.966,9.206],[-3.964,9.206],[-3.96,9.205],[-3.957,9.206],[-3.953,9.204],[-3.952,9.201],[-3.953,9.198],[-3.952,9.193],[-3.95,9.189],[-3.949,9.187],[-3.947,9.185],[-3.946,9.184],[-3.944,9.182],[-3.943,9.18],[-3.94,9.177],[-3.937,9.175],[-3.935,9.173],[-3.933,9.17],[-3.929,9.17],[-3.926,9.17],[-3.924,9.17],[-3.92,9.171],[-3.916,9.171],[-3.913,9.169],[-3.911,9.169],[-3.908,9.169],[-3.904,9.169],[-3.902,9.171],[-3.899,9.172],[-3.897,9.172],[-3.895,9.173],[-3.891,9.174],[-3.889,9.174],[-3.886,9.174],[-3.884,9.172],[-3.884,9.17],[-3.887,9.167],[-3.89,9.164],[-3.893,9.161],[-3.895,9.16],[-3.898,9.156],[-3.9,9.153],[-3.903,9.151],[-3.905,9.149],[-3.907,9.145],[-3.908,9.143],[-3.908,9.141],[-3.907,9.137],[-3.906,9.134],[-3.907,9.13],[-3.907,9.127],[-3.906,9.124],[-3.905,9.121],[-3.904,9.117],[-3.903,9.114],[-3.902,9.111],[-3.901,9.109],[-3.897,9.108],[-3.894,9.107],[-3.891,9.106],[-3.887,9.106],[-3.884,9.106],[-3.88,9.106],[-3.877,9.107],[-3.873,9.108],[-3.87,9.109],[-3.868,9.111],[-3.866,9.113],[-3.865,9.116],[-3.864,9.119],[-3.862,9.119],[-3.859,9.118],[-3.857,9.119],[-3.853,9.12],[-3.851,9.121],[-3.848,9.121],[-3.846,9.119],[-3.844,9.117],[-3.844,9.115],[-3.844,9.112],[-3.845,9.11],[-3.845,9.108],[-3.845,9.104],[-3.844,9.1],[-3.844,9.098],[-3.843,9.095],[-3.842,9.092],[-3.842,9.089],[-3.843,9.086],[-3.843,9.084],[-3.845,9.082],[-3.846,9.078],[-3.848,9.077],[-3.85,9.077],[-3.853,9.079],[-3.855,9.081],[-3.857,9.083],[-3.858,9.084],[-3.86,9.087],[-3.861,9.09],[-3.861,9.092],[-3.862,9.095],[-3.865,9.097],[-3.867,9.098],[-3.87,9.1],[-3.872,9.101],[-3.876,9.101],[-3.879,9.099],[-3.881,9.097],[-3.883,9.095],[-3.884,9.093],[-3.886,9.09],[-3.886,9.087],[-3.886,9.084],[-3.886,9.08],[-3.886,9.075],[-3.886,9.072],[-3.885,9.069],[-3.885,9.066],[-3.888,9.064],[-3.89,9.064],[-3.893,9.063],[-3.896,9.062],[-3.899,9.061],[-3.901,9.06],[-3.902,9.057],[-3.9,9.055],[-3.899,9.053],[-3.896,9.051],[-3.893,9.05],[-3.89,9.05],[-3.887,9.049],[-3.884,9.048],[-3.882,9.049],[-3.879,9.05],[-3.877,9.051],[-3.873,9.051],[-3.871,9.049],[-3.87,9.047],[-3.87,9.044],[-3.868,9.042],[-3.866,9.04],[-3.864,9.038],[-3.861,9.037],[-3.859,9.034],[-3.857,9.032],[-3.855,9.029],[-3.853,9.026],[-3.85,9.025],[-3.846,9.025],[-3.842,9.026],[-3.84,9.026],[-3.835,9.025],[-3.833,9.025],[-3.831,9.025],[-3.828,9.024],[-3.824,9.023],[-3.822,9.021],[-3.819,9.021],[-3.816,9.02],[-3.815,9.018],[-3.813,9.017],[-3.811,9.014],[-3.808,9.013],[-3.805,9.012],[-3.803,9.01],[-3.8,9.008],[-3.798,9.006],[-3.797,9.004],[-3.795,9.001],[-3.795,8.998],[-3.796,8.996],[-3.798,8.995],[-3.8,8.993],[-3.803,8.991],[-3.806,8.99],[-3.809,8.989],[-3.812,8.987],[-3.815,8.986],[-3.818,8.985],[-3.82,8.984],[-3.823,8.982],[-3.824,8.98],[-3.826,8.978],[-3.828,8.976],[-3.831,8.975],[-3.834,8.976],[-3.837,8.975],[-3.84,8.975],[-3.843,8.975],[-3.845,8.973],[-3.847,8.97],[-3.849,8.968],[-3.851,8.967],[-3.852,8.964],[-3.854,8.963],[-3.856,8.96],[-3.857,8.957],[-3.86,8.954],[-3.861,8.953],[-3.865,8.953],[-3.867,8.953],[-3.87,8.954],[-3.873,8.956],[-3.876,8.958],[-3.879,8.959],[-3.881,8.96],[-3.882,8.96],[-3.904,8.951],[-3.893,8.926],[-3.891,8.925],[-3.886,8.922],[-3.882,8.92],[-3.877,8.919],[-3.872,8.918],[-3.864,8.915],[-3.862,8.913],[-3.857,8.903],[-3.855,8.883],[-3.85,8.881],[-3.838,8.877],[-3.836,8.873],[-3.835,8.871],[-3.833,8.868],[-3.827,8.862],[-3.824,8.833],[-3.822,8.831],[-3.82,8.83],[-3.818,8.829],[-3.815,8.829],[-3.812,8.828],[-3.81,8.828],[-3.808,8.827],[-3.806,8.825],[-3.811,8.783],[-3.863,8.73],[-3.873,8.699],[-3.867,8.698],[-3.865,8.698],[-3.863,8.694],[-3.872,8.694],[-3.88,8.695],[-3.883,8.695],[-3.886,8.695],[-3.889,8.694],[-3.893,8.693],[-3.898,8.692],[-3.908,8.683],[-3.914,8.681],[-3.917,8.682],[-3.919,8.683],[-3.922,8.684],[-3.924,8.685],[-3.927,8.685],[-3.93,8.684],[-3.933,8.681],[-3.935,8.679],[-3.938,8.677],[-3.94,8.674],[-3.941,8.671],[-3.941,8.669],[-3.942,8.666],[-3.943,8.662],[-3.943,8.659],[-3.943,8.655],[-3.943,8.653],[-3.943,8.649],[-3.942,8.645],[-3.943,8.643],[-3.943,8.642],[-3.945,8.642],[-3.947,8.643],[-3.948,8.641],[-3.949,8.64],[-3.95,8.638],[-3.952,8.637],[-3.953,8.635],[-3.955,8.634],[-3.956,8.633],[-3.959,8.632],[-3.961,8.632],[-3.962,8.633],[-3.964,8.633],[-3.966,8.635],[-3.968,8.636],[-3.97,8.637],[-3.971,8.636],[-3.972,8.634],[-3.97,8.633],[-3.97,8.631],[-3.972,8.631],[-3.974,8.632],[-3.974,8.634],[-3.976,8.635],[-3.978,8.634],[-3.979,8.634],[-3.981,8.635],[-3.98,8.637],[-3.982,8.638],[-3.98,8.64],[-3.979,8.642],[-3.979,8.644],[-3.981,8.644],[-3.982,8.645],[-3.984,8.646],[-3.986,8.646],[-3.988,8.646],[-3.989,8.647],[-3.991,8.649],[-3.993,8.648],[-3.995,8.646],[-3.997,8.646],[-3.999,8.646],[-4.0,8.646],[-4.002,8.646],[-4.002,8.648],[-4.004,8.649],[-4.005,8.649],[-4.007,8.65],[-4.009,8.651],[-4.011,8.652],[-4.012,8.652],[-4.014,8.653],[-4.016,8.653],[-4.017,8.655],[-4.019,8.656],[-4.021,8.656],[-4.023,8.657],[-4.025,8.657],[-4.027,8.658],[-4.033,8.661],[-4.035,8.661],[-4.036,8.66],[-4.035,8.658],[-4.036,8.656],[-4.038,8.655],[-4.039,8.653],[-4.041,8.652],[-4.044,8.649],[-4.045,8.648],[-4.047,8.65],[-4.049,8.652],[-4.05,8.654],[-4.05,8.655],[-4.052,8.656],[-4.054,8.655],[-4.056,8.656],[-4.057,8.655],[-4.059,8.655],[-4.061,8.66],[-4.062,8.662],[-4.064,8.662],[-4.066,8.663],[-4.067,8.664],[-4.069,8.665],[-4.07,8.666],[-4.072,8.667],[-4.074,8.668],[-4.076,8.667],[-4.076,8.665],[-4.076,8.663],[-4.075,8.662],[-4.074,8.661],[-4.073,8.659],[-4.073,8.657],[-4.074,8.655],[-4.074,8.653],[-4.075,8.655],[-4.077,8.657],[-4.079,8.658],[-4.08,8.657],[-4.082,8.657],[-4.083,8.658],[-4.084,8.659],[-4.086,8.659],[-4.088,8.658],[-4.09,8.656],[-4.09,8.655],[-4.09,8.653],[-4.09,8.652],[-4.092,8.652],[-4.093,8.652],[-4.095,8.653],[-4.096,8.654],[-4.098,8.654],[-4.099,8.656],[-4.1,8.657],[-4.101,8.658],[-4.102,8.66],[-4.104,8.66],[-4.105,8.66],[-4.107,8.658],[-4.106,8.656],[-4.105,8.655],[-4.106,8.653],[-4.107,8.651],[-4.108,8.649],[-4.11,8.648],[-4.112,8.648],[-4.114,8.649],[-4.116,8.649],[-4.118,8.65],[-4.119,8.65],[-4.12,8.651],[-4.122,8.651],[-4.124,8.652],[-4.128,8.655],[-4.129,8.655],[-4.131,8.656],[-4.132,8.657],[-4.134,8.659],[-4.134,8.661],[-4.135,8.662],[-4.137,8.661],[-4.139,8.661],[-4.141,8.662],[-4.143,8.663],[-4.145,8.664],[-4.145,8.665],[-4.147,8.667],[-4.148,8.667],[-4.151,8.668],[-4.152,8.668],[-4.154,8.666],[-4.155,8.664],[-4.156,8.662],[-4.157,8.661],[-4.158,8.66],[-4.157,8.658],[-4.158,8.656],[-4.161,8.655],[-4.162,8.657],[-4.163,8.658],[-4.162,8.659],[-4.161,8.661],[-4.16,8.663],[-4.162,8.665],[-4.161,8.667],[-4.163,8.668],[-4.165,8.669],[-4.167,8.67],[-4.17,8.671],[-4.175,8.675],[-4.176,8.676],[-4.178,8.677],[-4.18,8.678],[-4.182,8.679],[-4.182,8.68],[-4.184,8.682],[-4.185,8.683],[-4.188,8.684],[-4.189,8.684],[-4.192,8.682],[-4.193,8.681],[-4.191,8.679],[-4.189,8.678],[-4.189,8.676],[-4.189,8.674],[-4.192,8.674],[-4.193,8.675],[-4.195,8.675],[-4.196,8.674],[-4.197,8.671],[-4.197,8.669],[-4.197,8.667],[-4.199,8.665],[-4.201,8.665],[-4.201,8.663],[-4.201,8.661],[-4.2,8.66],[-4.203,8.658],[-4.205,8.659],[-4.21,8.66],[-4.211,8.661],[-4.212,8.662],[-4.212,8.664],[-4.214,8.666],[-4.215,8.666],[-4.217,8.668],[-4.218,8.669],[-4.219,8.67],[-4.22,8.671],[-4.221,8.672],[-4.223,8.673],[-4.225,8.674],[-4.226,8.674],[-4.228,8.674],[-4.229,8.675],[-4.231,8.676],[-4.232,8.678],[-4.234,8.679],[-4.235,8.68],[-4.236,8.682],[-4.236,8.684],[-4.237,8.685],[-4.239,8.686],[-4.239,8.688],[-4.239,8.689],[-4.24,8.691],[-4.243,8.692],[-4.244,8.692],[-4.246,8.694],[-4.246,8.696],[-4.247,8.698],[-4.248,8.7],[-4.248,8.702],[-4.248,8.704],[-4.248,8.706],[-4.248,8.708],[-4.248,8.71],[-4.249,8.712],[-4.251,8.713],[-4.253,8.712],[-4.255,8.712],[-4.257,8.712],[-4.259,8.712],[-4.259,8.714],[-4.261,8.716],[-4.262,8.718],[-4.26,8.718],[-4.258,8.718],[-4.256,8.72],[-4.257,8.723],[-4.258,8.724],[-4.258,8.726],[-4.26,8.728],[-4.261,8.729],[-4.263,8.73],[-4.264,8.731],[-4.265,8.732],[-4.265,8.735],[-4.265,8.737],[-4.264,8.738],[-4.263,8.739],[-4.263,8.741],[-4.262,8.743],[-4.264,8.745],[-4.265,8.746],[-4.266,8.747],[-4.269,8.748],[-4.271,8.748],[-4.273,8.747],[-4.273,8.745],[-4.275,8.743],[-4.276,8.742],[-4.278,8.743],[-4.278,8.745],[-4.279,8.746],[-4.281,8.747],[-4.282,8.748],[-4.283,8.748],[-4.283,8.748],[-4.285,8.747],[-4.29,8.744],[-4.293,8.74],[-4.295,8.74],[-4.297,8.74],[-4.299,8.738],[-4.3,8.737],[-4.302,8.737],[-4.304,8.738],[-4.306,8.738],[-4.307,8.738],[-4.309,8.738],[-4.311,8.739],[-4.313,8.738],[-4.315,8.738],[-4.317,8.737],[-4.318,8.737],[-4.319,8.736],[-4.321,8.735],[-4.321,8.734],[-4.32,8.732],[-4.321,8.731],[-4.322,8.729],[-4.323,8.728],[-4.336,8.73],[-4.338,8.728],[-4.34,8.727],[-4.342,8.725],[-4.344,8.725],[-4.346,8.725],[-4.349,8.729],[-4.35,8.73],[-4.351,8.731],[-4.352,8.732],[-4.353,8.734],[-4.357,8.74],[-4.357,8.741],[-4.358,8.743],[-4.359,8.745],[-4.359,8.747],[-4.36,8.749],[-4.36,8.75],[-4.361,8.752],[-4.363,8.754],[-4.364,8.755],[-4.365,8.755],[-4.366,8.755],[-4.368,8.754],[-4.369,8.754],[-4.371,8.753],[-4.372,8.753],[-4.374,8.753],[-4.376,8.753],[-4.378,8.752],[-4.38,8.752],[-4.382,8.752],[-4.383,8.752],[-4.385,8.751],[-4.386,8.751],[-4.388,8.751],[-4.39,8.75],[-4.394,8.749],[-4.396,8.748],[-4.397,8.747],[-4.398,8.747],[-4.4,8.747],[-4.402,8.746],[-4.404,8.746],[-4.405,8.747],[-4.407,8.746],[-4.409,8.747],[-4.411,8.746],[-4.413,8.746],[-4.415,8.746],[-4.417,8.747],[-4.418,8.747],[-4.42,8.747],[-4.421,8.747],[-4.422,8.747],[-4.424,8.747],[-4.426,8.746],[-4.427,8.745],[-4.428,8.744],[-4.429,8.743],[-4.431,8.742],[-4.433,8.741],[-4.433,8.741],[-4.435,8.741],[-4.435,8.742],[-4.436,8.744],[-4.437,8.746],[-4.437,8.748],[-4.439,8.75],[-4.44,8.751],[-4.44,8.753],[-4.441,8.755],[-4.442,8.757],[-4.443,8.759],[-4.443,8.761],[-4.444,8.763],[-4.446,8.765],[-4.447,8.767],[-4.448,8.768],[-4.449,8.77],[-4.451,8.771],[-4.452,8.771],[-4.454,8.771],[-4.456,8.771],[-4.457,8.771],[-4.46,8.771],[-4.462,8.771],[-4.463,8.771],[-4.466,8.772],[-4.468,8.774],[-4.469,8.775],[-4.47,8.777],[-4.47,8.778],[-4.472,8.78],[-4.472,8.781],[-4.473,8.782],[-4.475,8.784],[-4.477,8.785],[-4.479,8.786],[-4.481,8.788],[-4.483,8.789],[-4.486,8.791],[-4.488,8.794],[-4.489,8.795],[-4.49,8.797],[-4.491,8.799],[-4.493,8.802],[-4.495,8.806],[-4.495,8.808],[-4.496,8.811],[-4.497,8.813],[-4.5,8.817],[-4.501,8.82],[-4.501,8.822],[-4.504,8.825],[-4.506,8.828],[-4.507,8.831],[-4.508,8.834],[-4.507,8.836],[-4.507,8.839],[-4.506,8.841],[-4.505,8.842],[-4.503,8.844],[-4.501,8.846],[-4.5,8.847],[-4.499,8.849],[-4.497,8.851],[-4.496,8.854],[-4.495,8.857],[-4.494,8.859],[-4.492,8.862],[-4.491,8.864],[-4.49,8.865],[-4.489,8.868],[-4.489,8.87],[-4.489,8.873],[-4.489,8.875],[-4.487,8.877],[-4.486,8.879],[-4.484,8.881],[-4.483,8.883],[-4.484,8.885],[-4.483,8.886],[-4.486,8.886],[-4.488,8.885],[-4.49,8.886],[-4.492,8.886],[-4.494,8.884],[-4.496,8.884],[-4.498,8.886],[-4.498,8.889],[-4.498,8.891],[-4.498,8.893],[-4.498,8.896],[-4.499,8.898],[-4.5,8.9],[-4.502,8.902],[-4.503,8.904],[-4.504,8.907],[-4.506,8.91],[-4.507,8.911],[-4.51,8.913],[-4.512,8.916],[-4.521,8.917],[-4.524,8.916],[-4.526,8.916],[-4.528,8.915],[-4.53,8.915],[-4.533,8.914],[-4.539,8.915],[-4.544,8.918],[-4.546,8.919],[-4.549,8.919],[-4.552,8.919],[-4.552,8.921],[-4.552,8.923],[-4.554,8.926],[-4.558,8.927],[-4.573,8.921],[-4.576,8.921],[-4.578,8.921],[-4.609,8.921],[-4.956,8.929],[-4.957,8.929],[-4.959,8.929],[-4.961,8.93],[-4.961,8.934],[-4.96,8.937],[-4.959,8.941],[-4.956,8.942],[-4.953,8.942],[-4.949,8.94],[-4.948,8.938],[-4.947,8.935],[-4.946,8.932],[-4.944,8.936],[-4.942,8.937],[-4.94,8.939],[-4.938,8.942],[-4.936,8.944],[-4.934,8.945],[-4.931,8.945],[-4.928,8.946],[-4.929,8.948],[-4.93,8.95],[-4.929,8.952],[-4.928,8.955],[-4.926,8.958],[-4.924,8.959],[-4.921,8.959],[-4.919,8.961],[-4.915,8.962],[-4.915,8.964],[-4.915,8.967],[-4.915,8.971],[-4.915,8.973],[-4.915,8.976],[-4.914,8.979],[-4.911,8.981],[-4.908,8.982],[-4.907,8.985],[-4.905,8.988],[-4.907,8.989],[-4.909,8.991],[-4.911,8.993],[-4.911,8.996],[-4.909,8.998],[-4.908,9.0],[-4.908,9.003],[-4.908,9.005],[-4.908,9.008],[-4.907,9.01],[-4.908,9.013],[-4.908,9.017],[-4.908,9.02],[-4.907,9.023],[-4.906,9.025],[-4.905,9.027],[-4.904,9.031],[-4.902,9.034],[-4.9,9.037],[-4.9,9.041],[-4.899,9.044],[-4.898,9.047],[-4.897,9.05],[-4.897,9.053],[-4.896,9.055],[-4.895,9.056],[-4.895,9.057],[-4.895,9.06],[-4.894,9.062],[-4.892,9.065],[-4.891,9.067],[-4.893,9.07],[-4.892,9.071],[-4.891,9.072],[-4.891,9.073],[-4.889,9.076],[-4.887,9.079],[-4.887,9.082],[-4.887,9.084],[-4.886,9.086],[-4.885,9.09],[-4.885,9.093],[-4.886,9.097],[-4.885,9.1],[-4.885,9.102],[-4.885,9.104],[-4.885,9.107],[-4.886,9.111],[-4.888,9.113],[-4.889,9.115],[-4.891,9.118],[-4.892,9.12],[-4.895,9.123],[-4.898,9.122],[-4.899,9.12],[-4.901,9.117],[-4.904,9.116],[-4.906,9.116],[-4.908,9.117],[-4.91,9.118],[-4.912,9.119],[-4.914,9.121],[-4.916,9.122],[-4.918,9.123],[-4.92,9.125],[-4.922,9.125],[-4.927,9.125],[-4.929,9.127],[-4.931,9.128],[-4.934,9.129],[-4.935,9.131],[-4.937,9.129],[-4.94,9.127],[-4.943,9.128],[-4.945,9.131],[-4.947,9.132],[-4.951,9.136],[-4.952,9.138],[-4.953,9.141],[-4.953,9.143],[-4.954,9.145],[-4.955,9.147],[-4.957,9.15],[-4.959,9.15],[-4.962,9.152],[-4.962,9.155],[-4.963,9.158],[-4.966,9.159],[-4.971,9.16],[-4.973,9.16],[-4.976,9.161],[-4.98,9.163],[-4.982,9.165],[-4.984,9.167],[-4.984,9.169],[-4.982,9.173],[-4.981,9.175],[-4.98,9.177],[-4.98,9.179],[-4.979,9.182],[-4.98,9.185],[-4.981,9.189],[-4.981,9.191],[-4.979,9.193],[-4.977,9.195],[-4.978,9.196],[-4.981,9.197],[-4.987,9.201],[-4.989,9.205],[-4.989,9.208],[-4.99,9.21],[-4.992,9.212],[-4.994,9.212],[-4.995,9.213],[-4.997,9.216],[-5.0,9.218],[-5.002,9.219],[-5.004,9.22],[-5.006,9.221],[-5.01,9.222],[-5.01,9.226],[-5.01,9.229],[-5.01,9.233],[-5.011,9.236],[-5.009,9.238],[-5.009,9.24],[-5.009,9.244],[-5.008,9.247],[-5.007,9.25],[-5.008,9.254],[-5.007,9.257],[-5.007,9.26],[-5.006,9.263],[-5.006,9.266],[-5.007,9.267],[-5.008,9.27],[-5.006,9.273],[-5.007,9.276],[-5.007,9.279],[-5.007,9.281],[-5.006,9.283],[-5.006,9.286],[-5.008,9.288],[-5.011,9.29],[-5.011,9.292],[-5.013,9.295],[-5.014,9.298],[-5.015,9.301],[-5.017,9.303],[-5.02,9.306],[-5.024,9.307],[-5.027,9.307],[-5.031,9.307],[-5.034,9.307],[-5.037,9.308],[-5.039,9.309],[-5.041,9.31],[-5.045,9.309],[-5.048,9.309],[-5.052,9.309],[-5.054,9.31],[-5.055,9.311],[-5.058,9.31],[-5.059,9.311],[-5.063,9.312],[-5.067,9.313],[-5.069,9.315],[-5.072,9.315],[-5.075,9.316],[-5.078,9.316],[-5.081,9.317],[-5.083,9.317],[-5.087,9.318],[-5.091,9.32],[-5.095,9.32],[-5.099,9.321],[-5.103,9.322],[-5.106,9.323],[-5.11,9.324],[-5.114,9.325],[-5.117,9.326],[-5.119,9.327],[-5.121,9.327],[-5.124,9.328],[-5.126,9.329],[-5.127,9.33],[-5.129,9.33],[-5.132,9.331],[-5.134,9.332],[-5.136,9.333],[-5.139,9.334],[-5.141,9.335],[-5.143,9.337],[-5.144,9.338],[-5.145,9.34],[-5.147,9.342],[-5.149,9.344],[-5.151,9.347],[-5.155,9.351],[-5.156,9.353],[-5.158,9.355],[-5.16,9.357],[-5.163,9.359],[-5.166,9.362],[-5.167,9.365],[-5.169,9.367],[-5.171,9.369],[-5.174,9.371],[-5.175,9.373],[-5.176,9.375],[-5.178,9.377],[-5.179,9.379],[-5.18,9.381],[-5.181,9.383],[-5.181,9.385],[-5.182,9.388],[-5.183,9.389],[-5.183,9.391],[-5.184,9.392],[-5.185,9.393],[-5.186,9.395],[-5.186,9.397],[-5.186,9.398],[-5.187,9.4],[-5.187,9.401],[-5.187,9.403],[-5.188,9.405],[-5.19,9.407],[-5.19,9.408],[-5.19,9.41],[-5.19,9.412],[-5.19,9.414],[-5.191,9.415],[-5.192,9.416],[-5.193,9.416],[-5.194,9.417],[-5.196,9.418],[-5.198,9.419],[-5.199,9.421],[-5.199,9.423],[-5.2,9.424],[-5.2,9.427],[-5.203,9.427],[-5.204,9.428],[-5.204,9.425],[-5.205,9.422],[-5.205,9.42],[-5.206,9.418],[-5.207,9.416],[-5.208,9.412],[-5.211,9.411],[-5.213,9.41],[-5.215,9.411],[-5.218,9.411],[-5.22,9.412],[-5.223,9.411],[-5.226,9.409],[-5.228,9.408],[-5.23,9.407],[-5.233,9.407],[-5.235,9.407],[-5.237,9.407],[-5.24,9.407],[-5.243,9.406],[-5.245,9.403],[-5.248,9.402],[-5.25,9.402],[-5.252,9.402],[-5.255,9.402],[-5.258,9.402],[-5.26,9.4],[-5.262,9.4],[-5.264,9.4],[-5.266,9.4],[-5.268,9.399],[-5.271,9.399],[-5.275,9.398],[-5.276,9.397],[-5.279,9.396],[-5.281,9.397],[-5.284,9.398],[-5.286,9.397],[-5.287,9.394],[-5.289,9.393],[-5.291,9.393],[-5.293,9.392],[-5.295,9.39],[-5.297,9.389],[-5.3,9.388],[-5.302,9.389],[-5.306,9.389],[-5.309,9.39],[-5.31,9.391],[-5.313,9.393],[-5.315,9.392],[-5.317,9.392],[-5.32,9.394],[-5.322,9.395],[-5.324,9.394],[-5.325,9.393],[-5.338,9.392],[-5.34,9.39],[-5.34,9.388],[-5.339,9.386],[-5.341,9.384],[-5.339,9.375],[-5.339,9.374],[-5.34,9.372],[-5.33,9.367],[-5.331,9.366],[-5.332,9.363],[-5.333,9.361],[-5.333,9.359],[-5.333,9.357],[-5.334,9.355],[-5.335,9.354],[-5.337,9.353],[-5.339,9.353],[-5.341,9.352],[-5.343,9.351],[-5.344,9.35],[-5.344,9.348],[-5.345,9.345],[-5.347,9.343],[-5.35,9.342],[-5.353,9.342],[-5.355,9.341],[-5.352,9.34],[-5.35,9.339],[-5.348,9.337],[-5.347,9.336],[-5.345,9.335],[-5.344,9.332],[-5.346,9.331],[-5.351,9.33],[-5.353,9.33],[-5.355,9.33],[-5.357,9.329],[-5.359,9.328],[-5.357,9.324],[-5.356,9.322],[-5.354,9.321],[-5.352,9.32],[-5.352,9.317],[-5.353,9.315],[-5.355,9.314],[-5.356,9.313],[-5.358,9.313],[-5.36,9.312],[-5.362,9.311],[-5.363,9.309],[-5.363,9.305],[-5.364,9.303],[-5.365,9.302],[-5.367,9.301],[-5.368,9.3],[-5.37,9.299],[-5.372,9.298],[-5.374,9.298],[-5.375,9.298],[-5.377,9.299],[-5.379,9.3],[-5.382,9.301],[-5.383,9.302],[-5.385,9.303],[-5.387,9.304],[-5.388,9.303],[-5.388,9.301],[-5.388,9.299],[-5.387,9.297],[-5.386,9.295],[-5.384,9.294],[-5.382,9.292],[-5.381,9.29],[-5.38,9.288],[-5.379,9.287],[-5.377,9.285],[-5.375,9.284],[-5.375,9.283],[-5.376,9.28],[-5.379,9.278],[-5.382,9.278],[-5.385,9.277],[-5.387,9.276],[-5.388,9.274],[-5.388,9.272],[-5.387,9.269],[-5.385,9.268],[-5.384,9.267],[-5.384,9.265],[-5.385,9.262],[-5.385,9.26],[-5.386,9.258],[-5.387,9.256],[-5.387,9.254],[-5.389,9.253],[-5.391,9.251],[-5.392,9.249],[-5.393,9.247],[-5.395,9.245],[-5.396,9.243],[-5.397,9.241],[-5.399,9.238],[-5.401,9.236],[-5.402,9.235],[-5.404,9.233],[-5.404,9.231],[-5.402,9.231],[-5.4,9.23],[-5.398,9.228],[-5.398,9.226],[-5.399,9.224],[-5.402,9.222],[-5.403,9.22],[-5.401,9.218],[-5.401,9.216],[-5.401,9.216],[-5.401,9.214],[-5.402,9.212],[-5.403,9.21],[-5.404,9.209],[-5.406,9.208],[-5.408,9.207],[-5.409,9.206],[-5.41,9.204],[-5.41,9.202],[-5.41,9.201],[-5.411,9.199],[-5.414,9.197],[-5.416,9.196],[-5.419,9.195],[-5.42,9.194],[-5.423,9.194],[-5.425,9.195],[-5.427,9.196],[-5.43,9.197],[-5.432,9.198],[-5.434,9.199],[-5.435,9.201],[-5.436,9.202],[-5.438,9.203],[-5.44,9.201],[-5.441,9.2],[-5.443,9.198],[-5.441,9.195],[-5.439,9.195],[-5.436,9.194],[-5.432,9.194],[-5.428,9.193],[-5.426,9.192],[-5.425,9.19],[-5.424,9.188],[-5.424,9.187],[-5.426,9.186],[-5.429,9.185],[-5.432,9.185],[-5.434,9.186],[-5.436,9.185],[-5.438,9.184],[-5.438,9.182],[-5.436,9.18],[-5.434,9.178],[-5.432,9.176],[-5.43,9.175],[-5.427,9.173],[-5.427,9.171],[-5.427,9.169],[-5.428,9.167],[-5.43,9.166],[-5.432,9.165],[-5.433,9.164],[-5.435,9.163],[-5.437,9.161],[-5.439,9.16],[-5.441,9.159],[-5.443,9.158],[-5.444,9.157],[-5.446,9.156],[-5.446,9.154],[-5.444,9.153],[-5.444,9.151],[-5.442,9.15],[-5.441,9.149],[-5.439,9.148],[-5.437,9.147],[-5.436,9.145],[-5.436,9.143],[-5.437,9.141],[-5.44,9.14],[-5.442,9.138],[-5.443,9.137],[-5.445,9.135],[-5.446,9.134],[-5.448,9.132],[-5.449,9.131],[-5.45,9.13],[-5.452,9.128],[-5.455,9.127],[-5.457,9.126],[-5.458,9.125],[-5.458,9.124],[-5.459,9.123],[-5.46,9.121],[-5.459,9.119],[-5.457,9.118],[-5.456,9.115],[-5.455,9.113],[-5.454,9.111],[-5.453,9.108],[-5.452,9.106],[-5.452,9.104],[-5.452,9.101],[-5.453,9.099],[-5.454,9.097],[-5.456,9.095],[-5.458,9.094],[-5.461,9.093],[-5.462,9.091],[-5.464,9.09],[-5.467,9.089],[-5.468,9.088],[-5.471,9.087],[-5.472,9.086],[-5.474,9.086],[-5.476,9.087],[-5.478,9.087],[-5.48,9.088],[-5.482,9.089],[-5.485,9.09],[-5.487,9.09],[-5.489,9.091],[-5.491,9.091],[-5.493,9.09],[-5.494,9.088],[-5.495,9.085],[-5.494,9.083],[-5.494,9.081],[-5.493,9.079],[-5.493,9.077],[-5.493,9.075],[-5.495,9.073],[-5.496,9.072],[-5.499,9.071],[-5.501,9.07],[-5.503,9.068],[-5.504,9.066],[-5.504,9.063],[-5.503,9.061],[-5.502,9.058],[-5.501,9.056],[-5.5,9.055],[-5.499,9.053],[-5.497,9.051],[-5.495,9.05],[-5.494,9.048],[-5.493,9.047],[-5.492,9.045],[-5.489,9.043],[-5.487,9.042],[-5.484,9.042],[-5.481,9.042],[-5.479,9.041],[-5.476,9.04],[-5.474,9.039],[-5.472,9.037],[-5.469,9.037],[-5.467,9.036],[-5.464,9.036],[-5.46,9.036],[-5.457,9.035],[-5.454,9.034],[-5.452,9.032],[-5.451,9.031],[-5.448,9.03],[-5.446,9.028],[-5.444,9.027],[-5.442,9.026],[-5.44,9.024],[-5.438,9.022],[-5.435,9.021],[-5.433,9.018],[-5.432,9.017],[-5.43,9.014],[-5.429,9.012],[-5.428,9.009],[-5.427,9.008],[-5.424,9.007],[-5.422,9.0],[-5.421,8.999],[-5.419,8.998],[-5.418,8.997],[-5.417,8.995],[-5.416,8.993],[-5.416,8.991],[-5.416,8.989],[-5.416,8.987],[-5.416,8.985],[-5.416,8.983],[-5.417,8.982],[-5.419,8.981],[-5.421,8.981],[-5.423,8.982],[-5.424,8.982],[-5.426,8.983],[-5.427,8.984],[-5.429,8.985],[-5.43,8.986],[-5.432,8.988],[-5.434,8.99],[-5.436,8.991],[-5.438,8.992],[-5.441,8.993],[-5.442,8.993],[-5.444,8.993],[-5.446,8.994],[-5.448,8.994],[-5.45,8.994],[-5.452,8.994],[-5.454,8.993],[-5.456,8.993],[-5.458,8.992],[-5.459,8.992],[-5.461,8.99],[-5.462,8.988],[-5.464,8.986],[-5.464,8.985],[-5.464,8.983],[-5.462,8.982],[-5.46,8.982],[-5.458,8.982],[-5.457,8.983],[-5.455,8.984],[-5.453,8.984],[-5.451,8.983],[-5.45,8.981],[-5.448,8.98],[-5.446,8.978],[-5.445,8.977],[-5.445,8.975],[-5.444,8.973],[-5.444,8.971],[-5.444,8.969],[-5.444,8.968],[-5.446,8.966],[-5.447,8.965],[-5.448,8.964],[-5.449,8.962],[-5.45,8.961],[-5.451,8.96],[-5.452,8.959],[-5.453,8.958],[-5.454,8.958],[-5.456,8.959],[-5.458,8.96],[-5.459,8.962],[-5.46,8.964],[-5.461,8.966],[-5.463,8.967],[-5.464,8.968],[-5.465,8.97],[-5.467,8.971],[-5.468,8.972],[-5.47,8.972],[-5.471,8.973],[-5.472,8.972],[-5.473,8.971],[-5.473,8.969],[-5.473,8.967],[-5.472,8.965],[-5.472,8.963],[-5.472,8.961],[-5.472,8.959],[-5.473,8.957],[-5.473,8.955],[-5.473,8.952],[-5.474,8.95],[-5.474,8.948],[-5.474,8.946],[-5.474,8.944],[-5.475,8.942],[-5.475,8.939],[-5.476,8.937],[-5.478,8.936],[-5.479,8.935],[-5.48,8.932],[-5.477,8.929],[-5.474,8.927],[-5.472,8.927],[-5.47,8.926],[-5.468,8.926],[-5.466,8.925],[-5.463,8.925],[-5.461,8.924],[-5.459,8.923],[-5.458,8.922],[-5.457,8.92],[-5.456,8.919],[-5.457,8.917],[-5.457,8.915],[-5.458,8.912],[-5.459,8.91],[-5.461,8.908],[-5.462,8.905],[-5.462,8.902],[-5.461,8.9],[-5.462,8.898],[-5.463,8.898],[-5.465,8.898],[-5.467,8.899],[-5.469,8.9],[-5.47,8.901],[-5.472,8.902],[-5.474,8.903],[-5.475,8.904],[-5.478,8.905],[-5.48,8.907],[-5.482,8.908],[-5.484,8.91],[-5.486,8.911],[-5.489,8.912],[-5.491,8.913],[-5.493,8.913],[-5.493,8.912],[-5.494,8.91],[-5.494,8.907],[-5.494,8.905],[-5.493,8.904],[-5.492,8.902],[-5.49,8.9],[-5.488,8.897],[-5.486,8.895],[-5.485,8.894],[-5.483,8.892],[-5.481,8.89],[-5.48,8.889],[-5.478,8.888],[-5.476,8.888],[-5.474,8.889],[-5.472,8.889],[-5.47,8.889],[-5.468,8.888],[-5.466,8.887],[-5.464,8.886],[-5.462,8.885],[-5.46,8.885],[-5.458,8.885],[-5.457,8.884],[-5.455,8.881],[-5.453,8.88],[-5.451,8.879],[-5.449,8.878],[-5.449,8.876],[-5.449,8.874],[-5.45,8.872],[-5.451,8.871],[-5.452,8.87],[-5.454,8.869],[-5.456,8.868],[-5.458,8.866],[-5.459,8.865],[-5.461,8.864],[-5.462,8.864],[-5.464,8.863],[-5.466,8.863],[-5.468,8.862],[-5.47,8.861],[-5.471,8.86],[-5.474,8.858],[-5.476,8.857],[-5.477,8.857],[-5.479,8.858],[-5.481,8.86],[-5.483,8.862],[-5.484,8.863],[-5.485,8.865],[-5.486,8.867],[-5.487,8.868],[-5.489,8.869],[-5.49,8.869],[-5.493,8.869],[-5.495,8.868],[-5.497,8.868],[-5.498,8.868],[-5.5,8.869],[-5.501,8.869],[-5.503,8.869],[-5.505,8.87],[-5.507,8.871],[-5.509,8.872],[-5.511,8.872],[-5.513,8.873],[-5.515,8.873],[-5.517,8.874],[-5.518,8.874],[-5.52,8.873],[-5.522,8.873],[-5.523,8.872],[-5.525,8.872],[-5.528,8.872],[-5.529,8.871],[-5.532,8.871],[-5.534,8.871],[-5.536,8.871],[-5.538,8.87],[-5.541,8.869],[-5.545,8.868],[-5.547,8.868],[-5.548,8.868],[-5.55,8.869],[-5.552,8.869],[-5.554,8.869],[-5.556,8.869],[-5.558,8.868],[-5.559,8.867],[-5.561,8.866],[-5.562,8.865],[-5.564,8.865],[-5.565,8.866],[-5.567,8.867],[-5.568,8.868],[-5.571,8.869],[-5.573,8.869],[-5.576,8.869],[-5.578,8.869],[-5.58,8.869],[-5.582,8.869],[-5.584,8.868],[-5.586,8.867],[-5.588,8.867],[-5.59,8.864],[-5.591,8.862],[-5.591,8.86],[-5.592,8.858],[-5.594,8.855],[-5.594,8.853],[-5.594,8.85],[-5.594,8.849],[-5.595,8.847],[-5.596,8.846],[-5.598,8.844],[-5.599,8.843],[-5.601,8.842],[-5.603,8.841],[-5.606,8.839],[-5.608,8.838],[-5.61,8.837],[-5.613,8.837],[-5.615,8.836],[-5.618,8.836],[-5.621,8.835],[-5.624,8.835],[-5.626,8.834],[-5.629,8.834],[-5.631,8.833],[-5.633,8.833],[-5.636,8.832],[-5.638,8.832],[-5.64,8.832],[-5.642,8.831],[-5.644,8.831],[-5.646,8.83],[-5.647,8.829],[-5.648,8.828],[-5.649,8.829],[-5.649,8.831],[-5.651,8.833],[-5.652,8.833],[-5.654,8.833],[-5.656,8.834],[-5.658,8.835],[-5.659,8.835],[-5.661,8.835],[-5.663,8.835],[-5.664,8.834],[-5.665,8.834],[-5.667,8.834],[-5.669,8.833],[-5.671,8.833],[-5.672,8.833],[-5.674,8.832],[-5.675,8.832],[-5.677,8.833],[-5.678,8.833],[-5.68,8.834],[-5.681,8.836],[-5.682,8.838],[-5.683,8.84],[-5.684,8.842],[-5.687,8.842],[-5.688,8.842],[-5.691,8.842],[-5.692,8.842],[-5.694,8.843],[-5.695,8.844],[-5.697,8.845],[-5.699,8.845],[-5.701,8.845],[-5.702,8.844],[-5.704,8.843],[-5.705,8.843],[-5.702,8.841],[-5.703,8.838],[-5.704,8.835],[-5.705,8.832],[-5.705,8.829],[-5.705,8.826],[-5.704,8.822],[-5.705,8.819],[-5.709,8.818],[-5.712,8.817],[-5.714,8.815],[-5.715,8.812],[-5.717,8.809],[-5.718,8.807],[-5.718,8.803],[-5.717,8.8],[-5.718,8.796],[-5.72,8.794],[-5.721,8.79],[-5.722,8.788],[-5.724,8.784],[-5.725,8.781],[-5.727,8.778],[-5.728,8.775],[-5.728,8.771],[-5.726,8.768],[-5.723,8.767],[-5.719,8.766],[-5.717,8.767],[-5.714,8.77],[-5.712,8.773],[-5.71,8.776],[-5.708,8.773],[-5.705,8.771],[-5.703,8.77],[-5.7,8.768],[-5.699,8.766],[-5.696,8.766],[-5.692,8.765],[-5.688,8.764],[-5.687,8.761],[-5.69,8.76],[-5.693,8.759],[-5.696,8.757],[-5.698,8.754],[-5.7,8.751],[-5.7,8.747],[-5.697,8.747],[-5.694,8.746],[-5.691,8.745],[-5.689,8.743],[-5.686,8.742],[-5.682,8.742],[-5.68,8.74],[-5.678,8.739],[-5.675,8.737],[-5.672,8.736],[-5.669,8.733],[-5.671,8.731],[-5.675,8.73],[-5.678,8.729],[-5.681,8.729],[-5.684,8.729],[-5.687,8.729],[-5.69,8.73],[-5.693,8.73],[-5.697,8.728],[-5.7,8.727],[-5.704,8.727],[-5.707,8.726],[-5.709,8.724],[-5.708,8.721],[-5.707,8.719],[-5.704,8.717],[-5.701,8.717],[-5.697,8.716],[-5.695,8.716],[-5.692,8.716],[-5.69,8.713],[-5.688,8.711],[-5.686,8.71],[-5.684,8.709],[-5.681,8.708],[-5.68,8.705],[-5.682,8.703],[-5.683,8.701],[-5.685,8.699],[-5.686,8.696],[-5.685,8.692],[-5.687,8.691],[-5.69,8.689],[-5.69,8.687],[-5.688,8.684],[-5.687,8.681],[-5.688,8.677],[-5.69,8.675],[-5.693,8.675],[-5.695,8.673],[-5.695,8.67],[-5.693,8.668],[-5.692,8.666],[-5.693,8.663],[-5.693,8.661],[-5.693,8.657],[-5.696,8.656],[-5.699,8.656],[-5.702,8.656],[-5.705,8.657],[-5.708,8.658],[-5.711,8.657],[-5.713,8.655],[-5.713,8.652],[-5.712,8.65],[-5.71,8.647],[-5.71,8.645],[-5.708,8.642],[-5.707,8.639],[-5.704,8.636],[-5.702,8.633],[-5.702,8.63],[-5.705,8.63],[-5.707,8.628],[-5.709,8.625],[-5.707,8.623],[-5.705,8.621],[-5.703,8.619],[-5.7,8.618],[-5.698,8.617],[-5.695,8.615],[-5.694,8.613],[-5.692,8.61],[-5.691,8.607],[-5.689,8.604],[-5.686,8.601],[-5.684,8.599],[-5.681,8.599],[-5.678,8.601],[-5.678,8.604],[-5.677,8.606],[-5.676,8.609],[-5.674,8.61],[-5.671,8.613],[-5.67,8.615],[-5.668,8.617],[-5.665,8.618],[-5.663,8.616],[-5.661,8.614],[-5.658,8.613],[-5.656,8.614],[-5.653,8.614],[-5.651,8.613],[-5.648,8.612],[-5.646,8.612],[-5.643,8.612],[-5.64,8.611],[-5.638,8.61],[-5.637,8.607],[-5.638,8.604],[-5.636,8.601],[-5.635,8.598],[-5.633,8.596],[-5.632,8.594],[-5.634,8.592],[-5.636,8.59],[-5.638,8.59],[-5.641,8.592],[-5.643,8.594],[-5.647,8.596],[-5.649,8.594],[-5.649,8.59],[-5.65,8.587],[-5.649,8.585],[-5.647,8.582],[-5.645,8.579],[-5.645,8.576],[-5.642,8.574],[-5.645,8.573],[-5.648,8.573],[-5.65,8.57],[-5.648,8.569],[-5.645,8.566],[-5.643,8.565],[-5.641,8.564],[-5.638,8.561],[-5.641,8.561],[-5.643,8.559],[-5.646,8.559],[-5.648,8.556],[-5.649,8.553],[-5.648,8.549],[-5.646,8.547],[-5.644,8.546],[-5.641,8.545],[-5.708,8.539],[-5.905,8.647],[-5.913,8.641],[-5.916,8.643],[-5.919,8.643],[-5.921,8.645],[-5.925,8.646],[-5.927,8.646],[-5.93,8.648],[-5.934,8.649],[-5.938,8.649],[-5.941,8.648],[-5.944,8.649],[-5.946,8.649],[-5.949,8.649],[-5.951,8.65],[-5.952,8.65],[-5.954,8.65],[-5.955,8.65],[-5.956,8.65],[-5.958,8.65],[-5.959,8.65],[-5.96,8.651],[-5.962,8.651],[-5.963,8.651],[-5.966,8.651],[-5.967,8.652],[-5.97,8.652],[-5.973,8.652],[-5.975,8.653],[-5.977,8.654],[-5.978,8.655],[-5.979,8.656],[-5.981,8.658],[-5.981,8.659],[-5.982,8.66],[-5.983,8.662],[-5.985,8.664],[-5.986,8.665],[-5.987,8.667],[-5.988,8.667],[-5.989,8.669],[-5.992,8.671],[-5.994,8.673],[-5.996,8.676],[-5.997,8.679],[-5.998,8.681],[-5.999,8.685],[-6.0,8.688],[-6.001,8.691],[-6.002,8.694],[-6.004,8.697],[-6.005,8.699],[-6.008,8.704],[-6.062,8.797],[-6.115,8.888],[-6.129,8.911],[-6.135,8.942],[-6.245,8.994],[-6.245,8.997],[-6.245,9.0],[-6.245,9.002],[-6.245,9.005],[-6.245,9.007],[-6.246,9.01],[-6.246,9.012],[-6.246,9.015],[-6.247,9.018],[-6.247,9.021],[-6.248,9.024],[-6.248,9.026],[-6.249,9.029],[-6.25,9.031],[-6.251,9.033],[-6.252,9.035],[-6.254,9.037],[-6.255,9.039],[-6.257,9.042],[-6.258,9.044],[-6.26,9.047],[-6.261,9.049],[-6.262,9.05],[-6.263,9.052],[-6.265,9.055],[-6.266,9.057],[-6.267,9.058],[-6.268,9.06],[-6.268,9.062],[-6.268,9.064],[-6.267,9.066],[-6.266,9.068],[-6.265,9.07],[-6.264,9.073],[-6.264,9.076],[-6.263,9.078],[-6.262,9.081],[-6.261,9.084],[-6.259,9.086],[-6.258,9.088],[-6.256,9.09],[-6.254,9.092],[-6.252,9.095],[-6.25,9.097],[-6.249,9.099],[-6.247,9.101],[-6.246,9.104],[-6.245,9.106],[-6.243,9.108],[-6.242,9.109],[-6.24,9.111],[-6.239,9.113],[-6.237,9.115],[-6.236,9.116],[-6.234,9.118],[-6.233,9.119],[-6.232,9.121],[-6.231,9.123],[-6.23,9.125],[-6.228,9.128],[-6.228,9.13],[-6.227,9.132],[-6.226,9.134],[-6.225,9.136],[-6.224,9.139],[-6.224,9.141],[-6.222,9.143],[-6.222,9.145],[-6.221,9.148],[-6.221,9.15],[-6.222,9.152],[-6.223,9.154],[-6.224,9.157],[-6.225,9.158],[-6.226,9.159],[-6.227,9.161],[-6.229,9.163],[-6.23,9.165],[-6.232,9.167],[-6.234,9.169],[-6.237,9.17],[-6.238,9.172],[-6.24,9.174],[-6.242,9.176],[-6.244,9.178],[-6.246,9.18],[-6.247,9.182],[-6.249,9.184],[-6.251,9.186],[-6.252,9.187],[-6.253,9.189],[-6.254,9.191],[-6.256,9.194],[-6.257,9.195],[-6.258,9.197],[-6.259,9.2],[-6.261,9.198],[-6.263,9.198],[-6.265,9.198],[-6.266,9.199],[-6.267,9.197],[-6.269,9.195],[-6.271,9.195],[-6.273,9.197],[-6.275,9.196],[-6.277,9.196],[-6.278,9.195],[-6.279,9.193],[-6.281,9.193],[-6.283,9.193],[-6.284,9.196],[-6.286,9.196],[-6.287,9.197],[-6.289,9.198],[-6.291,9.198],[-6.293,9.2],[-6.295,9.201],[-6.297,9.2],[-6.299,9.198],[-6.3,9.197],[-6.303,9.196],[-6.305,9.195],[-6.307,9.196],[-6.31,9.197],[-6.312,9.198],[-6.313,9.199],[-6.314,9.201],[-6.316,9.202],[-6.317,9.203],[-6.318,9.205],[-6.32,9.207],[-6.321,9.209],[-6.323,9.208],[-6.324,9.208],[-6.326,9.209],[-6.328,9.21],[-6.331,9.21],[-6.335,9.21],[-6.336,9.21],[-6.339,9.21],[-6.341,9.21],[-6.344,9.207],[-6.345,9.204],[-6.344,9.202],[-6.344,9.2],[-6.346,9.196],[-6.347,9.195],[-6.348,9.194],[-6.35,9.193],[-6.351,9.192],[-6.352,9.191],[-6.354,9.189],[-6.356,9.186],[-6.357,9.184],[-6.358,9.182],[-6.36,9.179],[-6.361,9.177],[-6.362,9.175],[-6.364,9.172],[-6.364,9.17],[-6.366,9.168],[-6.367,9.166],[-6.368,9.164],[-6.37,9.162],[-6.371,9.16],[-6.372,9.157],[-6.374,9.155],[-6.376,9.153],[-6.378,9.151],[-6.38,9.149],[-6.381,9.148],[-6.383,9.147],[-6.384,9.145],[-6.386,9.143],[-6.387,9.142],[-6.388,9.141],[-6.391,9.14],[-6.393,9.138],[-6.395,9.137],[-6.396,9.135],[-6.398,9.134],[-6.4,9.132],[-6.401,9.13],[-6.403,9.128],[-6.404,9.126],[-6.406,9.124],[-6.408,9.121],[-6.409,9.12],[-6.409,9.118],[-6.409,9.117],[-6.409,9.115],[-6.409,9.113],[-6.41,9.111],[-6.411,9.108],[-6.412,9.106],[-6.412,9.105],[-6.413,9.103],[-6.414,9.101],[-6.415,9.1],[-6.417,9.098],[-6.418,9.095],[-6.418,9.093],[-6.419,9.092],[-6.42,9.091],[-6.422,9.09],[-6.423,9.089],[-6.425,9.088],[-6.426,9.087],[-6.427,9.086],[-6.428,9.084],[-6.43,9.082],[-6.431,9.08],[-6.433,9.078],[-6.435,9.076],[-6.436,9.075],[-6.437,9.073],[-6.439,9.072],[-6.44,9.071],[-6.442,9.068],[-6.443,9.067],[-6.445,9.066],[-6.447,9.066],[-6.448,9.066],[-6.45,9.067],[-6.452,9.067],[-6.453,9.067],[-6.456,9.067],[-6.458,9.066],[-6.459,9.066],[-6.462,9.066],[-6.464,9.065],[-6.466,9.065],[-6.467,9.064],[-6.469,9.064],[-6.471,9.063],[-6.474,9.062],[-6.476,9.061],[-6.478,9.062],[-6.478,9.063],[-6.479,9.066],[-6.479,9.069],[-6.48,9.071],[-6.48,9.073],[-6.481,9.075],[-6.481,9.077],[-6.481,9.078],[-6.481,9.08],[-6.482,9.082],[-6.483,9.084],[-6.483,9.086],[-6.483,9.088],[-6.484,9.089],[-6.485,9.091],[-6.485,9.093],[-6.486,9.094],[-6.487,9.096],[-6.487,9.097],[-6.489,9.1],[-6.489,9.102],[-6.49,9.105],[-6.491,9.107],[-6.491,9.108],[-6.492,9.11],[-6.494,9.112],[-6.494,9.115],[-6.495,9.117],[-6.495,9.118],[-6.496,9.12],[-6.496,9.122],[-6.497,9.124],[-6.497,9.125],[-6.498,9.127],[-6.498,9.129],[-6.498,9.131],[-6.497,9.133],[-6.497,9.136],[-6.498,9.138],[-6.498,9.14],[-6.498,9.142],[-6.498,9.143],[-6.499,9.145],[-6.501,9.146],[-6.504,9.147],[-6.506,9.147],[-6.508,9.148],[-6.509,9.148],[-6.511,9.148],[-6.513,9.149],[-6.515,9.15],[-6.517,9.15],[-6.518,9.151],[-6.52,9.151],[-6.523,9.152],[-6.524,9.152],[-6.526,9.153],[-6.528,9.153],[-6.529,9.153],[-6.531,9.154],[-6.534,9.154],[-6.536,9.154],[-6.539,9.154],[-6.541,9.155],[-6.542,9.155],[-6.544,9.156],[-6.546,9.156],[-6.548,9.157],[-6.549,9.158],[-6.551,9.158],[-6.553,9.159],[-6.556,9.16],[-6.558,9.159],[-6.561,9.159],[-6.563,9.159],[-6.565,9.159],[-6.567,9.158],[-6.568,9.156],[-6.569,9.155],[-6.569,9.153],[-6.57,9.152],[-6.571,9.15],[-6.571,9.148],[-6.571,9.145],[-6.571,9.143],[-6.57,9.14],[-6.571,9.138],[-6.572,9.137],[-6.573,9.135],[-6.575,9.134],[-6.575,9.132],[-6.576,9.131],[-6.576,9.13],[-6.577,9.128],[-6.577,9.126],[-6.577,9.125],[-6.577,9.122],[-6.578,9.12],[-6.577,9.118],[-6.576,9.116],[-6.574,9.114],[-6.572,9.111],[-6.571,9.11],[-6.568,9.11],[-6.565,9.109],[-6.562,9.108],[-6.561,9.108],[-6.559,9.106],[-6.559,9.103],[-6.56,9.102],[-6.561,9.1],[-6.562,9.099],[-6.563,9.097],[-6.564,9.095],[-6.565,9.094],[-6.565,9.091],[-6.566,9.089],[-6.567,9.088],[-6.567,9.086],[-6.568,9.084],[-6.568,9.083],[-6.569,9.08],[-6.569,9.077],[-6.57,9.075],[-6.571,9.074],[-6.572,9.072],[-6.574,9.07],[-6.576,9.068],[-6.578,9.067],[-6.58,9.066],[-6.582,9.066],[-6.583,9.065],[-6.585,9.065],[-6.587,9.065],[-6.589,9.066],[-6.591,9.066],[-6.593,9.066],[-6.595,9.066],[-6.598,9.066],[-6.599,9.065],[-6.601,9.064],[-6.603,9.063],[-6.604,9.062],[-6.606,9.061],[-6.607,9.06],[-6.61,9.06],[-6.612,9.06],[-6.615,9.061],[-6.618,9.061],[-6.619,9.061],[-6.621,9.061],[-6.622,9.061],[-6.624,9.061],[-6.626,9.061],[-6.628,9.062],[-6.63,9.062],[-6.631,9.063],[-6.634,9.064],[-6.636,9.064],[-6.638,9.065],[-6.64,9.065],[-6.642,9.066],[-6.644,9.066],[-6.646,9.067],[-6.648,9.067],[-6.649,9.067],[-6.651,9.068],[-6.653,9.068],[-6.655,9.068],[-6.656,9.067],[-6.658,9.066],[-6.66,9.066],[-6.662,9.066],[-6.664,9.066],[-6.666,9.065],[-6.667,9.065],[-6.668,9.064],[-6.67,9.064],[-6.673,9.063],[-6.675,9.063],[-6.677,9.062],[-6.679,9.062],[-6.681,9.062],[-6.683,9.062],[-6.685,9.061],[-6.688,9.061],[-6.69,9.061],[-6.692,9.061],[-6.694,9.061],[-6.695,9.061],[-6.697,9.061],[-6.7,9.062],[-6.7,9.064],[-6.7,9.065],[-6.7,9.066],[-6.701,9.068],[-6.701,9.07],[-6.701,9.073],[-6.701,9.075],[-6.701,9.077],[-6.701,9.078],[-6.701,9.08],[-6.701,9.082],[-6.701,9.083],[-6.701,9.084],[-6.701,9.086],[-6.7,9.087],[-6.7,9.088],[-6.699,9.089],[-6.698,9.09],[-6.697,9.092],[-6.697,9.094],[-6.698,9.095],[-6.698,9.097],[-6.697,9.098],[-6.696,9.099],[-6.697,9.1],[-6.699,9.101],[-6.7,9.101],[-6.701,9.102],[-6.702,9.102],[-6.704,9.103],[-6.705,9.104],[-6.706,9.106],[-6.706,9.106],[-6.707,9.107],[-6.709,9.107],[-6.71,9.106],[-6.712,9.107],[-6.713,9.108],[-6.714,9.109],[-6.716,9.11],[-6.717,9.111],[-6.718,9.113],[-6.719,9.114],[-6.72,9.115],[-6.721,9.116],[-6.722,9.117],[-6.724,9.117],[-6.725,9.117],[-6.727,9.117],[-6.728,9.118],[-6.73,9.118],[-6.731,9.118],[-6.732,9.119],[-6.734,9.119],[-6.736,9.119],[-6.738,9.119],[-6.74,9.119],[-6.742,9.119],[-6.743,9.119],[-6.745,9.119],[-6.747,9.118],[-6.752,9.118],[-6.754,9.119],[-6.755,9.118],[-6.757,9.117],[-6.757,9.118],[-6.757,9.121],[-6.757,9.124],[-6.757,9.126],[-6.756,9.127],[-6.755,9.129],[-6.754,9.13],[-6.753,9.131],[-6.751,9.133],[-6.749,9.135],[-6.747,9.136],[-6.746,9.138],[-6.744,9.14],[-6.743,9.141],[-6.741,9.143],[-6.74,9.145],[-6.74,9.147],[-6.742,9.148],[-6.743,9.149],[-6.745,9.151],[-6.746,9.153],[-6.748,9.155],[-6.749,9.156],[-6.751,9.158],[-6.753,9.159],[-6.754,9.16],[-6.756,9.162],[-6.758,9.163],[-6.759,9.164],[-6.76,9.166],[-6.759,9.167],[-6.759,9.169],[-6.759,9.171],[-6.759,9.172],[-6.759,9.174],[-6.759,9.176],[-6.758,9.178],[-6.757,9.18],[-6.755,9.181],[-6.753,9.183],[-6.751,9.185],[-6.751,9.188],[-6.751,9.19],[-6.751,9.191],[-6.751,9.193],[-6.751,9.195],[-6.75,9.197],[-6.749,9.198],[-6.748,9.202],[-6.747,9.203],[-6.747,9.205],[-6.747,9.208],[-6.747,9.211],[-6.747,9.214],[-6.746,9.216],[-6.746,9.219],[-6.746,9.221],[-6.746,9.223],[-6.746,9.225],[-6.745,9.227],[-6.746,9.229],[-6.746,9.231],[-6.745,9.233],[-6.745,9.235],[-6.746,9.237],[-6.746,9.239],[-6.746,9.241],[-6.746,9.243],[-6.746,9.245],[-6.746,9.248],[-6.746,9.249],[-6.744,9.252],[-6.743,9.254],[-6.743,9.255],[-6.742,9.258],[-6.741,9.26],[-6.739,9.263],[-6.738,9.265],[-6.738,9.267],[-6.737,9.268],[-6.742,9.271],[-6.742,9.273],[-6.743,9.275],[-6.744,9.276],[-6.747,9.276],[-6.749,9.276],[-6.75,9.277],[-6.752,9.277],[-6.753,9.278],[-6.754,9.279],[-6.756,9.281],[-6.758,9.283],[-6.76,9.285],[-6.761,9.286],[-6.763,9.286],[-6.765,9.285],[-6.767,9.285],[-6.769,9.285],[-6.77,9.284],[-6.771,9.283],[-6.773,9.283],[-6.775,9.283],[-6.777,9.283],[-6.779,9.282],[-6.782,9.282],[-6.784,9.284],[-6.785,9.285],[-6.787,9.287],[-6.788,9.287],[-6.79,9.288],[-6.791,9.289],[-6.79,9.29],[-6.789,9.292],[-6.787,9.293],[-6.786,9.295],[-6.786,9.296],[-6.787,9.298],[-6.786,9.301],[-6.787,9.303],[-6.786,9.305],[-6.786,9.307],[-6.786,9.308],[-6.786,9.311],[-6.785,9.313],[-6.784,9.315],[-6.783,9.316],[-6.782,9.318],[-6.781,9.32],[-6.782,9.321],[-6.782,9.323],[-6.782,9.325],[-6.784,9.327],[-6.786,9.33],[-6.786,9.331],[-6.785,9.333],[-6.785,9.335],[-6.785,9.337],[-6.784,9.34],[-6.783,9.342],[-6.782,9.344],[-6.781,9.346],[-6.781,9.348],[-6.78,9.349],[-6.782,9.352],[-6.783,9.353],[-6.786,9.353],[-6.789,9.353],[-6.79,9.353],[-6.791,9.361],[-6.797,9.363],[-6.798,9.365],[-6.798,9.367],[-6.799,9.369],[-6.799,9.37],[-6.799,9.373],[-6.8,9.374],[-6.8,9.376],[-6.8,9.378],[-6.8,9.38],[-6.8,9.381],[-6.8,9.383],[-6.8,9.385],[-6.799,9.386],[-6.799,9.39],[-6.799,9.392],[-6.8,9.394],[-6.799,9.397],[-6.798,9.399],[-6.797,9.401],[-6.796,9.403],[-6.795,9.405],[-6.794,9.407],[-6.792,9.408],[-6.791,9.408],[-6.789,9.408],[-6.786,9.408],[-6.785,9.408],[-6.783,9.407],[-6.781,9.407],[-6.78,9.408],[-6.779,9.409],[-6.777,9.411],[-6.776,9.412],[-6.775,9.414],[-6.774,9.415],[-6.773,9.416],[-6.772,9.417],[-6.771,9.418],[-6.769,9.419],[-6.768,9.421],[-6.767,9.422],[-6.77,9.423],[-6.772,9.424],[-6.776,9.425],[-6.778,9.426],[-6.781,9.427],[-6.783,9.428],[-6.785,9.429],[-6.787,9.429],[-6.788,9.43],[-6.79,9.431],[-6.792,9.432],[-6.794,9.433],[-6.796,9.434],[-6.798,9.435],[-6.8,9.435],[-6.799,9.437],[-6.797,9.438],[-6.796,9.44],[-6.794,9.444],[-6.792,9.446],[-6.791,9.448],[-6.789,9.45],[-6.787,9.451],[-6.785,9.453],[-6.784,9.454],[-6.783,9.455],[-6.781,9.457],[-6.779,9.458],[-6.777,9.459],[-6.775,9.461],[-6.774,9.462],[-6.772,9.463],[-6.771,9.464],[-6.769,9.465],[-6.768,9.466],[-6.767,9.467],[-6.766,9.468],[-6.764,9.47],[-6.764,9.471],[-6.764,9.473],[-6.764,9.475],[-6.764,9.477],[-6.765,9.478],[-6.767,9.48],[-6.767,9.481],[-6.766,9.484],[-6.764,9.486],[-6.763,9.487],[-6.762,9.488],[-6.76,9.489],[-6.759,9.49],[-6.758,9.492],[-6.758,9.493],[-6.757,9.494],[-6.757,9.496],[-6.755,9.497],[-6.753,9.497],[-6.751,9.497],[-6.75,9.496],[-6.749,9.496],[-6.747,9.497],[-6.746,9.499],[-6.746,9.502],[-6.746,9.504],[-6.746,9.507],[-6.747,9.508],[-6.746,9.51],[-6.745,9.512],[-6.744,9.514],[-6.744,9.517],[-6.744,9.52],[-6.744,9.525],[-6.744,9.527],[-6.746,9.529],[-6.747,9.53],[-6.749,9.531],[-6.75,9.532],[-6.752,9.533],[-6.754,9.534],[-6.755,9.535],[-6.757,9.535],[-6.758,9.536],[-6.759,9.537],[-6.761,9.539],[-6.763,9.54],[-6.764,9.542],[-6.766,9.544],[-6.766,9.545],[-6.768,9.546],[-6.769,9.548],[-6.771,9.55],[-6.772,9.552],[-6.773,9.554],[-6.774,9.555],[-6.775,9.556],[-6.776,9.558],[-6.776,9.56],[-6.777,9.561],[-6.779,9.562],[-6.781,9.562],[-6.782,9.56],[-6.783,9.56],[-6.785,9.561],[-6.786,9.56],[-6.787,9.561],[-6.789,9.56],[-6.789,9.563],[-6.79,9.564],[-6.79,9.566],[-6.791,9.567],[-6.793,9.568],[-6.794,9.568],[-6.797,9.569],[-6.799,9.57],[-6.8,9.572],[-6.8,9.574],[-6.799,9.576],[-6.797,9.578],[-6.796,9.579],[-6.794,9.58],[-6.792,9.581],[-6.791,9.583],[-6.791,9.586],[-6.791,9.588],[-6.792,9.591],[-6.791,9.594],[-6.792,9.597],[-6.793,9.598],[-6.794,9.599],[-6.795,9.601],[-6.796,9.602],[-6.796,9.605],[-6.796,9.607],[-6.795,9.609],[-6.794,9.611],[-6.793,9.613],[-6.792,9.615],[-6.791,9.618],[-6.79,9.622],[-6.789,9.624],[-6.788,9.626],[-6.788,9.627],[-6.787,9.629],[-6.787,9.63],[-6.786,9.632],[-6.786,9.634],[-6.785,9.637],[-6.783,9.639],[-6.782,9.641],[-6.781,9.644],[-6.78,9.644],[-6.779,9.647],[-6.778,9.649],[-6.776,9.651],[-6.776,9.652],[-6.775,9.654],[-6.773,9.656],[-6.768,9.658],[-6.767,9.66],[-6.765,9.661],[-6.765,9.664],[-6.764,9.665],[-6.763,9.667],[-6.764,9.67],[-6.765,9.672],[-6.765,9.673],[-6.766,9.675],[-6.766,9.676],[-6.766,9.678],[-6.765,9.681],[-6.765,9.682],[-6.765,9.685],[-6.764,9.687],[-6.761,9.689],[-6.76,9.69],[-6.758,9.69],[-6.756,9.691],[-6.754,9.692],[-6.752,9.692],[-6.75,9.691],[-6.749,9.693],[-6.747,9.694],[-6.746,9.696],[-6.748,9.697],[-6.746,9.699],[-6.745,9.7],[-6.744,9.701],[-6.746,9.702],[-6.748,9.703],[-6.749,9.704],[-6.75,9.705],[-6.751,9.705],[-6.754,9.705],[-6.755,9.706],[-6.758,9.706],[-6.76,9.707],[-6.762,9.708],[-6.762,9.71],[-6.76,9.712],[-6.759,9.714],[-6.759,9.715],[-6.758,9.717],[-6.757,9.719],[-6.757,9.721],[-6.756,9.722],[-6.756,9.724],[-6.755,9.726],[-6.751,9.734],[-6.751,9.736],[-6.75,9.737],[-6.749,9.738],[-6.747,9.741],[-6.742,9.749],[-6.742,9.751],[-6.743,9.753],[-6.744,9.755],[-6.746,9.756],[-6.749,9.757],[-6.751,9.758],[-6.753,9.759],[-6.754,9.76],[-6.756,9.761],[-6.758,9.761],[-6.76,9.762],[-6.762,9.763],[-6.764,9.764],[-6.766,9.765],[-6.767,9.765],[-6.769,9.766],[-6.773,9.767],[-6.774,9.768],[-6.776,9.769],[-6.777,9.769],[-6.778,9.771],[-6.778,9.772],[-6.778,9.775],[-6.778,9.776],[-6.777,9.777],[-6.776,9.779],[-6.774,9.779],[-6.773,9.782],[-6.772,9.783],[-6.771,9.785],[-6.769,9.787],[-6.767,9.788],[-6.766,9.789],[-6.764,9.79],[-6.763,9.79],[-6.761,9.792],[-6.758,9.793],[-6.756,9.794],[-6.755,9.796],[-6.755,9.798],[-6.755,9.799],[-6.756,9.801],[-6.756,9.803],[-6.756,9.805],[-6.758,9.807],[-6.76,9.809],[-6.761,9.811],[-6.76,9.812],[-6.76,9.814],[-6.76,9.816],[-6.76,9.818],[-6.76,9.821],[-6.76,9.824],[-6.76,9.826],[-6.76,9.828],[-6.76,9.83],[-6.758,9.832],[-6.756,9.833],[-6.755,9.834],[-6.753,9.834],[-6.751,9.834],[-6.75,9.834],[-6.748,9.833],[-6.746,9.834],[-6.744,9.836],[-6.743,9.837],[-6.742,9.839],[-6.742,9.841],[-6.742,9.843],[-6.742,9.846],[-6.741,9.847],[-6.742,9.849],[-6.742,9.851],[-6.742,9.855],[-6.743,9.858],[-6.743,9.86],[-6.744,9.862],[-6.744,9.863],[-6.745,9.866],[-6.747,9.867],[-6.748,9.868],[-6.749,9.869],[-6.75,9.87],[-6.752,9.87],[-6.754,9.871],[-6.754,9.874],[-6.754,9.875],[-6.753,9.877],[-6.753,9.878],[-6.753,9.88],[-6.752,9.882],[-6.753,9.885],[-6.753,9.886],[-6.754,9.887],[-6.755,9.889],[-6.757,9.891],[-6.758,9.892],[-6.759,9.894],[-6.76,9.895],[-6.763,9.903],[-6.764,9.904],[-6.766,9.906],[-6.768,9.908],[-6.77,9.91],[-6.772,9.912],[-6.774,9.914],[-6.776,9.916],[-6.778,9.918],[-6.779,9.919],[-6.78,9.921],[-6.781,9.923],[-6.782,9.924],[-6.783,9.926],[-6.783,9.927],[-6.783,9.929],[-6.784,9.931],[-6.784,9.933],[-6.786,9.935],[-6.787,9.938],[-6.788,9.942],[-6.789,9.944],[-6.79,9.946],[-6.79,9.948],[-6.791,9.95],[-6.791,9.952],[-6.792,9.954],[-6.793,9.955],[-6.795,9.955],[-6.797,9.955],[-6.799,9.954],[-6.802,9.954],[-6.805,9.953],[-6.807,9.953],[-6.81,9.953],[-6.812,9.953],[-6.814,9.953],[-6.816,9.953],[-6.818,9.954],[-6.82,9.954],[-6.822,9.954],[-6.824,9.953],[-6.827,9.953],[-6.829,9.953],[-6.832,9.953],[-6.835,9.954],[-6.838,9.954],[-6.839,9.954],[-6.842,9.955],[-6.845,9.955],[-6.847,9.955],[-6.849,9.956],[-6.85,9.956],[-6.852,9.956],[-6.854,9.956],[-6.856,9.957],[-6.858,9.958],[-6.86,9.959],[-6.862,9.959],[-6.864,9.96],[-6.866,9.96],[-6.869,9.961],[-6.871,9.961],[-6.874,9.961],[-6.876,9.961],[-6.879,9.961],[-6.881,9.961],[-6.883,9.961],[-6.885,9.962],[-6.888,9.962],[-6.89,9.961],[-6.894,9.961],[-6.897,9.961],[-6.899,9.961],[-6.902,9.961],[-6.904,9.961],[-6.906,9.961],[-6.908,9.961],[-6.91,9.961],[-6.918,9.959],[-6.919,9.96],[-6.921,9.96],[-6.923,9.96],[-6.927,9.959],[-6.928,9.96],[-6.93,9.96],[-6.932,9.959],[-6.933,9.959],[-6.937,9.96],[-6.939,9.96],[-6.941,9.961],[-6.942,9.961],[-6.944,9.962],[-6.948,9.962],[-6.95,9.963],[-6.952,9.964],[-6.954,9.964],[-6.957,9.965],[-6.959,9.965],[-6.961,9.966],[-6.962,9.967],[-6.963,9.967],[-6.965,9.967],[-6.968,9.968],[-6.967,9.969],[-6.967,9.97],[-6.966,9.973],[-6.966,9.974],[-6.966,9.976],[-6.966,9.978],[-6.964,9.981],[-6.963,9.983],[-6.962,9.985],[-6.961,9.987],[-6.96,9.989],[-6.959,9.991],[-6.958,9.993],[-6.956,9.994],[-6.954,9.995],[-6.953,9.995],[-6.952,9.996],[-6.95,9.996],[-6.949,9.997],[-6.947,9.998],[-6.945,9.999],[-6.944,10.001],[-6.942,10.003],[-6.941,10.004],[-6.94,10.006],[-6.94,10.007],[-6.939,10.008],[-6.938,10.009],[-6.937,10.011],[-6.937,10.014],[-6.936,10.015],[-6.936,10.017],[-6.931,10.021],[-6.929,10.022],[-6.928,10.023],[-6.928,10.024],[-6.928,10.026],[-6.928,10.03],[-6.929,10.031],[-6.929,10.033],[-6.928,10.035],[-6.927,10.037],[-6.929,10.039],[-6.93,10.04],[-6.932,10.041],[-6.933,10.043],[-6.932,10.046],[-6.93,10.048],[-6.931,10.051],[-6.931,10.053],[-6.931,10.054],[-6.93,10.056],[-6.929,10.06],[-6.928,10.061],[-6.927,10.063],[-6.925,10.065],[-6.924,10.066],[-6.922,10.066],[-6.92,10.067],[-6.919,10.068],[-6.917,10.068],[-6.916,10.069],[-6.914,10.071],[-6.914,10.072],[-6.913,10.074],[-6.913,10.077],[-6.912,10.078],[-6.912,10.08],[-6.911,10.081],[-6.91,10.083],[-6.908,10.084],[-6.907,10.086],[-6.907,10.087],[-6.906,10.089],[-6.905,10.09],[-6.904,10.092],[-6.903,10.093],[-6.903,10.094],[-6.902,10.096],[-6.901,10.096],[-6.899,10.097],[-6.899,10.099],[-6.898,10.101],[-6.897,10.103],[-6.896,10.104],[-6.895,10.103],[-6.893,10.102],[-6.89,10.103],[-6.888,10.103],[-6.886,10.104],[-6.884,10.105],[-6.883,10.107],[-6.883,10.109],[-6.882,10.11],[-6.881,10.112],[-6.88,10.114],[-6.878,10.117],[-6.878,10.118],[-6.879,10.12],[-6.877,10.121],[-6.874,10.119],[-6.872,10.119],[-6.87,10.119],[-6.868,10.12],[-6.867,10.122],[-6.866,10.121],[-6.865,10.123],[-6.864,10.124],[-6.863,10.126],[-6.86,10.127],[-6.858,10.128],[-6.856,10.129],[-6.855,10.129],[-6.852,10.129],[-6.852,10.127],[-6.85,10.127],[-6.849,10.127],[-6.846,10.129],[-6.845,10.129],[-6.843,10.129],[-6.841,10.128],[-6.84,10.128],[-6.838,10.129],[-6.835,10.129],[-6.833,10.13],[-6.832,10.132],[-6.831,10.134],[-6.832,10.135],[-6.832,10.137],[-6.831,10.136],[-6.829,10.136],[-6.827,10.136],[-6.825,10.135],[-6.823,10.134],[-6.822,10.133],[-6.821,10.131],[-6.821,10.13],[-6.819,10.128],[-6.818,10.128],[-6.816,10.129],[-6.814,10.131],[-6.814,10.133],[-6.813,10.135],[-6.811,10.136],[-6.809,10.135],[-6.807,10.135],[-6.806,10.135],[-6.804,10.135],[-6.802,10.133],[-6.801,10.132],[-6.799,10.131],[-6.797,10.131],[-6.795,10.131],[-6.793,10.131],[-6.791,10.131],[-6.788,10.132],[-6.786,10.132],[-6.784,10.13],[-6.782,10.127],[-6.775,10.121],[-6.773,10.119],[-6.77,10.114],[-6.768,10.112],[-6.768,10.111],[-6.766,10.109],[-6.764,10.107],[-6.763,10.105],[-6.761,10.103],[-6.759,10.101],[-6.758,10.1],[-6.755,10.099],[-6.752,10.099],[-6.749,10.098],[-6.746,10.097],[-6.744,10.097],[-6.712,10.1],[-6.709,10.101],[-6.706,10.102],[-6.704,10.103],[-6.684,10.116],[-6.682,10.117],[-6.68,10.119],[-6.678,10.12],[-6.675,10.122],[-6.671,10.123],[-6.665,10.125],[-6.614,10.144],[-6.591,10.157],[-6.589,10.16],[-6.588,10.162],[-6.587,10.163],[-6.586,10.165],[-6.587,10.167],[-6.588,10.169],[-6.588,10.17],[-6.59,10.171],[-6.592,10.174],[-6.593,10.176],[-6.594,10.178],[-6.595,10.181],[-6.595,10.184],[-6.596,10.186],[-6.596,10.187],[-6.596,10.189],[-6.596,10.191],[-6.595,10.194],[-6.593,10.231],[-6.594,10.232],[-6.595,10.233],[-6.596,10.234],[-6.597,10.235],[-6.597,10.237],[-6.599,10.236],[-6.601,10.235],[-6.602,10.237],[-6.604,10.238],[-6.606,10.24],[-6.608,10.24],[-6.61,10.239],[-6.611,10.238],[-6.613,10.236],[-6.615,10.236],[-6.617,10.236],[-6.619,10.236],[-6.621,10.237],[-6.623,10.237],[-6.624,10.239],[-6.625,10.24],[-6.627,10.242],[-6.628,10.242],[-6.63,10.243],[-6.629,10.245],[-6.629,10.247],[-6.63,10.248],[-6.632,10.248],[-6.634,10.248],[-6.633,10.25],[-6.632,10.251],[-6.632,10.253],[-6.634,10.255],[-6.635,10.254],[-6.637,10.254],[-6.637,10.256],[-6.637,10.258],[-6.635,10.259],[-6.634,10.261],[-6.634,10.262],[-6.636,10.263],[-6.639,10.265],[-6.638,10.265],[-6.636,10.266],[-6.635,10.267],[-6.634,10.269],[-6.634,10.27],[-6.634,10.272],[-6.633,10.273],[-6.634,10.276],[-6.635,10.279],[-6.636,10.28],[-6.637,10.281],[-6.638,10.283],[-6.638,10.285],[-6.637,10.287],[-6.636,10.287],[-6.634,10.286],[-6.633,10.287],[-6.632,10.289],[-6.63,10.29],[-6.63,10.291],[-6.63,10.293],[-6.632,10.293],[-6.633,10.293],[-6.633,10.294],[-6.632,10.296],[-6.633,10.297],[-6.633,10.298],[-6.634,10.301],[-6.631,10.301],[-6.631,10.303],[-6.631,10.304],[-6.633,10.306],[-6.632,10.308],[-6.634,10.309],[-6.636,10.308],[-6.637,10.307],[-6.637,10.308],[-6.637,10.31],[-6.637,10.312],[-6.639,10.313],[-6.641,10.313],[-6.642,10.313],[-6.644,10.312],[-6.647,10.312],[-6.647,10.314],[-6.645,10.315],[-6.644,10.318],[-6.647,10.321],[-6.646,10.322],[-6.646,10.324],[-6.646,10.325],[-6.647,10.327],[-6.648,10.327],[-6.65,10.329],[-6.65,10.331],[-6.652,10.333],[-6.653,10.333],[-6.653,10.335],[-6.653,10.337],[-6.652,10.338],[-6.651,10.34],[-6.652,10.342],[-6.653,10.344],[-6.655,10.345],[-6.657,10.345],[-6.658,10.346],[-6.657,10.348],[-6.657,10.35],[-6.657,10.352],[-6.658,10.353],[-6.659,10.354],[-6.661,10.356],[-6.659,10.357],[-6.665,10.359],[-6.663,10.361],[-6.662,10.362],[-6.66,10.363],[-6.657,10.364],[-6.654,10.365],[-6.652,10.366],[-6.65,10.367],[-6.649,10.368],[-6.648,10.37],[-6.648,10.372],[-6.649,10.374],[-6.65,10.376],[-6.65,10.378],[-6.65,10.38],[-6.65,10.382],[-6.651,10.384],[-6.651,10.386],[-6.652,10.388],[-6.65,10.389],[-6.648,10.39],[-6.648,10.392],[-6.648,10.394],[-6.649,10.396],[-6.65,10.397],[-6.652,10.399],[-6.653,10.402],[-6.651,10.403],[-6.649,10.403],[-6.648,10.404],[-6.647,10.406],[-6.646,10.408],[-6.645,10.41],[-6.643,10.411],[-6.642,10.413],[-6.641,10.415],[-6.64,10.417],[-6.639,10.418],[-6.638,10.42],[-6.637,10.422],[-6.636,10.424],[-6.635,10.425],[-6.633,10.427],[-6.632,10.428],[-6.632,10.43],[-6.631,10.432],[-6.63,10.434],[-6.63,10.436],[-6.63,10.438],[-6.63,10.44],[-6.631,10.442],[-6.633,10.443],[-6.634,10.444],[-6.636,10.445],[-6.638,10.445],[-6.64,10.445],[-6.642,10.445],[-6.644,10.446],[-6.646,10.446],[-6.647,10.448],[-6.648,10.45],[-6.647,10.452],[-6.647,10.454],[-6.646,10.456],[-6.647,10.458],[-6.649,10.458],[-6.651,10.458],[-6.655,10.458],[-6.657,10.458],[-6.659,10.458],[-6.662,10.458],[-6.664,10.458],[-6.666,10.46],[-6.667,10.462],[-6.668,10.463],[-6.67,10.465],[-6.671,10.465],[-6.673,10.467],[-6.674,10.469],[-6.675,10.47],[-6.676,10.472],[-6.677,10.474],[-6.677,10.476],[-6.677,10.478],[-6.676,10.48],[-6.676,10.482],[-6.675,10.484],[-6.678,10.486],[-6.679,10.488],[-6.68,10.49],[-6.68,10.492],[-6.68,10.494],[-6.68,10.496],[-6.681,10.498],[-6.681,10.5],[-6.681,10.502],[-6.681,10.504],[-6.679,10.505],[-6.677,10.505],[-6.675,10.507],[-6.675,10.509],[-6.675,10.511],[-6.676,10.513],[-6.677,10.515],[-6.678,10.516],[-6.679,10.518],[-6.681,10.519],[-6.681,10.521],[-6.682,10.523],[-6.682,10.526],[-6.682,10.528],[-6.681,10.53],[-6.681,10.532],[-6.68,10.534],[-6.679,10.535],[-6.677,10.535],[-6.675,10.535],[-6.673,10.534],[-6.671,10.533],[-6.669,10.533],[-6.667,10.534],[-6.665,10.535],[-6.664,10.537],[-6.663,10.538],[-6.663,10.541],[-6.664,10.542],[-6.665,10.544],[-6.667,10.545],[-6.668,10.546],[-6.67,10.548],[-6.671,10.55],[-6.671,10.552],[-6.67,10.554],[-6.67,10.556],[-6.668,10.557],[-6.668,10.559],[-6.668,10.561],[-6.669,10.563],[-6.67,10.565],[-6.671,10.567],[-6.671,10.569],[-6.67,10.571],[-6.669,10.573],[-6.668,10.575],[-6.667,10.576],[-6.666,10.578],[-6.666,10.58],[-6.665,10.582],[-6.665,10.584],[-6.665,10.587],[-6.665,10.589],[-6.665,10.591],[-6.667,10.594],[-6.668,10.595],[-6.67,10.596],[-6.672,10.597],[-6.673,10.599],[-6.675,10.6],[-6.676,10.602],[-6.677,10.604],[-6.677,10.606],[-6.677,10.608],[-6.676,10.61],[-6.675,10.611],[-6.673,10.613],[-6.673,10.615],[-6.672,10.617],[-6.671,10.619],[-6.671,10.621],[-6.672,10.623],[-6.672,10.625],[-6.672,10.627],[-6.671,10.628],[-6.669,10.629],[-6.667,10.63],[-6.665,10.631],[-6.664,10.633],[-6.662,10.633],[-6.66,10.632],[-6.658,10.632],[-6.656,10.631],[-6.654,10.631],[-6.652,10.632],[-6.65,10.633],[-6.649,10.634],[-6.648,10.636],[-6.647,10.638],[-6.646,10.64],[-6.646,10.642],[-6.647,10.644],[-6.649,10.645],[-6.651,10.645],[-6.653,10.645],[-6.655,10.645],[-6.656,10.646],[-6.657,10.648],[-6.657,10.651],[-6.656,10.653],[-6.656,10.654],[-6.655,10.656],[-6.654,10.658],[-6.655,10.66],[-6.655,10.662],[-6.655,10.664],[-6.656,10.666],[-6.656,10.668],[-6.654,10.67],[-6.652,10.671],[-6.651,10.672],[-6.649,10.673],[-6.649,10.675],[-6.65,10.677],[-6.648,10.679],[-6.646,10.678],[-6.644,10.679],[-6.642,10.679],[-6.64,10.678],[-6.638,10.677],[-6.635,10.676],[-6.633,10.675],[-6.631,10.674],[-6.629,10.674],[-6.627,10.673],[-6.625,10.673],[-6.623,10.672],[-6.622,10.67],[-6.621,10.669],[-6.619,10.667],[-6.618,10.665],[-6.617,10.664],[-6.615,10.663],[-6.614,10.661],[-6.613,10.659],[-6.613,10.657],[-6.612,10.655],[-6.612,10.653],[-6.611,10.651],[-6.611,10.649],[-6.61,10.647],[-6.61,10.645],[-6.609,10.642],[-6.609,10.64],[-6.608,10.639],[-6.606,10.637],[-6.604,10.636],[-6.603,10.635],[-6.601,10.633],[-6.6,10.632],[-6.599,10.63],[-6.598,10.629],[-6.596,10.627],[-6.594,10.626],[-6.593,10.625],[-6.591,10.624],[-6.589,10.624],[-6.587,10.624],[-6.585,10.624],[-6.583,10.623],[-6.581,10.622],[-6.579,10.622],[-6.577,10.623],[-6.575,10.623],[-6.573,10.623],[-6.571,10.622],[-6.569,10.621],[-6.567,10.62],[-6.566,10.619],[-6.564,10.617],[-6.563,10.616],[-6.561,10.614],[-6.559,10.613],[-6.558,10.612],[-6.556,10.611],[-6.555,10.609],[-6.553,10.608],[-6.552,10.607],[-6.551,10.605],[-6.549,10.603],[-6.549,10.601],[-6.548,10.599],[-6.547,10.597],[-6.546,10.595],[-6.535,10.592],[-6.517,10.586],[-6.509,10.584],[-6.497,10.586],[-6.484,10.585],[-6.47,10.579],[-6.462,10.58],[-6.44,10.574],[-6.433,10.575],[-6.418,10.593],[-6.416,10.595],[-6.412,10.601],[-6.411,10.603],[-6.411,10.61],[-6.414,10.621],[-6.42,10.648],[-6.419,10.677],[-6.419,10.691],[-6.418,10.697],[-6.421,10.704],[-6.416,10.709],[-6.409,10.712],[-6.404,10.714],[-6.392,10.708],[-6.385,10.706],[-6.377,10.705],[-6.35,10.694],[-6.334,10.692],[-6.325,10.69],[-6.32,10.693],[-6.279,10.729],[-6.263,10.746],[-6.261,10.744],[-6.259,10.743],[-6.257,10.742],[-6.255,10.742],[-6.253,10.741],[-6.251,10.741],[-6.25,10.74],[-6.248,10.739],[-6.246,10.738],[-6.244,10.738],[-6.242,10.737],[-6.24,10.737],[-6.238,10.736],[-6.236,10.735],[-6.235,10.733],[-6.233,10.732]]]}},{"type":"Feature","id":"Valle Du Bandama","properties":{"name":"Valle Du Bandama","code":"CI04","level":"district","status":"pending","schools":460,"students":127184,"girls":61698,"boys":65486},"geometry":{"type":"Polygon","coordinates":[[[-5.19,9.412],[-5.19,9.41],[-5.19,9.408],[-5.19,9.407],[-5.188,9.405],[-5.187,9.403],[-5.187,9.401],[-5.187,9.4],[-5.186,9.398],[-5.186,9.397],[-5.186,9.395],[-5.185,9.393],[-5.184,9.392],[-5.183,9.391],[-5.183,9.389],[-5.182,9.388],[-5.181,9.385],[-5.181,9.383],[-5.18,9.381],[-5.179,9.379],[-5.178,9.377],[-5.176,9.375],[-5.175,9.373],[-5.174,9.371],[-5.171,9.369],[-5.169,9.367],[-5.167,9.365],[-5.166,9.362],[-5.163,9.359],[-5.16,9.357],[-5.158,9.355],[-5.156,9.353],[-5.155,9.351],[-5.151,9.347],[-5.149,9.344],[-5.147,9.342],[-5.145,9.34],[-5.144,9.338],[-5.143,9.337],[-5.141,9.335],[-5.139,9.334],[-5.136,9.333],[-5.134,9.332],[-5.132,9.331],[-5.129,9.33],[-5.127,9.33],[-5.126,9.329],[-5.124,9.328],[-5.121,9.327],[-5.119,9.327],[-5.117,9.326],[-5.114,9.325],[-5.11,9.324],[-5.106,9.323],[-5.103,9.322],[-5.099,9.321],[-5.095,9.32],[-5.091,9.32],[-5.087,9.318],[-5.083,9.317],[-5.081,9.317],[-5.078,9.316],[-5.075,9.316],[-5.072,9.315],[-5.069,9.315],[-5.067,9.313],[-5.063,9.312],[-5.059,9.311],[-5.058,9.31],[-5.055,9.311],[-5.054,9.31],[-5.052,9.309],[-5.048,9.309],[-5.045,9.309],[-5.041,9.31],[-5.039,9.309],[-5.037,9.308],[-5.034,9.307],[-5.031,9.307],[-5.027,9.307],[-5.024,9.307],[-5.02,9.306],[-5.017,9.303],[-5.015,9.301],[-5.014,9.298],[-5.013,9.295],[-5.011,9.292],[-5.011,9.29],[-5.008,9.288],[-5.006,9.286],[-5.006,9.283],[-5.007,9.281],[-5.007,9.279],[-5.007,9.276],[-5.006,9.273],[-5.008,9.27],[-5.007,9.267],[-5.006,9.266],[-5.006,9.263],[-5.007,9.26],[-5.007,9.257],[-5.008,9.254],[-5.007,9.25],[-5.008,9.247],[-5.009,9.244],[-5.009,9.24],[-5.009,9.238],[-5.011,9.236],[-5.01,9.233],[-5.01,9.229],[-5.01,9.226],[-5.01,9.222],[-5.006,9.221],[-5.004,9.22],[-5.002,9.219],[-5.0,9.218],[-4.997,9.216],[-4.995,9.213],[-4.994,9.212],[-4.992,9.212],[-4.99,9.21],[-4.989,9.208],[-4.989,9.205],[-4.987,9.201],[-4.981,9.197],[-4.978,9.196],[-4.977,9.195],[-4.979,9.193],[-4.981,9.191],[-4.981,9.189],[-4.98,9.185],[-4.979,9.182],[-4.98,9.179],[-4.98,9.177],[-4.981,9.175],[-4.982,9.173],[-4.984,9.169],[-4.984,9.167],[-4.982,9.165],[-4.98,9.163],[-4.976,9.161],[-4.973,9.16],[-4.971,9.16],[-4.966,9.159],[-4.963,9.158],[-4.962,9.155],[-4.962,9.152],[-4.959,9.15],[-4.957,9.15],[-4.955,9.147],[-4.954,9.145],[-4.953,9.143],[-4.953,9.141],[-4.952,9.138],[-4.951,9.136],[-4.947,9.132],[-4.945,9.131],[-4.943,9.128],[-4.94,9.127],[-4.937,9.129],[-4.935,9.131],[-4.934,9.129],[-4.931,9.128],[-4.929,9.127],[-4.927,9.125],[-4.922,9.125],[-4.92,9.125],[-4.918,9.123],[-4.916,9.122],[-4.914,9.121],[-4.912,9.119],[-4.91,9.118],[-4.908,9.117],[-4.906,9.116],[-4.904,9.116],[-4.901,9.117],[-4.899,9.12],[-4.898,9.122],[-4.895,9.123],[-4.892,9.12],[-4.891,9.118],[-4.889,9.115],[-4.888,9.113],[-4.886,9.111],[-4.885,9.107],[-4.885,9.104],[-4.885,9.102],[-4.885,9.1],[-4.886,9.097],[-4.885,9.093],[-4.885,9.09],[-4.886,9.086],[-4.887,9.084],[-4.887,9.082],[-4.887,9.079],[-4.889,9.076],[-4.891,9.073],[-4.891,9.072],[-4.892,9.071],[-4.893,9.07],[-4.891,9.067],[-4.892,9.065],[-4.894,9.062],[-4.895,9.06],[-4.895,9.057],[-4.895,9.056],[-4.896,9.055],[-4.897,9.053],[-4.897,9.05],[-4.898,9.047],[-4.899,9.044],[-4.9,9.041],[-4.9,9.037],[-4.902,9.034],[-4.904,9.031],[-4.905,9.027],[-4.906,9.025],[-4.907,9.023],[-4.908,9.02],[-4.908,9.017],[-4.908,9.013],[-4.907,9.01],[-4.908,9.008],[-4.908,9.005],[-4.908,9.003],[-4.908,9.0],[-4.909,8.998],[-4.911,8.996],[-4.911,8.993],[-4.909,8.991],[-4.907,8.989],[-4.905,8.988],[-4.907,8.985],[-4.908,8.982],[-4.911,8.981],[-4.914,8.979],[-4.915,8.976],[-4.915,8.973],[-4.915,8.971],[-4.915,8.967],[-4.915,8.964],[-4.915,8.962],[-4.919,8.961],[-4.921,8.959],[-4.924,8.959],[-4.926,8.958],[-4.928,8.955],[-4.929,8.952],[-4.93,8.95],[-4.929,8.948],[-4.928,8.946],[-4.931,8.945],[-4.934,8.945],[-4.936,8.944],[-4.938,8.942],[-4.94,8.939],[-4.942,8.937],[-4.944,8.936],[-4.946,8.932],[-4.947,8.935],[-4.948,8.938],[-4.949,8.94],[-4.953,8.942],[-4.956,8.942],[-4.959,8.941],[-4.96,8.937],[-4.961,8.934],[-4.961,8.93],[-4.959,8.929],[-4.957,8.929],[-4.956,8.929],[-4.609,8.921],[-4.578,8.921],[-4.576,8.921],[-4.573,8.921],[-4.558,8.927],[-4.554,8.926],[-4.552,8.923],[-4.552,8.921],[-4.552,8.919],[-4.549,8.919],[-4.546,8.919],[-4.544,8.918],[-4.539,8.915],[-4.533,8.914],[-4.53,8.915],[-4.528,8.915],[-4.526,8.916],[-4.524,8.916],[-4.521,8.917],[-4.512,8.916],[-4.51,8.913],[-4.507,8.911],[-4.506,8.91],[-4.504,8.907],[-4.503,8.904],[-4.502,8.902],[-4.5,8.9],[-4.499,8.898],[-4.498,8.896],[-4.498,8.893],[-4.498,8.891],[-4.498,8.889],[-4.498,8.886],[-4.496,8.884],[-4.494,8.884],[-4.492,8.886],[-4.49,8.886],[-4.488,8.885],[-4.486,8.886],[-4.483,8.886],[-4.484,8.885],[-4.483,8.883],[-4.484,8.881],[-4.486,8.879],[-4.487,8.877],[-4.489,8.875],[-4.489,8.873],[-4.489,8.87],[-4.489,8.868],[-4.49,8.865],[-4.491,8.864],[-4.492,8.862],[-4.494,8.859],[-4.495,8.857],[-4.496,8.854],[-4.497,8.851],[-4.499,8.849],[-4.5,8.847],[-4.501,8.846],[-4.503,8.844],[-4.505,8.842],[-4.506,8.841],[-4.507,8.839],[-4.507,8.836],[-4.508,8.834],[-4.507,8.831],[-4.506,8.828],[-4.504,8.825],[-4.501,8.822],[-4.501,8.82],[-4.5,8.817],[-4.497,8.813],[-4.496,8.811],[-4.495,8.808],[-4.495,8.806],[-4.493,8.802],[-4.491,8.799],[-4.49,8.797],[-4.489,8.795],[-4.488,8.794],[-4.486,8.791],[-4.483,8.789],[-4.481,8.788],[-4.479,8.786],[-4.477,8.785],[-4.475,8.784],[-4.473,8.782],[-4.472,8.781],[-4.472,8.78],[-4.47,8.778],[-4.47,8.777],[-4.469,8.775],[-4.468,8.774],[-4.466,8.772],[-4.463,8.771],[-4.462,8.771],[-4.46,8.771],[-4.457,8.771],[-4.456,8.771],[-4.454,8.771],[-4.452,8.771],[-4.451,8.771],[-4.449,8.77],[-4.448,8.768],[-4.447,8.767],[-4.446,8.765],[-4.444,8.763],[-4.443,8.761],[-4.443,8.759],[-4.442,8.757],[-4.441,8.755],[-4.44,8.753],[-4.44,8.751],[-4.439,8.75],[-4.437,8.748],[-4.437,8.746],[-4.436,8.744],[-4.435,8.742],[-4.435,8.741],[-4.433,8.741],[-4.433,8.741],[-4.431,8.742],[-4.429,8.743],[-4.428,8.744],[-4.427,8.745],[-4.426,8.746],[-4.424,8.747],[-4.422,8.747],[-4.421,8.747],[-4.42,8.747],[-4.418,8.747],[-4.417,8.747],[-4.415,8.746],[-4.413,8.746],[-4.411,8.746],[-4.409,8.747],[-4.407,8.746],[-4.405,8.747],[-4.404,8.746],[-4.402,8.746],[-4.4,8.747],[-4.398,8.747],[-4.397,8.747],[-4.396,8.748],[-4.394,8.749],[-4.39,8.75],[-4.388,8.751],[-4.386,8.751],[-4.385,8.751],[-4.383,8.752],[-4.382,8.752],[-4.38,8.752],[-4.378,8.752],[-4.376,8.753],[-4.374,8.753],[-4.372,8.753],[-4.371,8.753],[-4.369,8.754],[-4.368,8.754],[-4.366,8.755],[-4.365,8.755],[-4.364,8.755],[-4.363,8.754],[-4.361,8.752],[-4.36,8.75],[-4.36,8.749],[-4.359,8.747],[-4.359,8.745],[-4.358,8.743],[-4.357,8.741],[-4.357,8.74],[-4.353,8.734],[-4.352,8.732],[-4.351,8.731],[-4.35,8.73],[-4.349,8.729],[-4.346,8.725],[-4.344,8.725],[-4.342,8.725],[-4.34,8.727],[-4.338,8.728],[-4.336,8.73],[-4.323,8.728],[-4.322,8.729],[-4.321,8.731],[-4.32,8.732],[-4.321,8.734],[-4.321,8.735],[-4.319,8.736],[-4.318,8.737],[-4.317,8.737],[-4.315,8.738],[-4.313,8.738],[-4.311,8.739],[-4.309,8.738],[-4.307,8.738],[-4.306,8.738],[-4.304,8.738],[-4.302,8.737],[-4.3,8.737],[-4.299,8.738],[-4.297,8.74],[-4.295,8.74],[-4.293,8.74],[-4.29,8.744],[-4.285,8.747],[-4.283,8.748],[-4.283,8.748],[-4.282,8.748],[-4.281,8.747],[-4.279,8.746],[-4.278,8.745],[-4.278,8.743],[-4.276,8.742],[-4.275,8.743],[-4.273,8.745],[-4.273,8.747],[-4.271,8.748],[-4.269,8.748],[-4.266,8.747],[-4.265,8.746],[-4.264,8.745],[-4.262,8.743],[-4.263,8.741],[-4.263,8.739],[-4.264,8.738],[-4.265,8.737],[-4.265,8.735],[-4.265,8.732],[-4.264,8.731],[-4.263,8.73],[-4.261,8.729],[-4.26,8.728],[-4.258,8.726],[-4.258,8.724],[-4.257,8.723],[-4.256,8.72],[-4.258,8.718],[-4.26,8.718],[-4.262,8.718],[-4.261,8.716],[-4.259,8.714],[-4.259,8.712],[-4.257,8.712],[-4.255,8.712],[-4.253,8.712],[-4.251,8.713],[-4.249,8.712],[-4.248,8.71],[-4.248,8.708],[-4.248,8.706],[-4.248,8.704],[-4.248,8.702],[-4.248,8.7],[-4.247,8.698],[-4.246,8.696],[-4.246,8.694],[-4.244,8.692],[-4.243,8.692],[-4.24,8.691],[-4.239,8.689],[-4.239,8.688],[-4.239,8.686],[-4.237,8.685],[-4.236,8.684],[-4.236,8.682],[-4.235,8.68],[-4.234,8.679],[-4.232,8.678],[-4.231,8.676],[-4.229,8.675],[-4.228,8.674],[-4.226,8.674],[-4.225,8.674],[-4.223,8.673],[-4.221,8.672],[-4.22,8.671],[-4.219,8.67],[-4.218,8.669],[-4.217,8.668],[-4.215,8.666],[-4.214,8.666],[-4.212,8.664],[-4.212,8.662],[-4.211,8.661],[-4.21,8.66],[-4.205,8.659],[-4.203,8.658],[-4.2,8.66],[-4.201,8.661],[-4.201,8.663],[-4.201,8.665],[-4.199,8.665],[-4.197,8.667],[-4.197,8.669],[-4.197,8.671],[-4.196,8.674],[-4.195,8.675],[-4.193,8.675],[-4.192,8.674],[-4.189,8.674],[-4.189,8.676],[-4.189,8.678],[-4.191,8.679],[-4.193,8.681],[-4.192,8.682],[-4.189,8.684],[-4.188,8.684],[-4.185,8.683],[-4.184,8.682],[-4.182,8.68],[-4.182,8.679],[-4.18,8.678],[-4.178,8.677],[-4.176,8.676],[-4.175,8.675],[-4.17,8.671],[-4.167,8.67],[-4.165,8.669],[-4.163,8.668],[-4.161,8.667],[-4.162,8.665],[-4.16,8.663],[-4.161,8.661],[-4.162,8.659],[-4.163,8.658],[-4.162,8.657],[-4.161,8.655],[-4.158,8.656],[-4.157,8.658],[-4.158,8.66],[-4.157,8.661],[-4.156,8.662],[-4.155,8.664],[-4.154,8.666],[-4.152,8.668],[-4.151,8.668],[-4.148,8.667],[-4.147,8.667],[-4.145,8.665],[-4.145,8.664],[-4.143,8.663],[-4.141,8.662],[-4.139,8.661],[-4.137,8.661],[-4.135,8.662],[-4.134,8.661],[-4.134,8.659],[-4.132,8.657],[-4.131,8.656],[-4.129,8.655],[-4.128,8.655],[-4.124,8.652],[-4.122,8.651],[-4.12,8.651],[-4.119,8.65],[-4.118,8.65],[-4.116,8.649],[-4.114,8.649],[-4.112,8.648],[-4.11,8.648],[-4.108,8.649],[-4.107,8.651],[-4.106,8.653],[-4.105,8.655],[-4.106,8.656],[-4.107,8.658],[-4.105,8.66],[-4.104,8.66],[-4.102,8.66],[-4.101,8.658],[-4.1,8.657],[-4.099,8.656],[-4.098,8.654],[-4.096,8.654],[-4.095,8.653],[-4.093,8.652],[-4.092,8.652],[-4.09,8.652],[-4.09,8.653],[-4.09,8.655],[-4.09,8.656],[-4.088,8.658],[-4.086,8.659],[-4.084,8.659],[-4.083,8.658],[-4.082,8.657],[-4.08,8.657],[-4.079,8.658],[-4.077,8.657],[-4.075,8.655],[-4.074,8.653],[-4.074,8.655],[-4.073,8.657],[-4.073,8.659],[-4.074,8.661],[-4.075,8.662],[-4.076,8.663],[-4.076,8.665],[-4.076,8.667],[-4.074,8.668],[-4.072,8.667],[-4.07,8.666],[-4.069,8.665],[-4.067,8.664],[-4.066,8.663],[-4.064,8.662],[-4.062,8.662],[-4.061,8.66],[-4.059,8.655],[-4.057,8.655],[-4.056,8.656],[-4.054,8.655],[-4.052,8.656],[-4.05,8.655],[-4.05,8.654],[-4.049,8.652],[-4.047,8.65],[-4.045,8.648],[-4.044,8.649],[-4.041,8.652],[-4.039,8.653],[-4.038,8.655],[-4.036,8.656],[-4.035,8.658],[-4.036,8.66],[-4.035,8.661],[-4.033,8.661],[-4.027,8.658],[-4.025,8.657],[-4.023,8.657],[-4.021,8.656],[-4.019,8.656],[-4.017,8.655],[-4.016,8.653],[-4.014,8.653],[-4.012,8.652],[-4.011,8.652],[-4.009,8.651],[-4.007,8.65],[-4.005,8.649],[-4.004,8.649],[-4.002,8.648],[-4.002,8.646],[-4.0,8.646],[-3.999,8.646],[-3.997,8.646],[-3.995,8.646],[-3.993,8.648],[-3.991,8.649],[-3.989,8.647],[-3.988,8.646],[-3.986,8.646],[-3.984,8.646],[-3.982,8.645],[-3.981,8.644],[-3.979,8.644],[-3.979,8.642],[-3.98,8.64],[-3.982,8.638],[-3.98,8.637],[-3.981,8.635],[-3.979,8.634],[-3.978,8.634],[-3.976,8.635],[-3.974,8.634],[-3.974,8.632],[-3.972,8.631],[-3.97,8.631],[-3.97,8.633],[-3.972,8.634],[-3.971,8.636],[-3.97,8.637],[-3.968,8.636],[-3.966,8.635],[-3.964,8.633],[-3.962,8.633],[-3.961,8.632],[-3.959,8.632],[-3.956,8.633],[-3.955,8.634],[-3.953,8.635],[-3.952,8.637],[-3.95,8.638],[-3.949,8.64],[-3.948,8.641],[-3.947,8.643],[-3.945,8.642],[-3.943,8.642],[-3.943,8.639],[-3.944,8.636],[-3.945,8.633],[-3.945,8.629],[-3.943,8.628],[-3.924,8.611],[-3.921,8.608],[-3.92,8.607],[-3.918,8.606],[-3.917,8.604],[-3.916,8.603],[-3.915,8.601],[-3.914,8.6],[-3.914,8.599],[-3.914,8.597],[-3.913,8.595],[-3.912,8.593],[-3.911,8.593],[-3.91,8.592],[-3.909,8.59],[-3.907,8.589],[-3.906,8.588],[-3.906,8.586],[-3.905,8.585],[-3.904,8.583],[-3.903,8.582],[-3.902,8.58],[-3.901,8.578],[-3.9,8.576],[-3.901,8.575],[-3.901,8.575],[-3.902,8.574],[-3.904,8.574],[-3.906,8.574],[-3.908,8.573],[-3.91,8.572],[-3.911,8.571],[-3.913,8.571],[-3.914,8.571],[-3.916,8.57],[-3.917,8.569],[-3.919,8.568],[-3.92,8.567],[-3.922,8.566],[-3.924,8.564],[-3.926,8.563],[-3.928,8.562],[-3.93,8.561],[-3.932,8.559],[-3.933,8.557],[-3.935,8.555],[-3.937,8.553],[-3.939,8.551],[-3.942,8.549],[-3.944,8.548],[-3.947,8.548],[-3.95,8.547],[-3.953,8.547],[-3.955,8.546],[-3.958,8.546],[-3.96,8.545],[-3.962,8.546],[-3.965,8.545],[-3.968,8.545],[-3.971,8.544],[-3.974,8.543],[-3.976,8.542],[-3.98,8.538],[-3.982,8.536],[-3.982,8.534],[-3.982,8.531],[-3.983,8.529],[-3.984,8.528],[-3.985,8.525],[-3.984,8.523],[-3.984,8.519],[-3.982,8.514],[-3.979,8.513],[-3.976,8.511],[-3.973,8.511],[-3.968,8.509],[-3.964,8.509],[-3.948,8.505],[-3.947,8.504],[-3.945,8.502],[-3.943,8.501],[-3.94,8.5],[-3.931,8.497],[-3.929,8.496],[-3.928,8.493],[-3.927,8.492],[-3.926,8.488],[-3.926,8.486],[-3.926,8.483],[-3.926,8.481],[-3.926,8.479],[-3.927,8.477],[-3.929,8.475],[-3.931,8.474],[-3.933,8.473],[-3.934,8.47],[-3.935,8.467],[-3.935,8.464],[-3.936,8.461],[-3.935,8.458],[-3.936,8.455],[-3.936,8.453],[-3.936,8.45],[-3.937,8.449],[-3.939,8.447],[-3.94,8.447],[-3.947,8.446],[-3.954,8.441],[-3.956,8.44],[-3.958,8.439],[-3.96,8.439],[-3.962,8.438],[-3.964,8.437],[-3.97,8.434],[-3.973,8.433],[-3.974,8.432],[-3.976,8.432],[-3.979,8.432],[-3.981,8.431],[-3.983,8.431],[-3.985,8.432],[-3.987,8.432],[-3.989,8.433],[-3.992,8.433],[-3.994,8.433],[-3.996,8.434],[-3.998,8.434],[-4.0,8.434],[-4.002,8.433],[-4.004,8.432],[-4.005,8.43],[-4.006,8.427],[-4.006,8.426],[-4.005,8.422],[-4.004,8.42],[-4.003,8.417],[-4.002,8.415],[-4.002,8.413],[-4.0,8.41],[-4.0,8.408],[-3.999,8.406],[-3.998,8.404],[-3.997,8.401],[-3.994,8.4],[-3.992,8.399],[-3.99,8.399],[-3.988,8.4],[-3.985,8.402],[-3.983,8.402],[-3.981,8.402],[-3.978,8.401],[-3.976,8.4],[-3.974,8.4],[-3.97,8.399],[-3.969,8.399],[-3.966,8.399],[-3.963,8.398],[-3.961,8.397],[-3.959,8.396],[-3.958,8.393],[-3.958,8.39],[-3.96,8.386],[-3.962,8.384],[-3.963,8.381],[-3.965,8.38],[-3.967,8.378],[-3.969,8.377],[-3.974,8.375],[-3.976,8.374],[-3.979,8.374],[-3.982,8.374],[-3.985,8.374],[-3.988,8.373],[-3.99,8.372],[-3.992,8.37],[-3.993,8.367],[-3.992,8.365],[-3.992,8.363],[-3.99,8.362],[-3.987,8.36],[-3.985,8.359],[-3.984,8.357],[-3.983,8.355],[-3.982,8.353],[-3.98,8.352],[-3.977,8.351],[-3.974,8.351],[-3.972,8.351],[-3.971,8.35],[-3.969,8.35],[-3.966,8.349],[-3.963,8.348],[-3.961,8.348],[-3.96,8.345],[-3.96,8.343],[-3.96,8.339],[-3.961,8.337],[-3.963,8.335],[-3.964,8.333],[-3.965,8.331],[-3.967,8.329],[-3.968,8.326],[-3.969,8.323],[-3.969,8.321],[-3.969,8.318],[-3.968,8.315],[-3.968,8.313],[-3.968,8.31],[-3.968,8.307],[-3.969,8.305],[-3.97,8.303],[-3.971,8.301],[-3.973,8.299],[-3.976,8.298],[-3.978,8.298],[-3.98,8.298],[-3.982,8.298],[-3.984,8.298],[-3.987,8.299],[-3.99,8.3],[-3.992,8.301],[-3.994,8.301],[-3.996,8.302],[-3.998,8.302],[-4.002,8.303],[-4.004,8.303],[-4.005,8.303],[-4.007,8.303],[-4.009,8.304],[-4.011,8.304],[-4.013,8.305],[-4.016,8.305],[-4.018,8.305],[-4.02,8.305],[-4.023,8.305],[-4.025,8.306],[-4.028,8.306],[-4.03,8.306],[-4.031,8.306],[-4.033,8.307],[-4.036,8.307],[-4.037,8.307],[-4.039,8.308],[-4.042,8.308],[-4.045,8.307],[-4.046,8.307],[-4.047,8.306],[-4.05,8.306],[-4.052,8.305],[-4.053,8.304],[-4.055,8.304],[-4.057,8.302],[-4.059,8.3],[-4.06,8.298],[-4.061,8.297],[-4.063,8.291],[-4.062,8.288],[-4.06,8.287],[-4.057,8.284],[-4.056,8.283],[-4.054,8.281],[-4.053,8.278],[-4.051,8.276],[-4.05,8.275],[-4.048,8.271],[-4.046,8.27],[-4.045,8.268],[-4.044,8.266],[-4.042,8.264],[-4.041,8.263],[-4.039,8.262],[-4.038,8.261],[-4.036,8.26],[-4.034,8.259],[-4.031,8.257],[-4.03,8.255],[-4.027,8.253],[-4.025,8.251],[-4.023,8.25],[-4.022,8.248],[-4.02,8.247],[-4.019,8.245],[-4.017,8.244],[-4.016,8.242],[-4.014,8.24],[-4.014,8.239],[-4.012,8.236],[-4.009,8.231],[-4.01,8.229],[-4.01,8.227],[-4.011,8.225],[-4.012,8.223],[-4.013,8.221],[-4.014,8.219],[-4.017,8.216],[-4.02,8.214],[-4.022,8.212],[-4.023,8.211],[-4.024,8.21],[-4.025,8.208],[-4.027,8.206],[-4.029,8.204],[-4.03,8.202],[-4.032,8.2],[-4.034,8.198],[-4.035,8.195],[-4.035,8.193],[-4.035,8.192],[-4.035,8.191],[-4.035,8.189],[-4.034,8.186],[-4.034,8.184],[-4.034,8.183],[-4.033,8.181],[-4.032,8.179],[-4.031,8.178],[-4.03,8.177],[-4.028,8.175],[-4.027,8.174],[-4.026,8.173],[-4.025,8.172],[-4.023,8.172],[-4.022,8.172],[-4.021,8.172],[-4.019,8.173],[-4.017,8.174],[-4.015,8.174],[-4.014,8.174],[-4.012,8.174],[-4.01,8.174],[-4.008,8.174],[-4.007,8.173],[-4.006,8.173],[-4.004,8.173],[-4.003,8.172],[-4.002,8.172],[-4.001,8.171],[-3.999,8.171],[-3.997,8.17],[-3.996,8.17],[-3.995,8.169],[-3.993,8.169],[-3.991,8.167],[-3.99,8.167],[-3.988,8.166],[-3.986,8.166],[-3.985,8.166],[-3.984,8.166],[-3.983,8.164],[-3.983,8.163],[-3.983,8.161],[-3.982,8.159],[-3.982,8.158],[-3.98,8.156],[-3.979,8.155],[-3.978,8.154],[-3.975,8.152],[-3.974,8.151],[-3.973,8.15],[-3.972,8.149],[-3.97,8.149],[-3.969,8.147],[-3.968,8.145],[-3.968,8.144],[-3.966,8.142],[-3.965,8.142],[-3.964,8.14],[-3.964,8.139],[-3.963,8.137],[-3.962,8.136],[-3.961,8.135],[-3.96,8.134],[-3.958,8.134],[-3.957,8.133],[-3.955,8.131],[-3.954,8.13],[-3.953,8.128],[-3.952,8.127],[-3.952,8.126],[-3.951,8.124],[-3.951,8.123],[-3.95,8.122],[-3.948,8.122],[-3.946,8.122],[-3.944,8.122],[-3.943,8.121],[-3.942,8.121],[-3.94,8.12],[-3.938,8.12],[-3.937,8.12],[-3.935,8.12],[-3.933,8.119],[-3.933,8.118],[-3.932,8.117],[-3.932,8.115],[-3.932,8.113],[-3.932,8.111],[-3.932,8.11],[-3.932,8.109],[-3.933,8.107],[-3.933,8.106],[-3.936,8.105],[-3.937,8.104],[-3.938,8.104],[-3.942,8.104],[-3.944,8.104],[-3.945,8.105],[-3.947,8.105],[-3.949,8.105],[-3.951,8.104],[-3.952,8.104],[-3.954,8.104],[-3.956,8.103],[-3.958,8.103],[-3.959,8.103],[-3.961,8.104],[-3.962,8.105],[-3.963,8.106],[-3.966,8.106],[-3.967,8.107],[-3.969,8.108],[-3.971,8.108],[-3.973,8.108],[-3.975,8.108],[-3.976,8.108],[-3.978,8.109],[-3.979,8.109],[-3.98,8.109],[-3.982,8.108],[-3.984,8.107],[-3.989,8.107],[-3.992,8.107],[-3.993,8.107],[-3.996,8.106],[-3.998,8.105],[-4.0,8.104],[-4.002,8.102],[-4.003,8.101],[-4.004,8.1],[-4.005,8.099],[-4.007,8.096],[-4.007,8.094],[-4.006,8.092],[-4.006,8.091],[-4.006,8.089],[-4.005,8.087],[-4.005,8.086],[-4.005,8.084],[-4.005,8.083],[-4.005,8.081],[-4.005,8.08],[-4.006,8.078],[-4.007,8.076],[-4.007,8.075],[-4.007,8.073],[-4.008,8.072],[-4.01,8.07],[-4.011,8.069],[-4.012,8.068],[-4.013,8.067],[-4.014,8.066],[-4.015,8.065],[-4.016,8.064],[-4.016,8.063],[-4.017,8.062],[-4.017,8.06],[-4.017,8.059],[-4.017,8.057],[-4.017,8.055],[-4.018,8.052],[-4.019,8.05],[-4.018,8.048],[-4.02,8.046],[-4.021,8.044],[-4.024,8.042],[-4.027,8.041],[-4.028,8.04],[-4.03,8.039],[-4.032,8.038],[-4.033,8.035],[-4.034,8.034],[-4.036,8.033],[-4.038,8.032],[-4.041,8.031],[-4.044,8.03],[-4.047,8.029],[-4.049,8.029],[-4.051,8.029],[-4.053,8.028],[-4.055,8.027],[-4.057,8.027],[-4.059,8.027],[-4.061,8.025],[-4.063,8.024],[-4.066,8.023],[-4.068,8.022],[-4.07,8.02],[-4.072,8.019],[-4.073,8.018],[-4.075,8.016],[-4.076,8.015],[-4.077,8.014],[-4.079,8.013],[-4.081,8.012],[-4.083,8.012],[-4.085,8.011],[-4.087,8.009],[-4.089,8.009],[-4.091,8.008],[-4.093,8.006],[-4.096,8.004],[-4.098,8.001],[-4.098,7.999],[-4.098,7.997],[-4.096,7.995],[-4.095,7.994],[-4.094,7.993],[-4.092,7.991],[-4.091,7.989],[-4.089,7.987],[-4.088,7.986],[-4.086,7.984],[-4.085,7.982],[-4.084,7.98],[-4.083,7.979],[-4.081,7.978],[-4.079,7.975],[-4.078,7.974],[-4.076,7.972],[-4.074,7.972],[-4.072,7.972],[-4.07,7.971],[-4.068,7.97],[-4.066,7.97],[-4.064,7.969],[-4.066,7.967],[-4.067,7.966],[-4.067,7.964],[-4.067,7.961],[-4.067,7.959],[-4.067,7.957],[-4.069,7.955],[-4.07,7.954],[-4.071,7.952],[-4.071,7.951],[-4.072,7.948],[-4.072,7.946],[-4.072,7.944],[-4.072,7.942],[-4.072,7.94],[-4.073,7.938],[-4.073,7.936],[-4.074,7.934],[-4.075,7.933],[-4.076,7.931],[-4.077,7.929],[-4.079,7.928],[-4.079,7.926],[-4.08,7.925],[-4.081,7.923],[-4.082,7.922],[-4.084,7.921],[-4.086,7.92],[-4.088,7.919],[-4.09,7.918],[-4.091,7.918],[-4.093,7.918],[-4.095,7.918],[-4.097,7.918],[-4.099,7.917],[-4.101,7.916],[-4.103,7.915],[-4.104,7.916],[-4.106,7.917],[-4.108,7.917],[-4.111,7.918],[-4.114,7.919],[-4.116,7.919],[-4.118,7.918],[-4.118,7.915],[-4.119,7.914],[-4.122,7.911],[-4.123,7.911],[-4.126,7.91],[-4.129,7.91],[-4.131,7.91],[-4.133,7.91],[-4.135,7.908],[-4.137,7.907],[-4.139,7.906],[-4.141,7.904],[-4.142,7.903],[-4.144,7.902],[-4.147,7.902],[-4.149,7.902],[-4.151,7.901],[-4.152,7.901],[-4.152,7.899],[-4.153,7.897],[-4.153,7.895],[-4.153,7.893],[-4.155,7.891],[-4.157,7.889],[-4.16,7.888],[-4.162,7.887],[-4.164,7.887],[-4.166,7.887],[-4.168,7.887],[-4.169,7.886],[-4.171,7.886],[-4.173,7.886],[-4.177,7.886],[-4.179,7.886],[-4.181,7.886],[-4.183,7.886],[-4.185,7.886],[-4.187,7.886],[-4.189,7.886],[-4.191,7.886],[-4.193,7.885],[-4.197,7.886],[-4.199,7.886],[-4.202,7.886],[-4.204,7.887],[-4.206,7.887],[-4.208,7.888],[-4.21,7.89],[-4.212,7.892],[-4.214,7.893],[-4.214,7.895],[-4.216,7.897],[-4.217,7.898],[-4.218,7.9],[-4.219,7.902],[-4.221,7.903],[-4.223,7.904],[-4.224,7.905],[-4.226,7.904],[-4.228,7.903],[-4.23,7.903],[-4.232,7.902],[-4.234,7.902],[-4.238,7.901],[-4.242,7.899],[-4.24,7.906],[-4.239,7.914],[-4.241,7.918],[-4.243,7.92],[-4.247,7.92],[-4.251,7.922],[-4.254,7.924],[-4.258,7.923],[-4.262,7.924],[-4.266,7.924],[-4.271,7.914],[-4.278,7.907],[-4.282,7.901],[-4.285,7.9],[-4.288,7.902],[-4.292,7.904],[-4.295,7.903],[-4.298,7.901],[-4.303,7.9],[-4.307,7.899],[-4.305,7.881],[-4.306,7.873],[-4.31,7.871],[-4.316,7.869],[-4.318,7.865],[-4.345,7.846],[-4.346,7.845],[-4.384,7.839],[-4.449,7.828],[-4.448,7.827],[-4.504,7.817],[-4.505,7.818],[-4.508,7.819],[-4.51,7.82],[-4.512,7.82],[-4.514,7.819],[-4.516,7.82],[-4.517,7.821],[-4.519,7.821],[-4.521,7.822],[-4.523,7.822],[-4.524,7.824],[-4.525,7.825],[-4.526,7.826],[-4.527,7.828],[-4.529,7.829],[-4.53,7.823],[-4.529,7.823],[-4.53,7.821],[-4.531,7.818],[-4.532,7.816],[-4.533,7.815],[-4.534,7.813],[-4.535,7.811],[-4.536,7.809],[-4.537,7.807],[-4.537,7.805],[-4.537,7.803],[-4.536,7.802],[-4.535,7.801],[-4.535,7.799],[-4.535,7.797],[-4.535,7.796],[-4.536,7.794],[-4.537,7.792],[-4.537,7.79],[-4.538,7.788],[-4.539,7.786],[-4.538,7.784],[-4.537,7.783],[-4.537,7.781],[-4.537,7.779],[-4.536,7.777],[-4.537,7.776],[-4.537,7.774],[-4.536,7.772],[-4.535,7.771],[-4.534,7.77],[-4.533,7.768],[-4.533,7.767],[-4.532,7.766],[-4.531,7.764],[-4.53,7.763],[-4.528,7.762],[-4.527,7.762],[-4.526,7.76],[-4.525,7.758],[-4.524,7.756],[-4.522,7.754],[-4.521,7.752],[-4.521,7.75],[-4.52,7.749],[-4.52,7.748],[-4.52,7.745],[-4.519,7.744],[-4.519,7.743],[-4.516,7.737],[-4.515,7.735],[-4.515,7.734],[-4.514,7.733],[-4.513,7.732],[-4.513,7.73],[-4.513,7.728],[-4.513,7.726],[-4.513,7.723],[-4.513,7.72],[-4.512,7.719],[-4.512,7.717],[-4.512,7.714],[-4.511,7.712],[-4.51,7.71],[-4.511,7.708],[-4.511,7.707],[-4.511,7.705],[-4.51,7.703],[-4.51,7.701],[-4.51,7.699],[-4.509,7.699],[-4.509,7.698],[-4.509,7.696],[-4.509,7.695],[-4.508,7.692],[-4.508,7.691],[-4.508,7.689],[-4.507,7.687],[-4.507,7.686],[-4.507,7.684],[-4.507,7.683],[-4.506,7.681],[-4.506,7.679],[-4.506,7.678],[-4.507,7.677],[-4.507,7.675],[-4.507,7.673],[-4.506,7.671],[-4.505,7.67],[-4.504,7.668],[-4.502,7.667],[-4.501,7.665],[-4.5,7.665],[-4.499,7.664],[-4.498,7.662],[-4.498,7.66],[-4.497,7.658],[-4.497,7.657],[-4.497,7.656],[-4.495,7.654],[-4.495,7.642],[-4.495,7.621],[-4.495,7.619],[-4.495,7.617],[-4.495,7.614],[-4.496,7.612],[-4.498,7.611],[-4.499,7.61],[-4.501,7.61],[-4.502,7.61],[-4.505,7.61],[-4.506,7.61],[-4.508,7.61],[-4.509,7.609],[-4.51,7.608],[-4.511,7.607],[-4.512,7.606],[-4.513,7.605],[-4.514,7.604],[-4.516,7.602],[-4.517,7.601],[-4.519,7.603],[-4.52,7.603],[-4.522,7.603],[-4.524,7.603],[-4.525,7.603],[-4.528,7.603],[-4.529,7.603],[-4.531,7.604],[-4.532,7.606],[-4.532,7.607],[-4.533,7.609],[-4.533,7.611],[-4.534,7.612],[-4.534,7.614],[-4.535,7.615],[-4.536,7.615],[-4.538,7.616],[-4.54,7.616],[-4.542,7.617],[-4.544,7.617],[-4.545,7.618],[-4.547,7.618],[-4.549,7.619],[-4.552,7.619],[-4.554,7.619],[-4.555,7.618],[-4.557,7.618],[-4.559,7.617],[-4.56,7.617],[-4.561,7.618],[-4.563,7.618],[-4.565,7.619],[-4.566,7.62],[-4.568,7.621],[-4.57,7.62],[-4.571,7.62],[-4.572,7.619],[-4.573,7.617],[-4.573,7.616],[-4.574,7.614],[-4.576,7.613],[-4.578,7.612],[-4.579,7.61],[-4.579,7.608],[-4.581,7.608],[-4.583,7.608],[-4.584,7.608],[-4.585,7.607],[-4.586,7.605],[-4.588,7.604],[-4.589,7.602],[-4.591,7.601],[-4.593,7.6],[-4.594,7.6],[-4.596,7.6],[-4.596,7.598],[-4.596,7.597],[-4.596,7.595],[-4.596,7.593],[-4.596,7.591],[-4.597,7.59],[-4.598,7.589],[-4.6,7.588],[-4.6,7.586],[-4.6,7.584],[-4.599,7.583],[-4.598,7.581],[-4.599,7.58],[-4.6,7.58],[-4.602,7.58],[-4.604,7.58],[-4.605,7.58],[-4.607,7.579],[-4.607,7.577],[-4.607,7.576],[-4.606,7.574],[-4.607,7.572],[-4.609,7.571],[-4.61,7.57],[-4.612,7.57],[-4.613,7.569],[-4.615,7.569],[-4.616,7.568],[-4.618,7.568],[-4.619,7.568],[-4.622,7.568],[-4.623,7.567],[-4.625,7.566],[-4.628,7.566],[-4.629,7.565],[-4.63,7.564],[-4.633,7.563],[-4.634,7.562],[-4.636,7.561],[-4.638,7.561],[-4.64,7.561],[-4.642,7.562],[-4.644,7.562],[-4.646,7.562],[-4.647,7.561],[-4.649,7.56],[-4.65,7.56],[-4.652,7.558],[-4.654,7.556],[-4.654,7.555],[-4.656,7.555],[-4.657,7.553],[-4.658,7.552],[-4.659,7.55],[-4.659,7.549],[-4.659,7.547],[-4.658,7.545],[-4.657,7.544],[-4.655,7.542],[-4.654,7.54],[-4.654,7.539],[-4.655,7.537],[-4.656,7.535],[-4.658,7.533],[-4.66,7.531],[-4.661,7.53],[-4.662,7.529],[-4.663,7.529],[-4.665,7.529],[-4.667,7.528],[-4.668,7.527],[-4.67,7.526],[-4.671,7.526],[-4.672,7.525],[-4.673,7.524],[-4.674,7.523],[-4.676,7.521],[-4.677,7.52],[-4.679,7.519],[-4.681,7.519],[-4.683,7.518],[-4.686,7.517],[-4.688,7.518],[-4.69,7.518],[-4.692,7.518],[-4.693,7.519],[-4.695,7.52],[-4.697,7.52],[-4.698,7.521],[-4.7,7.522],[-4.701,7.522],[-4.704,7.522],[-4.705,7.523],[-4.706,7.524],[-4.708,7.526],[-4.71,7.527],[-4.712,7.528],[-4.713,7.528],[-4.715,7.528],[-4.716,7.529],[-4.718,7.529],[-4.719,7.528],[-4.721,7.528],[-4.722,7.529],[-4.723,7.531],[-4.724,7.531],[-4.726,7.531],[-4.727,7.529],[-4.727,7.527],[-4.728,7.526],[-4.729,7.525],[-4.731,7.526],[-4.733,7.527],[-4.735,7.528],[-4.737,7.529],[-4.738,7.53],[-4.738,7.532],[-4.739,7.535],[-4.739,7.537],[-4.74,7.54],[-4.741,7.543],[-4.742,7.545],[-4.743,7.547],[-4.744,7.55],[-4.745,7.552],[-4.746,7.553],[-4.748,7.554],[-4.751,7.555],[-4.754,7.556],[-4.756,7.558],[-4.758,7.56],[-4.776,7.58],[-4.785,7.569],[-4.789,7.565],[-4.791,7.564],[-4.793,7.565],[-4.797,7.565],[-4.8,7.566],[-4.802,7.566],[-4.806,7.567],[-4.809,7.567],[-4.812,7.568],[-4.814,7.57],[-4.817,7.571],[-4.819,7.571],[-4.821,7.571],[-4.824,7.571],[-4.825,7.57],[-4.828,7.568],[-4.83,7.566],[-4.83,7.568],[-4.831,7.569],[-4.836,7.571],[-4.837,7.571],[-4.841,7.573],[-4.846,7.578],[-4.848,7.581],[-4.848,7.582],[-4.851,7.586],[-4.854,7.588],[-4.855,7.589],[-4.855,7.59],[-4.856,7.591],[-4.857,7.598],[-4.859,7.603],[-4.864,7.605],[-4.868,7.605],[-4.868,7.605],[-4.871,7.605],[-4.876,7.605],[-4.876,7.606],[-4.882,7.609],[-4.883,7.609],[-4.884,7.61],[-4.887,7.575],[-4.896,7.574],[-4.897,7.573],[-4.897,7.572],[-4.898,7.57],[-4.899,7.569],[-4.899,7.568],[-4.9,7.566],[-4.901,7.564],[-4.902,7.562],[-4.903,7.561],[-4.904,7.559],[-4.904,7.557],[-4.905,7.556],[-4.906,7.554],[-4.907,7.553],[-4.908,7.552],[-4.909,7.551],[-4.911,7.55],[-4.912,7.548],[-4.913,7.547],[-4.914,7.546],[-4.915,7.544],[-4.916,7.543],[-4.917,7.541],[-4.919,7.54],[-4.92,7.539],[-4.92,7.538],[-4.921,7.536],[-4.921,7.534],[-4.922,7.532],[-4.923,7.531],[-4.924,7.53],[-4.925,7.529],[-4.926,7.527],[-4.927,7.526],[-4.928,7.525],[-4.929,7.524],[-4.93,7.523],[-4.929,7.521],[-4.929,7.52],[-4.928,7.519],[-4.927,7.517],[-4.927,7.516],[-4.927,7.514],[-4.927,7.513],[-4.927,7.512],[-4.927,7.51],[-4.927,7.509],[-4.927,7.507],[-4.927,7.505],[-4.927,7.503],[-4.927,7.501],[-4.927,7.5],[-4.927,7.498],[-4.927,7.496],[-4.926,7.494],[-4.926,7.484],[-4.929,7.483],[-4.931,7.481],[-4.932,7.48],[-4.934,7.48],[-4.937,7.482],[-4.939,7.483],[-4.941,7.484],[-4.943,7.485],[-4.945,7.485],[-4.948,7.484],[-4.949,7.483],[-4.95,7.482],[-4.953,7.482],[-4.955,7.483],[-4.957,7.484],[-4.958,7.487],[-4.959,7.488],[-4.962,7.49],[-4.963,7.491],[-4.966,7.492],[-4.967,7.492],[-4.969,7.491],[-4.97,7.49],[-4.972,7.489],[-4.973,7.487],[-4.974,7.486],[-4.975,7.484],[-4.976,7.483],[-4.977,7.481],[-4.978,7.48],[-4.98,7.477],[-4.981,7.476],[-4.983,7.475],[-4.985,7.473],[-4.987,7.471],[-4.988,7.469],[-4.988,7.467],[-4.987,7.465],[-4.989,7.464],[-4.99,7.465],[-4.992,7.466],[-4.994,7.469],[-4.995,7.47],[-4.996,7.471],[-5.001,7.475],[-5.003,7.473],[-5.022,7.458],[-5.023,7.457],[-5.025,7.456],[-5.027,7.454],[-5.029,7.451],[-5.03,7.45],[-5.032,7.448],[-5.034,7.447],[-5.036,7.445],[-5.037,7.443],[-5.039,7.442],[-5.04,7.44],[-5.042,7.439],[-5.044,7.437],[-5.045,7.436],[-5.047,7.434],[-5.048,7.433],[-5.049,7.431],[-5.053,7.416],[-5.055,7.415],[-5.057,7.413],[-5.06,7.411],[-5.061,7.41],[-5.062,7.408],[-5.064,7.406],[-5.064,7.405],[-5.067,7.405],[-5.069,7.405],[-5.071,7.406],[-5.073,7.405],[-5.075,7.405],[-5.078,7.407],[-5.081,7.408],[-5.083,7.409],[-5.085,7.41],[-5.087,7.408],[-5.09,7.408],[-5.092,7.407],[-5.094,7.407],[-5.095,7.407],[-5.097,7.406],[-5.098,7.405],[-5.1,7.403],[-5.102,7.402],[-5.103,7.401],[-5.106,7.401],[-5.108,7.401],[-5.11,7.401],[-5.113,7.401],[-5.115,7.401],[-5.115,7.399],[-5.115,7.396],[-5.114,7.395],[-5.113,7.393],[-5.113,7.391],[-5.114,7.388],[-5.114,7.385],[-5.115,7.383],[-5.116,7.38],[-5.117,7.378],[-5.117,7.376],[-5.117,7.374],[-5.117,7.373],[-5.117,7.371],[-5.119,7.368],[-5.122,7.367],[-5.123,7.366],[-5.124,7.365],[-5.127,7.364],[-5.129,7.362],[-5.13,7.36],[-5.133,7.359],[-5.135,7.358],[-5.137,7.357],[-5.138,7.356],[-5.14,7.354],[-5.143,7.352],[-5.145,7.35],[-5.147,7.349],[-5.148,7.349],[-5.15,7.349],[-5.152,7.349],[-5.155,7.349],[-5.156,7.347],[-5.158,7.346],[-5.16,7.345],[-5.162,7.345],[-5.165,7.345],[-5.167,7.346],[-5.17,7.346],[-5.172,7.346],[-5.174,7.345],[-5.176,7.344],[-5.178,7.342],[-5.179,7.341],[-5.18,7.338],[-5.181,7.336],[-5.183,7.335],[-5.186,7.334],[-5.189,7.333],[-5.19,7.332],[-5.192,7.33],[-5.193,7.329],[-5.195,7.328],[-5.196,7.327],[-5.197,7.325],[-5.198,7.324],[-5.2,7.322],[-5.2,7.32],[-5.202,7.319],[-5.202,7.318],[-5.204,7.316],[-5.205,7.314],[-5.205,7.31],[-5.205,7.309],[-5.206,7.306],[-5.207,7.304],[-5.208,7.301],[-5.209,7.3],[-5.209,7.299],[-5.209,7.297],[-5.209,7.295],[-5.21,7.293],[-5.212,7.292],[-5.213,7.291],[-5.214,7.29],[-5.226,7.281],[-5.228,7.28],[-5.231,7.281],[-5.235,7.283],[-5.236,7.284],[-5.238,7.284],[-5.241,7.285],[-5.242,7.286],[-5.246,7.288],[-5.247,7.288],[-5.25,7.282],[-5.252,7.28],[-5.254,7.279],[-5.255,7.277],[-5.257,7.275],[-5.259,7.274],[-5.26,7.272],[-5.262,7.271],[-5.264,7.269],[-5.264,7.268],[-5.265,7.266],[-5.266,7.265],[-5.267,7.264],[-5.268,7.263],[-5.27,7.261],[-5.271,7.26],[-5.273,7.258],[-5.274,7.257],[-5.275,7.256],[-5.276,7.254],[-5.277,7.252],[-5.278,7.25],[-5.28,7.248],[-5.281,7.247],[-5.281,7.245],[-5.282,7.244],[-5.283,7.242],[-5.285,7.24],[-5.286,7.239],[-5.286,7.237],[-5.287,7.236],[-5.289,7.234],[-5.289,7.233],[-5.29,7.231],[-5.291,7.23],[-5.292,7.229],[-5.294,7.228],[-5.296,7.229],[-5.298,7.229],[-5.3,7.231],[-5.301,7.232],[-5.302,7.234],[-5.303,7.236],[-5.305,7.236],[-5.307,7.236],[-5.309,7.235],[-5.311,7.236],[-5.312,7.236],[-5.314,7.237],[-5.315,7.238],[-5.316,7.239],[-5.319,7.239],[-5.321,7.241],[-5.322,7.242],[-5.325,7.242],[-5.327,7.241],[-5.329,7.241],[-5.332,7.241],[-5.334,7.241],[-5.337,7.241],[-5.34,7.241],[-5.342,7.24],[-5.344,7.24],[-5.346,7.24],[-5.348,7.239],[-5.35,7.239],[-5.352,7.237],[-5.354,7.237],[-5.356,7.238],[-5.359,7.238],[-5.362,7.238],[-5.366,7.238],[-5.369,7.238],[-5.373,7.239],[-5.377,7.239],[-5.38,7.239],[-5.382,7.239],[-5.384,7.239],[-5.387,7.239],[-5.388,7.24],[-5.39,7.241],[-5.392,7.242],[-5.393,7.242],[-5.395,7.244],[-5.396,7.245],[-5.397,7.247],[-5.398,7.249],[-5.399,7.251],[-5.399,7.253],[-5.4,7.255],[-5.4,7.257],[-5.401,7.259],[-5.401,7.261],[-5.402,7.263],[-5.403,7.266],[-5.403,7.267],[-5.404,7.27],[-5.405,7.272],[-5.406,7.274],[-5.406,7.276],[-5.407,7.277],[-5.414,7.281],[-5.428,7.278],[-5.435,7.285],[-5.433,7.298],[-5.437,7.306],[-5.45,7.306],[-5.458,7.303],[-5.464,7.305],[-5.466,7.304],[-5.471,7.303],[-5.474,7.303],[-5.475,7.305],[-5.477,7.306],[-5.479,7.307],[-5.481,7.306],[-5.482,7.305],[-5.483,7.304],[-5.485,7.303],[-5.486,7.302],[-5.488,7.301],[-5.49,7.3],[-5.493,7.299],[-5.495,7.298],[-5.497,7.296],[-5.498,7.295],[-5.501,7.294],[-5.503,7.294],[-5.505,7.293],[-5.508,7.293],[-5.511,7.292],[-5.514,7.292],[-5.517,7.291],[-5.52,7.291],[-5.523,7.29],[-5.526,7.29],[-5.529,7.289],[-5.533,7.288],[-5.536,7.287],[-5.54,7.287],[-5.543,7.286],[-5.547,7.285],[-5.55,7.285],[-5.554,7.284],[-5.557,7.284],[-5.56,7.283],[-5.563,7.283],[-5.566,7.283],[-5.568,7.282],[-5.57,7.281],[-5.572,7.28],[-5.575,7.278],[-5.576,7.277],[-5.578,7.275],[-5.58,7.274],[-5.583,7.272],[-5.586,7.272],[-5.589,7.272],[-5.591,7.273],[-5.594,7.273],[-5.596,7.273],[-5.599,7.273],[-5.602,7.273],[-5.605,7.273],[-5.607,7.273],[-5.609,7.272],[-5.61,7.27],[-5.611,7.269],[-5.613,7.268],[-5.616,7.267],[-5.62,7.267],[-5.622,7.267],[-5.623,7.267],[-5.625,7.267],[-5.627,7.267],[-5.629,7.268],[-5.631,7.268],[-5.633,7.267],[-5.636,7.267],[-5.638,7.266],[-5.639,7.265],[-5.64,7.264],[-5.641,7.262],[-5.643,7.26],[-5.644,7.258],[-5.646,7.256],[-5.648,7.255],[-5.649,7.253],[-5.65,7.252],[-5.651,7.249],[-5.655,7.258],[-5.655,7.261],[-5.655,7.264],[-5.654,7.267],[-5.653,7.27],[-5.652,7.274],[-5.653,7.276],[-5.655,7.278],[-5.658,7.281],[-5.661,7.284],[-5.663,7.286],[-5.666,7.288],[-5.669,7.29],[-5.671,7.292],[-5.674,7.294],[-5.677,7.295],[-5.68,7.296],[-5.683,7.297],[-5.687,7.298],[-5.69,7.3],[-5.693,7.301],[-5.696,7.302],[-5.699,7.303],[-5.702,7.305],[-5.705,7.308],[-5.707,7.31],[-5.71,7.312],[-5.713,7.314],[-5.714,7.316],[-5.718,7.318],[-5.72,7.32],[-5.721,7.323],[-5.722,7.326],[-5.721,7.328],[-5.718,7.33],[-5.716,7.332],[-5.712,7.334],[-5.709,7.336],[-5.705,7.337],[-5.701,7.339],[-5.698,7.34],[-5.696,7.342],[-5.694,7.345],[-5.692,7.348],[-5.69,7.351],[-5.69,7.354],[-5.691,7.358],[-5.693,7.361],[-5.695,7.363],[-5.698,7.365],[-5.702,7.367],[-5.705,7.366],[-5.707,7.364],[-5.71,7.364],[-5.714,7.365],[-5.718,7.366],[-5.721,7.367],[-5.723,7.37],[-5.725,7.373],[-5.727,7.376],[-5.728,7.379],[-5.73,7.382],[-5.731,7.386],[-5.731,7.389],[-5.732,7.394],[-5.732,7.398],[-5.733,7.402],[-5.734,7.406],[-5.733,7.411],[-5.731,7.413],[-5.728,7.415],[-5.726,7.418],[-5.725,7.421],[-5.725,7.425],[-5.724,7.43],[-5.722,7.434],[-5.721,7.437],[-5.718,7.44],[-5.717,7.444],[-5.717,7.447],[-5.716,7.451],[-5.716,7.454],[-5.716,7.457],[-5.716,7.459],[-5.716,7.46],[-5.718,7.464],[-5.722,7.465],[-5.725,7.467],[-5.727,7.469],[-5.73,7.471],[-5.738,7.475],[-5.736,7.476],[-5.734,7.478],[-5.734,7.48],[-5.735,7.483],[-5.735,7.487],[-5.736,7.49],[-5.736,7.492],[-5.736,7.495],[-5.735,7.498],[-5.733,7.5],[-5.731,7.501],[-5.728,7.504],[-5.724,7.505],[-5.721,7.505],[-5.719,7.505],[-5.718,7.507],[-5.716,7.509],[-5.713,7.511],[-5.712,7.513],[-5.711,7.517],[-5.712,7.518],[-5.713,7.522],[-5.712,7.524],[-5.709,7.527],[-5.709,7.529],[-5.713,7.531],[-5.715,7.533],[-5.717,7.534],[-5.719,7.535],[-5.72,7.535],[-5.721,7.536],[-5.722,7.537],[-5.723,7.538],[-5.724,7.539],[-5.724,7.54],[-5.725,7.542],[-5.726,7.544],[-5.696,7.548],[-5.688,7.573],[-5.703,7.602],[-5.722,7.617],[-5.708,7.622],[-5.688,7.632],[-5.693,7.661],[-5.689,7.7],[-5.688,7.702],[-5.694,7.707],[-5.738,7.751],[-5.748,7.773],[-5.769,7.801],[-5.771,7.804],[-5.77,7.806],[-5.769,7.808],[-5.767,7.81],[-5.766,7.81],[-5.764,7.81],[-5.762,7.811],[-5.761,7.813],[-5.762,7.815],[-5.762,7.818],[-5.762,7.82],[-5.762,7.822],[-5.764,7.824],[-5.765,7.825],[-5.767,7.828],[-5.768,7.83],[-5.769,7.833],[-5.77,7.835],[-5.771,7.838],[-5.771,7.84],[-5.772,7.843],[-5.772,7.846],[-5.772,7.849],[-5.772,7.852],[-5.771,7.854],[-5.771,7.856],[-5.769,7.859],[-5.769,7.86],[-5.769,7.863],[-5.769,7.865],[-5.768,7.867],[-5.767,7.87],[-5.766,7.873],[-5.766,7.876],[-5.767,7.879],[-5.767,7.882],[-5.768,7.884],[-5.767,7.887],[-5.768,7.889],[-5.769,7.892],[-5.77,7.894],[-5.77,7.897],[-5.769,7.9],[-5.768,7.902],[-5.767,7.904],[-5.766,7.906],[-5.765,7.908],[-5.764,7.91],[-5.764,7.912],[-5.763,7.914],[-5.763,7.916],[-5.765,7.918],[-5.764,7.92],[-5.763,7.921],[-5.762,7.923],[-5.76,7.925],[-5.759,7.926],[-5.758,7.927],[-5.758,7.93],[-5.758,7.932],[-5.757,7.934],[-5.755,7.934],[-5.754,7.935],[-5.752,7.935],[-5.751,7.936],[-5.751,7.938],[-5.751,7.941],[-5.752,7.942],[-5.752,7.944],[-5.751,7.945],[-5.751,7.947],[-5.75,7.949],[-5.749,7.952],[-5.749,7.954],[-5.749,7.956],[-5.749,7.959],[-5.749,7.961],[-5.75,7.963],[-5.751,7.966],[-5.752,7.968],[-5.752,7.971],[-5.752,7.974],[-5.751,7.976],[-5.75,7.977],[-5.748,7.978],[-5.746,7.98],[-5.744,7.981],[-5.743,7.982],[-5.74,7.984],[-5.739,7.986],[-5.739,7.987],[-5.738,7.988],[-5.738,7.99],[-5.738,7.992],[-5.737,7.996],[-5.737,7.999],[-5.738,8.002],[-5.737,8.004],[-5.737,8.007],[-5.736,8.009],[-5.736,8.012],[-5.736,8.015],[-5.736,8.018],[-5.737,8.02],[-5.736,8.021],[-5.735,8.023],[-5.734,8.025],[-5.731,8.027],[-5.729,8.026],[-5.726,8.026],[-5.569,8.024],[-5.569,8.026],[-5.568,8.028],[-5.567,8.029],[-5.565,8.03],[-5.564,8.031],[-5.562,8.031],[-5.56,8.031],[-5.558,8.031],[-5.556,8.031],[-5.554,8.032],[-5.554,8.033],[-5.554,8.035],[-5.555,8.036],[-5.556,8.037],[-5.558,8.038],[-5.558,8.039],[-5.56,8.04],[-5.56,8.042],[-5.56,8.043],[-5.557,8.042],[-5.556,8.042],[-5.554,8.041],[-5.552,8.04],[-5.55,8.04],[-5.549,8.04],[-5.547,8.04],[-5.547,8.04],[-5.546,8.042],[-5.546,8.044],[-5.545,8.047],[-5.545,8.05],[-5.545,8.051],[-5.544,8.053],[-5.543,8.054],[-5.543,8.057],[-5.543,8.059],[-5.542,8.06],[-5.541,8.061],[-5.54,8.062],[-5.538,8.063],[-5.537,8.063],[-5.534,8.063],[-5.532,8.064],[-5.53,8.064],[-5.529,8.064],[-5.528,8.065],[-5.527,8.066],[-5.526,8.068],[-5.526,8.069],[-5.525,8.071],[-5.525,8.073],[-5.526,8.074],[-5.527,8.075],[-5.528,8.077],[-5.528,8.078],[-5.528,8.08],[-5.527,8.081],[-5.526,8.082],[-5.525,8.082],[-5.523,8.081],[-5.522,8.081],[-5.521,8.08],[-5.52,8.08],[-5.518,8.08],[-5.517,8.082],[-5.515,8.085],[-5.515,8.086],[-5.516,8.087],[-5.516,8.089],[-5.517,8.09],[-5.518,8.092],[-5.519,8.093],[-5.519,8.095],[-5.52,8.097],[-5.519,8.098],[-5.518,8.099],[-5.518,8.1],[-5.517,8.101],[-5.517,8.103],[-5.518,8.105],[-5.518,8.106],[-5.518,8.108],[-5.519,8.109],[-5.519,8.11],[-5.52,8.111],[-5.522,8.112],[-5.522,8.113],[-5.524,8.114],[-5.525,8.115],[-5.526,8.116],[-5.527,8.117],[-5.526,8.119],[-5.525,8.12],[-5.522,8.122],[-5.521,8.123],[-5.52,8.123],[-5.518,8.124],[-5.517,8.124],[-5.515,8.125],[-5.513,8.125],[-5.512,8.124],[-5.512,8.123],[-5.511,8.121],[-5.511,8.12],[-5.51,8.118],[-5.51,8.117],[-5.51,8.115],[-5.509,8.113],[-5.509,8.111],[-5.507,8.111],[-5.505,8.111],[-5.504,8.112],[-5.502,8.112],[-5.5,8.111],[-5.497,8.111],[-5.496,8.111],[-5.495,8.111],[-5.493,8.111],[-5.492,8.112],[-5.49,8.113],[-5.489,8.114],[-5.488,8.115],[-5.488,8.116],[-5.487,8.118],[-5.486,8.12],[-5.485,8.121],[-5.484,8.122],[-5.483,8.122],[-5.482,8.122],[-5.48,8.121],[-5.479,8.12],[-5.478,8.119],[-5.477,8.117],[-5.476,8.116],[-5.476,8.114],[-5.476,8.112],[-5.476,8.111],[-5.475,8.109],[-5.473,8.107],[-5.472,8.107],[-5.47,8.107],[-5.467,8.107],[-5.466,8.107],[-5.464,8.106],[-5.463,8.106],[-5.461,8.106],[-5.46,8.106],[-5.458,8.107],[-5.457,8.109],[-5.457,8.111],[-5.456,8.113],[-5.455,8.115],[-5.455,8.116],[-5.453,8.116],[-5.45,8.116],[-5.449,8.116],[-5.447,8.116],[-5.446,8.115],[-5.444,8.115],[-5.443,8.114],[-5.442,8.113],[-5.441,8.112],[-5.439,8.112],[-5.438,8.111],[-5.436,8.111],[-5.434,8.109],[-5.433,8.108],[-5.432,8.107],[-5.43,8.107],[-5.429,8.106],[-5.428,8.105],[-5.426,8.104],[-5.424,8.103],[-5.424,8.104],[-5.424,8.106],[-5.424,8.108],[-5.422,8.109],[-5.419,8.108],[-5.417,8.107],[-5.415,8.106],[-5.414,8.104],[-5.412,8.102],[-5.41,8.101],[-5.408,8.101],[-5.405,8.101],[-5.403,8.102],[-5.4,8.103],[-5.397,8.105],[-5.398,8.107],[-5.398,8.109],[-5.398,8.111],[-5.399,8.114],[-5.399,8.116],[-5.4,8.118],[-5.4,8.12],[-5.4,8.123],[-5.4,8.124],[-5.399,8.126],[-5.398,8.128],[-5.398,8.131],[-5.397,8.133],[-5.397,8.135],[-5.397,8.137],[-5.397,8.138],[-5.398,8.14],[-5.399,8.142],[-5.4,8.144],[-5.402,8.145],[-5.403,8.147],[-5.404,8.148],[-5.405,8.15],[-5.406,8.152],[-5.407,8.154],[-5.407,8.156],[-5.406,8.157],[-5.403,8.165],[-5.405,8.166],[-5.406,8.167],[-5.405,8.169],[-5.404,8.17],[-5.402,8.17],[-5.4,8.17],[-5.399,8.169],[-5.397,8.168],[-5.396,8.168],[-5.394,8.168],[-5.391,8.168],[-5.389,8.168],[-5.387,8.168],[-5.385,8.167],[-5.383,8.167],[-5.382,8.166],[-5.38,8.166],[-5.363,8.166],[-5.361,8.166],[-5.36,8.166],[-5.359,8.167],[-5.357,8.169],[-5.356,8.17],[-5.355,8.173],[-5.353,8.175],[-5.352,8.177],[-5.351,8.178],[-5.352,8.18],[-5.352,8.181],[-5.353,8.183],[-5.354,8.184],[-5.356,8.187],[-5.356,8.188],[-5.356,8.19],[-5.357,8.193],[-5.357,8.194],[-5.357,8.197],[-5.357,8.199],[-5.357,8.201],[-5.356,8.202],[-5.356,8.204],[-5.355,8.206],[-5.354,8.21],[-5.353,8.211],[-5.352,8.213],[-5.35,8.214],[-5.348,8.215],[-5.346,8.217],[-5.346,8.219],[-5.347,8.22],[-5.348,8.222],[-5.349,8.223],[-5.351,8.224],[-5.353,8.225],[-5.355,8.225],[-5.357,8.227],[-5.357,8.229],[-5.359,8.23],[-5.36,8.231],[-5.362,8.232],[-5.364,8.233],[-5.365,8.234],[-5.367,8.236],[-5.369,8.238],[-5.369,8.24],[-5.37,8.242],[-5.371,8.244],[-5.372,8.246],[-5.373,8.248],[-5.373,8.25],[-5.374,8.252],[-5.374,8.255],[-5.375,8.257],[-5.366,8.259],[-5.364,8.257],[-5.362,8.256],[-5.36,8.256],[-5.359,8.255],[-5.351,8.249],[-5.348,8.249],[-5.346,8.249],[-5.344,8.249],[-5.343,8.249],[-5.341,8.248],[-5.339,8.249],[-5.338,8.251],[-5.337,8.252],[-5.338,8.254],[-5.339,8.256],[-5.341,8.257],[-5.342,8.258],[-5.343,8.259],[-5.349,8.264],[-5.35,8.265],[-5.352,8.266],[-5.354,8.267],[-5.355,8.268],[-5.358,8.269],[-5.359,8.27],[-5.361,8.271],[-5.362,8.271],[-5.365,8.272],[-5.368,8.274],[-5.369,8.274],[-5.373,8.275],[-5.374,8.276],[-5.378,8.277],[-5.379,8.276],[-5.38,8.275],[-5.383,8.275],[-5.386,8.276],[-5.388,8.277],[-5.39,8.279],[-5.392,8.28],[-5.393,8.282],[-5.393,8.284],[-5.393,8.285],[-5.394,8.288],[-5.393,8.29],[-5.393,8.291],[-5.393,8.293],[-5.393,8.294],[-5.393,8.296],[-5.393,8.298],[-5.394,8.3],[-5.394,8.302],[-5.394,8.304],[-5.396,8.306],[-5.398,8.305],[-5.401,8.307],[-5.405,8.308],[-5.408,8.308],[-5.409,8.309],[-5.411,8.31],[-5.413,8.311],[-5.415,8.312],[-5.417,8.313],[-5.419,8.314],[-5.421,8.315],[-5.423,8.317],[-5.424,8.319],[-5.426,8.32],[-5.427,8.322],[-5.428,8.324],[-5.43,8.326],[-5.431,8.328],[-5.432,8.33],[-5.432,8.331],[-5.433,8.333],[-5.434,8.334],[-5.436,8.335],[-5.437,8.337],[-5.44,8.338],[-5.443,8.34],[-5.445,8.341],[-5.447,8.342],[-5.448,8.343],[-5.451,8.344],[-5.453,8.345],[-5.455,8.346],[-5.457,8.347],[-5.459,8.349],[-5.462,8.351],[-5.464,8.352],[-5.466,8.353],[-5.468,8.352],[-5.469,8.352],[-5.47,8.352],[-5.472,8.353],[-5.474,8.354],[-5.476,8.355],[-5.477,8.356],[-5.479,8.358],[-5.48,8.359],[-5.481,8.361],[-5.483,8.361],[-5.485,8.361],[-5.486,8.36],[-5.488,8.36],[-5.49,8.359],[-5.493,8.359],[-5.495,8.359],[-5.497,8.36],[-5.498,8.361],[-5.498,8.364],[-5.499,8.366],[-5.501,8.366],[-5.503,8.368],[-5.504,8.372],[-5.505,8.373],[-5.505,8.375],[-5.504,8.377],[-5.504,8.378],[-5.505,8.38],[-5.506,8.382],[-5.508,8.382],[-5.51,8.381],[-5.511,8.38],[-5.514,8.379],[-5.515,8.378],[-5.518,8.378],[-5.52,8.378],[-5.522,8.379],[-5.526,8.379],[-5.528,8.38],[-5.53,8.38],[-5.532,8.38],[-5.534,8.381],[-5.535,8.38],[-5.537,8.38],[-5.539,8.38],[-5.541,8.38],[-5.543,8.381],[-5.546,8.381],[-5.547,8.381],[-5.551,8.382],[-5.553,8.384],[-5.556,8.385],[-5.558,8.386],[-5.559,8.388],[-5.56,8.389],[-5.562,8.391],[-5.564,8.392],[-5.565,8.394],[-5.567,8.396],[-5.568,8.397],[-5.569,8.399],[-5.57,8.401],[-5.572,8.403],[-5.574,8.406],[-5.574,8.407],[-5.576,8.409],[-5.578,8.411],[-5.58,8.413],[-5.583,8.415],[-5.586,8.416],[-5.589,8.418],[-5.592,8.419],[-5.594,8.42],[-5.598,8.421],[-5.601,8.422],[-5.603,8.423],[-5.606,8.424],[-5.608,8.425],[-5.61,8.427],[-5.612,8.428],[-5.615,8.429],[-5.617,8.43],[-5.62,8.431],[-5.622,8.433],[-5.624,8.434],[-5.627,8.435],[-5.629,8.436],[-5.631,8.438],[-5.633,8.441],[-5.634,8.443],[-5.635,8.445],[-5.635,8.447],[-5.634,8.449],[-5.632,8.452],[-5.63,8.454],[-5.627,8.453],[-5.624,8.453],[-5.62,8.453],[-5.617,8.452],[-5.615,8.453],[-5.612,8.453],[-5.611,8.454],[-5.611,8.457],[-5.61,8.459],[-5.609,8.46],[-5.607,8.461],[-5.605,8.461],[-5.602,8.461],[-5.6,8.46],[-5.597,8.46],[-5.594,8.461],[-5.593,8.462],[-5.591,8.464],[-5.589,8.464],[-5.587,8.463],[-5.584,8.462],[-5.581,8.461],[-5.578,8.461],[-5.575,8.46],[-5.572,8.459],[-5.571,8.458],[-5.569,8.456],[-5.567,8.454],[-5.566,8.452],[-5.563,8.451],[-5.561,8.45],[-5.558,8.448],[-5.555,8.446],[-5.551,8.445],[-5.547,8.445],[-5.544,8.445],[-5.542,8.447],[-5.539,8.448],[-5.538,8.449],[-5.537,8.45],[-5.535,8.451],[-5.534,8.453],[-5.531,8.457],[-5.53,8.459],[-5.528,8.46],[-5.527,8.461],[-5.525,8.462],[-5.523,8.462],[-5.521,8.463],[-5.52,8.464],[-5.52,8.465],[-5.522,8.466],[-5.523,8.467],[-5.525,8.467],[-5.527,8.467],[-5.529,8.467],[-5.532,8.468],[-5.534,8.468],[-5.535,8.468],[-5.538,8.469],[-5.539,8.47],[-5.541,8.472],[-5.542,8.473],[-5.544,8.477],[-5.546,8.478],[-5.548,8.479],[-5.55,8.48],[-5.552,8.48],[-5.554,8.481],[-5.557,8.482],[-5.559,8.483],[-5.561,8.484],[-5.564,8.484],[-5.566,8.485],[-5.571,8.486],[-5.573,8.487],[-5.576,8.487],[-5.578,8.489],[-5.581,8.491],[-5.583,8.492],[-5.584,8.492],[-5.586,8.494],[-5.589,8.495],[-5.591,8.498],[-5.593,8.499],[-5.595,8.501],[-5.59,8.518],[-5.592,8.519],[-5.594,8.521],[-5.595,8.522],[-5.597,8.524],[-5.599,8.525],[-5.601,8.526],[-5.603,8.527],[-5.604,8.528],[-5.606,8.529],[-5.607,8.531],[-5.606,8.536],[-5.604,8.54],[-5.606,8.541],[-5.609,8.543],[-5.612,8.543],[-5.615,8.545],[-5.618,8.546],[-5.621,8.548],[-5.621,8.545],[-5.621,8.542],[-5.624,8.541],[-5.627,8.541],[-5.63,8.542],[-5.632,8.544],[-5.635,8.545],[-5.639,8.545],[-5.641,8.545],[-5.644,8.546],[-5.646,8.547],[-5.648,8.549],[-5.649,8.553],[-5.648,8.556],[-5.646,8.559],[-5.643,8.559],[-5.641,8.561],[-5.638,8.561],[-5.641,8.564],[-5.643,8.565],[-5.645,8.566],[-5.648,8.569],[-5.65,8.57],[-5.648,8.573],[-5.645,8.573],[-5.642,8.574],[-5.645,8.576],[-5.645,8.579],[-5.647,8.582],[-5.649,8.585],[-5.65,8.587],[-5.649,8.59],[-5.649,8.594],[-5.647,8.596],[-5.643,8.594],[-5.641,8.592],[-5.638,8.59],[-5.636,8.59],[-5.634,8.592],[-5.632,8.594],[-5.633,8.596],[-5.635,8.598],[-5.636,8.601],[-5.638,8.604],[-5.637,8.607],[-5.638,8.61],[-5.64,8.611],[-5.643,8.612],[-5.646,8.612],[-5.648,8.612],[-5.651,8.613],[-5.653,8.614],[-5.656,8.614],[-5.658,8.613],[-5.661,8.614],[-5.663,8.616],[-5.665,8.618],[-5.668,8.617],[-5.67,8.615],[-5.671,8.613],[-5.674,8.61],[-5.676,8.609],[-5.677,8.606],[-5.678,8.604],[-5.678,8.601],[-5.681,8.599],[-5.684,8.599],[-5.686,8.601],[-5.689,8.604],[-5.691,8.607],[-5.692,8.61],[-5.694,8.613],[-5.695,8.615],[-5.698,8.617],[-5.7,8.618],[-5.703,8.619],[-5.705,8.621],[-5.707,8.623],[-5.709,8.625],[-5.707,8.628],[-5.705,8.63],[-5.702,8.63],[-5.702,8.633],[-5.704,8.636],[-5.707,8.639],[-5.708,8.642],[-5.71,8.645],[-5.71,8.647],[-5.712,8.65],[-5.713,8.652],[-5.713,8.655],[-5.711,8.657],[-5.708,8.658],[-5.705,8.657],[-5.702,8.656],[-5.699,8.656],[-5.696,8.656],[-5.693,8.657],[-5.693,8.661],[-5.693,8.663],[-5.692,8.666],[-5.693,8.668],[-5.695,8.67],[-5.695,8.673],[-5.693,8.675],[-5.69,8.675],[-5.688,8.677],[-5.687,8.681],[-5.688,8.684],[-5.69,8.687],[-5.69,8.689],[-5.687,8.691],[-5.685,8.692],[-5.686,8.696],[-5.685,8.699],[-5.683,8.701],[-5.682,8.703],[-5.68,8.705],[-5.681,8.708],[-5.684,8.709],[-5.686,8.71],[-5.688,8.711],[-5.69,8.713],[-5.692,8.716],[-5.695,8.716],[-5.697,8.716],[-5.701,8.717],[-5.704,8.717],[-5.707,8.719],[-5.708,8.721],[-5.709,8.724],[-5.707,8.726],[-5.704,8.727],[-5.7,8.727],[-5.697,8.728],[-5.693,8.73],[-5.69,8.73],[-5.687,8.729],[-5.684,8.729],[-5.681,8.729],[-5.678,8.729],[-5.675,8.73],[-5.671,8.731],[-5.669,8.733],[-5.672,8.736],[-5.675,8.737],[-5.678,8.739],[-5.68,8.74],[-5.682,8.742],[-5.686,8.742],[-5.689,8.743],[-5.691,8.745],[-5.694,8.746],[-5.697,8.747],[-5.7,8.747],[-5.7,8.751],[-5.698,8.754],[-5.696,8.757],[-5.693,8.759],[-5.69,8.76],[-5.687,8.761],[-5.688,8.764],[-5.692,8.765],[-5.696,8.766],[-5.699,8.766],[-5.7,8.768],[-5.703,8.77],[-5.705,8.771],[-5.708,8.773],[-5.71,8.776],[-5.712,8.773],[-5.714,8.77],[-5.717,8.767],[-5.719,8.766],[-5.723,8.767],[-5.726,8.768],[-5.728,8.771],[-5.728,8.775],[-5.727,8.778],[-5.725,8.781],[-5.724,8.784],[-5.722,8.788],[-5.721,8.79],[-5.72,8.794],[-5.718,8.796],[-5.717,8.8],[-5.718,8.803],[-5.718,8.807],[-5.717,8.809],[-5.715,8.812],[-5.714,8.815],[-5.712,8.817],[-5.709,8.818],[-5.705,8.819],[-5.704,8.822],[-5.705,8.826],[-5.705,8.829],[-5.705,8.832],[-5.704,8.835],[-5.703,8.838],[-5.702,8.841],[-5.705,8.843],[-5.704,8.843],[-5.702,8.844],[-5.701,8.845],[-5.699,8.845],[-5.697,8.845],[-5.695,8.844],[-5.694,8.843],[-5.692,8.842],[-5.691,8.842],[-5.688,8.842],[-5.687,8.842],[-5.684,8.842],[-5.683,8.84],[-5.682,8.838],[-5.681,8.836],[-5.68,8.834],[-5.678,8.833],[-5.677,8.833],[-5.675,8.832],[-5.674,8.832],[-5.672,8.833],[-5.671,8.833],[-5.669,8.833],[-5.667,8.834],[-5.665,8.834],[-5.664,8.834],[-5.663,8.835],[-5.661,8.835],[-5.659,8.835],[-5.658,8.835],[-5.656,8.834],[-5.654,8.833],[-5.652,8.833],[-5.651,8.833],[-5.649,8.831],[-5.649,8.829],[-5.648,8.828],[-5.647,8.829],[-5.646,8.83],[-5.644,8.831],[-5.642,8.831],[-5.64,8.832],[-5.638,8.832],[-5.636,8.832],[-5.633,8.833],[-5.631,8.833],[-5.629,8.834],[-5.626,8.834],[-5.624,8.835],[-5.621,8.835],[-5.618,8.836],[-5.615,8.836],[-5.613,8.837],[-5.61,8.837],[-5.608,8.838],[-5.606,8.839],[-5.603,8.841],[-5.601,8.842],[-5.599,8.843],[-5.598,8.844],[-5.596,8.846],[-5.595,8.847],[-5.594,8.849],[-5.594,8.85],[-5.594,8.853],[-5.594,8.855],[-5.592,8.858],[-5.591,8.86],[-5.591,8.862],[-5.59,8.864],[-5.588,8.867],[-5.586,8.867],[-5.584,8.868],[-5.582,8.869],[-5.58,8.869],[-5.578,8.869],[-5.576,8.869],[-5.573,8.869],[-5.571,8.869],[-5.568,8.868],[-5.567,8.867],[-5.565,8.866],[-5.564,8.865],[-5.562,8.865],[-5.561,8.866],[-5.559,8.867],[-5.558,8.868],[-5.556,8.869],[-5.554,8.869],[-5.552,8.869],[-5.55,8.869],[-5.548,8.868],[-5.547,8.868],[-5.545,8.868],[-5.541,8.869],[-5.538,8.87],[-5.536,8.871],[-5.534,8.871],[-5.532,8.871],[-5.529,8.871],[-5.528,8.872],[-5.525,8.872],[-5.523,8.872],[-5.522,8.873],[-5.52,8.873],[-5.518,8.874],[-5.517,8.874],[-5.515,8.873],[-5.513,8.873],[-5.511,8.872],[-5.509,8.872],[-5.507,8.871],[-5.505,8.87],[-5.503,8.869],[-5.501,8.869],[-5.5,8.869],[-5.498,8.868],[-5.497,8.868],[-5.495,8.868],[-5.493,8.869],[-5.49,8.869],[-5.489,8.869],[-5.487,8.868],[-5.486,8.867],[-5.485,8.865],[-5.484,8.863],[-5.483,8.862],[-5.481,8.86],[-5.479,8.858],[-5.477,8.857],[-5.476,8.857],[-5.474,8.858],[-5.471,8.86],[-5.47,8.861],[-5.468,8.862],[-5.466,8.863],[-5.464,8.863],[-5.462,8.864],[-5.461,8.864],[-5.459,8.865],[-5.458,8.866],[-5.456,8.868],[-5.454,8.869],[-5.452,8.87],[-5.451,8.871],[-5.45,8.872],[-5.449,8.874],[-5.449,8.876],[-5.449,8.878],[-5.451,8.879],[-5.453,8.88],[-5.455,8.881],[-5.457,8.884],[-5.458,8.885],[-5.46,8.885],[-5.462,8.885],[-5.464,8.886],[-5.466,8.887],[-5.468,8.888],[-5.47,8.889],[-5.472,8.889],[-5.474,8.889],[-5.476,8.888],[-5.478,8.888],[-5.48,8.889],[-5.481,8.89],[-5.483,8.892],[-5.485,8.894],[-5.486,8.895],[-5.488,8.897],[-5.49,8.9],[-5.492,8.902],[-5.493,8.904],[-5.494,8.905],[-5.494,8.907],[-5.494,8.91],[-5.493,8.912],[-5.493,8.913],[-5.491,8.913],[-5.489,8.912],[-5.486,8.911],[-5.484,8.91],[-5.482,8.908],[-5.48,8.907],[-5.478,8.905],[-5.475,8.904],[-5.474,8.903],[-5.472,8.902],[-5.47,8.901],[-5.469,8.9],[-5.467,8.899],[-5.465,8.898],[-5.463,8.898],[-5.462,8.898],[-5.461,8.9],[-5.462,8.902],[-5.462,8.905],[-5.461,8.908],[-5.459,8.91],[-5.458,8.912],[-5.457,8.915],[-5.457,8.917],[-5.456,8.919],[-5.457,8.92],[-5.458,8.922],[-5.459,8.923],[-5.461,8.924],[-5.463,8.925],[-5.466,8.925],[-5.468,8.926],[-5.47,8.926],[-5.472,8.927],[-5.474,8.927],[-5.477,8.929],[-5.48,8.932],[-5.479,8.935],[-5.478,8.936],[-5.476,8.937],[-5.475,8.939],[-5.475,8.942],[-5.474,8.944],[-5.474,8.946],[-5.474,8.948],[-5.474,8.95],[-5.473,8.952],[-5.473,8.955],[-5.473,8.957],[-5.472,8.959],[-5.472,8.961],[-5.472,8.963],[-5.472,8.965],[-5.473,8.967],[-5.473,8.969],[-5.473,8.971],[-5.472,8.972],[-5.471,8.973],[-5.47,8.972],[-5.468,8.972],[-5.467,8.971],[-5.465,8.97],[-5.464,8.968],[-5.463,8.967],[-5.461,8.966],[-5.46,8.964],[-5.459,8.962],[-5.458,8.96],[-5.456,8.959],[-5.454,8.958],[-5.453,8.958],[-5.452,8.959],[-5.451,8.96],[-5.45,8.961],[-5.449,8.962],[-5.448,8.964],[-5.447,8.965],[-5.446,8.966],[-5.444,8.968],[-5.444,8.969],[-5.444,8.971],[-5.444,8.973],[-5.445,8.975],[-5.445,8.977],[-5.446,8.978],[-5.448,8.98],[-5.45,8.981],[-5.451,8.983],[-5.453,8.984],[-5.455,8.984],[-5.457,8.983],[-5.458,8.982],[-5.46,8.982],[-5.462,8.982],[-5.464,8.983],[-5.464,8.985],[-5.464,8.986],[-5.462,8.988],[-5.461,8.99],[-5.459,8.992],[-5.458,8.992],[-5.456,8.993],[-5.454,8.993],[-5.452,8.994],[-5.45,8.994],[-5.448,8.994],[-5.446,8.994],[-5.444,8.993],[-5.442,8.993],[-5.441,8.993],[-5.438,8.992],[-5.436,8.991],[-5.434,8.99],[-5.432,8.988],[-5.43,8.986],[-5.429,8.985],[-5.427,8.984],[-5.426,8.983],[-5.424,8.982],[-5.423,8.982],[-5.421,8.981],[-5.419,8.981],[-5.417,8.982],[-5.416,8.983],[-5.416,8.985],[-5.416,8.987],[-5.416,8.989],[-5.416,8.991],[-5.416,8.993],[-5.417,8.995],[-5.418,8.997],[-5.419,8.998],[-5.421,8.999],[-5.422,9.0],[-5.424,9.007],[-5.427,9.008],[-5.428,9.009],[-5.429,9.012],[-5.43,9.014],[-5.432,9.017],[-5.433,9.018],[-5.435,9.021],[-5.438,9.022],[-5.44,9.024],[-5.442,9.026],[-5.444,9.027],[-5.446,9.028],[-5.448,9.03],[-5.451,9.031],[-5.452,9.032],[-5.454,9.034],[-5.457,9.035],[-5.46,9.036],[-5.464,9.036],[-5.467,9.036],[-5.469,9.037],[-5.472,9.037],[-5.474,9.039],[-5.476,9.04],[-5.479,9.041],[-5.481,9.042],[-5.484,9.042],[-5.487,9.042],[-5.489,9.043],[-5.492,9.045],[-5.493,9.047],[-5.494,9.048],[-5.495,9.05],[-5.497,9.051],[-5.499,9.053],[-5.5,9.055],[-5.501,9.056],[-5.502,9.058],[-5.503,9.061],[-5.504,9.063],[-5.504,9.066],[-5.503,9.068],[-5.501,9.07],[-5.499,9.071],[-5.496,9.072],[-5.495,9.073],[-5.493,9.075],[-5.493,9.077],[-5.493,9.079],[-5.494,9.081],[-5.494,9.083],[-5.495,9.085],[-5.494,9.088],[-5.493,9.09],[-5.491,9.091],[-5.489,9.091],[-5.487,9.09],[-5.485,9.09],[-5.482,9.089],[-5.48,9.088],[-5.478,9.087],[-5.476,9.087],[-5.474,9.086],[-5.472,9.086],[-5.471,9.087],[-5.468,9.088],[-5.467,9.089],[-5.464,9.09],[-5.462,9.091],[-5.461,9.093],[-5.458,9.094],[-5.456,9.095],[-5.454,9.097],[-5.453,9.099],[-5.452,9.101],[-5.452,9.104],[-5.452,9.106],[-5.453,9.108],[-5.454,9.111],[-5.455,9.113],[-5.456,9.115],[-5.457,9.118],[-5.459,9.119],[-5.46,9.121],[-5.459,9.123],[-5.458,9.124],[-5.458,9.125],[-5.457,9.126],[-5.455,9.127],[-5.452,9.128],[-5.45,9.13],[-5.449,9.131],[-5.448,9.132],[-5.446,9.134],[-5.445,9.135],[-5.443,9.137],[-5.442,9.138],[-5.44,9.14],[-5.437,9.141],[-5.436,9.143],[-5.436,9.145],[-5.437,9.147],[-5.439,9.148],[-5.441,9.149],[-5.442,9.15],[-5.444,9.151],[-5.444,9.153],[-5.446,9.154],[-5.446,9.156],[-5.444,9.157],[-5.443,9.158],[-5.441,9.159],[-5.439,9.16],[-5.437,9.161],[-5.435,9.163],[-5.433,9.164],[-5.432,9.165],[-5.43,9.166],[-5.428,9.167],[-5.427,9.169],[-5.427,9.171],[-5.427,9.173],[-5.43,9.175],[-5.432,9.176],[-5.434,9.178],[-5.436,9.18],[-5.438,9.182],[-5.438,9.184],[-5.436,9.185],[-5.434,9.186],[-5.432,9.185],[-5.429,9.185],[-5.426,9.186],[-5.424,9.187],[-5.424,9.188],[-5.425,9.19],[-5.426,9.192],[-5.428,9.193],[-5.432,9.194],[-5.436,9.194],[-5.439,9.195],[-5.441,9.195],[-5.443,9.198],[-5.441,9.2],[-5.44,9.201],[-5.438,9.203],[-5.436,9.202],[-5.435,9.201],[-5.434,9.199],[-5.432,9.198],[-5.43,9.197],[-5.427,9.196],[-5.425,9.195],[-5.423,9.194],[-5.42,9.194],[-5.419,9.195],[-5.416,9.196],[-5.414,9.197],[-5.411,9.199],[-5.41,9.201],[-5.41,9.202],[-5.41,9.204],[-5.409,9.206],[-5.408,9.207],[-5.406,9.208],[-5.404,9.209],[-5.403,9.21],[-5.402,9.212],[-5.401,9.214],[-5.401,9.216],[-5.401,9.216],[-5.401,9.218],[-5.403,9.22],[-5.402,9.222],[-5.399,9.224],[-5.398,9.226],[-5.398,9.228],[-5.4,9.23],[-5.402,9.231],[-5.404,9.231],[-5.404,9.233],[-5.402,9.235],[-5.401,9.236],[-5.399,9.238],[-5.397,9.241],[-5.396,9.243],[-5.395,9.245],[-5.393,9.247],[-5.392,9.249],[-5.391,9.251],[-5.389,9.253],[-5.387,9.254],[-5.387,9.256],[-5.386,9.258],[-5.385,9.26],[-5.385,9.262],[-5.384,9.265],[-5.384,9.267],[-5.385,9.268],[-5.387,9.269],[-5.388,9.272],[-5.388,9.274],[-5.387,9.276],[-5.385,9.277],[-5.382,9.278],[-5.379,9.278],[-5.376,9.28],[-5.375,9.283],[-5.375,9.284],[-5.377,9.285],[-5.379,9.287],[-5.38,9.288],[-5.381,9.29],[-5.382,9.292],[-5.384,9.294],[-5.386,9.295],[-5.387,9.297],[-5.388,9.299],[-5.388,9.301],[-5.388,9.303],[-5.387,9.304],[-5.385,9.303],[-5.383,9.302],[-5.382,9.301],[-5.379,9.3],[-5.377,9.299],[-5.375,9.298],[-5.374,9.298],[-5.372,9.298],[-5.37,9.299],[-5.368,9.3],[-5.367,9.301],[-5.365,9.302],[-5.364,9.303],[-5.363,9.305],[-5.363,9.309],[-5.362,9.311],[-5.36,9.312],[-5.358,9.313],[-5.356,9.313],[-5.355,9.314],[-5.353,9.315],[-5.352,9.317],[-5.352,9.32],[-5.354,9.321],[-5.356,9.322],[-5.357,9.324],[-5.359,9.328],[-5.357,9.329],[-5.355,9.33],[-5.353,9.33],[-5.351,9.33],[-5.346,9.331],[-5.344,9.332],[-5.345,9.335],[-5.347,9.336],[-5.348,9.337],[-5.35,9.339],[-5.352,9.34],[-5.355,9.341],[-5.353,9.342],[-5.35,9.342],[-5.347,9.343],[-5.345,9.345],[-5.344,9.348],[-5.344,9.35],[-5.343,9.351],[-5.341,9.352],[-5.339,9.353],[-5.337,9.353],[-5.335,9.354],[-5.334,9.355],[-5.333,9.357],[-5.333,9.359],[-5.333,9.361],[-5.332,9.363],[-5.331,9.366],[-5.33,9.367],[-5.34,9.372],[-5.339,9.374],[-5.339,9.375],[-5.341,9.384],[-5.339,9.386],[-5.34,9.388],[-5.34,9.39],[-5.338,9.392],[-5.325,9.393],[-5.324,9.394],[-5.322,9.395],[-5.32,9.394],[-5.317,9.392],[-5.315,9.392],[-5.313,9.393],[-5.31,9.391],[-5.309,9.39],[-5.306,9.389],[-5.302,9.389],[-5.3,9.388],[-5.297,9.389],[-5.295,9.39],[-5.293,9.392],[-5.291,9.393],[-5.289,9.393],[-5.287,9.394],[-5.286,9.397],[-5.284,9.398],[-5.281,9.397],[-5.279,9.396],[-5.276,9.397],[-5.275,9.398],[-5.271,9.399],[-5.268,9.399],[-5.266,9.4],[-5.264,9.4],[-5.262,9.4],[-5.26,9.4],[-5.258,9.402],[-5.255,9.402],[-5.252,9.402],[-5.25,9.402],[-5.248,9.402],[-5.245,9.403],[-5.243,9.406],[-5.24,9.407],[-5.237,9.407],[-5.235,9.407],[-5.233,9.407],[-5.23,9.407],[-5.228,9.408],[-5.226,9.409],[-5.223,9.411],[-5.22,9.412],[-5.218,9.411],[-5.215,9.411],[-5.213,9.41],[-5.211,9.411],[-5.208,9.412],[-5.207,9.416],[-5.206,9.418],[-5.205,9.42],[-5.205,9.422],[-5.204,9.425],[-5.204,9.428],[-5.203,9.427],[-5.2,9.427],[-5.2,9.424],[-5.199,9.423],[-5.199,9.421],[-5.198,9.419],[-5.196,9.418],[-5.194,9.417],[-5.193,9.416],[-5.192,9.416],[-5.191,9.415],[-5.19,9.414],[-5.19,9.412]]]}},{"type":"Feature","id":"Woroba","properties":{"name":"Woroba","code":"CI05","level":"district","status":"pending","schools":816,"students":402948,"girls":201354,"boys":201594},"geometry":{"type":"Polygon","coordinates":[[[-6.328,9.21],[-6.326,9.209],[-6.324,9.208],[-6.323,9.208],[-6.321,9.209],[-6.32,9.207],[-6.318,9.205],[-6.317,9.203],[-6.316,9.202],[-6.314,9.201],[-6.313,9.199],[-6.312,9.198],[-6.31,9.197],[-6.307,9.196],[-6.305,9.195],[-6.303,9.196],[-6.3,9.197],[-6.299,9.198],[-6.297,9.2],[-6.295,9.201],[-6.293,9.2],[-6.291,9.198],[-6.289,9.198],[-6.287,9.197],[-6.286,9.196],[-6.284,9.196],[-6.283,9.193],[-6.281,9.193],[-6.279,9.193],[-6.278,9.195],[-6.277,9.196],[-6.275,9.196],[-6.273,9.197],[-6.271,9.195],[-6.269,9.195],[-6.267,9.197],[-6.266,9.199],[-6.265,9.198],[-6.263,9.198],[-6.261,9.198],[-6.259,9.2],[-6.258,9.197],[-6.257,9.195],[-6.256,9.194],[-6.254,9.191],[-6.253,9.189],[-6.252,9.187],[-6.251,9.186],[-6.249,9.184],[-6.247,9.182],[-6.246,9.18],[-6.244,9.178],[-6.242,9.176],[-6.24,9.174],[-6.238,9.172],[-6.237,9.17],[-6.234,9.169],[-6.232,9.167],[-6.23,9.165],[-6.229,9.163],[-6.227,9.161],[-6.226,9.159],[-6.225,9.158],[-6.224,9.157],[-6.223,9.154],[-6.222,9.152],[-6.221,9.15],[-6.221,9.148],[-6.222,9.145],[-6.222,9.143],[-6.224,9.141],[-6.224,9.139],[-6.225,9.136],[-6.226,9.134],[-6.227,9.132],[-6.228,9.13],[-6.228,9.128],[-6.23,9.125],[-6.231,9.123],[-6.232,9.121],[-6.233,9.119],[-6.234,9.118],[-6.236,9.116],[-6.237,9.115],[-6.239,9.113],[-6.24,9.111],[-6.242,9.109],[-6.243,9.108],[-6.245,9.106],[-6.246,9.104],[-6.247,9.101],[-6.249,9.099],[-6.25,9.097],[-6.252,9.095],[-6.254,9.092],[-6.256,9.09],[-6.258,9.088],[-6.259,9.086],[-6.261,9.084],[-6.262,9.081],[-6.263,9.078],[-6.264,9.076],[-6.264,9.073],[-6.265,9.07],[-6.266,9.068],[-6.267,9.066],[-6.268,9.064],[-6.268,9.062],[-6.268,9.06],[-6.267,9.058],[-6.266,9.057],[-6.265,9.055],[-6.263,9.052],[-6.262,9.05],[-6.261,9.049],[-6.26,9.047],[-6.258,9.044],[-6.257,9.042],[-6.255,9.039],[-6.254,9.037],[-6.252,9.035],[-6.251,9.033],[-6.25,9.031],[-6.249,9.029],[-6.248,9.026],[-6.248,9.024],[-6.247,9.021],[-6.247,9.018],[-6.246,9.015],[-6.246,9.012],[-6.246,9.01],[-6.245,9.007],[-6.245,9.005],[-6.245,9.002],[-6.245,9.0],[-6.245,8.997],[-6.245,8.994],[-6.135,8.942],[-6.129,8.911],[-6.115,8.888],[-6.062,8.797],[-6.008,8.704],[-6.005,8.699],[-6.004,8.697],[-6.002,8.694],[-6.001,8.691],[-6.0,8.688],[-5.999,8.685],[-5.998,8.681],[-5.997,8.679],[-5.996,8.676],[-5.994,8.673],[-5.992,8.671],[-5.989,8.669],[-5.988,8.667],[-5.987,8.667],[-5.986,8.665],[-5.985,8.664],[-5.983,8.662],[-5.982,8.66],[-5.981,8.659],[-5.981,8.658],[-5.979,8.656],[-5.978,8.655],[-5.977,8.654],[-5.975,8.653],[-5.973,8.652],[-5.97,8.652],[-5.967,8.652],[-5.966,8.651],[-5.963,8.651],[-5.962,8.651],[-5.96,8.651],[-5.959,8.65],[-5.958,8.65],[-5.956,8.65],[-5.955,8.65],[-5.954,8.65],[-5.952,8.65],[-5.951,8.65],[-5.949,8.649],[-5.946,8.649],[-5.944,8.649],[-5.941,8.648],[-5.938,8.649],[-5.934,8.649],[-5.93,8.648],[-5.927,8.646],[-5.925,8.646],[-5.921,8.645],[-5.919,8.643],[-5.916,8.643],[-5.913,8.641],[-5.905,8.647],[-5.708,8.539],[-5.641,8.545],[-5.639,8.545],[-5.635,8.545],[-5.632,8.544],[-5.63,8.542],[-5.627,8.541],[-5.624,8.541],[-5.621,8.542],[-5.621,8.545],[-5.621,8.548],[-5.618,8.546],[-5.615,8.545],[-5.612,8.543],[-5.609,8.543],[-5.606,8.541],[-5.604,8.54],[-5.606,8.536],[-5.607,8.531],[-5.606,8.529],[-5.604,8.528],[-5.603,8.527],[-5.601,8.526],[-5.599,8.525],[-5.597,8.524],[-5.595,8.522],[-5.594,8.521],[-5.592,8.519],[-5.59,8.518],[-5.595,8.501],[-5.593,8.499],[-5.591,8.498],[-5.589,8.495],[-5.586,8.494],[-5.584,8.492],[-5.583,8.492],[-5.581,8.491],[-5.578,8.489],[-5.576,8.487],[-5.573,8.487],[-5.571,8.486],[-5.566,8.485],[-5.564,8.484],[-5.561,8.484],[-5.559,8.483],[-5.557,8.482],[-5.554,8.481],[-5.552,8.48],[-5.55,8.48],[-5.548,8.479],[-5.546,8.478],[-5.544,8.477],[-5.542,8.473],[-5.541,8.472],[-5.539,8.47],[-5.538,8.469],[-5.535,8.468],[-5.534,8.468],[-5.532,8.468],[-5.529,8.467],[-5.527,8.467],[-5.525,8.467],[-5.523,8.467],[-5.522,8.466],[-5.52,8.465],[-5.52,8.464],[-5.521,8.463],[-5.523,8.462],[-5.525,8.462],[-5.527,8.461],[-5.528,8.46],[-5.53,8.459],[-5.531,8.457],[-5.534,8.453],[-5.535,8.451],[-5.537,8.45],[-5.538,8.449],[-5.539,8.448],[-5.542,8.447],[-5.544,8.445],[-5.547,8.445],[-5.551,8.445],[-5.555,8.446],[-5.558,8.448],[-5.561,8.45],[-5.563,8.451],[-5.566,8.452],[-5.567,8.454],[-5.569,8.456],[-5.571,8.458],[-5.572,8.459],[-5.575,8.46],[-5.578,8.461],[-5.581,8.461],[-5.584,8.462],[-5.587,8.463],[-5.589,8.464],[-5.591,8.464],[-5.593,8.462],[-5.594,8.461],[-5.597,8.46],[-5.6,8.46],[-5.602,8.461],[-5.605,8.461],[-5.607,8.461],[-5.609,8.46],[-5.61,8.459],[-5.611,8.457],[-5.611,8.454],[-5.612,8.453],[-5.615,8.453],[-5.617,8.452],[-5.62,8.453],[-5.624,8.453],[-5.627,8.453],[-5.63,8.454],[-5.632,8.452],[-5.634,8.449],[-5.635,8.447],[-5.635,8.445],[-5.634,8.443],[-5.633,8.441],[-5.631,8.438],[-5.629,8.436],[-5.627,8.435],[-5.624,8.434],[-5.622,8.433],[-5.62,8.431],[-5.617,8.43],[-5.615,8.429],[-5.612,8.428],[-5.61,8.427],[-5.608,8.425],[-5.606,8.424],[-5.603,8.423],[-5.601,8.422],[-5.598,8.421],[-5.594,8.42],[-5.592,8.419],[-5.589,8.418],[-5.586,8.416],[-5.583,8.415],[-5.58,8.413],[-5.578,8.411],[-5.576,8.409],[-5.574,8.407],[-5.574,8.406],[-5.572,8.403],[-5.57,8.401],[-5.569,8.399],[-5.568,8.397],[-5.567,8.396],[-5.565,8.394],[-5.564,8.392],[-5.562,8.391],[-5.56,8.389],[-5.559,8.388],[-5.558,8.386],[-5.556,8.385],[-5.553,8.384],[-5.551,8.382],[-5.547,8.381],[-5.546,8.381],[-5.543,8.381],[-5.541,8.38],[-5.539,8.38],[-5.537,8.38],[-5.535,8.38],[-5.534,8.381],[-5.532,8.38],[-5.53,8.38],[-5.528,8.38],[-5.526,8.379],[-5.522,8.379],[-5.52,8.378],[-5.518,8.378],[-5.515,8.378],[-5.514,8.379],[-5.511,8.38],[-5.51,8.381],[-5.508,8.382],[-5.506,8.382],[-5.505,8.38],[-5.504,8.378],[-5.504,8.377],[-5.505,8.375],[-5.505,8.373],[-5.504,8.372],[-5.503,8.368],[-5.501,8.366],[-5.499,8.366],[-5.498,8.364],[-5.498,8.361],[-5.497,8.36],[-5.495,8.359],[-5.493,8.359],[-5.49,8.359],[-5.488,8.36],[-5.486,8.36],[-5.485,8.361],[-5.483,8.361],[-5.481,8.361],[-5.48,8.359],[-5.479,8.358],[-5.477,8.356],[-5.476,8.355],[-5.474,8.354],[-5.472,8.353],[-5.47,8.352],[-5.469,8.352],[-5.468,8.352],[-5.466,8.353],[-5.464,8.352],[-5.462,8.351],[-5.459,8.349],[-5.457,8.347],[-5.455,8.346],[-5.453,8.345],[-5.451,8.344],[-5.448,8.343],[-5.447,8.342],[-5.445,8.341],[-5.443,8.34],[-5.44,8.338],[-5.437,8.337],[-5.436,8.335],[-5.434,8.334],[-5.433,8.333],[-5.432,8.331],[-5.432,8.33],[-5.431,8.328],[-5.43,8.326],[-5.428,8.324],[-5.427,8.322],[-5.426,8.32],[-5.424,8.319],[-5.423,8.317],[-5.421,8.315],[-5.419,8.314],[-5.417,8.313],[-5.415,8.312],[-5.413,8.311],[-5.411,8.31],[-5.409,8.309],[-5.408,8.308],[-5.405,8.308],[-5.401,8.307],[-5.398,8.305],[-5.396,8.306],[-5.394,8.304],[-5.394,8.302],[-5.394,8.3],[-5.393,8.298],[-5.393,8.296],[-5.393,8.294],[-5.393,8.293],[-5.393,8.291],[-5.393,8.29],[-5.394,8.288],[-5.393,8.285],[-5.393,8.284],[-5.393,8.282],[-5.392,8.28],[-5.39,8.279],[-5.388,8.277],[-5.386,8.276],[-5.383,8.275],[-5.38,8.275],[-5.379,8.276],[-5.378,8.277],[-5.374,8.276],[-5.373,8.275],[-5.369,8.274],[-5.368,8.274],[-5.365,8.272],[-5.362,8.271],[-5.361,8.271],[-5.359,8.27],[-5.358,8.269],[-5.355,8.268],[-5.354,8.267],[-5.352,8.266],[-5.35,8.265],[-5.349,8.264],[-5.343,8.259],[-5.342,8.258],[-5.341,8.257],[-5.339,8.256],[-5.338,8.254],[-5.337,8.252],[-5.338,8.251],[-5.339,8.249],[-5.341,8.248],[-5.343,8.249],[-5.344,8.249],[-5.346,8.249],[-5.348,8.249],[-5.351,8.249],[-5.359,8.255],[-5.36,8.256],[-5.362,8.256],[-5.364,8.257],[-5.366,8.259],[-5.375,8.257],[-5.374,8.255],[-5.374,8.252],[-5.373,8.25],[-5.373,8.248],[-5.372,8.246],[-5.371,8.244],[-5.37,8.242],[-5.369,8.24],[-5.369,8.238],[-5.367,8.236],[-5.365,8.234],[-5.364,8.233],[-5.362,8.232],[-5.36,8.231],[-5.359,8.23],[-5.357,8.229],[-5.357,8.227],[-5.355,8.225],[-5.353,8.225],[-5.351,8.224],[-5.349,8.223],[-5.348,8.222],[-5.347,8.22],[-5.346,8.219],[-5.346,8.217],[-5.348,8.215],[-5.35,8.214],[-5.352,8.213],[-5.353,8.211],[-5.354,8.21],[-5.355,8.206],[-5.356,8.204],[-5.356,8.202],[-5.357,8.201],[-5.357,8.199],[-5.357,8.197],[-5.357,8.194],[-5.357,8.193],[-5.356,8.19],[-5.356,8.188],[-5.356,8.187],[-5.354,8.184],[-5.353,8.183],[-5.352,8.181],[-5.352,8.18],[-5.351,8.178],[-5.352,8.177],[-5.353,8.175],[-5.355,8.173],[-5.356,8.17],[-5.357,8.169],[-5.359,8.167],[-5.36,8.166],[-5.361,8.166],[-5.363,8.166],[-5.38,8.166],[-5.382,8.166],[-5.383,8.167],[-5.385,8.167],[-5.387,8.168],[-5.389,8.168],[-5.391,8.168],[-5.394,8.168],[-5.396,8.168],[-5.397,8.168],[-5.399,8.169],[-5.4,8.17],[-5.402,8.17],[-5.404,8.17],[-5.405,8.169],[-5.406,8.167],[-5.405,8.166],[-5.403,8.165],[-5.406,8.157],[-5.407,8.156],[-5.407,8.154],[-5.406,8.152],[-5.405,8.15],[-5.404,8.148],[-5.403,8.147],[-5.402,8.145],[-5.4,8.144],[-5.399,8.142],[-5.398,8.14],[-5.397,8.138],[-5.397,8.137],[-5.397,8.135],[-5.397,8.133],[-5.398,8.131],[-5.398,8.128],[-5.399,8.126],[-5.4,8.124],[-5.4,8.123],[-5.4,8.12],[-5.4,8.118],[-5.399,8.116],[-5.399,8.114],[-5.398,8.111],[-5.398,8.109],[-5.398,8.107],[-5.397,8.105],[-5.4,8.103],[-5.403,8.102],[-5.405,8.101],[-5.408,8.101],[-5.41,8.101],[-5.412,8.102],[-5.414,8.104],[-5.415,8.106],[-5.417,8.107],[-5.419,8.108],[-5.422,8.109],[-5.424,8.108],[-5.424,8.106],[-5.424,8.104],[-5.424,8.103],[-5.426,8.104],[-5.428,8.105],[-5.429,8.106],[-5.43,8.107],[-5.432,8.107],[-5.433,8.108],[-5.434,8.109],[-5.436,8.111],[-5.438,8.111],[-5.439,8.112],[-5.441,8.112],[-5.442,8.113],[-5.443,8.114],[-5.444,8.115],[-5.446,8.115],[-5.447,8.116],[-5.449,8.116],[-5.45,8.116],[-5.453,8.116],[-5.455,8.116],[-5.455,8.115],[-5.456,8.113],[-5.457,8.111],[-5.457,8.109],[-5.458,8.107],[-5.46,8.106],[-5.461,8.106],[-5.463,8.106],[-5.464,8.106],[-5.466,8.107],[-5.467,8.107],[-5.47,8.107],[-5.472,8.107],[-5.473,8.107],[-5.475,8.109],[-5.476,8.111],[-5.476,8.112],[-5.476,8.114],[-5.476,8.116],[-5.477,8.117],[-5.478,8.119],[-5.479,8.12],[-5.48,8.121],[-5.482,8.122],[-5.483,8.122],[-5.484,8.122],[-5.485,8.121],[-5.486,8.12],[-5.487,8.118],[-5.488,8.116],[-5.488,8.115],[-5.489,8.114],[-5.49,8.113],[-5.492,8.112],[-5.493,8.111],[-5.495,8.111],[-5.496,8.111],[-5.497,8.111],[-5.5,8.111],[-5.502,8.112],[-5.504,8.112],[-5.505,8.111],[-5.507,8.111],[-5.509,8.111],[-5.509,8.113],[-5.51,8.115],[-5.51,8.117],[-5.51,8.118],[-5.511,8.12],[-5.511,8.121],[-5.512,8.123],[-5.512,8.124],[-5.513,8.125],[-5.515,8.125],[-5.517,8.124],[-5.518,8.124],[-5.52,8.123],[-5.521,8.123],[-5.522,8.122],[-5.525,8.12],[-5.526,8.119],[-5.527,8.117],[-5.526,8.116],[-5.525,8.115],[-5.524,8.114],[-5.522,8.113],[-5.522,8.112],[-5.52,8.111],[-5.519,8.11],[-5.519,8.109],[-5.518,8.108],[-5.518,8.106],[-5.518,8.105],[-5.517,8.103],[-5.517,8.101],[-5.518,8.1],[-5.518,8.099],[-5.519,8.098],[-5.52,8.097],[-5.519,8.095],[-5.519,8.093],[-5.518,8.092],[-5.517,8.09],[-5.516,8.089],[-5.516,8.087],[-5.515,8.086],[-5.515,8.085],[-5.517,8.082],[-5.518,8.08],[-5.52,8.08],[-5.521,8.08],[-5.522,8.081],[-5.523,8.081],[-5.525,8.082],[-5.526,8.082],[-5.527,8.081],[-5.528,8.08],[-5.528,8.078],[-5.528,8.077],[-5.527,8.075],[-5.526,8.074],[-5.525,8.073],[-5.525,8.071],[-5.526,8.069],[-5.526,8.068],[-5.527,8.066],[-5.528,8.065],[-5.529,8.064],[-5.53,8.064],[-5.532,8.064],[-5.534,8.063],[-5.537,8.063],[-5.538,8.063],[-5.54,8.062],[-5.541,8.061],[-5.542,8.06],[-5.543,8.059],[-5.543,8.057],[-5.543,8.054],[-5.544,8.053],[-5.545,8.051],[-5.545,8.05],[-5.545,8.047],[-5.546,8.044],[-5.546,8.042],[-5.547,8.04],[-5.547,8.04],[-5.549,8.04],[-5.55,8.04],[-5.552,8.04],[-5.554,8.041],[-5.556,8.042],[-5.557,8.042],[-5.56,8.043],[-5.56,8.042],[-5.56,8.04],[-5.558,8.039],[-5.558,8.038],[-5.556,8.037],[-5.555,8.036],[-5.554,8.035],[-5.554,8.033],[-5.554,8.032],[-5.556,8.031],[-5.558,8.031],[-5.56,8.031],[-5.562,8.031],[-5.564,8.031],[-5.565,8.03],[-5.567,8.029],[-5.568,8.028],[-5.569,8.026],[-5.569,8.024],[-5.726,8.026],[-5.729,8.026],[-5.731,8.027],[-5.734,8.025],[-5.735,8.023],[-5.736,8.021],[-5.737,8.02],[-5.736,8.018],[-5.736,8.015],[-5.736,8.012],[-5.736,8.009],[-5.737,8.007],[-5.737,8.004],[-5.738,8.002],[-5.737,7.999],[-5.737,7.996],[-5.738,7.992],[-5.738,7.99],[-5.738,7.988],[-5.739,7.987],[-5.739,7.986],[-5.74,7.984],[-5.743,7.982],[-5.744,7.981],[-5.746,7.98],[-5.748,7.978],[-5.75,7.977],[-5.751,7.976],[-5.752,7.974],[-5.752,7.971],[-5.752,7.968],[-5.751,7.966],[-5.75,7.963],[-5.749,7.961],[-5.749,7.959],[-5.749,7.956],[-5.749,7.954],[-5.749,7.952],[-5.75,7.949],[-5.751,7.947],[-5.751,7.945],[-5.752,7.944],[-5.752,7.942],[-5.751,7.941],[-5.751,7.938],[-5.751,7.936],[-5.752,7.935],[-5.754,7.935],[-5.755,7.934],[-5.757,7.934],[-5.758,7.932],[-5.758,7.93],[-5.758,7.927],[-5.759,7.926],[-5.76,7.925],[-5.762,7.923],[-5.763,7.921],[-5.764,7.92],[-5.765,7.918],[-5.763,7.916],[-5.763,7.914],[-5.764,7.912],[-5.764,7.91],[-5.765,7.908],[-5.766,7.906],[-5.767,7.904],[-5.768,7.902],[-5.769,7.9],[-5.77,7.897],[-5.77,7.894],[-5.769,7.892],[-5.768,7.889],[-5.767,7.887],[-5.768,7.884],[-5.767,7.882],[-5.767,7.879],[-5.766,7.876],[-5.766,7.873],[-5.767,7.87],[-5.768,7.867],[-5.769,7.865],[-5.769,7.863],[-5.769,7.86],[-5.769,7.859],[-5.771,7.856],[-5.771,7.854],[-5.772,7.852],[-5.772,7.849],[-5.772,7.846],[-5.772,7.843],[-5.771,7.84],[-5.771,7.838],[-5.77,7.835],[-5.769,7.833],[-5.768,7.83],[-5.767,7.828],[-5.765,7.825],[-5.764,7.824],[-5.762,7.822],[-5.762,7.82],[-5.762,7.818],[-5.762,7.815],[-5.761,7.813],[-5.762,7.811],[-5.764,7.81],[-5.766,7.81],[-5.767,7.81],[-5.769,7.808],[-5.77,7.806],[-5.771,7.804],[-5.769,7.801],[-5.748,7.773],[-5.738,7.751],[-5.694,7.707],[-5.688,7.702],[-5.689,7.7],[-5.693,7.661],[-5.688,7.632],[-5.708,7.622],[-5.722,7.617],[-5.703,7.602],[-5.688,7.573],[-5.696,7.548],[-5.726,7.544],[-5.727,7.544],[-5.727,7.548],[-5.729,7.549],[-5.731,7.551],[-5.731,7.553],[-5.731,7.555],[-5.73,7.558],[-5.73,7.561],[-5.732,7.563],[-5.735,7.566],[-5.736,7.568],[-5.737,7.572],[-5.736,7.575],[-5.737,7.577],[-5.739,7.58],[-5.739,7.583],[-5.74,7.584],[-5.743,7.586],[-5.745,7.589],[-5.747,7.591],[-5.75,7.591],[-5.753,7.59],[-5.757,7.589],[-5.759,7.59],[-5.761,7.592],[-5.765,7.594],[-5.766,7.595],[-5.768,7.597],[-5.77,7.599],[-5.772,7.601],[-5.774,7.603],[-5.777,7.605],[-5.779,7.608],[-5.781,7.61],[-5.783,7.613],[-5.785,7.615],[-5.787,7.618],[-5.789,7.619],[-5.791,7.622],[-5.792,7.624],[-5.793,7.626],[-5.795,7.628],[-5.796,7.63],[-5.798,7.633],[-5.799,7.635],[-5.798,7.638],[-5.796,7.641],[-5.794,7.643],[-5.791,7.646],[-5.79,7.648],[-5.79,7.65],[-5.79,7.653],[-5.789,7.654],[-5.788,7.656],[-5.787,7.658],[-5.785,7.662],[-5.784,7.664],[-5.783,7.668],[-5.783,7.671],[-5.784,7.673],[-5.785,7.675],[-5.786,7.677],[-5.787,7.679],[-5.789,7.681],[-5.791,7.684],[-5.792,7.687],[-5.791,7.69],[-5.792,7.693],[-5.793,7.696],[-5.794,7.699],[-5.794,7.702],[-5.794,7.704],[-5.794,7.707],[-5.794,7.71],[-5.794,7.713],[-5.794,7.715],[-5.795,7.718],[-5.795,7.72],[-5.796,7.724],[-5.795,7.727],[-5.795,7.731],[-5.793,7.733],[-5.794,7.735],[-5.794,7.739],[-5.795,7.742],[-5.796,7.743],[-5.8,7.745],[-5.802,7.746],[-5.804,7.749],[-5.804,7.75],[-5.805,7.751],[-5.807,7.751],[-5.81,7.752],[-5.813,7.752],[-5.816,7.753],[-5.819,7.753],[-5.822,7.752],[-5.825,7.753],[-5.827,7.753],[-5.83,7.753],[-5.833,7.753],[-5.836,7.753],[-5.837,7.751],[-5.839,7.748],[-5.841,7.746],[-5.844,7.745],[-5.846,7.744],[-5.848,7.743],[-5.849,7.74],[-5.851,7.738],[-5.854,7.737],[-5.857,7.736],[-5.86,7.735],[-5.863,7.736],[-5.865,7.736],[-5.867,7.735],[-5.87,7.734],[-5.873,7.735],[-5.875,7.734],[-5.876,7.733],[-5.884,7.735],[-5.885,7.734],[-5.887,7.734],[-5.888,7.733],[-5.89,7.733],[-5.891,7.732],[-5.893,7.732],[-5.896,7.732],[-5.898,7.732],[-5.9,7.732],[-5.902,7.733],[-5.904,7.733],[-5.906,7.732],[-5.908,7.732],[-5.91,7.732],[-5.912,7.731],[-5.913,7.731],[-5.915,7.731],[-5.917,7.731],[-5.919,7.731],[-5.921,7.731],[-5.922,7.73],[-5.924,7.731],[-5.927,7.731],[-5.928,7.731],[-5.93,7.731],[-5.931,7.731],[-5.933,7.731],[-5.935,7.73],[-5.936,7.73],[-5.937,7.73],[-5.938,7.731],[-5.94,7.731],[-5.941,7.731],[-5.943,7.731],[-5.945,7.731],[-5.946,7.731],[-5.948,7.73],[-5.949,7.73],[-5.951,7.73],[-5.952,7.729],[-5.953,7.731],[-5.954,7.732],[-5.955,7.732],[-5.956,7.734],[-5.958,7.735],[-5.96,7.736],[-5.961,7.737],[-5.963,7.738],[-5.964,7.739],[-5.965,7.741],[-5.966,7.741],[-5.968,7.743],[-5.969,7.745],[-5.97,7.746],[-5.972,7.748],[-5.973,7.749],[-5.974,7.749],[-5.974,7.75],[-5.975,7.751],[-5.976,7.753],[-5.977,7.753],[-5.979,7.753],[-5.981,7.754],[-5.982,7.754],[-5.984,7.753],[-5.986,7.752],[-5.988,7.751],[-5.99,7.751],[-5.992,7.75],[-5.993,7.749],[-5.994,7.748],[-5.996,7.747],[-5.998,7.747],[-5.999,7.747],[-6.002,7.747],[-6.005,7.748],[-6.006,7.748],[-6.008,7.749],[-6.01,7.749],[-6.011,7.75],[-6.013,7.75],[-6.015,7.751],[-6.016,7.752],[-6.018,7.752],[-6.02,7.753],[-6.021,7.754],[-6.022,7.753],[-6.023,7.752],[-6.025,7.752],[-6.026,7.751],[-6.028,7.75],[-6.03,7.75],[-6.031,7.749],[-6.032,7.749],[-6.034,7.749],[-6.035,7.749],[-6.036,7.748],[-6.037,7.747],[-6.037,7.746],[-6.037,7.745],[-6.037,7.744],[-6.037,7.743],[-6.038,7.742],[-6.039,7.741],[-6.04,7.74],[-6.04,7.739],[-6.041,7.737],[-6.042,7.736],[-6.042,7.734],[-6.043,7.733],[-6.043,7.732],[-6.043,7.731],[-6.044,7.73],[-6.045,7.729],[-6.045,7.728],[-6.045,7.727],[-6.046,7.725],[-6.047,7.724],[-6.047,7.724],[-6.048,7.723],[-6.049,7.722],[-6.05,7.721],[-6.05,7.719],[-6.051,7.718],[-6.051,7.717],[-6.051,7.716],[-6.051,7.715],[-6.05,7.715],[-6.05,7.714],[-6.049,7.713],[-6.049,7.711],[-6.05,7.711],[-6.052,7.711],[-6.052,7.712],[-6.052,7.714],[-6.052,7.715],[-6.053,7.717],[-6.054,7.718],[-6.055,7.719],[-6.056,7.719],[-6.058,7.719],[-6.059,7.718],[-6.06,7.717],[-6.061,7.716],[-6.061,7.714],[-6.061,7.713],[-6.062,7.712],[-6.062,7.71],[-6.062,7.709],[-6.063,7.707],[-6.063,7.706],[-6.064,7.705],[-6.064,7.704],[-6.064,7.703],[-6.064,7.701],[-6.064,7.699],[-6.063,7.698],[-6.063,7.698],[-6.061,7.696],[-6.06,7.695],[-6.059,7.694],[-6.058,7.694],[-6.057,7.693],[-6.056,7.691],[-6.056,7.69],[-6.055,7.688],[-6.055,7.687],[-6.055,7.686],[-6.057,7.686],[-6.058,7.686],[-6.059,7.685],[-6.059,7.684],[-6.059,7.683],[-6.058,7.682],[-6.058,7.681],[-6.058,7.68],[-6.059,7.679],[-6.06,7.678],[-6.061,7.677],[-6.062,7.677],[-6.063,7.676],[-6.064,7.675],[-6.066,7.674],[-6.066,7.673],[-6.067,7.672],[-6.066,7.671],[-6.066,7.669],[-6.066,7.668],[-6.067,7.667],[-6.068,7.666],[-6.069,7.665],[-6.07,7.664],[-6.071,7.663],[-6.072,7.661],[-6.073,7.66],[-6.074,7.659],[-6.074,7.657],[-6.074,7.656],[-6.104,7.637],[-6.105,7.636],[-6.109,7.636],[-6.11,7.636],[-6.111,7.637],[-6.112,7.638],[-6.114,7.64],[-6.116,7.642],[-6.117,7.643],[-6.119,7.644],[-6.122,7.646],[-6.124,7.646],[-6.125,7.647],[-6.127,7.648],[-6.128,7.648],[-6.129,7.649],[-6.131,7.65],[-6.133,7.651],[-6.134,7.651],[-6.135,7.652],[-6.138,7.653],[-6.14,7.653],[-6.143,7.654],[-6.145,7.655],[-6.147,7.655],[-6.15,7.656],[-6.16,7.657],[-6.163,7.657],[-6.165,7.657],[-6.166,7.657],[-6.168,7.658],[-6.171,7.66],[-6.172,7.661],[-6.173,7.662],[-6.174,7.664],[-6.176,7.665],[-6.177,7.667],[-6.179,7.669],[-6.18,7.67],[-6.181,7.671],[-6.182,7.673],[-6.184,7.674],[-6.186,7.675],[-6.187,7.675],[-6.19,7.675],[-6.192,7.676],[-6.194,7.678],[-6.195,7.679],[-6.197,7.681],[-6.199,7.682],[-6.2,7.683],[-6.202,7.683],[-6.204,7.683],[-6.207,7.683],[-6.209,7.683],[-6.211,7.683],[-6.213,7.684],[-6.214,7.686],[-6.215,7.688],[-6.215,7.689],[-6.215,7.691],[-6.216,7.693],[-6.216,7.695],[-6.215,7.697],[-6.215,7.698],[-6.215,7.7],[-6.215,7.702],[-6.215,7.705],[-6.214,7.707],[-6.213,7.709],[-6.213,7.712],[-6.214,7.713],[-6.214,7.715],[-6.214,7.717],[-6.214,7.719],[-6.214,7.721],[-6.213,7.723],[-6.213,7.726],[-6.212,7.729],[-6.215,7.732],[-6.216,7.733],[-6.218,7.734],[-6.22,7.735],[-6.222,7.74],[-6.224,7.741],[-6.225,7.743],[-6.226,7.744],[-6.228,7.746],[-6.229,7.748],[-6.231,7.75],[-6.232,7.751],[-6.233,7.752],[-6.234,7.753],[-6.235,7.754],[-6.237,7.757],[-6.237,7.759],[-6.238,7.762],[-6.238,7.764],[-6.237,7.765],[-6.237,7.767],[-6.236,7.769],[-6.236,7.77],[-6.235,7.772],[-6.235,7.773],[-6.238,7.775],[-6.239,7.777],[-6.241,7.777],[-6.242,7.779],[-6.243,7.78],[-6.245,7.78],[-6.247,7.78],[-6.257,7.779],[-6.259,7.779],[-6.335,7.778],[-6.336,7.777],[-6.368,7.771],[-6.462,7.735],[-6.533,7.767],[-6.599,7.796],[-6.61,7.798],[-6.616,7.8],[-6.618,7.8],[-6.73,7.8],[-6.791,7.801],[-6.822,7.801],[-6.829,7.801],[-6.831,7.801],[-6.918,7.802],[-6.992,7.803],[-6.998,7.803],[-7.049,7.797],[-7.081,7.795],[-7.081,7.797],[-7.082,7.798],[-7.082,7.799],[-7.082,7.801],[-7.082,7.802],[-7.082,7.804],[-7.082,7.806],[-7.082,7.806],[-7.081,7.808],[-7.081,7.809],[-7.08,7.811],[-7.079,7.812],[-7.078,7.813],[-7.077,7.814],[-7.077,7.815],[-7.078,7.816],[-7.078,7.817],[-7.078,7.818],[-7.077,7.82],[-7.077,7.821],[-7.077,7.822],[-7.077,7.823],[-7.077,7.825],[-7.077,7.826],[-7.076,7.827],[-7.077,7.828],[-7.076,7.829],[-7.076,7.831],[-7.076,7.832],[-7.076,7.833],[-7.077,7.835],[-7.077,7.836],[-7.077,7.837],[-7.077,7.838],[-7.078,7.84],[-7.078,7.841],[-7.077,7.842],[-7.077,7.843],[-7.076,7.845],[-7.076,7.845],[-7.076,7.846],[-7.077,7.848],[-7.077,7.849],[-7.078,7.85],[-7.078,7.851],[-7.08,7.852],[-7.08,7.853],[-7.081,7.854],[-7.082,7.854],[-7.084,7.855],[-7.085,7.855],[-7.086,7.856],[-7.088,7.855],[-7.089,7.855],[-7.09,7.856],[-7.091,7.856],[-7.091,7.857],[-7.093,7.857],[-7.094,7.857],[-7.095,7.857],[-7.096,7.857],[-7.097,7.856],[-7.098,7.856],[-7.099,7.856],[-7.1,7.856],[-7.102,7.856],[-7.103,7.857],[-7.104,7.856],[-7.106,7.856],[-7.108,7.857],[-7.109,7.857],[-7.109,7.858],[-7.111,7.857],[-7.111,7.857],[-7.113,7.857],[-7.116,7.857],[-7.117,7.856],[-7.118,7.859],[-7.119,7.862],[-7.12,7.864],[-7.12,7.865],[-7.12,7.869],[-7.119,7.87],[-7.119,7.873],[-7.119,7.875],[-7.119,7.877],[-7.118,7.879],[-7.115,7.88],[-7.113,7.881],[-7.11,7.882],[-7.108,7.883],[-7.106,7.883],[-7.103,7.884],[-7.102,7.887],[-7.102,7.888],[-7.101,7.891],[-7.1,7.893],[-7.1,7.896],[-7.1,7.897],[-7.101,7.9],[-7.101,7.902],[-7.101,7.904],[-7.1,7.907],[-7.097,7.909],[-7.095,7.91],[-7.092,7.911],[-7.09,7.912],[-7.088,7.914],[-7.087,7.916],[-7.085,7.917],[-7.083,7.918],[-7.08,7.918],[-7.078,7.919],[-7.077,7.921],[-7.076,7.922],[-7.074,7.924],[-7.073,7.926],[-7.072,7.928],[-7.072,7.93],[-7.071,7.933],[-7.07,7.937],[-7.07,7.938],[-7.069,7.941],[-7.069,7.943],[-7.069,7.945],[-7.07,7.947],[-7.072,7.95],[-7.073,7.951],[-7.075,7.953],[-7.076,7.955],[-7.077,7.957],[-7.077,7.959],[-7.077,7.96],[-7.077,7.963],[-7.076,7.965],[-7.076,7.968],[-7.075,7.971],[-7.073,7.974],[-7.072,7.975],[-7.071,7.977],[-7.069,7.98],[-7.069,7.983],[-7.069,7.986],[-7.069,7.988],[-7.119,7.978],[-7.249,7.977],[-7.251,7.979],[-7.252,7.981],[-7.253,7.982],[-7.253,7.985],[-7.251,7.987],[-7.254,7.988],[-7.255,7.988],[-7.257,7.992],[-7.257,7.994],[-7.258,7.998],[-7.257,8.0],[-7.257,8.002],[-7.257,8.005],[-7.258,8.008],[-7.258,8.01],[-7.259,8.012],[-7.262,8.014],[-7.263,8.016],[-7.264,8.017],[-7.266,8.019],[-7.267,8.021],[-7.269,8.022],[-7.27,8.024],[-7.272,8.026],[-7.272,8.029],[-7.272,8.031],[-7.273,8.033],[-7.275,8.035],[-7.277,8.036],[-7.279,8.037],[-7.28,8.039],[-7.282,8.041],[-7.283,8.041],[-7.285,8.042],[-7.286,8.044],[-7.288,8.045],[-7.289,8.047],[-7.29,8.049],[-7.291,8.052],[-7.292,8.053],[-7.292,8.055],[-7.293,8.057],[-7.295,8.058],[-7.296,8.06],[-7.297,8.063],[-7.299,8.064],[-7.301,8.064],[-7.304,8.064],[-7.306,8.065],[-7.309,8.065],[-7.311,8.065],[-7.313,8.066],[-7.314,8.067],[-7.315,8.069],[-7.318,8.069],[-7.32,8.068],[-7.322,8.069],[-7.323,8.071],[-7.324,8.073],[-7.325,8.074],[-7.327,8.077],[-7.329,8.078],[-7.331,8.079],[-7.333,8.081],[-7.335,8.082],[-7.336,8.083],[-7.338,8.083],[-7.341,8.083],[-7.345,8.084],[-7.346,8.084],[-7.348,8.086],[-7.35,8.086],[-7.352,8.088],[-7.354,8.09],[-7.356,8.091],[-7.359,8.093],[-7.361,8.095],[-7.363,8.096],[-7.366,8.098],[-7.369,8.099],[-7.371,8.1],[-7.373,8.101],[-7.375,8.101],[-7.377,8.103],[-7.38,8.105],[-7.382,8.107],[-7.385,8.109],[-7.386,8.109],[-7.388,8.11],[-7.39,8.111],[-7.392,8.112],[-7.394,8.114],[-7.396,8.115],[-7.398,8.117],[-7.4,8.119],[-7.402,8.12],[-7.403,8.121],[-7.405,8.122],[-7.407,8.123],[-7.408,8.124],[-7.412,8.124],[-7.414,8.125],[-7.417,8.124],[-7.42,8.124],[-7.422,8.125],[-7.424,8.125],[-7.426,8.126],[-7.427,8.127],[-7.428,8.129],[-7.429,8.131],[-7.43,8.134],[-7.433,8.136],[-7.433,8.139],[-7.432,8.142],[-7.433,8.144],[-7.434,8.145],[-7.435,8.147],[-7.435,8.149],[-7.436,8.151],[-7.436,8.153],[-7.437,8.155],[-7.438,8.154],[-7.442,8.153],[-7.444,8.153],[-7.446,8.154],[-7.448,8.154],[-7.452,8.154],[-7.454,8.154],[-7.457,8.154],[-7.46,8.152],[-7.462,8.151],[-7.463,8.15],[-7.466,8.148],[-7.468,8.148],[-7.47,8.147],[-7.473,8.146],[-7.475,8.145],[-7.476,8.143],[-7.476,8.14],[-7.478,8.138],[-7.479,8.136],[-7.481,8.135],[-7.482,8.134],[-7.483,8.132],[-7.485,8.13],[-7.487,8.127],[-7.489,8.125],[-7.488,8.122],[-7.489,8.12],[-7.488,8.118],[-7.489,8.116],[-7.49,8.113],[-7.491,8.112],[-7.491,8.11],[-7.491,8.107],[-7.492,8.104],[-7.493,8.103],[-7.494,8.101],[-7.496,8.1],[-7.498,8.099],[-7.499,8.096],[-7.5,8.094],[-7.501,8.093],[-7.503,8.092],[-7.506,8.091],[-7.507,8.09],[-7.509,8.088],[-7.51,8.087],[-7.511,8.085],[-7.513,8.083],[-7.515,8.081],[-7.518,8.079],[-7.519,8.077],[-7.52,8.074],[-7.522,8.071],[-7.522,8.068],[-7.522,8.067],[-7.521,8.062],[-7.521,8.06],[-7.521,8.058],[-7.522,8.055],[-7.521,8.052],[-7.519,8.051],[-7.517,8.049],[-7.516,8.048],[-7.515,8.046],[-7.515,8.044],[-7.514,8.042],[-7.513,8.041],[-7.511,8.04],[-7.509,8.038],[-7.509,8.036],[-7.51,8.033],[-7.51,8.031],[-7.509,8.028],[-7.51,8.025],[-7.511,8.023],[-7.511,8.021],[-7.513,8.019],[-7.516,8.017],[-7.515,8.015],[-7.513,8.013],[-7.513,8.011],[-7.514,8.008],[-7.513,8.005],[-7.514,8.003],[-7.515,8.001],[-7.514,7.998],[-7.515,7.996],[-7.515,7.994],[-7.517,7.992],[-7.519,7.991],[-7.518,7.989],[-7.518,7.986],[-7.52,7.984],[-7.519,7.982],[-7.519,7.98],[-7.519,7.978],[-7.519,7.976],[-7.518,7.974],[-7.517,7.972],[-7.518,7.97],[-7.52,7.967],[-7.519,7.966],[-7.518,7.963],[-7.518,7.961],[-7.519,7.959],[-7.519,7.957],[-7.519,7.954],[-7.52,7.952],[-7.52,7.951],[-7.521,7.948],[-7.522,7.946],[-7.523,7.943],[-7.523,7.942],[-7.524,7.939],[-7.524,7.938],[-7.524,7.936],[-7.522,7.934],[-7.519,7.933],[-7.517,7.933],[-7.515,7.932],[-7.513,7.932],[-7.512,7.93],[-7.511,7.929],[-7.51,7.927],[-7.508,7.926],[-7.507,7.924],[-7.508,7.921],[-7.508,7.92],[-7.511,7.918],[-7.514,7.919],[-7.516,7.92],[-7.518,7.92],[-7.52,7.919],[-7.521,7.916],[-7.523,7.915],[-7.526,7.914],[-7.525,7.912],[-7.524,7.91],[-7.523,7.908],[-7.521,7.907],[-7.519,7.907],[-7.517,7.905],[-7.516,7.903],[-7.516,7.9],[-7.517,7.898],[-7.517,7.896],[-7.517,7.893],[-7.519,7.891],[-7.521,7.891],[-7.523,7.891],[-7.525,7.89],[-7.525,7.888],[-7.524,7.885],[-7.522,7.883],[-7.522,7.88],[-7.523,7.878],[-7.524,7.876],[-7.526,7.875],[-7.527,7.874],[-7.528,7.872],[-7.528,7.871],[-7.53,7.868],[-7.531,7.867],[-7.533,7.867],[-7.535,7.867],[-7.536,7.868],[-7.537,7.87],[-7.539,7.869],[-7.54,7.867],[-7.54,7.865],[-7.542,7.863],[-7.543,7.862],[-7.544,7.861],[-7.546,7.861],[-7.546,7.863],[-7.546,7.865],[-7.548,7.867],[-7.549,7.869],[-7.55,7.871],[-7.551,7.872],[-7.552,7.874],[-7.554,7.875],[-7.555,7.873],[-7.554,7.871],[-7.553,7.87],[-7.553,7.868],[-7.554,7.868],[-7.557,7.867],[-7.559,7.867],[-7.561,7.867],[-7.562,7.865],[-7.563,7.863],[-7.565,7.862],[-7.566,7.86],[-7.569,7.86],[-7.571,7.86],[-7.573,7.858],[-7.575,7.859],[-7.576,7.86],[-7.578,7.859],[-7.58,7.859],[-7.581,7.86],[-7.583,7.861],[-7.584,7.863],[-7.585,7.864],[-7.586,7.865],[-7.587,7.868],[-7.586,7.869],[-7.585,7.871],[-7.586,7.873],[-7.587,7.874],[-7.589,7.876],[-7.592,7.875],[-7.591,7.873],[-7.592,7.871],[-7.593,7.869],[-7.595,7.869],[-7.597,7.87],[-7.599,7.87],[-7.601,7.87],[-7.605,7.871],[-7.607,7.872],[-7.609,7.871],[-7.61,7.869],[-7.611,7.867],[-7.612,7.866],[-7.614,7.865],[-7.615,7.864],[-7.615,7.862],[-7.615,7.86],[-7.613,7.859],[-7.612,7.857],[-7.611,7.855],[-7.612,7.852],[-7.613,7.851],[-7.615,7.85],[-7.617,7.849],[-7.619,7.85],[-7.621,7.849],[-7.623,7.849],[-7.625,7.849],[-7.627,7.848],[-7.629,7.846],[-7.628,7.844],[-7.629,7.843],[-7.632,7.841],[-7.634,7.841],[-7.637,7.841],[-7.639,7.842],[-7.64,7.843],[-7.642,7.845],[-7.645,7.846],[-7.646,7.844],[-7.647,7.842],[-7.648,7.841],[-7.65,7.84],[-7.652,7.84],[-7.655,7.842],[-7.657,7.844],[-7.658,7.846],[-7.659,7.848],[-7.663,7.849],[-7.664,7.851],[-7.666,7.853],[-7.668,7.855],[-7.67,7.854],[-7.672,7.852],[-7.673,7.85],[-7.675,7.848],[-7.676,7.848],[-7.678,7.847],[-7.68,7.847],[-7.682,7.847],[-7.684,7.848],[-7.685,7.849],[-7.687,7.851],[-7.689,7.853],[-7.69,7.855],[-7.69,7.858],[-7.69,7.86],[-7.69,7.863],[-7.689,7.864],[-7.688,7.866],[-7.69,7.866],[-7.692,7.865],[-7.694,7.865],[-7.696,7.864],[-7.698,7.864],[-7.7,7.864],[-7.702,7.864],[-7.703,7.865],[-7.705,7.866],[-7.706,7.869],[-7.707,7.87],[-7.708,7.873],[-7.708,7.874],[-7.709,7.877],[-7.709,7.878],[-7.707,7.879],[-7.705,7.878],[-7.704,7.881],[-7.706,7.884],[-7.707,7.886],[-7.709,7.887],[-7.711,7.888],[-7.713,7.886],[-7.715,7.885],[-7.717,7.883],[-7.719,7.883],[-7.722,7.882],[-7.723,7.882],[-7.725,7.883],[-7.727,7.884],[-7.729,7.885],[-7.738,7.882],[-7.756,7.886],[-7.763,7.888],[-7.765,7.888],[-7.767,7.89],[-7.769,7.89],[-7.771,7.89],[-7.772,7.891],[-7.773,7.893],[-7.774,7.896],[-7.775,7.897],[-7.777,7.899],[-7.779,7.899],[-7.781,7.901],[-7.782,7.903],[-7.781,7.905],[-7.781,7.907],[-7.782,7.909],[-7.784,7.91],[-7.785,7.912],[-7.787,7.914],[-7.789,7.914],[-7.791,7.915],[-7.792,7.915],[-7.794,7.916],[-7.796,7.918],[-7.797,7.917],[-7.798,7.915],[-7.8,7.914],[-7.801,7.915],[-7.802,7.917],[-7.801,7.919],[-7.8,7.921],[-7.8,7.923],[-7.799,7.926],[-7.799,7.928],[-7.799,7.93],[-7.798,7.931],[-7.797,7.932],[-7.796,7.934],[-7.797,7.936],[-7.798,7.938],[-7.799,7.939],[-7.8,7.941],[-7.802,7.94],[-7.804,7.939],[-7.806,7.938],[-7.809,7.939],[-7.812,7.94],[-7.814,7.941],[-7.816,7.943],[-7.817,7.945],[-7.818,7.948],[-7.819,7.951],[-7.82,7.953],[-7.822,7.955],[-7.825,7.954],[-7.826,7.953],[-7.828,7.953],[-7.83,7.953],[-7.832,7.954],[-7.834,7.955],[-7.836,7.957],[-7.837,7.959],[-7.839,7.96],[-7.841,7.959],[-7.842,7.957],[-7.842,7.955],[-7.844,7.954],[-7.846,7.956],[-7.847,7.958],[-7.847,7.96],[-7.847,7.962],[-7.847,7.963],[-7.848,7.966],[-7.848,7.968],[-7.848,7.971],[-7.846,7.972],[-7.844,7.974],[-7.843,7.975],[-7.842,7.977],[-7.843,7.978],[-7.843,7.981],[-7.845,7.982],[-7.846,7.984],[-7.847,7.986],[-7.85,7.986],[-7.852,7.987],[-7.852,7.988],[-7.85,7.99],[-7.849,7.991],[-7.848,7.994],[-7.848,7.996],[-7.848,7.997],[-7.85,7.999],[-7.852,7.999],[-7.854,8.0],[-7.855,8.003],[-7.855,8.004],[-7.855,8.007],[-7.855,8.01],[-7.855,8.013],[-7.854,8.015],[-7.855,8.017],[-7.857,8.018],[-7.859,8.019],[-7.861,8.019],[-7.863,8.02],[-7.866,8.021],[-7.868,8.02],[-7.87,8.02],[-7.874,8.021],[-7.875,8.022],[-7.874,8.024],[-7.877,8.023],[-7.877,8.021],[-7.879,8.02],[-7.881,8.02],[-7.882,8.021],[-7.883,8.022],[-7.884,8.023],[-7.886,8.023],[-7.886,8.021],[-7.885,8.019],[-7.886,8.017],[-7.886,8.016],[-7.887,8.013],[-7.889,8.013],[-7.891,8.012],[-7.892,8.011],[-7.893,8.009],[-7.895,8.009],[-7.898,8.008],[-7.9,8.007],[-7.902,8.006],[-7.905,8.006],[-7.906,8.008],[-7.906,8.01],[-7.908,8.011],[-7.91,8.01],[-7.913,8.011],[-7.914,8.012],[-7.914,8.014],[-7.914,8.015],[-7.915,8.015],[-7.917,8.014],[-7.919,8.013],[-7.921,8.013],[-7.924,8.012],[-7.926,8.012],[-7.927,8.014],[-7.929,8.016],[-7.931,8.017],[-7.933,8.018],[-7.933,8.019],[-7.933,8.02],[-7.933,8.02],[-7.933,8.02],[-7.933,8.021],[-7.934,8.023],[-7.934,8.023],[-7.934,8.025],[-7.934,8.027],[-7.934,8.029],[-7.935,8.031],[-7.936,8.033],[-7.937,8.035],[-7.937,8.037],[-7.936,8.038],[-7.935,8.041],[-7.936,8.042],[-7.937,8.044],[-7.939,8.045],[-7.941,8.045],[-7.943,8.046],[-7.945,8.047],[-7.947,8.048],[-7.948,8.049],[-7.95,8.05],[-7.951,8.052],[-7.952,8.053],[-7.954,8.055],[-7.955,8.057],[-7.955,8.059],[-7.956,8.061],[-7.956,8.062],[-7.958,8.064],[-7.959,8.066],[-7.96,8.067],[-7.961,8.069],[-7.962,8.071],[-7.963,8.073],[-7.964,8.075],[-7.965,8.077],[-7.966,8.078],[-7.968,8.08],[-7.968,8.082],[-7.97,8.083],[-7.971,8.084],[-7.973,8.085],[-7.975,8.086],[-7.977,8.087],[-7.979,8.088],[-7.981,8.088],[-7.983,8.089],[-7.985,8.09],[-7.987,8.09],[-7.988,8.09],[-7.99,8.089],[-7.993,8.09],[-7.995,8.09],[-7.996,8.091],[-7.998,8.092],[-8.0,8.094],[-8.001,8.095],[-8.001,8.097],[-8.002,8.099],[-8.002,8.101],[-8.002,8.103],[-8.002,8.105],[-8.001,8.107],[-8.0,8.109],[-7.999,8.11],[-7.997,8.112],[-7.997,8.114],[-7.996,8.116],[-7.994,8.116],[-7.992,8.115],[-7.99,8.115],[-7.988,8.117],[-7.987,8.118],[-7.985,8.12],[-7.984,8.121],[-7.984,8.123],[-7.985,8.127],[-7.985,8.129],[-7.986,8.131],[-7.987,8.133],[-7.988,8.135],[-7.988,8.137],[-7.988,8.139],[-7.988,8.141],[-7.987,8.143],[-7.987,8.145],[-7.987,8.147],[-7.987,8.149],[-7.987,8.151],[-7.987,8.153],[-7.986,8.155],[-7.986,8.158],[-7.986,8.16],[-7.985,8.162],[-7.985,8.164],[-7.985,8.166],[-7.984,8.168],[-7.984,8.171],[-7.983,8.173],[-7.98,8.175],[-7.979,8.177],[-7.978,8.178],[-7.977,8.18],[-7.975,8.182],[-7.974,8.183],[-7.973,8.185],[-7.972,8.188],[-7.978,8.194],[-7.986,8.191],[-7.99,8.187],[-7.995,8.181],[-8.001,8.178],[-8.008,8.18],[-8.018,8.198],[-8.023,8.195],[-8.024,8.188],[-8.021,8.174],[-8.029,8.177],[-8.034,8.18],[-8.041,8.176],[-8.044,8.171],[-8.046,8.169],[-8.046,8.167],[-8.046,8.165],[-8.045,8.163],[-8.045,8.161],[-8.045,8.159],[-8.044,8.157],[-8.045,8.155],[-8.045,8.153],[-8.049,8.153],[-8.051,8.154],[-8.053,8.154],[-8.055,8.155],[-8.057,8.155],[-8.059,8.155],[-8.061,8.155],[-8.063,8.155],[-8.064,8.157],[-8.066,8.158],[-8.067,8.16],[-8.069,8.163],[-8.07,8.164],[-8.071,8.166],[-8.073,8.168],[-8.074,8.169],[-8.076,8.17],[-8.078,8.171],[-8.08,8.172],[-8.082,8.172],[-8.084,8.173],[-8.086,8.174],[-8.088,8.175],[-8.089,8.177],[-8.091,8.176],[-8.093,8.176],[-8.095,8.176],[-8.097,8.176],[-8.099,8.177],[-8.101,8.178],[-8.103,8.179],[-8.104,8.18],[-8.106,8.181],[-8.108,8.182],[-8.11,8.183],[-8.112,8.184],[-8.114,8.185],[-8.117,8.186],[-8.127,8.183],[-8.146,8.178],[-8.164,8.181],[-8.171,8.184],[-8.184,8.2],[-8.189,8.206],[-8.203,8.214],[-8.208,8.217],[-8.227,8.225],[-8.24,8.23],[-8.242,8.243],[-8.233,8.263],[-8.231,8.264],[-8.229,8.265],[-8.227,8.266],[-8.226,8.267],[-8.224,8.268],[-8.222,8.27],[-8.221,8.271],[-8.219,8.272],[-8.218,8.274],[-8.216,8.275],[-8.215,8.277],[-8.214,8.279],[-8.214,8.281],[-8.214,8.283],[-8.215,8.285],[-8.214,8.287],[-8.214,8.289],[-8.214,8.291],[-8.213,8.293],[-8.213,8.295],[-8.214,8.299],[-8.216,8.3],[-8.217,8.302],[-8.218,8.303],[-8.219,8.305],[-8.218,8.307],[-8.218,8.309],[-8.217,8.311],[-8.218,8.313],[-8.219,8.315],[-8.22,8.317],[-8.221,8.319],[-8.221,8.321],[-8.22,8.323],[-8.219,8.324],[-8.218,8.326],[-8.218,8.328],[-8.218,8.33],[-8.217,8.332],[-8.216,8.334],[-8.215,8.336],[-8.214,8.337],[-8.213,8.339],[-8.212,8.341],[-8.212,8.343],[-8.211,8.345],[-8.211,8.347],[-8.21,8.349],[-8.21,8.351],[-8.211,8.353],[-8.211,8.355],[-8.212,8.358],[-8.212,8.359],[-8.213,8.361],[-8.214,8.363],[-8.215,8.365],[-8.216,8.367],[-8.217,8.369],[-8.218,8.371],[-8.219,8.372],[-8.22,8.374],[-8.22,8.376],[-8.221,8.378],[-8.223,8.381],[-8.224,8.382],[-8.224,8.384],[-8.225,8.386],[-8.226,8.388],[-8.227,8.39],[-8.229,8.391],[-8.226,8.401],[-8.232,8.408],[-8.238,8.417],[-8.237,8.448],[-8.234,8.46],[-8.23,8.465],[-8.222,8.465],[-8.21,8.462],[-8.197,8.472],[-8.195,8.473],[-8.194,8.474],[-8.192,8.476],[-8.192,8.478],[-8.192,8.48],[-8.191,8.482],[-8.19,8.483],[-8.189,8.485],[-8.188,8.487],[-8.187,8.489],[-8.186,8.491],[-8.186,8.493],[-8.185,8.495],[-8.185,8.497],[-8.183,8.498],[-8.181,8.499],[-8.179,8.5],[-8.177,8.5],[-8.175,8.5],[-8.173,8.499],[-8.171,8.499],[-8.168,8.498],[-8.166,8.498],[-8.164,8.498],[-8.163,8.496],[-8.162,8.494],[-8.161,8.493],[-8.159,8.491],[-8.157,8.491],[-8.155,8.49],[-8.153,8.49],[-8.151,8.491],[-8.149,8.491],[-8.147,8.491],[-8.145,8.491],[-8.144,8.489],[-8.144,8.487],[-8.144,8.485],[-8.143,8.483],[-8.143,8.481],[-8.141,8.479],[-8.137,8.48],[-8.135,8.481],[-8.134,8.483],[-8.133,8.484],[-8.131,8.486],[-8.13,8.487],[-8.128,8.488],[-8.126,8.488],[-8.124,8.487],[-8.123,8.485],[-8.122,8.483],[-8.121,8.481],[-8.119,8.48],[-8.117,8.48],[-8.115,8.48],[-8.113,8.48],[-8.11,8.482],[-8.108,8.483],[-8.106,8.483],[-8.104,8.482],[-8.103,8.48],[-8.102,8.479],[-8.101,8.477],[-8.099,8.478],[-8.097,8.479],[-8.096,8.48],[-8.094,8.481],[-8.092,8.481],[-8.09,8.481],[-8.088,8.483],[-8.088,8.485],[-8.087,8.487],[-8.086,8.489],[-8.084,8.49],[-8.082,8.491],[-8.08,8.492],[-8.079,8.493],[-8.078,8.495],[-8.076,8.496],[-8.074,8.497],[-8.072,8.497],[-8.07,8.497],[-8.068,8.496],[-8.066,8.496],[-8.064,8.497],[-8.062,8.498],[-8.061,8.499],[-8.059,8.501],[-8.058,8.502],[-8.056,8.503],[-8.054,8.504],[-8.052,8.504],[-8.049,8.502],[-8.047,8.501],[-8.045,8.501],[-8.043,8.5],[-8.042,8.499],[-8.04,8.497],[-8.039,8.496],[-8.037,8.495],[-8.035,8.494],[-8.033,8.494],[-8.031,8.493],[-8.029,8.493],[-8.027,8.492],[-8.025,8.492],[-8.023,8.492],[-8.021,8.492],[-8.019,8.491],[-8.017,8.491],[-8.014,8.492],[-8.013,8.492],[-8.011,8.492],[-8.008,8.489],[-8.006,8.489],[-8.004,8.488],[-8.002,8.487],[-8.0,8.486],[-7.998,8.486],[-7.996,8.487],[-7.994,8.488],[-7.993,8.489],[-7.991,8.489],[-7.989,8.489],[-7.986,8.488],[-7.985,8.487],[-7.983,8.487],[-7.981,8.486],[-7.979,8.485],[-7.977,8.485],[-7.975,8.484],[-7.972,8.484],[-7.97,8.485],[-7.969,8.487],[-7.969,8.489],[-7.968,8.491],[-7.968,8.493],[-7.966,8.494],[-7.965,8.495],[-7.962,8.496],[-7.96,8.496],[-7.958,8.496],[-7.956,8.497],[-7.954,8.497],[-7.952,8.497],[-7.949,8.496],[-7.946,8.495],[-7.944,8.495],[-7.942,8.495],[-7.94,8.495],[-7.938,8.495],[-7.936,8.495],[-7.934,8.496],[-7.933,8.497],[-7.93,8.499],[-7.929,8.501],[-7.927,8.502],[-7.925,8.502],[-7.923,8.502],[-7.922,8.5],[-7.921,8.498],[-7.921,8.496],[-7.919,8.494],[-7.918,8.493],[-7.916,8.492],[-7.914,8.491],[-7.912,8.49],[-7.911,8.49],[-7.909,8.489],[-7.907,8.487],[-7.906,8.486],[-7.906,8.484],[-7.907,8.482],[-7.907,8.48],[-7.906,8.478],[-7.904,8.477],[-7.903,8.475],[-7.902,8.473],[-7.901,8.471],[-7.9,8.47],[-7.899,8.468],[-7.898,8.466],[-7.898,8.464],[-7.899,8.462],[-7.901,8.461],[-7.902,8.46],[-7.904,8.46],[-7.906,8.459],[-7.908,8.458],[-7.908,8.456],[-7.909,8.454],[-7.91,8.452],[-7.911,8.45],[-7.911,8.448],[-7.91,8.446],[-7.906,8.447],[-7.904,8.448],[-7.902,8.448],[-7.899,8.447],[-7.899,8.445],[-7.899,8.443],[-7.9,8.441],[-7.901,8.439],[-7.901,8.437],[-7.901,8.435],[-7.9,8.434],[-7.898,8.433],[-7.896,8.434],[-7.894,8.435],[-7.892,8.436],[-7.89,8.435],[-7.888,8.434],[-7.887,8.432],[-7.885,8.431],[-7.883,8.431],[-7.881,8.432],[-7.879,8.432],[-7.877,8.432],[-7.876,8.431],[-7.873,8.429],[-7.872,8.427],[-7.872,8.425],[-7.873,8.423],[-7.873,8.421],[-7.872,8.419],[-7.871,8.418],[-7.869,8.417],[-7.867,8.418],[-7.864,8.417],[-7.862,8.419],[-7.86,8.419],[-7.858,8.419],[-7.856,8.42],[-7.853,8.42],[-7.851,8.42],[-7.849,8.42],[-7.847,8.421],[-7.845,8.421],[-7.843,8.421],[-7.84,8.422],[-7.838,8.422],[-7.836,8.421],[-7.834,8.421],[-7.831,8.421],[-7.829,8.421],[-7.828,8.423],[-7.826,8.424],[-7.826,8.426],[-7.825,8.428],[-7.824,8.43],[-7.823,8.431],[-7.821,8.433],[-7.82,8.434],[-7.819,8.436],[-7.819,8.438],[-7.819,8.44],[-7.82,8.442],[-7.821,8.444],[-7.821,8.446],[-7.821,8.448],[-7.821,8.45],[-7.821,8.452],[-7.822,8.455],[-7.822,8.457],[-7.822,8.459],[-7.823,8.461],[-7.824,8.462],[-7.825,8.464],[-7.826,8.466],[-7.826,8.468],[-7.826,8.47],[-7.825,8.472],[-7.823,8.472],[-7.821,8.473],[-7.819,8.474],[-7.819,8.476],[-7.82,8.477],[-7.821,8.479],[-7.82,8.481],[-7.82,8.483],[-7.819,8.485],[-7.818,8.487],[-7.815,8.489],[-7.813,8.488],[-7.811,8.487],[-7.809,8.486],[-7.808,8.484],[-7.807,8.483],[-7.806,8.481],[-7.805,8.479],[-7.804,8.477],[-7.802,8.477],[-7.8,8.478],[-7.798,8.478],[-7.796,8.479],[-7.794,8.48],[-7.792,8.48],[-7.79,8.48],[-7.789,8.478],[-7.789,8.476],[-7.788,8.474],[-7.787,8.473],[-7.785,8.471],[-7.784,8.471],[-7.782,8.47],[-7.78,8.468],[-7.778,8.468],[-7.776,8.468],[-7.775,8.466],[-7.774,8.464],[-7.774,8.462],[-7.773,8.46],[-7.772,8.458],[-7.771,8.456],[-7.77,8.454],[-7.769,8.453],[-7.768,8.451],[-7.767,8.449],[-7.767,8.447],[-7.766,8.445],[-7.765,8.443],[-7.765,8.441],[-7.765,8.439],[-7.765,8.437],[-7.764,8.435],[-7.763,8.433],[-7.761,8.43],[-7.759,8.429],[-7.758,8.427],[-7.757,8.425],[-7.756,8.423],[-7.756,8.421],[-7.756,8.419],[-7.756,8.417],[-7.755,8.415],[-7.754,8.414],[-7.753,8.412],[-7.752,8.41],[-7.751,8.409],[-7.749,8.407],[-7.748,8.405],[-7.747,8.403],[-7.746,8.402],[-7.745,8.4],[-7.746,8.398],[-7.746,8.396],[-7.746,8.394],[-7.745,8.391],[-7.744,8.39],[-7.743,8.388],[-7.741,8.387],[-7.74,8.385],[-7.739,8.383],[-7.738,8.381],[-7.738,8.379],[-7.737,8.377],[-7.736,8.376],[-7.734,8.374],[-7.732,8.373],[-7.73,8.372],[-7.728,8.372],[-7.726,8.372],[-7.724,8.372],[-7.722,8.372],[-7.72,8.373],[-7.719,8.374],[-7.717,8.374],[-7.715,8.375],[-7.713,8.376],[-7.709,8.375],[-7.708,8.374],[-7.706,8.374],[-7.703,8.374],[-7.701,8.374],[-7.699,8.373],[-7.697,8.373],[-7.695,8.373],[-7.693,8.373],[-7.691,8.373],[-7.689,8.372],[-7.688,8.371],[-7.686,8.37],[-7.683,8.37],[-7.681,8.371],[-7.68,8.373],[-7.678,8.374],[-7.676,8.375],[-7.674,8.374],[-7.673,8.373],[-7.671,8.372],[-7.668,8.37],[-7.666,8.37],[-7.664,8.371],[-7.662,8.371],[-7.661,8.373],[-7.66,8.375],[-7.659,8.376],[-7.657,8.376],[-7.655,8.375],[-7.653,8.374],[-7.652,8.372],[-7.652,8.37],[-7.651,8.368],[-7.649,8.367],[-7.646,8.368],[-7.644,8.369],[-7.643,8.37],[-7.641,8.372],[-7.639,8.371],[-7.638,8.37],[-7.634,8.371],[-7.632,8.37],[-7.63,8.371],[-7.628,8.372],[-7.628,8.375],[-7.63,8.376],[-7.631,8.377],[-7.633,8.378],[-7.635,8.379],[-7.637,8.38],[-7.638,8.382],[-7.639,8.383],[-7.64,8.385],[-7.641,8.387],[-7.641,8.389],[-7.641,8.391],[-7.642,8.393],[-7.643,8.395],[-7.644,8.397],[-7.645,8.398],[-7.647,8.4],[-7.649,8.402],[-7.651,8.403],[-7.653,8.404],[-7.654,8.405],[-7.656,8.407],[-7.656,8.408],[-7.657,8.41],[-7.657,8.411],[-7.658,8.412],[-7.658,8.414],[-7.659,8.416],[-7.661,8.417],[-7.662,8.418],[-7.665,8.421],[-7.667,8.422],[-7.667,8.424],[-7.668,8.426],[-7.667,8.428],[-7.667,8.43],[-7.667,8.433],[-7.666,8.434],[-7.665,8.436],[-7.664,8.438],[-7.662,8.44],[-7.662,8.442],[-7.663,8.443],[-7.664,8.445],[-7.665,8.447],[-7.665,8.449],[-7.666,8.451],[-7.666,8.453],[-7.666,8.455],[-7.666,8.457],[-7.666,8.459],[-7.663,8.462],[-7.662,8.463],[-7.66,8.465],[-7.659,8.466],[-7.657,8.468],[-7.656,8.469],[-7.655,8.471],[-7.654,8.473],[-7.654,8.475],[-7.655,8.477],[-7.655,8.479],[-7.655,8.481],[-7.655,8.483],[-7.655,8.485],[-7.654,8.487],[-7.653,8.489],[-7.652,8.491],[-7.652,8.493],[-7.653,8.495],[-7.653,8.497],[-7.654,8.499],[-7.655,8.501],[-7.68,8.535],[-7.69,8.552],[-7.69,8.559],[-7.69,8.566],[-7.68,8.585],[-7.667,8.602],[-7.662,8.609],[-7.66,8.615],[-7.668,8.628],[-7.677,8.639],[-7.686,8.65],[-7.693,8.65],[-7.7,8.651],[-7.707,8.652],[-7.714,8.656],[-7.717,8.662],[-7.721,8.667],[-7.728,8.675],[-7.732,8.68],[-7.736,8.684],[-7.736,8.697],[-7.733,8.708],[-7.734,8.71],[-7.734,8.713],[-7.734,8.714],[-7.736,8.718],[-7.736,8.72],[-7.736,8.722],[-7.735,8.726],[-7.741,8.726],[-7.745,8.725],[-7.745,8.725],[-7.75,8.725],[-7.756,8.724],[-7.764,8.725],[-7.772,8.727],[-7.781,8.731],[-7.781,8.734],[-7.776,8.742],[-7.772,8.749],[-7.771,8.751],[-7.767,8.756],[-7.767,8.758],[-7.767,8.76],[-7.767,8.762],[-7.767,8.764],[-7.768,8.766],[-7.77,8.767],[-7.772,8.767],[-7.774,8.767],[-7.776,8.767],[-7.778,8.766],[-7.779,8.764],[-7.781,8.763],[-7.782,8.762],[-7.784,8.76],[-7.786,8.76],[-7.788,8.761],[-7.79,8.762],[-7.791,8.763],[-7.793,8.763],[-7.796,8.763],[-7.798,8.762],[-7.8,8.762],[-7.802,8.762],[-7.804,8.762],[-7.806,8.761],[-7.807,8.76],[-7.809,8.759],[-7.81,8.757],[-7.812,8.756],[-7.814,8.755],[-7.816,8.755],[-7.818,8.754],[-7.819,8.753],[-7.821,8.754],[-7.822,8.756],[-7.823,8.758],[-7.824,8.76],[-7.824,8.762],[-7.825,8.763],[-7.826,8.765],[-7.828,8.767],[-7.83,8.768],[-7.832,8.769],[-7.834,8.769],[-7.836,8.77],[-7.838,8.77],[-7.84,8.771],[-7.842,8.771],[-7.844,8.77],[-7.846,8.769],[-7.848,8.769],[-7.85,8.77],[-7.852,8.771],[-7.853,8.772],[-7.854,8.774],[-7.855,8.776],[-7.856,8.778],[-7.857,8.78],[-7.857,8.782],[-7.858,8.784],[-7.859,8.786],[-7.862,8.786],[-7.864,8.786],[-7.866,8.786],[-7.868,8.787],[-7.87,8.786],[-7.872,8.786],[-7.874,8.786],[-7.876,8.786],[-7.879,8.785],[-7.88,8.785],[-7.882,8.784],[-7.884,8.783],[-7.886,8.782],[-7.887,8.781],[-7.888,8.779],[-7.889,8.777],[-7.889,8.775],[-7.891,8.773],[-7.892,8.772],[-7.894,8.772],[-7.897,8.772],[-7.899,8.772],[-7.901,8.771],[-7.903,8.771],[-7.905,8.77],[-7.907,8.77],[-7.909,8.769],[-7.911,8.769],[-7.913,8.769],[-7.916,8.769],[-7.918,8.769],[-7.92,8.77],[-7.921,8.771],[-7.922,8.773],[-7.923,8.775],[-7.925,8.777],[-7.926,8.778],[-7.927,8.78],[-7.928,8.782],[-7.929,8.783],[-7.931,8.784],[-7.933,8.785],[-7.935,8.785],[-7.939,8.785],[-7.94,8.787],[-7.941,8.789],[-7.941,8.791],[-7.94,8.793],[-7.94,8.794],[-7.939,8.796],[-7.939,8.799],[-7.94,8.801],[-7.941,8.802],[-7.942,8.804],[-7.943,8.806],[-7.944,8.808],[-7.945,8.809],[-7.946,8.811],[-7.948,8.813],[-7.949,8.814],[-7.951,8.815],[-7.952,8.817],[-7.953,8.818],[-7.954,8.82],[-7.954,8.822],[-7.954,8.825],[-7.956,8.843],[-7.954,8.848],[-7.944,8.846],[-7.936,8.846],[-7.934,8.854],[-7.932,8.868],[-7.931,8.873],[-7.926,8.875],[-7.913,8.882],[-7.911,8.889],[-7.921,8.897],[-7.925,8.903],[-7.933,8.905],[-7.937,8.907],[-7.926,8.922],[-7.918,8.929],[-7.917,8.934],[-7.923,8.941],[-7.927,8.943],[-7.923,8.956],[-7.933,8.973],[-7.933,8.979],[-7.926,8.985],[-7.916,8.992],[-7.895,9.01],[-7.887,9.029],[-7.872,9.029],[-7.858,9.03],[-7.852,9.035],[-7.845,9.045],[-7.843,9.052],[-7.841,9.064],[-7.836,9.07],[-7.826,9.059],[-7.822,9.056],[-7.818,9.057],[-7.816,9.057],[-7.814,9.058],[-7.812,9.058],[-7.81,9.059],[-7.809,9.061],[-7.808,9.062],[-7.806,9.064],[-7.805,9.066],[-7.803,9.067],[-7.802,9.068],[-7.8,9.069],[-7.798,9.07],[-7.796,9.07],[-7.794,9.07],[-7.792,9.07],[-7.79,9.071],[-7.788,9.071],[-7.786,9.071],[-7.784,9.07],[-7.781,9.07],[-7.779,9.07],[-7.777,9.07],[-7.775,9.07],[-7.773,9.07],[-7.771,9.07],[-7.769,9.07],[-7.767,9.07],[-7.764,9.071],[-7.762,9.07],[-7.76,9.07],[-7.758,9.069],[-7.758,9.069],[-7.756,9.068],[-7.754,9.067],[-7.752,9.067],[-7.75,9.066],[-7.748,9.066],[-7.746,9.066],[-7.744,9.065],[-7.742,9.064],[-7.74,9.064],[-7.738,9.063],[-7.736,9.062],[-7.734,9.062],[-7.731,9.062],[-7.729,9.062],[-7.727,9.063],[-7.726,9.064],[-7.724,9.065],[-7.723,9.067],[-7.721,9.068],[-7.719,9.07],[-7.717,9.069],[-7.715,9.069],[-7.713,9.068],[-7.711,9.067],[-7.709,9.066],[-7.707,9.064],[-7.705,9.062],[-7.702,9.061],[-7.7,9.059],[-7.698,9.058],[-7.696,9.057],[-7.694,9.054],[-7.693,9.052],[-7.692,9.049],[-7.691,9.047],[-7.689,9.045],[-7.688,9.043],[-7.686,9.041],[-7.685,9.039],[-7.686,9.037],[-7.687,9.035],[-7.687,9.032],[-7.687,9.029],[-7.687,9.027],[-7.686,9.024],[-7.685,9.021],[-7.684,9.019],[-7.684,9.016],[-7.684,9.013],[-7.682,9.011],[-7.681,9.008],[-7.68,9.006],[-7.68,9.003],[-7.68,9.001],[-7.68,8.999],[-7.68,8.997],[-7.68,8.994],[-7.68,8.992],[-7.68,8.99],[-7.681,8.987],[-7.681,8.985],[-7.681,8.983],[-7.681,8.98],[-7.68,8.977],[-7.68,8.975],[-7.679,8.973],[-7.678,8.971],[-7.677,8.969],[-7.675,8.967],[-7.673,8.966],[-7.671,8.966],[-7.668,8.965],[-7.666,8.965],[-7.663,8.964],[-7.661,8.962],[-7.659,8.962],[-7.657,8.961],[-7.655,8.962],[-7.653,8.963],[-7.65,8.965],[-7.649,8.966],[-7.647,8.967],[-7.645,8.968],[-7.642,8.968],[-7.641,8.966],[-7.64,8.964],[-7.639,8.962],[-7.638,8.96],[-7.636,8.96],[-7.635,8.959],[-7.633,8.959],[-7.63,8.957],[-7.627,8.956],[-7.625,8.955],[-7.624,8.955],[-7.62,8.954],[-7.618,8.954],[-7.616,8.953],[-7.614,8.953],[-7.612,8.953],[-7.611,8.951],[-7.609,8.949],[-7.606,8.948],[-7.604,8.948],[-7.603,8.946],[-7.601,8.944],[-7.6,8.942],[-7.597,8.942],[-7.595,8.941],[-7.594,8.939],[-7.592,8.937],[-7.59,8.936],[-7.587,8.934],[-7.585,8.933],[-7.584,8.932],[-7.583,8.93],[-7.581,8.931],[-7.579,8.931],[-7.576,8.931],[-7.574,8.93],[-7.572,8.929],[-7.57,8.928],[-7.569,8.927],[-7.571,8.925],[-7.571,8.922],[-7.57,8.92],[-7.57,8.917],[-7.569,8.915],[-7.567,8.914],[-7.564,8.913],[-7.562,8.913],[-7.561,8.911],[-7.559,8.91],[-7.558,8.908],[-7.558,8.906],[-7.558,8.904],[-7.56,8.903],[-7.562,8.901],[-7.564,8.9],[-7.562,8.899],[-7.56,8.897],[-7.56,8.895],[-7.558,8.895],[-7.556,8.893],[-7.554,8.891],[-7.552,8.889],[-7.55,8.887],[-7.549,8.886],[-7.547,8.884],[-7.545,8.882],[-7.545,8.88],[-7.545,8.877],[-7.547,8.875],[-7.546,8.873],[-7.546,8.87],[-7.548,8.869],[-7.548,8.867],[-7.547,8.864],[-7.546,8.862],[-7.546,8.859],[-7.546,8.857],[-7.542,8.852],[-7.539,8.85],[-7.537,8.85],[-7.535,8.849],[-7.534,8.847],[-7.535,8.846],[-7.533,8.844],[-7.531,8.843],[-7.527,8.841],[-7.525,8.841],[-7.523,8.841],[-7.521,8.839],[-7.519,8.838],[-7.517,8.838],[-7.514,8.837],[-7.513,8.836],[-7.511,8.834],[-7.511,8.836],[-7.51,8.838],[-7.507,8.837],[-7.505,8.835],[-7.504,8.834],[-7.501,8.832],[-7.499,8.83],[-7.498,8.829],[-7.496,8.826],[-7.491,8.823],[-7.484,8.816],[-7.481,8.813],[-7.479,8.811],[-7.475,8.807],[-7.473,8.806],[-7.47,8.804],[-7.469,8.803],[-7.465,8.797],[-7.462,8.794],[-7.461,8.793],[-7.459,8.791],[-7.458,8.789],[-7.456,8.787],[-7.453,8.782],[-7.452,8.78],[-7.45,8.779],[-7.448,8.777],[-7.446,8.776],[-7.444,8.775],[-7.443,8.773],[-7.44,8.772],[-7.438,8.771],[-7.436,8.769],[-7.434,8.767],[-7.432,8.766],[-7.427,8.764],[-7.426,8.762],[-7.423,8.759],[-7.422,8.758],[-7.421,8.756],[-7.418,8.757],[-7.418,8.76],[-7.417,8.76],[-7.414,8.76],[-7.412,8.76],[-7.408,8.759],[-7.407,8.758],[-7.404,8.758],[-7.401,8.758],[-7.399,8.757],[-7.397,8.755],[-7.395,8.753],[-7.395,8.751],[-7.398,8.749],[-7.4,8.748],[-7.403,8.747],[-7.404,8.745],[-7.403,8.742],[-7.402,8.74],[-7.401,8.738],[-7.399,8.739],[-7.397,8.741],[-7.393,8.741],[-7.391,8.741],[-7.388,8.741],[-7.387,8.738],[-7.386,8.736],[-7.386,8.733],[-7.382,8.733],[-7.381,8.731],[-7.381,8.73],[-7.381,8.727],[-7.38,8.725],[-7.378,8.723],[-7.376,8.721],[-7.374,8.719],[-7.374,8.717],[-7.373,8.715],[-7.371,8.716],[-7.37,8.713],[-7.368,8.711],[-7.367,8.709],[-7.365,8.709],[-7.365,8.707],[-7.366,8.705],[-7.368,8.704],[-7.37,8.702],[-7.369,8.699],[-7.368,8.697],[-7.366,8.696],[-7.364,8.694],[-7.363,8.692],[-7.365,8.69],[-7.367,8.691],[-7.367,8.688],[-7.366,8.686],[-7.365,8.683],[-7.363,8.683],[-7.361,8.681],[-7.36,8.68],[-7.358,8.68],[-7.355,8.681],[-7.353,8.681],[-7.351,8.68],[-7.349,8.68],[-7.349,8.683],[-7.348,8.685],[-7.347,8.687],[-7.345,8.687],[-7.343,8.685],[-7.342,8.683],[-7.341,8.68],[-7.34,8.678],[-7.337,8.677],[-7.333,8.677],[-7.33,8.676],[-7.328,8.677],[-7.325,8.677],[-7.322,8.676],[-7.322,8.675],[-7.32,8.676],[-7.319,8.677],[-7.317,8.678],[-7.314,8.678],[-7.312,8.677],[-7.309,8.679],[-7.308,8.682],[-7.306,8.681],[-7.304,8.679],[-7.302,8.679],[-7.3,8.678],[-7.298,8.677],[-7.296,8.675],[-7.293,8.675],[-7.291,8.674],[-7.289,8.674],[-7.287,8.673],[-7.285,8.672],[-7.281,8.671],[-7.28,8.671],[-7.278,8.669],[-7.277,8.668],[-7.276,8.666],[-7.275,8.664],[-7.272,8.663],[-7.269,8.661],[-7.268,8.659],[-7.267,8.656],[-7.266,8.654],[-7.264,8.652],[-7.261,8.652],[-7.26,8.651],[-7.258,8.65],[-7.256,8.648],[-7.255,8.646],[-7.254,8.643],[-7.252,8.641],[-7.251,8.638],[-7.249,8.636],[-7.249,8.633],[-7.246,8.631],[-7.244,8.63],[-7.241,8.629],[-7.239,8.627],[-7.237,8.624],[-7.237,8.622],[-7.237,8.618],[-7.236,8.617],[-7.234,8.616],[-7.232,8.614],[-7.232,8.612],[-7.234,8.609],[-7.237,8.608],[-7.235,8.605],[-7.235,8.602],[-7.235,8.599],[-7.235,8.597],[-7.236,8.594],[-7.233,8.593],[-7.231,8.591],[-7.23,8.587],[-7.229,8.583],[-7.229,8.582],[-7.228,8.58],[-7.225,8.578],[-7.223,8.577],[-7.221,8.576],[-7.219,8.573],[-7.219,8.571],[-7.218,8.569],[-7.218,8.565],[-7.219,8.563],[-7.22,8.561],[-7.223,8.56],[-7.225,8.558],[-7.225,8.555],[-7.224,8.553],[-7.223,8.552],[-7.221,8.551],[-7.218,8.549],[-7.216,8.549],[-7.215,8.547],[-7.214,8.545],[-7.214,8.543],[-7.214,8.541],[-7.214,8.538],[-7.214,8.535],[-7.213,8.533],[-7.212,8.532],[-7.21,8.527],[-7.209,8.526],[-7.208,8.523],[-7.205,8.52],[-7.204,8.518],[-7.202,8.517],[-7.199,8.515],[-7.197,8.515],[-7.194,8.514],[-7.192,8.514],[-7.19,8.513],[-7.188,8.513],[-7.187,8.512],[-7.184,8.512],[-7.182,8.512],[-7.179,8.512],[-7.183,8.516],[-7.185,8.52],[-7.181,8.522],[-7.178,8.526],[-7.178,8.53],[-7.186,8.536],[-7.184,8.537],[-7.18,8.543],[-7.183,8.546],[-7.188,8.55],[-7.191,8.555],[-7.2,8.56],[-7.201,8.561],[-7.202,8.562],[-7.203,8.564],[-7.203,8.566],[-7.203,8.567],[-7.205,8.569],[-7.206,8.571],[-7.207,8.573],[-7.205,8.574],[-7.203,8.576],[-7.202,8.578],[-7.201,8.58],[-7.199,8.582],[-7.198,8.584],[-7.197,8.585],[-7.197,8.587],[-7.197,8.589],[-7.197,8.59],[-7.198,8.593],[-7.199,8.594],[-7.202,8.593],[-7.205,8.592],[-7.207,8.591],[-7.207,8.589],[-7.206,8.588],[-7.205,8.587],[-7.206,8.587],[-7.209,8.588],[-7.21,8.591],[-7.212,8.592],[-7.214,8.593],[-7.215,8.593],[-7.215,8.595],[-7.213,8.595],[-7.209,8.595],[-7.207,8.594],[-7.206,8.594],[-7.204,8.595],[-7.203,8.595],[-7.202,8.597],[-7.202,8.599],[-7.202,8.602],[-7.203,8.603],[-7.203,8.606],[-7.204,8.609],[-7.203,8.612],[-7.203,8.614],[-7.205,8.617],[-7.206,8.618],[-7.206,8.621],[-7.206,8.623],[-7.207,8.624],[-7.215,8.623],[-7.216,8.62],[-7.217,8.618],[-7.218,8.62],[-7.219,8.622],[-7.219,8.623],[-7.218,8.626],[-7.217,8.627],[-7.216,8.627],[-7.214,8.629],[-7.213,8.63],[-7.213,8.632],[-7.214,8.636],[-7.213,8.638],[-7.211,8.64],[-7.209,8.642],[-7.208,8.645],[-7.208,8.647],[-7.209,8.648],[-7.21,8.651],[-7.212,8.653],[-7.214,8.653],[-7.216,8.654],[-7.216,8.656],[-7.214,8.658],[-7.213,8.659],[-7.212,8.662],[-7.211,8.663],[-7.211,8.665],[-7.21,8.666],[-7.209,8.669],[-7.212,8.68],[-7.214,8.682],[-7.214,8.683],[-7.214,8.686],[-7.213,8.688],[-7.211,8.688],[-7.209,8.688],[-7.207,8.689],[-7.206,8.693],[-7.204,8.693],[-7.203,8.696],[-7.204,8.699],[-7.203,8.7],[-7.203,8.702],[-7.202,8.704],[-7.2,8.705],[-7.2,8.707],[-7.2,8.709],[-7.2,8.712],[-7.2,8.714],[-7.202,8.714],[-7.203,8.716],[-7.203,8.717],[-7.204,8.72],[-7.204,8.722],[-7.204,8.723],[-7.204,8.725],[-7.204,8.727],[-7.204,8.73],[-7.205,8.732],[-7.204,8.734],[-7.201,8.734],[-7.199,8.733],[-7.198,8.734],[-7.198,8.736],[-7.194,8.737],[-7.192,8.739],[-7.194,8.742],[-7.198,8.745],[-7.198,8.748],[-7.199,8.75],[-7.201,8.752],[-7.202,8.753],[-7.202,8.755],[-7.203,8.756],[-7.203,8.758],[-7.202,8.76],[-7.202,8.763],[-7.202,8.765],[-7.201,8.766],[-7.199,8.766],[-7.197,8.767],[-7.198,8.769],[-7.196,8.769],[-7.195,8.771],[-7.193,8.771],[-7.191,8.772],[-7.19,8.773],[-7.189,8.774],[-7.188,8.776],[-7.187,8.777],[-7.186,8.779],[-7.185,8.78],[-7.187,8.782],[-7.189,8.782],[-7.192,8.783],[-7.193,8.782],[-7.196,8.782],[-7.197,8.784],[-7.197,8.785],[-7.2,8.788],[-7.202,8.79],[-7.203,8.792],[-7.202,8.795],[-7.201,8.797],[-7.198,8.799],[-7.197,8.8],[-7.195,8.801],[-7.193,8.803],[-7.19,8.806],[-7.192,8.805],[-7.194,8.807],[-7.197,8.807],[-7.198,8.809],[-7.199,8.811],[-7.199,8.813],[-7.199,8.815],[-7.2,8.817],[-7.2,8.818],[-7.201,8.821],[-7.203,8.821],[-7.205,8.823],[-7.205,8.824],[-7.208,8.824],[-7.21,8.825],[-7.21,8.827],[-7.208,8.828],[-7.207,8.828],[-7.205,8.829],[-7.202,8.83],[-7.201,8.83],[-7.199,8.831],[-7.197,8.833],[-7.196,8.835],[-7.195,8.837],[-7.195,8.838],[-7.195,8.842],[-7.195,8.844],[-7.196,8.845],[-7.198,8.846],[-7.2,8.846],[-7.202,8.846],[-7.204,8.845],[-7.206,8.844],[-7.209,8.844],[-7.21,8.847],[-7.21,8.848],[-7.21,8.851],[-7.211,8.853],[-7.211,8.855],[-7.21,8.857],[-7.209,8.86],[-7.209,8.864],[-7.209,8.865],[-7.209,8.867],[-7.21,8.869],[-7.212,8.87],[-7.215,8.87],[-7.216,8.871],[-7.219,8.872],[-7.221,8.873],[-7.223,8.875],[-7.224,8.877],[-7.223,8.88],[-7.222,8.882],[-7.221,8.883],[-7.219,8.885],[-7.218,8.884],[-7.217,8.881],[-7.217,8.879],[-7.216,8.878],[-7.214,8.879],[-7.213,8.881],[-7.213,8.883],[-7.213,8.885],[-7.213,8.888],[-7.214,8.889],[-7.215,8.891],[-7.216,8.892],[-7.218,8.894],[-7.218,8.896],[-7.218,8.897],[-7.217,8.899],[-7.216,8.901],[-7.216,8.902],[-7.215,8.904],[-7.215,8.906],[-7.214,8.908],[-7.214,8.91],[-7.214,8.912],[-7.212,8.914],[-7.212,8.916],[-7.212,8.919],[-7.212,8.92],[-7.214,8.922],[-7.215,8.923],[-7.216,8.924],[-7.217,8.924],[-7.22,8.925],[-7.222,8.925],[-7.224,8.927],[-7.225,8.928],[-7.227,8.93],[-7.227,8.932],[-7.228,8.933],[-7.228,8.935],[-7.228,8.936],[-7.228,8.939],[-7.228,8.941],[-7.228,8.943],[-7.227,8.946],[-7.227,8.947],[-7.227,8.949],[-7.226,8.95],[-7.225,8.952],[-7.225,8.954],[-7.223,8.955],[-7.221,8.957],[-7.219,8.957],[-7.218,8.957],[-7.215,8.957],[-7.214,8.956],[-7.212,8.955],[-7.21,8.954],[-7.209,8.955],[-7.207,8.956],[-7.205,8.956],[-7.203,8.956],[-7.201,8.956],[-7.199,8.956],[-7.197,8.955],[-7.196,8.955],[-7.193,8.954],[-7.19,8.953],[-7.188,8.953],[-7.185,8.953],[-7.183,8.953],[-7.18,8.953],[-7.179,8.953],[-7.177,8.954],[-7.176,8.956],[-7.174,8.958],[-7.175,8.961],[-7.174,8.963],[-7.175,8.966],[-7.175,8.969],[-7.173,8.971],[-7.173,8.972],[-7.172,8.974],[-7.172,8.976],[-7.172,8.978],[-7.172,8.98],[-7.172,8.982],[-7.171,8.984],[-7.171,8.985],[-7.171,8.987],[-7.17,8.988],[-7.17,8.99],[-7.17,8.991],[-7.17,8.993],[-7.169,8.993],[-7.167,8.994],[-7.166,8.994],[-7.164,8.995],[-7.163,8.995],[-7.161,8.995],[-7.16,8.996],[-7.159,8.997],[-7.158,8.998],[-7.157,9.0],[-7.156,9.001],[-7.155,9.002],[-7.154,9.003],[-7.153,9.004],[-7.151,9.004],[-7.15,9.002],[-7.15,9.0],[-7.15,8.999],[-7.148,8.999],[-7.147,8.999],[-7.145,9.001],[-7.144,9.002],[-7.144,9.004],[-7.143,9.006],[-7.143,9.007],[-7.142,9.008],[-7.141,9.009],[-7.14,9.01],[-7.139,9.011],[-7.138,9.013],[-7.137,9.014],[-7.136,9.016],[-7.135,9.017],[-7.134,9.019],[-7.132,9.021],[-7.13,9.022],[-7.129,9.023],[-7.127,9.025],[-7.126,9.026],[-7.125,9.028],[-7.125,9.029],[-7.124,9.031],[-7.123,9.032],[-7.122,9.034],[-7.122,9.035],[-7.12,9.036],[-7.119,9.037],[-7.118,9.038],[-7.116,9.04],[-7.115,9.042],[-7.114,9.043],[-7.113,9.044],[-7.112,9.045],[-7.111,9.046],[-7.11,9.046],[-7.109,9.046],[-7.108,9.046],[-7.107,9.046],[-7.104,9.045],[-7.103,9.045],[-7.102,9.045],[-7.1,9.044],[-7.098,9.043],[-7.097,9.042],[-7.095,9.041],[-7.094,9.04],[-7.092,9.04],[-7.091,9.039],[-7.089,9.038],[-7.087,9.037],[-7.085,9.036],[-7.083,9.035],[-7.081,9.034],[-7.079,9.033],[-7.077,9.033],[-7.075,9.032],[-7.073,9.031],[-7.071,9.029],[-7.07,9.028],[-7.068,9.025],[-7.066,9.023],[-7.065,9.021],[-7.063,9.019],[-7.062,9.017],[-7.059,9.015],[-7.059,9.013],[-7.058,9.012],[-7.057,9.01],[-7.055,9.008],[-7.054,9.007],[-7.053,9.005],[-7.053,9.004],[-7.052,9.002],[-7.051,9.001],[-7.051,9.0],[-7.05,8.998],[-7.049,8.997],[-7.049,8.996],[-7.049,8.994],[-7.048,8.993],[-7.048,8.991],[-7.047,8.99],[-7.045,8.989],[-7.044,8.988],[-7.043,8.987],[-7.043,8.986],[-7.041,8.984],[-7.041,8.983],[-7.039,8.981],[-7.038,8.979],[-7.036,8.978],[-7.034,8.978],[-7.032,8.977],[-7.03,8.976],[-7.028,8.975],[-7.026,8.974],[-7.024,8.972],[-7.022,8.971],[-7.02,8.969],[-7.018,8.968],[-7.017,8.968],[-7.015,8.968],[-7.013,8.968],[-7.011,8.968],[-7.01,8.968],[-7.007,8.97],[-7.005,8.971],[-7.002,8.971],[-7.0,8.971],[-6.998,8.972],[-6.996,8.972],[-6.994,8.972],[-6.992,8.973],[-6.99,8.973],[-6.988,8.973],[-6.986,8.973],[-6.984,8.973],[-6.983,8.972],[-6.981,8.972],[-6.98,8.972],[-6.978,8.971],[-6.976,8.971],[-6.974,8.97],[-6.973,8.969],[-6.972,8.967],[-6.971,8.966],[-6.97,8.966],[-6.968,8.965],[-6.966,8.965],[-6.965,8.965],[-6.963,8.965],[-6.962,8.965],[-6.961,8.965],[-6.959,8.966],[-6.958,8.967],[-6.957,8.968],[-6.956,8.969],[-6.954,8.97],[-6.952,8.971],[-6.95,8.972],[-6.949,8.972],[-6.948,8.973],[-6.946,8.974],[-6.945,8.974],[-6.944,8.974],[-6.942,8.973],[-6.941,8.972],[-6.94,8.971],[-6.939,8.97],[-6.938,8.969],[-6.937,8.968],[-6.936,8.968],[-6.935,8.967],[-6.933,8.965],[-6.932,8.964],[-6.932,8.963],[-6.93,8.962],[-6.929,8.961],[-6.928,8.96],[-6.926,8.958],[-6.925,8.957],[-6.924,8.956],[-6.923,8.955],[-6.922,8.954],[-6.922,8.953],[-6.921,8.952],[-6.92,8.95],[-6.919,8.949],[-6.919,8.948],[-6.918,8.946],[-6.918,8.945],[-6.916,8.943],[-6.915,8.943],[-6.913,8.942],[-6.912,8.941],[-6.91,8.941],[-6.909,8.94],[-6.902,8.939],[-6.902,8.941],[-6.901,8.942],[-6.901,8.943],[-6.901,8.944],[-6.902,8.945],[-6.903,8.947],[-6.903,8.948],[-6.904,8.949],[-6.904,8.951],[-6.903,8.952],[-6.903,8.954],[-6.903,8.956],[-6.903,8.958],[-6.903,8.96],[-6.903,8.963],[-6.903,8.965],[-6.904,8.967],[-6.904,8.969],[-6.904,8.971],[-6.904,8.972],[-6.905,8.974],[-6.906,8.977],[-6.906,8.978],[-6.907,8.98],[-6.907,8.982],[-6.907,8.984],[-6.907,8.985],[-6.907,8.987],[-6.907,8.988],[-6.907,8.99],[-6.906,8.992],[-6.906,8.993],[-6.906,8.995],[-6.906,8.996],[-6.906,8.998],[-6.906,9.0],[-6.906,9.002],[-6.906,9.003],[-6.906,9.004],[-6.906,9.005],[-6.906,9.006],[-6.905,9.008],[-6.904,9.01],[-6.903,9.011],[-6.903,9.013],[-6.903,9.015],[-6.905,9.017],[-6.905,9.018],[-6.905,9.02],[-6.904,9.021],[-6.904,9.023],[-6.903,9.024],[-6.903,9.026],[-6.902,9.026],[-6.9,9.027],[-6.9,9.028],[-6.899,9.03],[-6.899,9.031],[-6.898,9.032],[-6.899,9.035],[-6.9,9.036],[-6.9,9.037],[-6.9,9.039],[-6.9,9.04],[-6.899,9.042],[-6.898,9.044],[-6.899,9.046],[-6.899,9.047],[-6.899,9.048],[-6.898,9.049],[-6.898,9.05],[-6.898,9.053],[-6.897,9.055],[-6.896,9.056],[-6.896,9.057],[-6.895,9.058],[-6.894,9.06],[-6.893,9.061],[-6.892,9.062],[-6.891,9.063],[-6.89,9.065],[-6.889,9.067],[-6.888,9.068],[-6.887,9.068],[-6.886,9.069],[-6.884,9.07],[-6.883,9.07],[-6.882,9.071],[-6.88,9.072],[-6.878,9.073],[-6.876,9.074],[-6.875,9.075],[-6.874,9.076],[-6.871,9.077],[-6.87,9.077],[-6.868,9.076],[-6.866,9.077],[-6.865,9.077],[-6.863,9.077],[-6.862,9.077],[-6.86,9.077],[-6.856,9.077],[-6.854,9.077],[-6.852,9.077],[-6.851,9.076],[-6.849,9.076],[-6.848,9.076],[-6.846,9.075],[-6.845,9.075],[-6.843,9.074],[-6.841,9.073],[-6.84,9.073],[-6.838,9.072],[-6.837,9.071],[-6.834,9.071],[-6.832,9.071],[-6.829,9.073],[-6.828,9.074],[-6.824,9.076],[-6.823,9.078],[-6.821,9.08],[-6.82,9.082],[-6.818,9.084],[-6.817,9.086],[-6.816,9.087],[-6.814,9.088],[-6.812,9.089],[-6.811,9.088],[-6.809,9.089],[-6.807,9.089],[-6.805,9.09],[-6.804,9.091],[-6.803,9.093],[-6.802,9.095],[-6.8,9.097],[-6.797,9.098],[-6.796,9.098],[-6.794,9.099],[-6.793,9.1],[-6.791,9.101],[-6.789,9.102],[-6.787,9.104],[-6.785,9.105],[-6.783,9.105],[-6.781,9.105],[-6.779,9.105],[-6.777,9.105],[-6.774,9.105],[-6.772,9.106],[-6.77,9.106],[-6.768,9.107],[-6.766,9.108],[-6.765,9.109],[-6.763,9.111],[-6.761,9.113],[-6.76,9.114],[-6.757,9.117],[-6.755,9.118],[-6.754,9.119],[-6.752,9.118],[-6.747,9.118],[-6.745,9.119],[-6.743,9.119],[-6.742,9.119],[-6.74,9.119],[-6.738,9.119],[-6.736,9.119],[-6.734,9.119],[-6.732,9.119],[-6.731,9.118],[-6.73,9.118],[-6.728,9.118],[-6.727,9.117],[-6.725,9.117],[-6.724,9.117],[-6.722,9.117],[-6.721,9.116],[-6.72,9.115],[-6.719,9.114],[-6.718,9.113],[-6.717,9.111],[-6.716,9.11],[-6.714,9.109],[-6.713,9.108],[-6.712,9.107],[-6.71,9.106],[-6.709,9.107],[-6.707,9.107],[-6.706,9.106],[-6.706,9.106],[-6.705,9.104],[-6.704,9.103],[-6.702,9.102],[-6.701,9.102],[-6.7,9.101],[-6.699,9.101],[-6.697,9.1],[-6.696,9.099],[-6.697,9.098],[-6.698,9.097],[-6.698,9.095],[-6.697,9.094],[-6.697,9.092],[-6.698,9.09],[-6.699,9.089],[-6.7,9.088],[-6.7,9.087],[-6.701,9.086],[-6.701,9.084],[-6.701,9.083],[-6.701,9.082],[-6.701,9.08],[-6.701,9.078],[-6.701,9.077],[-6.701,9.075],[-6.701,9.073],[-6.701,9.07],[-6.701,9.068],[-6.7,9.066],[-6.7,9.065],[-6.7,9.064],[-6.7,9.062],[-6.697,9.061],[-6.695,9.061],[-6.694,9.061],[-6.692,9.061],[-6.69,9.061],[-6.688,9.061],[-6.685,9.061],[-6.683,9.062],[-6.681,9.062],[-6.679,9.062],[-6.677,9.062],[-6.675,9.063],[-6.673,9.063],[-6.67,9.064],[-6.668,9.064],[-6.667,9.065],[-6.666,9.065],[-6.664,9.066],[-6.662,9.066],[-6.66,9.066],[-6.658,9.066],[-6.656,9.067],[-6.655,9.068],[-6.653,9.068],[-6.651,9.068],[-6.649,9.067],[-6.648,9.067],[-6.646,9.067],[-6.644,9.066],[-6.642,9.066],[-6.64,9.065],[-6.638,9.065],[-6.636,9.064],[-6.634,9.064],[-6.631,9.063],[-6.63,9.062],[-6.628,9.062],[-6.626,9.061],[-6.624,9.061],[-6.622,9.061],[-6.621,9.061],[-6.619,9.061],[-6.618,9.061],[-6.615,9.061],[-6.612,9.06],[-6.61,9.06],[-6.607,9.06],[-6.606,9.061],[-6.604,9.062],[-6.603,9.063],[-6.601,9.064],[-6.599,9.065],[-6.598,9.066],[-6.595,9.066],[-6.593,9.066],[-6.591,9.066],[-6.589,9.066],[-6.587,9.065],[-6.585,9.065],[-6.583,9.065],[-6.582,9.066],[-6.58,9.066],[-6.578,9.067],[-6.576,9.068],[-6.574,9.07],[-6.572,9.072],[-6.571,9.074],[-6.57,9.075],[-6.569,9.077],[-6.569,9.08],[-6.568,9.083],[-6.568,9.084],[-6.567,9.086],[-6.567,9.088],[-6.566,9.089],[-6.565,9.091],[-6.565,9.094],[-6.564,9.095],[-6.563,9.097],[-6.562,9.099],[-6.561,9.1],[-6.56,9.102],[-6.559,9.103],[-6.559,9.106],[-6.561,9.108],[-6.562,9.108],[-6.565,9.109],[-6.568,9.11],[-6.571,9.11],[-6.572,9.111],[-6.574,9.114],[-6.576,9.116],[-6.577,9.118],[-6.578,9.12],[-6.577,9.122],[-6.577,9.125],[-6.577,9.126],[-6.577,9.128],[-6.576,9.13],[-6.576,9.131],[-6.575,9.132],[-6.575,9.134],[-6.573,9.135],[-6.572,9.137],[-6.571,9.138],[-6.57,9.14],[-6.571,9.143],[-6.571,9.145],[-6.571,9.148],[-6.571,9.15],[-6.57,9.152],[-6.569,9.153],[-6.569,9.155],[-6.568,9.156],[-6.567,9.158],[-6.565,9.159],[-6.563,9.159],[-6.561,9.159],[-6.558,9.159],[-6.556,9.16],[-6.553,9.159],[-6.551,9.158],[-6.549,9.158],[-6.548,9.157],[-6.546,9.156],[-6.544,9.156],[-6.542,9.155],[-6.541,9.155],[-6.539,9.154],[-6.536,9.154],[-6.534,9.154],[-6.531,9.154],[-6.529,9.153],[-6.528,9.153],[-6.526,9.153],[-6.524,9.152],[-6.523,9.152],[-6.52,9.151],[-6.518,9.151],[-6.517,9.15],[-6.515,9.15],[-6.513,9.149],[-6.511,9.148],[-6.509,9.148],[-6.508,9.148],[-6.506,9.147],[-6.504,9.147],[-6.501,9.146],[-6.499,9.145],[-6.498,9.143],[-6.498,9.142],[-6.498,9.14],[-6.498,9.138],[-6.497,9.136],[-6.497,9.133],[-6.498,9.131],[-6.498,9.129],[-6.498,9.127],[-6.497,9.125],[-6.497,9.124],[-6.496,9.122],[-6.496,9.12],[-6.495,9.118],[-6.495,9.117],[-6.494,9.115],[-6.494,9.112],[-6.492,9.11],[-6.491,9.108],[-6.491,9.107],[-6.49,9.105],[-6.489,9.102],[-6.489,9.1],[-6.487,9.097],[-6.487,9.096],[-6.486,9.094],[-6.485,9.093],[-6.485,9.091],[-6.484,9.089],[-6.483,9.088],[-6.483,9.086],[-6.483,9.084],[-6.482,9.082],[-6.481,9.08],[-6.481,9.078],[-6.481,9.077],[-6.481,9.075],[-6.48,9.073],[-6.48,9.071],[-6.479,9.069],[-6.479,9.066],[-6.478,9.063],[-6.478,9.062],[-6.476,9.061],[-6.474,9.062],[-6.471,9.063],[-6.469,9.064],[-6.467,9.064],[-6.466,9.065],[-6.464,9.065],[-6.462,9.066],[-6.459,9.066],[-6.458,9.066],[-6.456,9.067],[-6.453,9.067],[-6.452,9.067],[-6.45,9.067],[-6.448,9.066],[-6.447,9.066],[-6.445,9.066],[-6.443,9.067],[-6.442,9.068],[-6.44,9.071],[-6.439,9.072],[-6.437,9.073],[-6.436,9.075],[-6.435,9.076],[-6.433,9.078],[-6.431,9.08],[-6.43,9.082],[-6.428,9.084],[-6.427,9.086],[-6.426,9.087],[-6.425,9.088],[-6.423,9.089],[-6.422,9.09],[-6.42,9.091],[-6.419,9.092],[-6.418,9.093],[-6.418,9.095],[-6.417,9.098],[-6.415,9.1],[-6.414,9.101],[-6.413,9.103],[-6.412,9.105],[-6.412,9.106],[-6.411,9.108],[-6.41,9.111],[-6.409,9.113],[-6.409,9.115],[-6.409,9.117],[-6.409,9.118],[-6.409,9.12],[-6.408,9.121],[-6.406,9.124],[-6.404,9.126],[-6.403,9.128],[-6.401,9.13],[-6.4,9.132],[-6.398,9.134],[-6.396,9.135],[-6.395,9.137],[-6.393,9.138],[-6.391,9.14],[-6.388,9.141],[-6.387,9.142],[-6.386,9.143],[-6.384,9.145],[-6.383,9.147],[-6.381,9.148],[-6.38,9.149],[-6.378,9.151],[-6.376,9.153],[-6.374,9.155],[-6.372,9.157],[-6.371,9.16],[-6.37,9.162],[-6.368,9.164],[-6.367,9.166],[-6.366,9.168],[-6.364,9.17],[-6.364,9.172],[-6.362,9.175],[-6.361,9.177],[-6.36,9.179],[-6.358,9.182],[-6.357,9.184],[-6.356,9.186],[-6.354,9.189],[-6.352,9.191],[-6.351,9.192],[-6.35,9.193],[-6.348,9.194],[-6.347,9.195],[-6.346,9.196],[-6.344,9.2],[-6.344,9.202],[-6.345,9.204],[-6.344,9.207],[-6.341,9.21],[-6.339,9.21],[-6.336,9.21],[-6.335,9.21],[-6.331,9.21],[-6.328,9.21]]]}},{"type":"Feature","id":"Zanzan","properties":{"name":"Zanzan","code":"CI03","level":"district","status":"pending","schools":1357,"students":189480,"girls":91451,"boys":98029},"geometry":{"type":"Polygon","coordinates":[[[-3.593,9.938],[-3.581,9.938],[-3.569,9.939],[-3.56,9.938],[-3.546,9.935],[-3.531,9.933],[-3.503,9.934],[-3.485,9.932],[-3.474,9.933],[-3.467,9.936],[-3.444,9.927],[-3.44,9.926],[-3.432,9.924],[-3.428,9.92],[-3.416,9.928],[-3.408,9.929],[-3.387,9.927],[-3.376,9.923],[-3.365,9.911],[-3.361,9.907],[-3.347,9.905],[-3.325,9.905],[-3.317,9.907],[-3.31,9.91],[-3.306,9.906],[-3.309,9.891],[-3.311,9.87],[-3.299,9.866],[-3.281,9.856],[-3.28,9.854],[-3.278,9.853],[-3.277,9.851],[-3.276,9.85],[-3.274,9.849],[-3.272,9.848],[-3.269,9.846],[-3.268,9.848],[-3.268,9.85],[-3.268,9.852],[-3.267,9.854],[-3.265,9.856],[-3.264,9.857],[-3.263,9.859],[-3.262,9.861],[-3.261,9.862],[-3.259,9.864],[-3.258,9.865],[-3.256,9.867],[-3.254,9.868],[-3.252,9.869],[-3.25,9.871],[-3.248,9.872],[-3.246,9.873],[-3.245,9.874],[-3.243,9.875],[-3.241,9.879],[-3.24,9.88],[-3.239,9.882],[-3.238,9.884],[-3.237,9.886],[-3.236,9.888],[-3.235,9.889],[-3.234,9.891],[-3.232,9.892],[-3.231,9.894],[-3.229,9.895],[-3.227,9.896],[-3.226,9.897],[-3.224,9.898],[-3.222,9.898],[-3.219,9.899],[-3.217,9.9],[-3.216,9.902],[-3.215,9.903],[-3.213,9.905],[-3.212,9.906],[-3.211,9.908],[-3.209,9.909],[-3.208,9.911],[-3.208,9.913],[-3.207,9.915],[-3.206,9.917],[-3.205,9.919],[-3.204,9.92],[-3.203,9.922],[-3.202,9.924],[-3.201,9.925],[-3.2,9.927],[-3.199,9.929],[-3.198,9.931],[-3.197,9.933],[-3.194,9.935],[-3.192,9.936],[-3.19,9.937],[-3.188,9.938],[-3.187,9.935],[-3.186,9.932],[-3.186,9.93],[-3.186,9.928],[-3.186,9.926],[-3.186,9.924],[-3.187,9.922],[-3.187,9.92],[-3.187,9.918],[-3.187,9.916],[-3.187,9.914],[-3.187,9.912],[-3.187,9.91],[-3.187,9.908],[-3.186,9.906],[-3.186,9.904],[-3.187,9.902],[-3.187,9.9],[-3.187,9.897],[-3.188,9.895],[-3.188,9.893],[-3.188,9.891],[-3.188,9.889],[-3.189,9.887],[-3.189,9.885],[-3.189,9.883],[-3.189,9.881],[-3.188,9.879],[-3.188,9.877],[-3.187,9.875],[-3.187,9.873],[-3.186,9.871],[-3.184,9.858],[-3.183,9.842],[-3.182,9.835],[-3.174,9.834],[-3.151,9.85],[-3.145,9.85],[-3.139,9.849],[-3.112,9.83],[-3.092,9.813],[-3.089,9.808],[-3.089,9.794],[-3.089,9.783],[-3.089,9.771],[-3.08,9.757],[-3.073,9.748],[-3.069,9.742],[-3.063,9.735],[-3.057,9.725],[-3.047,9.724],[-3.042,9.727],[-3.037,9.734],[-3.01,9.741],[-3.001,9.739],[-2.997,9.725],[-2.985,9.698],[-2.977,9.679],[-2.971,9.663],[-2.967,9.652],[-2.961,9.644],[-2.95,9.63],[-2.946,9.623],[-2.941,9.601],[-2.938,9.587],[-2.935,9.58],[-2.928,9.57],[-2.916,9.556],[-2.895,9.532],[-2.894,9.531],[-2.874,9.506],[-2.856,9.485],[-2.836,9.461],[-2.827,9.452],[-2.816,9.445],[-2.801,9.432],[-2.788,9.42],[-2.765,9.41],[-2.758,9.408],[-2.745,9.424],[-2.726,9.445],[-2.706,9.466],[-2.692,9.481],[-2.683,9.488],[-2.683,9.485],[-2.683,9.483],[-2.683,9.481],[-2.684,9.479],[-2.684,9.477],[-2.684,9.475],[-2.685,9.473],[-2.685,9.471],[-2.685,9.469],[-2.686,9.467],[-2.686,9.465],[-2.687,9.463],[-2.688,9.461],[-2.688,9.459],[-2.688,9.457],[-2.689,9.454],[-2.689,9.452],[-2.689,9.45],[-2.689,9.448],[-2.69,9.446],[-2.69,9.443],[-2.69,9.441],[-2.69,9.439],[-2.69,9.437],[-2.69,9.435],[-2.69,9.433],[-2.689,9.431],[-2.688,9.429],[-2.688,9.427],[-2.688,9.425],[-2.688,9.423],[-2.687,9.421],[-2.686,9.42],[-2.685,9.418],[-2.684,9.416],[-2.683,9.415],[-2.682,9.413],[-2.681,9.411],[-2.679,9.41],[-2.678,9.408],[-2.678,9.406],[-2.677,9.404],[-2.677,9.402],[-2.677,9.4],[-2.676,9.398],[-2.676,9.396],[-2.676,9.394],[-2.675,9.391],[-2.675,9.389],[-2.675,9.387],[-2.675,9.385],[-2.675,9.383],[-2.675,9.381],[-2.675,9.379],[-2.675,9.377],[-2.676,9.375],[-2.677,9.373],[-2.678,9.372],[-2.679,9.37],[-2.679,9.368],[-2.679,9.366],[-2.679,9.364],[-2.68,9.362],[-2.681,9.36],[-2.683,9.359],[-2.684,9.357],[-2.686,9.356],[-2.687,9.355],[-2.689,9.353],[-2.69,9.352],[-2.692,9.351],[-2.694,9.351],[-2.696,9.35],[-2.698,9.349],[-2.7,9.348],[-2.701,9.346],[-2.701,9.344],[-2.701,9.342],[-2.702,9.34],[-2.703,9.339],[-2.705,9.338],[-2.707,9.337],[-2.709,9.337],[-2.711,9.336],[-2.713,9.336],[-2.715,9.335],[-2.718,9.334],[-2.719,9.333],[-2.721,9.331],[-2.722,9.33],[-2.723,9.328],[-2.724,9.326],[-2.724,9.324],[-2.725,9.322],[-2.724,9.32],[-2.724,9.318],[-2.724,9.316],[-2.723,9.314],[-2.722,9.312],[-2.722,9.31],[-2.722,9.308],[-2.722,9.306],[-2.722,9.304],[-2.722,9.302],[-2.721,9.3],[-2.72,9.298],[-2.719,9.296],[-2.718,9.294],[-2.716,9.293],[-2.715,9.291],[-2.714,9.29],[-2.712,9.288],[-2.711,9.287],[-2.709,9.286],[-2.707,9.284],[-2.706,9.283],[-2.704,9.283],[-2.702,9.283],[-2.7,9.282],[-2.698,9.282],[-2.696,9.282],[-2.694,9.282],[-2.692,9.282],[-2.69,9.282],[-2.688,9.282],[-2.685,9.282],[-2.684,9.282],[-2.682,9.281],[-2.68,9.28],[-2.679,9.278],[-2.676,9.276],[-2.675,9.275],[-2.674,9.273],[-2.673,9.271],[-2.671,9.27],[-2.67,9.268],[-2.669,9.267],[-2.667,9.265],[-2.666,9.264],[-2.665,9.262],[-2.663,9.261],[-2.662,9.259],[-2.661,9.257],[-2.66,9.256],[-2.659,9.254],[-2.659,9.252],[-2.659,9.25],[-2.66,9.248],[-2.661,9.246],[-2.663,9.244],[-2.663,9.243],[-2.664,9.241],[-2.666,9.238],[-2.667,9.237],[-2.669,9.236],[-2.671,9.235],[-2.672,9.234],[-2.674,9.233],[-2.676,9.232],[-2.678,9.231],[-2.68,9.23],[-2.682,9.23],[-2.684,9.229],[-2.686,9.229],[-2.688,9.228],[-2.69,9.228],[-2.692,9.227],[-2.693,9.226],[-2.695,9.224],[-2.696,9.223],[-2.697,9.221],[-2.698,9.219],[-2.7,9.218],[-2.701,9.216],[-2.703,9.215],[-2.704,9.214],[-2.706,9.212],[-2.708,9.211],[-2.709,9.21],[-2.711,9.209],[-2.712,9.207],[-2.714,9.206],[-2.715,9.204],[-2.716,9.203],[-2.717,9.201],[-2.718,9.199],[-2.718,9.197],[-2.719,9.195],[-2.719,9.193],[-2.719,9.191],[-2.719,9.189],[-2.719,9.187],[-2.72,9.185],[-2.72,9.183],[-2.721,9.181],[-2.721,9.178],[-2.722,9.176],[-2.723,9.174],[-2.724,9.173],[-2.725,9.171],[-2.726,9.169],[-2.727,9.167],[-2.728,9.166],[-2.729,9.164],[-2.73,9.162],[-2.731,9.16],[-2.733,9.159],[-2.734,9.157],[-2.736,9.156],[-2.737,9.155],[-2.739,9.154],[-2.741,9.153],[-2.743,9.152],[-2.745,9.152],[-2.747,9.151],[-2.749,9.151],[-2.751,9.15],[-2.753,9.15],[-2.755,9.15],[-2.757,9.15],[-2.759,9.149],[-2.761,9.149],[-2.763,9.149],[-2.765,9.148],[-2.767,9.148],[-2.769,9.147],[-2.771,9.146],[-2.772,9.144],[-2.774,9.143],[-2.775,9.141],[-2.776,9.139],[-2.776,9.137],[-2.777,9.135],[-2.776,9.133],[-2.775,9.132],[-2.774,9.13],[-2.773,9.128],[-2.771,9.127],[-2.77,9.125],[-2.769,9.123],[-2.768,9.121],[-2.767,9.119],[-2.767,9.117],[-2.766,9.115],[-2.766,9.113],[-2.766,9.111],[-2.766,9.109],[-2.766,9.107],[-2.765,9.105],[-2.765,9.103],[-2.765,9.101],[-2.764,9.099],[-2.764,9.097],[-2.763,9.095],[-2.763,9.093],[-2.762,9.091],[-2.762,9.089],[-2.763,9.087],[-2.764,9.085],[-2.765,9.083],[-2.766,9.081],[-2.767,9.079],[-2.767,9.077],[-2.768,9.075],[-2.769,9.074],[-2.77,9.072],[-2.772,9.071],[-2.774,9.07],[-2.775,9.068],[-2.777,9.067],[-2.778,9.066],[-2.78,9.064],[-2.781,9.062],[-2.781,9.061],[-2.782,9.059],[-2.782,9.057],[-2.782,9.055],[-2.781,9.053],[-2.78,9.051],[-2.779,9.049],[-2.778,9.047],[-2.777,9.046],[-2.775,9.044],[-2.774,9.043],[-2.772,9.041],[-2.771,9.039],[-2.769,9.038],[-2.768,9.036],[-2.766,9.035],[-2.764,9.034],[-2.763,9.033],[-2.761,9.032],[-2.759,9.031],[-2.757,9.031],[-2.755,9.03],[-2.753,9.029],[-2.751,9.029],[-2.749,9.029],[-2.747,9.029],[-2.745,9.028],[-2.743,9.028],[-2.741,9.028],[-2.739,9.028],[-2.735,9.028],[-2.732,9.028],[-2.73,9.028],[-2.728,9.029],[-2.726,9.029],[-2.724,9.029],[-2.722,9.029],[-2.72,9.029],[-2.718,9.029],[-2.716,9.029],[-2.714,9.028],[-2.712,9.027],[-2.711,9.026],[-2.708,9.025],[-2.707,9.025],[-2.705,9.024],[-2.703,9.024],[-2.701,9.024],[-2.699,9.023],[-2.697,9.023],[-2.695,9.022],[-2.693,9.022],[-2.691,9.021],[-2.689,9.021],[-2.686,9.021],[-2.684,9.02],[-2.682,9.02],[-2.68,9.02],[-2.678,9.02],[-2.676,9.019],[-2.674,9.019],[-2.672,9.018],[-2.67,9.018],[-2.668,9.017],[-2.667,9.016],[-2.665,9.015],[-2.663,9.013],[-2.662,9.012],[-2.661,9.01],[-2.659,9.009],[-2.658,9.007],[-2.658,9.005],[-2.657,9.003],[-2.657,9.001],[-2.656,8.999],[-2.656,8.997],[-2.656,8.994],[-2.656,8.992],[-2.656,8.99],[-2.657,8.988],[-2.657,8.986],[-2.658,8.984],[-2.658,8.982],[-2.658,8.98],[-2.658,8.978],[-2.657,8.976],[-2.657,8.974],[-2.657,8.972],[-2.656,8.97],[-2.656,8.968],[-2.655,8.966],[-2.654,8.964],[-2.654,8.962],[-2.653,8.96],[-2.653,8.958],[-2.653,8.956],[-2.653,8.954],[-2.653,8.95],[-2.653,8.948],[-2.652,8.946],[-2.652,8.944],[-2.651,8.942],[-2.65,8.94],[-2.649,8.938],[-2.648,8.937],[-2.646,8.936],[-2.644,8.935],[-2.642,8.934],[-2.64,8.933],[-2.638,8.933],[-2.637,8.932],[-2.635,8.932],[-2.633,8.931],[-2.631,8.93],[-2.629,8.929],[-2.627,8.928],[-2.626,8.927],[-2.624,8.925],[-2.623,8.924],[-2.621,8.922],[-2.62,8.92],[-2.618,8.919],[-2.618,8.917],[-2.617,8.915],[-2.617,8.913],[-2.616,8.911],[-2.616,8.909],[-2.617,8.907],[-2.617,8.905],[-2.618,8.903],[-2.618,8.901],[-2.619,8.899],[-2.619,8.897],[-2.62,8.895],[-2.62,8.893],[-2.62,8.891],[-2.621,8.889],[-2.621,8.887],[-2.621,8.885],[-2.622,8.883],[-2.622,8.88],[-2.622,8.878],[-2.622,8.876],[-2.622,8.874],[-2.621,8.872],[-2.621,8.87],[-2.619,8.869],[-2.618,8.867],[-2.617,8.865],[-2.616,8.864],[-2.615,8.862],[-2.614,8.86],[-2.613,8.858],[-2.611,8.857],[-2.61,8.855],[-2.609,8.853],[-2.608,8.851],[-2.607,8.849],[-2.607,8.847],[-2.606,8.845],[-2.605,8.844],[-2.604,8.842],[-2.602,8.838],[-2.601,8.837],[-2.6,8.835],[-2.599,8.833],[-2.598,8.831],[-2.597,8.829],[-2.597,8.827],[-2.596,8.825],[-2.596,8.823],[-2.597,8.821],[-2.598,8.82],[-2.599,8.818],[-2.601,8.817],[-2.603,8.817],[-2.605,8.816],[-2.607,8.815],[-2.609,8.814],[-2.61,8.813],[-2.612,8.812],[-2.614,8.811],[-2.616,8.81],[-2.618,8.808],[-2.62,8.807],[-2.622,8.806],[-2.623,8.806],[-2.625,8.804],[-2.626,8.803],[-2.627,8.801],[-2.628,8.799],[-2.628,8.797],[-2.628,8.795],[-2.628,8.793],[-2.629,8.791],[-2.628,8.789],[-2.627,8.787],[-2.626,8.786],[-2.625,8.784],[-2.621,8.783],[-2.619,8.782],[-2.617,8.782],[-2.615,8.781],[-2.613,8.781],[-2.61,8.781],[-2.608,8.781],[-2.606,8.782],[-2.604,8.782],[-2.602,8.783],[-2.6,8.783],[-2.598,8.784],[-2.597,8.785],[-2.595,8.785],[-2.593,8.786],[-2.591,8.786],[-2.589,8.786],[-2.587,8.786],[-2.585,8.785],[-2.583,8.783],[-2.58,8.763],[-2.576,8.737],[-2.565,8.675],[-2.558,8.631],[-2.554,8.602],[-2.538,8.501],[-2.533,8.465],[-2.526,8.428],[-2.525,8.424],[-2.518,8.374],[-2.512,8.336],[-2.507,8.303],[-2.499,8.258],[-2.494,8.226],[-2.492,8.21],[-2.494,8.202],[-2.501,8.196],[-2.531,8.168],[-2.547,8.153],[-2.557,8.147],[-2.568,8.148],[-2.592,8.152],[-2.603,8.155],[-2.609,8.15],[-2.621,8.133],[-2.624,8.115],[-2.625,8.105],[-2.623,8.099],[-2.615,8.087],[-2.603,8.07],[-2.595,8.057],[-2.594,8.052],[-2.601,8.031],[-2.607,8.027],[-2.619,8.026],[-2.644,8.026],[-2.658,8.025],[-2.668,8.022],[-2.684,8.015],[-2.69,8.009],[-2.691,8.002],[-2.69,8.0],[-2.69,7.997],[-2.692,7.995],[-2.693,7.994],[-2.695,7.992],[-2.696,7.991],[-2.698,7.99],[-2.699,7.988],[-2.701,7.987],[-2.703,7.987],[-2.704,7.985],[-2.706,7.982],[-2.708,7.981],[-2.709,7.98],[-2.711,7.979],[-2.712,7.977],[-2.713,7.976],[-2.715,7.974],[-2.716,7.973],[-2.718,7.972],[-2.719,7.97],[-2.72,7.968],[-2.721,7.967],[-2.722,7.965],[-2.723,7.963],[-2.724,7.961],[-2.726,7.96],[-2.727,7.959],[-2.729,7.957],[-2.729,7.955],[-2.73,7.953],[-2.731,7.951],[-2.733,7.948],[-2.734,7.946],[-2.735,7.945],[-2.736,7.943],[-2.737,7.941],[-2.738,7.939],[-2.739,7.937],[-2.74,7.935],[-2.74,7.933],[-2.741,7.931],[-2.742,7.93],[-2.743,7.928],[-2.743,7.926],[-2.744,7.924],[-2.744,7.922],[-2.745,7.92],[-2.748,7.919],[-2.749,7.92],[-2.75,7.922],[-2.752,7.924],[-2.753,7.925],[-2.766,7.946],[-2.78,7.951],[-2.783,7.952],[-2.792,7.865],[-2.83,7.824],[-2.835,7.819],[-2.831,7.801],[-2.852,7.784],[-2.853,7.769],[-2.888,7.697],[-2.926,7.617],[-2.927,7.616],[-2.935,7.552],[-2.934,7.504],[-2.941,7.481],[-2.95,7.451],[-2.951,7.449],[-2.959,7.396],[-2.965,7.384],[-2.966,7.366],[-2.973,7.337],[-2.976,7.334],[-2.977,7.331],[-2.979,7.267],[-2.956,7.234],[-2.981,7.201],[-3.026,7.141],[-3.035,7.077],[-3.053,7.071],[-3.073,7.06],[-3.08,7.057],[-3.114,7.094],[-3.115,7.095],[-3.116,7.096],[-3.116,7.099],[-3.116,7.1],[-3.117,7.102],[-3.119,7.104],[-3.121,7.106],[-3.122,7.107],[-3.124,7.109],[-3.126,7.11],[-3.126,7.111],[-3.127,7.113],[-3.127,7.115],[-3.128,7.116],[-3.129,7.118],[-3.131,7.119],[-3.132,7.12],[-3.133,7.122],[-3.133,7.123],[-3.134,7.124],[-3.136,7.126],[-3.137,7.127],[-3.139,7.129],[-3.141,7.13],[-3.142,7.132],[-3.144,7.134],[-3.145,7.137],[-3.148,7.138],[-3.15,7.14],[-3.152,7.142],[-3.154,7.143],[-3.156,7.145],[-3.157,7.147],[-3.184,7.167],[-3.186,7.169],[-3.196,7.167],[-3.204,7.175],[-3.202,7.178],[-3.201,7.18],[-3.202,7.182],[-3.203,7.184],[-3.204,7.185],[-3.206,7.185],[-3.209,7.186],[-3.214,7.187],[-3.215,7.187],[-3.217,7.186],[-3.218,7.186],[-3.22,7.185],[-3.221,7.184],[-3.223,7.184],[-3.222,7.2],[-3.222,7.202],[-3.222,7.205],[-3.222,7.207],[-3.222,7.209],[-3.222,7.21],[-3.222,7.212],[-3.223,7.214],[-3.225,7.216],[-3.226,7.217],[-3.228,7.218],[-3.23,7.22],[-3.232,7.221],[-3.234,7.222],[-3.235,7.223],[-3.237,7.224],[-3.239,7.226],[-3.24,7.228],[-3.24,7.229],[-3.241,7.23],[-3.243,7.231],[-3.243,7.233],[-3.244,7.235],[-3.245,7.237],[-3.246,7.238],[-3.246,7.24],[-3.247,7.242],[-3.247,7.245],[-3.247,7.247],[-3.247,7.249],[-3.248,7.251],[-3.248,7.253],[-3.248,7.255],[-3.248,7.257],[-3.248,7.258],[-3.248,7.261],[-3.248,7.264],[-3.249,7.267],[-3.249,7.269],[-3.249,7.273],[-3.249,7.275],[-3.249,7.278],[-3.25,7.281],[-3.25,7.285],[-3.25,7.288],[-3.25,7.291],[-3.25,7.295],[-3.25,7.299],[-3.251,7.301],[-3.251,7.303],[-3.251,7.305],[-3.251,7.309],[-3.252,7.311],[-3.252,7.312],[-3.251,7.314],[-3.251,7.315],[-3.25,7.317],[-3.25,7.319],[-3.249,7.32],[-3.25,7.321],[-3.251,7.322],[-3.253,7.324],[-3.255,7.325],[-3.257,7.326],[-3.258,7.327],[-3.26,7.328],[-3.262,7.328],[-3.264,7.329],[-3.266,7.329],[-3.268,7.329],[-3.27,7.33],[-3.272,7.331],[-3.274,7.331],[-3.276,7.331],[-3.278,7.331],[-3.28,7.331],[-3.281,7.331],[-3.283,7.331],[-3.284,7.332],[-3.286,7.332],[-3.287,7.332],[-3.289,7.332],[-3.291,7.331],[-3.293,7.331],[-3.295,7.331],[-3.296,7.331],[-3.297,7.331],[-3.299,7.332],[-3.3,7.332],[-3.303,7.331],[-3.305,7.331],[-3.306,7.33],[-3.307,7.329],[-3.309,7.329],[-3.311,7.328],[-3.313,7.328],[-3.314,7.327],[-3.315,7.326],[-3.315,7.324],[-3.315,7.322],[-3.314,7.32],[-3.312,7.319],[-3.311,7.319],[-3.309,7.317],[-3.308,7.317],[-3.307,7.315],[-3.305,7.314],[-3.304,7.313],[-3.303,7.312],[-3.302,7.312],[-3.301,7.31],[-3.3,7.308],[-3.299,7.306],[-3.299,7.304],[-3.298,7.302],[-3.298,7.301],[-3.297,7.299],[-3.297,7.297],[-3.297,7.296],[-3.297,7.294],[-3.297,7.293],[-3.298,7.292],[-3.299,7.291],[-3.299,7.289],[-3.299,7.287],[-3.298,7.286],[-3.298,7.285],[-3.3,7.284],[-3.301,7.283],[-3.302,7.282],[-3.305,7.284],[-3.306,7.283],[-3.309,7.283],[-3.311,7.283],[-3.313,7.282],[-3.315,7.282],[-3.316,7.282],[-3.317,7.282],[-3.319,7.282],[-3.32,7.283],[-3.321,7.282],[-3.323,7.281],[-3.324,7.278],[-3.324,7.277],[-3.326,7.275],[-3.327,7.275],[-3.329,7.274],[-3.33,7.274],[-3.331,7.275],[-3.333,7.276],[-3.334,7.276],[-3.336,7.276],[-3.339,7.275],[-3.341,7.273],[-3.343,7.273],[-3.345,7.273],[-3.346,7.27],[-3.347,7.269],[-3.347,7.268],[-3.348,7.266],[-3.35,7.265],[-3.351,7.265],[-3.353,7.265],[-3.355,7.265],[-3.356,7.265],[-3.378,7.251],[-3.379,7.25],[-3.381,7.251],[-3.381,7.253],[-3.382,7.255],[-3.383,7.256],[-3.384,7.258],[-3.385,7.26],[-3.386,7.261],[-3.387,7.262],[-3.388,7.264],[-3.389,7.265],[-3.39,7.266],[-3.39,7.268],[-3.391,7.27],[-3.391,7.27],[-3.392,7.272],[-3.393,7.274],[-3.394,7.276],[-3.394,7.277],[-3.396,7.279],[-3.396,7.281],[-3.398,7.283],[-3.399,7.286],[-3.4,7.287],[-3.401,7.289],[-3.402,7.291],[-3.402,7.292],[-3.403,7.293],[-3.405,7.294],[-3.407,7.294],[-3.409,7.294],[-3.411,7.295],[-3.413,7.296],[-3.415,7.297],[-3.416,7.298],[-3.417,7.299],[-3.418,7.3],[-3.42,7.3],[-3.422,7.301],[-3.424,7.301],[-3.425,7.302],[-3.427,7.303],[-3.428,7.304],[-3.429,7.305],[-3.43,7.306],[-3.431,7.307],[-3.431,7.309],[-3.431,7.311],[-3.431,7.314],[-3.431,7.316],[-3.431,7.317],[-3.432,7.319],[-3.432,7.321],[-3.433,7.323],[-3.434,7.325],[-3.436,7.327],[-3.437,7.328],[-3.438,7.329],[-3.44,7.329],[-3.442,7.329],[-3.442,7.33],[-3.441,7.333],[-3.44,7.335],[-3.439,7.336],[-3.439,7.338],[-3.44,7.339],[-3.441,7.34],[-3.443,7.341],[-3.444,7.342],[-3.446,7.342],[-3.448,7.34],[-3.448,7.338],[-3.449,7.337],[-3.45,7.337],[-3.452,7.337],[-3.454,7.339],[-3.455,7.34],[-3.455,7.343],[-3.455,7.345],[-3.454,7.346],[-3.454,7.347],[-3.454,7.349],[-3.455,7.351],[-3.457,7.352],[-3.459,7.353],[-3.461,7.353],[-3.462,7.352],[-3.462,7.351],[-3.461,7.35],[-3.46,7.349],[-3.458,7.347],[-3.458,7.346],[-3.458,7.344],[-3.46,7.343],[-3.462,7.342],[-3.463,7.342],[-3.465,7.342],[-3.466,7.343],[-3.466,7.344],[-3.466,7.346],[-3.466,7.348],[-3.466,7.35],[-3.467,7.352],[-3.467,7.353],[-3.469,7.352],[-3.47,7.351],[-3.471,7.35],[-3.471,7.348],[-3.47,7.346],[-3.471,7.343],[-3.472,7.344],[-3.474,7.346],[-3.475,7.348],[-3.476,7.349],[-3.476,7.35],[-3.476,7.352],[-3.477,7.354],[-3.477,7.356],[-3.48,7.357],[-3.481,7.356],[-3.482,7.355],[-3.483,7.353],[-3.483,7.351],[-3.482,7.349],[-3.482,7.347],[-3.481,7.346],[-3.48,7.345],[-3.481,7.343],[-3.483,7.344],[-3.485,7.345],[-3.488,7.346],[-3.49,7.347],[-3.491,7.348],[-3.493,7.349],[-3.496,7.348],[-3.497,7.35],[-3.497,7.351],[-3.497,7.353],[-3.499,7.354],[-3.501,7.354],[-3.503,7.354],[-3.505,7.354],[-3.507,7.354],[-3.51,7.353],[-3.513,7.353],[-3.515,7.354],[-3.515,7.355],[-3.515,7.357],[-3.514,7.358],[-3.514,7.359],[-3.515,7.362],[-3.516,7.364],[-3.517,7.365],[-3.518,7.367],[-3.517,7.368],[-3.516,7.37],[-3.515,7.372],[-3.514,7.373],[-3.513,7.375],[-3.511,7.377],[-3.51,7.38],[-3.508,7.381],[-3.507,7.382],[-3.505,7.383],[-3.504,7.384],[-3.503,7.385],[-3.502,7.386],[-3.501,7.387],[-3.499,7.389],[-3.498,7.391],[-3.498,7.393],[-3.497,7.395],[-3.497,7.397],[-3.497,7.399],[-3.496,7.402],[-3.496,7.405],[-3.496,7.408],[-3.496,7.41],[-3.496,7.412],[-3.496,7.414],[-3.496,7.417],[-3.496,7.421],[-3.497,7.424],[-3.497,7.426],[-3.497,7.429],[-3.498,7.431],[-3.5,7.434],[-3.501,7.435],[-3.503,7.438],[-3.505,7.44],[-3.507,7.443],[-3.508,7.444],[-3.511,7.446],[-3.514,7.448],[-3.516,7.449],[-3.518,7.451],[-3.52,7.452],[-3.52,7.454],[-3.522,7.456],[-3.524,7.458],[-3.525,7.46],[-3.526,7.463],[-3.527,7.465],[-3.527,7.467],[-3.527,7.469],[-3.527,7.471],[-3.528,7.473],[-3.529,7.475],[-3.53,7.477],[-3.531,7.479],[-3.533,7.481],[-3.534,7.483],[-3.535,7.485],[-3.537,7.486],[-3.539,7.487],[-3.541,7.488],[-3.544,7.489],[-3.546,7.489],[-3.549,7.49],[-3.551,7.49],[-3.554,7.49],[-3.557,7.491],[-3.559,7.492],[-3.562,7.493],[-3.565,7.493],[-3.568,7.494],[-3.57,7.495],[-3.572,7.496],[-3.575,7.498],[-3.577,7.499],[-3.579,7.501],[-3.58,7.503],[-3.581,7.505],[-3.583,7.506],[-3.585,7.508],[-3.586,7.509],[-3.589,7.51],[-3.591,7.511],[-3.593,7.511],[-3.594,7.51],[-3.6,7.518],[-3.602,7.519],[-3.603,7.521],[-3.603,7.523],[-3.603,7.524],[-3.602,7.526],[-3.602,7.528],[-3.602,7.529],[-3.601,7.531],[-3.6,7.533],[-3.598,7.533],[-3.596,7.534],[-3.594,7.535],[-3.592,7.536],[-3.59,7.537],[-3.588,7.539],[-3.587,7.54],[-3.585,7.541],[-3.583,7.542],[-3.582,7.544],[-3.58,7.545],[-3.579,7.547],[-3.577,7.55],[-3.576,7.551],[-3.575,7.553],[-3.576,7.555],[-3.576,7.557],[-3.577,7.559],[-3.578,7.561],[-3.578,7.564],[-3.579,7.565],[-3.58,7.567],[-3.58,7.569],[-3.579,7.572],[-3.579,7.575],[-3.58,7.578],[-3.582,7.58],[-3.584,7.583],[-3.585,7.584],[-3.588,7.586],[-3.591,7.587],[-3.593,7.589],[-3.594,7.59],[-3.597,7.591],[-3.599,7.592],[-3.601,7.594],[-3.603,7.594],[-3.605,7.593],[-3.607,7.593],[-3.611,7.594],[-3.613,7.593],[-3.614,7.593],[-3.616,7.593],[-3.618,7.592],[-3.62,7.591],[-3.621,7.59],[-3.624,7.589],[-3.626,7.587],[-3.628,7.586],[-3.629,7.584],[-3.631,7.582],[-3.633,7.58],[-3.634,7.578],[-3.637,7.577],[-3.638,7.577],[-3.64,7.576],[-3.642,7.575],[-3.645,7.575],[-3.647,7.574],[-3.649,7.574],[-3.652,7.576],[-3.653,7.577],[-3.654,7.577],[-3.657,7.579],[-3.658,7.581],[-3.66,7.584],[-3.662,7.585],[-3.662,7.587],[-3.662,7.588],[-3.663,7.589],[-3.663,7.592],[-3.663,7.594],[-3.664,7.597],[-3.665,7.599],[-3.666,7.6],[-3.666,7.601],[-3.667,7.603],[-3.669,7.607],[-3.671,7.608],[-3.672,7.61],[-3.674,7.611],[-3.676,7.613],[-3.677,7.615],[-3.678,7.617],[-3.679,7.619],[-3.681,7.621],[-3.682,7.622],[-3.683,7.624],[-3.684,7.626],[-3.685,7.628],[-3.685,7.63],[-3.684,7.631],[-3.684,7.633],[-3.683,7.635],[-3.684,7.638],[-3.685,7.64],[-3.687,7.642],[-3.689,7.644],[-3.691,7.645],[-3.693,7.647],[-3.695,7.647],[-3.698,7.648],[-3.7,7.648],[-3.703,7.648],[-3.705,7.647],[-3.707,7.647],[-3.71,7.647],[-3.712,7.648],[-3.713,7.65],[-3.714,7.651],[-3.716,7.652],[-3.718,7.654],[-3.72,7.655],[-3.723,7.656],[-3.725,7.657],[-3.727,7.658],[-3.728,7.659],[-3.729,7.661],[-3.73,7.663],[-3.732,7.663],[-3.733,7.664],[-3.734,7.666],[-3.735,7.669],[-3.735,7.67],[-3.736,7.672],[-3.736,7.675],[-3.736,7.676],[-3.736,7.678],[-3.737,7.681],[-3.737,7.684],[-3.737,7.685],[-3.737,7.688],[-3.737,7.691],[-3.736,7.693],[-3.736,7.695],[-3.735,7.696],[-3.734,7.698],[-3.733,7.699],[-3.733,7.702],[-3.733,7.704],[-3.733,7.707],[-3.734,7.709],[-3.735,7.711],[-3.734,7.713],[-3.733,7.714],[-3.732,7.716],[-3.731,7.717],[-3.73,7.719],[-3.732,7.721],[-3.732,7.723],[-3.733,7.725],[-3.733,7.727],[-3.734,7.728],[-3.735,7.731],[-3.735,7.733],[-3.736,7.734],[-3.737,7.735],[-3.739,7.736],[-3.739,7.739],[-3.74,7.74],[-3.742,7.739],[-3.743,7.738],[-3.744,7.736],[-3.745,7.734],[-3.746,7.733],[-3.749,7.732],[-3.751,7.732],[-3.753,7.732],[-3.755,7.732],[-3.757,7.731],[-3.759,7.731],[-3.761,7.733],[-3.761,7.734],[-3.762,7.736],[-3.764,7.737],[-3.766,7.738],[-3.769,7.737],[-3.771,7.737],[-3.773,7.737],[-3.777,7.737],[-3.779,7.736],[-3.782,7.735],[-3.783,7.735],[-3.785,7.735],[-3.788,7.736],[-3.789,7.737],[-3.791,7.738],[-3.793,7.739],[-3.795,7.74],[-3.798,7.74],[-3.8,7.741],[-3.802,7.742],[-3.803,7.741],[-3.805,7.741],[-3.807,7.742],[-3.809,7.742],[-3.811,7.741],[-3.813,7.74],[-3.816,7.739],[-3.818,7.738],[-3.82,7.738],[-3.822,7.738],[-3.824,7.738],[-3.829,7.739],[-3.83,7.739],[-3.831,7.741],[-3.832,7.743],[-3.834,7.745],[-3.835,7.748],[-3.835,7.75],[-3.834,7.752],[-3.833,7.753],[-3.831,7.755],[-3.829,7.757],[-3.829,7.759],[-3.828,7.76],[-3.828,7.762],[-3.829,7.764],[-3.83,7.765],[-3.832,7.766],[-3.834,7.767],[-3.836,7.768],[-3.838,7.769],[-3.84,7.77],[-3.843,7.772],[-3.847,7.772],[-3.849,7.773],[-3.852,7.773],[-3.854,7.773],[-3.856,7.773],[-3.857,7.772],[-3.858,7.772],[-3.86,7.771],[-3.862,7.771],[-3.864,7.771],[-3.866,7.769],[-3.868,7.769],[-3.871,7.769],[-3.872,7.769],[-3.876,7.769],[-3.877,7.771],[-3.878,7.773],[-3.877,7.776],[-3.874,7.779],[-3.872,7.781],[-3.87,7.783],[-3.869,7.785],[-3.867,7.787],[-3.864,7.788],[-3.863,7.791],[-3.862,7.794],[-3.861,7.795],[-3.86,7.796],[-3.859,7.797],[-3.859,7.799],[-3.861,7.801],[-3.862,7.802],[-3.864,7.803],[-3.865,7.804],[-3.866,7.805],[-3.868,7.806],[-3.87,7.807],[-3.872,7.808],[-3.873,7.809],[-3.875,7.81],[-3.876,7.81],[-3.877,7.812],[-3.878,7.813],[-3.879,7.814],[-3.879,7.815],[-3.879,7.816],[-3.879,7.818],[-3.879,7.82],[-3.879,7.821],[-3.878,7.823],[-3.877,7.826],[-3.877,7.828],[-3.876,7.829],[-3.875,7.83],[-3.874,7.831],[-3.873,7.832],[-3.871,7.833],[-3.87,7.835],[-3.869,7.836],[-3.869,7.837],[-3.868,7.838],[-3.867,7.84],[-3.866,7.841],[-3.865,7.842],[-3.865,7.843],[-3.865,7.845],[-3.866,7.847],[-3.866,7.849],[-3.866,7.85],[-3.866,7.851],[-3.866,7.853],[-3.867,7.854],[-3.867,7.855],[-3.869,7.857],[-3.87,7.858],[-3.871,7.858],[-3.873,7.86],[-3.875,7.862],[-3.876,7.864],[-3.876,7.866],[-3.877,7.868],[-3.877,7.869],[-3.878,7.87],[-3.879,7.872],[-3.881,7.873],[-3.882,7.875],[-3.883,7.876],[-3.885,7.877],[-3.888,7.878],[-3.889,7.879],[-3.891,7.88],[-3.893,7.88],[-3.894,7.88],[-3.896,7.881],[-3.9,7.881],[-3.901,7.881],[-3.903,7.881],[-3.905,7.881],[-3.906,7.881],[-3.908,7.881],[-3.909,7.881],[-3.911,7.88],[-3.912,7.879],[-3.913,7.878],[-3.915,7.878],[-3.917,7.878],[-3.92,7.879],[-3.921,7.879],[-3.923,7.88],[-3.924,7.88],[-3.926,7.881],[-3.927,7.881],[-3.929,7.883],[-3.931,7.883],[-3.932,7.884],[-3.933,7.885],[-3.935,7.886],[-3.936,7.887],[-3.938,7.888],[-3.939,7.89],[-3.942,7.891],[-3.943,7.891],[-3.945,7.891],[-3.947,7.891],[-3.948,7.891],[-3.949,7.891],[-3.951,7.891],[-3.953,7.891],[-3.954,7.891],[-3.956,7.891],[-3.958,7.891],[-3.96,7.891],[-3.965,7.891],[-3.966,7.891],[-3.968,7.891],[-3.97,7.891],[-3.972,7.892],[-3.974,7.893],[-3.975,7.893],[-3.976,7.893],[-3.978,7.893],[-3.979,7.894],[-3.981,7.894],[-3.984,7.896],[-3.985,7.897],[-3.986,7.897],[-3.987,7.898],[-3.989,7.898],[-3.99,7.898],[-3.992,7.898],[-3.995,7.898],[-3.996,7.899],[-3.998,7.9],[-3.999,7.902],[-4.0,7.903],[-4.0,7.904],[-3.999,7.906],[-3.998,7.908],[-3.997,7.908],[-3.996,7.909],[-3.995,7.911],[-3.993,7.911],[-3.991,7.912],[-3.989,7.912],[-3.988,7.912],[-3.985,7.912],[-3.984,7.912],[-3.982,7.912],[-3.98,7.913],[-3.978,7.914],[-3.977,7.914],[-3.975,7.915],[-3.972,7.915],[-3.971,7.915],[-3.969,7.915],[-3.967,7.915],[-3.966,7.915],[-3.965,7.916],[-3.963,7.916],[-3.962,7.917],[-3.961,7.917],[-3.959,7.918],[-3.957,7.919],[-3.955,7.919],[-3.954,7.92],[-3.953,7.921],[-3.952,7.922],[-3.951,7.922],[-3.949,7.923],[-3.948,7.924],[-3.947,7.925],[-3.946,7.927],[-3.947,7.929],[-3.947,7.93],[-3.948,7.931],[-3.948,7.932],[-3.947,7.934],[-3.946,7.935],[-3.945,7.936],[-3.944,7.938],[-3.943,7.938],[-3.941,7.939],[-3.939,7.94],[-3.937,7.942],[-3.934,7.944],[-3.933,7.946],[-3.932,7.947],[-3.931,7.949],[-3.93,7.949],[-3.928,7.951],[-3.928,7.952],[-3.926,7.954],[-3.926,7.955],[-3.925,7.956],[-3.925,7.958],[-3.925,7.96],[-3.926,7.961],[-3.926,7.963],[-3.927,7.966],[-3.928,7.967],[-3.928,7.969],[-3.927,7.969],[-3.927,7.971],[-3.927,7.972],[-3.929,7.975],[-3.93,7.975],[-3.931,7.976],[-3.935,7.976],[-3.936,7.976],[-3.937,7.975],[-3.938,7.975],[-3.94,7.974],[-3.941,7.974],[-3.943,7.973],[-3.944,7.973],[-3.947,7.972],[-3.948,7.971],[-3.949,7.97],[-3.95,7.97],[-3.952,7.969],[-3.953,7.969],[-3.955,7.969],[-3.958,7.969],[-3.96,7.968],[-3.961,7.968],[-3.962,7.967],[-3.963,7.967],[-3.965,7.967],[-3.969,7.966],[-3.972,7.966],[-3.973,7.966],[-3.974,7.967],[-3.976,7.967],[-3.978,7.968],[-3.98,7.968],[-3.981,7.968],[-3.983,7.967],[-3.986,7.967],[-3.987,7.966],[-3.988,7.966],[-3.99,7.965],[-3.991,7.964],[-3.994,7.961],[-3.995,7.96],[-3.996,7.959],[-3.997,7.958],[-3.998,7.957],[-3.999,7.956],[-4.001,7.954],[-4.002,7.953],[-4.003,7.953],[-4.005,7.951],[-4.006,7.949],[-4.008,7.949],[-4.01,7.949],[-4.011,7.949],[-4.012,7.95],[-4.014,7.951],[-4.015,7.952],[-4.016,7.953],[-4.016,7.955],[-4.016,7.956],[-4.016,7.958],[-4.017,7.96],[-4.018,7.961],[-4.018,7.962],[-4.018,7.964],[-4.019,7.966],[-4.019,7.967],[-4.02,7.969],[-4.02,7.971],[-4.02,7.972],[-4.02,7.974],[-4.021,7.975],[-4.022,7.977],[-4.021,7.979],[-4.021,7.98],[-4.019,7.981],[-4.019,7.983],[-4.018,7.985],[-4.017,7.987],[-4.017,7.988],[-4.016,7.989],[-4.015,7.99],[-4.013,7.991],[-4.012,7.992],[-4.011,7.992],[-4.01,7.993],[-4.009,7.993],[-4.008,7.993],[-4.007,7.994],[-4.005,7.995],[-4.005,7.997],[-4.004,7.998],[-4.003,7.999],[-4.002,8.0],[-4.001,8.001],[-3.999,8.003],[-3.998,8.005],[-3.997,8.006],[-3.996,8.008],[-3.994,8.009],[-3.993,8.01],[-3.992,8.01],[-3.99,8.01],[-3.988,8.01],[-3.986,8.01],[-3.985,8.01],[-3.984,8.011],[-3.982,8.011],[-3.981,8.011],[-3.979,8.011],[-3.978,8.012],[-3.976,8.013],[-3.976,8.014],[-3.974,8.016],[-3.974,8.018],[-3.974,8.02],[-3.974,8.021],[-3.974,8.023],[-3.975,8.023],[-3.977,8.023],[-3.978,8.024],[-3.979,8.024],[-3.98,8.025],[-3.982,8.025],[-3.983,8.025],[-3.985,8.025],[-3.987,8.024],[-3.988,8.025],[-3.99,8.025],[-3.992,8.025],[-3.994,8.026],[-3.995,8.028],[-3.996,8.029],[-3.997,8.03],[-3.998,8.031],[-3.999,8.032],[-4.0,8.033],[-4.001,8.034],[-4.003,8.035],[-4.005,8.036],[-4.006,8.037],[-4.007,8.039],[-4.008,8.04],[-4.009,8.041],[-4.01,8.041],[-4.012,8.042],[-4.013,8.042],[-4.014,8.043],[-4.015,8.044],[-4.016,8.046],[-4.017,8.047],[-4.018,8.048],[-4.019,8.05],[-4.018,8.052],[-4.017,8.055],[-4.017,8.057],[-4.017,8.059],[-4.017,8.06],[-4.017,8.062],[-4.016,8.063],[-4.016,8.064],[-4.015,8.065],[-4.014,8.066],[-4.013,8.067],[-4.012,8.068],[-4.011,8.069],[-4.01,8.07],[-4.008,8.072],[-4.007,8.073],[-4.007,8.075],[-4.007,8.076],[-4.006,8.078],[-4.005,8.08],[-4.005,8.081],[-4.005,8.083],[-4.005,8.084],[-4.005,8.086],[-4.005,8.087],[-4.006,8.089],[-4.006,8.091],[-4.006,8.092],[-4.007,8.094],[-4.007,8.096],[-4.005,8.099],[-4.004,8.1],[-4.003,8.101],[-4.002,8.102],[-4.0,8.104],[-3.998,8.105],[-3.996,8.106],[-3.993,8.107],[-3.992,8.107],[-3.989,8.107],[-3.984,8.107],[-3.982,8.108],[-3.98,8.109],[-3.979,8.109],[-3.978,8.109],[-3.976,8.108],[-3.975,8.108],[-3.973,8.108],[-3.971,8.108],[-3.969,8.108],[-3.967,8.107],[-3.966,8.106],[-3.963,8.106],[-3.962,8.105],[-3.961,8.104],[-3.959,8.103],[-3.958,8.103],[-3.956,8.103],[-3.954,8.104],[-3.952,8.104],[-3.951,8.104],[-3.949,8.105],[-3.947,8.105],[-3.945,8.105],[-3.944,8.104],[-3.942,8.104],[-3.938,8.104],[-3.937,8.104],[-3.936,8.105],[-3.933,8.106],[-3.933,8.107],[-3.932,8.109],[-3.932,8.11],[-3.932,8.111],[-3.932,8.113],[-3.932,8.115],[-3.932,8.117],[-3.933,8.118],[-3.933,8.119],[-3.935,8.12],[-3.937,8.12],[-3.938,8.12],[-3.94,8.12],[-3.942,8.121],[-3.943,8.121],[-3.944,8.122],[-3.946,8.122],[-3.948,8.122],[-3.95,8.122],[-3.951,8.123],[-3.951,8.124],[-3.952,8.126],[-3.952,8.127],[-3.953,8.128],[-3.954,8.13],[-3.955,8.131],[-3.957,8.133],[-3.958,8.134],[-3.96,8.134],[-3.961,8.135],[-3.962,8.136],[-3.963,8.137],[-3.964,8.139],[-3.964,8.14],[-3.965,8.142],[-3.966,8.142],[-3.968,8.144],[-3.968,8.145],[-3.969,8.147],[-3.97,8.149],[-3.972,8.149],[-3.973,8.15],[-3.974,8.151],[-3.975,8.152],[-3.978,8.154],[-3.979,8.155],[-3.98,8.156],[-3.982,8.158],[-3.982,8.159],[-3.983,8.161],[-3.983,8.163],[-3.983,8.164],[-3.984,8.166],[-3.985,8.166],[-3.986,8.166],[-3.988,8.166],[-3.99,8.167],[-3.991,8.167],[-3.993,8.169],[-3.995,8.169],[-3.996,8.17],[-3.997,8.17],[-3.999,8.171],[-4.001,8.171],[-4.002,8.172],[-4.003,8.172],[-4.004,8.173],[-4.006,8.173],[-4.007,8.173],[-4.008,8.174],[-4.01,8.174],[-4.012,8.174],[-4.014,8.174],[-4.015,8.174],[-4.017,8.174],[-4.019,8.173],[-4.021,8.172],[-4.022,8.172],[-4.023,8.172],[-4.025,8.172],[-4.026,8.173],[-4.027,8.174],[-4.028,8.175],[-4.03,8.177],[-4.031,8.178],[-4.032,8.179],[-4.033,8.181],[-4.034,8.183],[-4.034,8.184],[-4.034,8.186],[-4.035,8.189],[-4.035,8.191],[-4.035,8.192],[-4.035,8.193],[-4.035,8.195],[-4.034,8.198],[-4.032,8.2],[-4.03,8.202],[-4.029,8.204],[-4.027,8.206],[-4.025,8.208],[-4.024,8.21],[-4.023,8.211],[-4.022,8.212],[-4.02,8.214],[-4.017,8.216],[-4.014,8.219],[-4.013,8.221],[-4.012,8.223],[-4.011,8.225],[-4.01,8.227],[-4.01,8.229],[-4.009,8.231],[-4.012,8.236],[-4.014,8.239],[-4.014,8.24],[-4.016,8.242],[-4.017,8.244],[-4.019,8.245],[-4.02,8.247],[-4.022,8.248],[-4.023,8.25],[-4.025,8.251],[-4.027,8.253],[-4.03,8.255],[-4.031,8.257],[-4.034,8.259],[-4.036,8.26],[-4.038,8.261],[-4.039,8.262],[-4.041,8.263],[-4.042,8.264],[-4.044,8.266],[-4.045,8.268],[-4.046,8.27],[-4.048,8.271],[-4.05,8.275],[-4.051,8.276],[-4.053,8.278],[-4.054,8.281],[-4.056,8.283],[-4.057,8.284],[-4.06,8.287],[-4.062,8.288],[-4.063,8.291],[-4.061,8.297],[-4.06,8.298],[-4.059,8.3],[-4.057,8.302],[-4.055,8.304],[-4.053,8.304],[-4.052,8.305],[-4.05,8.306],[-4.047,8.306],[-4.046,8.307],[-4.045,8.307],[-4.042,8.308],[-4.039,8.308],[-4.037,8.307],[-4.036,8.307],[-4.033,8.307],[-4.031,8.306],[-4.03,8.306],[-4.028,8.306],[-4.025,8.306],[-4.023,8.305],[-4.02,8.305],[-4.018,8.305],[-4.016,8.305],[-4.013,8.305],[-4.011,8.304],[-4.009,8.304],[-4.007,8.303],[-4.005,8.303],[-4.004,8.303],[-4.002,8.303],[-3.998,8.302],[-3.996,8.302],[-3.994,8.301],[-3.992,8.301],[-3.99,8.3],[-3.987,8.299],[-3.984,8.298],[-3.982,8.298],[-3.98,8.298],[-3.978,8.298],[-3.976,8.298],[-3.973,8.299],[-3.971,8.301],[-3.97,8.303],[-3.969,8.305],[-3.968,8.307],[-3.968,8.31],[-3.968,8.313],[-3.968,8.315],[-3.969,8.318],[-3.969,8.321],[-3.969,8.323],[-3.968,8.326],[-3.967,8.329],[-3.965,8.331],[-3.964,8.333],[-3.963,8.335],[-3.961,8.337],[-3.96,8.339],[-3.96,8.343],[-3.96,8.345],[-3.961,8.348],[-3.963,8.348],[-3.966,8.349],[-3.969,8.35],[-3.971,8.35],[-3.972,8.351],[-3.974,8.351],[-3.977,8.351],[-3.98,8.352],[-3.982,8.353],[-3.983,8.355],[-3.984,8.357],[-3.985,8.359],[-3.987,8.36],[-3.99,8.362],[-3.992,8.363],[-3.992,8.365],[-3.993,8.367],[-3.992,8.37],[-3.99,8.372],[-3.988,8.373],[-3.985,8.374],[-3.982,8.374],[-3.979,8.374],[-3.976,8.374],[-3.974,8.375],[-3.969,8.377],[-3.967,8.378],[-3.965,8.38],[-3.963,8.381],[-3.962,8.384],[-3.96,8.386],[-3.958,8.39],[-3.958,8.393],[-3.959,8.396],[-3.961,8.397],[-3.963,8.398],[-3.966,8.399],[-3.969,8.399],[-3.97,8.399],[-3.974,8.4],[-3.976,8.4],[-3.978,8.401],[-3.981,8.402],[-3.983,8.402],[-3.985,8.402],[-3.988,8.4],[-3.99,8.399],[-3.992,8.399],[-3.994,8.4],[-3.997,8.401],[-3.998,8.404],[-3.999,8.406],[-4.0,8.408],[-4.0,8.41],[-4.002,8.413],[-4.002,8.415],[-4.003,8.417],[-4.004,8.42],[-4.005,8.422],[-4.006,8.426],[-4.006,8.427],[-4.005,8.43],[-4.004,8.432],[-4.002,8.433],[-4.0,8.434],[-3.998,8.434],[-3.996,8.434],[-3.994,8.433],[-3.992,8.433],[-3.989,8.433],[-3.987,8.432],[-3.985,8.432],[-3.983,8.431],[-3.981,8.431],[-3.979,8.432],[-3.976,8.432],[-3.974,8.432],[-3.973,8.433],[-3.97,8.434],[-3.964,8.437],[-3.962,8.438],[-3.96,8.439],[-3.958,8.439],[-3.956,8.44],[-3.954,8.441],[-3.947,8.446],[-3.94,8.447],[-3.939,8.447],[-3.937,8.449],[-3.936,8.45],[-3.936,8.453],[-3.936,8.455],[-3.935,8.458],[-3.936,8.461],[-3.935,8.464],[-3.935,8.467],[-3.934,8.47],[-3.933,8.473],[-3.931,8.474],[-3.929,8.475],[-3.927,8.477],[-3.926,8.479],[-3.926,8.481],[-3.926,8.483],[-3.926,8.486],[-3.926,8.488],[-3.927,8.492],[-3.928,8.493],[-3.929,8.496],[-3.931,8.497],[-3.94,8.5],[-3.943,8.501],[-3.945,8.502],[-3.947,8.504],[-3.948,8.505],[-3.964,8.509],[-3.968,8.509],[-3.973,8.511],[-3.976,8.511],[-3.979,8.513],[-3.982,8.514],[-3.984,8.519],[-3.984,8.523],[-3.985,8.525],[-3.984,8.528],[-3.983,8.529],[-3.982,8.531],[-3.982,8.534],[-3.982,8.536],[-3.98,8.538],[-3.976,8.542],[-3.974,8.543],[-3.971,8.544],[-3.968,8.545],[-3.965,8.545],[-3.962,8.546],[-3.96,8.545],[-3.958,8.546],[-3.955,8.546],[-3.953,8.547],[-3.95,8.547],[-3.947,8.548],[-3.944,8.548],[-3.942,8.549],[-3.939,8.551],[-3.937,8.553],[-3.935,8.555],[-3.933,8.557],[-3.932,8.559],[-3.93,8.561],[-3.928,8.562],[-3.926,8.563],[-3.924,8.564],[-3.922,8.566],[-3.92,8.567],[-3.919,8.568],[-3.917,8.569],[-3.916,8.57],[-3.914,8.571],[-3.913,8.571],[-3.911,8.571],[-3.91,8.572],[-3.908,8.573],[-3.906,8.574],[-3.904,8.574],[-3.902,8.574],[-3.901,8.575],[-3.901,8.575],[-3.9,8.576],[-3.901,8.578],[-3.902,8.58],[-3.903,8.582],[-3.904,8.583],[-3.905,8.585],[-3.906,8.586],[-3.906,8.588],[-3.907,8.589],[-3.909,8.59],[-3.91,8.592],[-3.911,8.593],[-3.912,8.593],[-3.913,8.595],[-3.914,8.597],[-3.914,8.599],[-3.914,8.6],[-3.915,8.601],[-3.916,8.603],[-3.917,8.604],[-3.918,8.606],[-3.92,8.607],[-3.921,8.608],[-3.924,8.611],[-3.943,8.628],[-3.945,8.629],[-3.945,8.633],[-3.944,8.636],[-3.943,8.639],[-3.943,8.642],[-3.943,8.643],[-3.942,8.645],[-3.943,8.649],[-3.943,8.653],[-3.943,8.655],[-3.943,8.659],[-3.943,8.662],[-3.942,8.666],[-3.941,8.669],[-3.941,8.671],[-3.94,8.674],[-3.938,8.677],[-3.935,8.679],[-3.933,8.681],[-3.93,8.684],[-3.927,8.685],[-3.924,8.685],[-3.922,8.684],[-3.919,8.683],[-3.917,8.682],[-3.914,8.681],[-3.908,8.683],[-3.898,8.692],[-3.893,8.693],[-3.889,8.694],[-3.886,8.695],[-3.883,8.695],[-3.88,8.695],[-3.872,8.694],[-3.863,8.694],[-3.865,8.698],[-3.867,8.698],[-3.873,8.699],[-3.863,8.73],[-3.811,8.783],[-3.806,8.825],[-3.808,8.827],[-3.81,8.828],[-3.812,8.828],[-3.815,8.829],[-3.818,8.829],[-3.82,8.83],[-3.822,8.831],[-3.824,8.833],[-3.827,8.862],[-3.833,8.868],[-3.835,8.871],[-3.836,8.873],[-3.838,8.877],[-3.85,8.881],[-3.855,8.883],[-3.857,8.903],[-3.862,8.913],[-3.864,8.915],[-3.872,8.918],[-3.877,8.919],[-3.882,8.92],[-3.886,8.922],[-3.891,8.925],[-3.893,8.926],[-3.904,8.951],[-3.882,8.96],[-3.881,8.96],[-3.879,8.959],[-3.876,8.958],[-3.873,8.956],[-3.87,8.954],[-3.867,8.953],[-3.865,8.953],[-3.861,8.953],[-3.86,8.954],[-3.857,8.957],[-3.856,8.96],[-3.854,8.963],[-3.852,8.964],[-3.851,8.967],[-3.849,8.968],[-3.847,8.97],[-3.845,8.973],[-3.843,8.975],[-3.84,8.975],[-3.837,8.975],[-3.834,8.976],[-3.831,8.975],[-3.828,8.976],[-3.826,8.978],[-3.824,8.98],[-3.823,8.982],[-3.82,8.984],[-3.818,8.985],[-3.815,8.986],[-3.812,8.987],[-3.809,8.989],[-3.806,8.99],[-3.803,8.991],[-3.8,8.993],[-3.798,8.995],[-3.796,8.996],[-3.795,8.998],[-3.795,9.001],[-3.797,9.004],[-3.798,9.006],[-3.8,9.008],[-3.803,9.01],[-3.805,9.012],[-3.808,9.013],[-3.811,9.014],[-3.813,9.017],[-3.815,9.018],[-3.816,9.02],[-3.819,9.021],[-3.822,9.021],[-3.824,9.023],[-3.828,9.024],[-3.831,9.025],[-3.833,9.025],[-3.835,9.025],[-3.84,9.026],[-3.842,9.026],[-3.846,9.025],[-3.85,9.025],[-3.853,9.026],[-3.855,9.029],[-3.857,9.032],[-3.859,9.034],[-3.861,9.037],[-3.864,9.038],[-3.866,9.04],[-3.868,9.042],[-3.87,9.044],[-3.87,9.047],[-3.871,9.049],[-3.873,9.051],[-3.877,9.051],[-3.879,9.05],[-3.882,9.049],[-3.884,9.048],[-3.887,9.049],[-3.89,9.05],[-3.893,9.05],[-3.896,9.051],[-3.899,9.053],[-3.9,9.055],[-3.902,9.057],[-3.901,9.06],[-3.899,9.061],[-3.896,9.062],[-3.893,9.063],[-3.89,9.064],[-3.888,9.064],[-3.885,9.066],[-3.885,9.069],[-3.886,9.072],[-3.886,9.075],[-3.886,9.08],[-3.886,9.084],[-3.886,9.087],[-3.886,9.09],[-3.884,9.093],[-3.883,9.095],[-3.881,9.097],[-3.879,9.099],[-3.876,9.101],[-3.872,9.101],[-3.87,9.1],[-3.867,9.098],[-3.865,9.097],[-3.862,9.095],[-3.861,9.092],[-3.861,9.09],[-3.86,9.087],[-3.858,9.084],[-3.857,9.083],[-3.855,9.081],[-3.853,9.079],[-3.85,9.077],[-3.848,9.077],[-3.846,9.078],[-3.845,9.082],[-3.843,9.084],[-3.843,9.086],[-3.842,9.089],[-3.842,9.092],[-3.843,9.095],[-3.844,9.098],[-3.844,9.1],[-3.845,9.104],[-3.845,9.108],[-3.845,9.11],[-3.844,9.112],[-3.844,9.115],[-3.844,9.117],[-3.846,9.119],[-3.848,9.121],[-3.851,9.121],[-3.853,9.12],[-3.857,9.119],[-3.859,9.118],[-3.862,9.119],[-3.864,9.119],[-3.865,9.116],[-3.866,9.113],[-3.868,9.111],[-3.87,9.109],[-3.873,9.108],[-3.877,9.107],[-3.88,9.106],[-3.884,9.106],[-3.887,9.106],[-3.891,9.106],[-3.894,9.107],[-3.897,9.108],[-3.901,9.109],[-3.902,9.111],[-3.903,9.114],[-3.904,9.117],[-3.905,9.121],[-3.906,9.124],[-3.907,9.127],[-3.907,9.13],[-3.906,9.134],[-3.907,9.137],[-3.908,9.141],[-3.908,9.143],[-3.907,9.145],[-3.905,9.149],[-3.903,9.151],[-3.9,9.153],[-3.898,9.156],[-3.895,9.16],[-3.893,9.161],[-3.89,9.164],[-3.887,9.167],[-3.884,9.17],[-3.884,9.172],[-3.886,9.174],[-3.889,9.174],[-3.891,9.174],[-3.895,9.173],[-3.897,9.172],[-3.899,9.172],[-3.902,9.171],[-3.904,9.169],[-3.908,9.169],[-3.911,9.169],[-3.913,9.169],[-3.916,9.171],[-3.92,9.171],[-3.924,9.17],[-3.926,9.17],[-3.929,9.17],[-3.933,9.17],[-3.935,9.173],[-3.937,9.175],[-3.94,9.177],[-3.943,9.18],[-3.944,9.182],[-3.946,9.184],[-3.947,9.185],[-3.949,9.187],[-3.95,9.189],[-3.952,9.193],[-3.953,9.198],[-3.952,9.201],[-3.953,9.204],[-3.957,9.206],[-3.96,9.205],[-3.964,9.206],[-3.966,9.206],[-3.968,9.206],[-3.972,9.207],[-3.976,9.207],[-3.98,9.206],[-3.982,9.206],[-3.987,9.207],[-3.99,9.206],[-3.992,9.203],[-3.994,9.202],[-3.998,9.203],[-4.001,9.204],[-4.002,9.206],[-4.002,9.21],[-4.003,9.212],[-4.006,9.213],[-4.008,9.214],[-4.011,9.215],[-4.015,9.216],[-4.018,9.215],[-4.02,9.213],[-4.024,9.211],[-4.026,9.211],[-4.03,9.214],[-4.032,9.217],[-4.033,9.219],[-4.035,9.221],[-4.037,9.223],[-4.04,9.226],[-4.042,9.23],[-4.044,9.233],[-4.045,9.235],[-4.048,9.238],[-4.051,9.239],[-4.055,9.238],[-4.059,9.239],[-4.063,9.241],[-4.065,9.243],[-4.065,9.245],[-4.067,9.249],[-4.068,9.254],[-4.07,9.255],[-4.072,9.257],[-4.074,9.257],[-4.077,9.257],[-4.079,9.258],[-4.083,9.259],[-4.087,9.258],[-4.09,9.257],[-4.093,9.256],[-4.096,9.256],[-4.098,9.256],[-4.101,9.257],[-4.11,9.26],[-4.115,9.26],[-4.119,9.261],[-4.121,9.262],[-4.124,9.262],[-4.127,9.261],[-4.129,9.259],[-4.131,9.257],[-4.135,9.254],[-4.136,9.252],[-4.14,9.25],[-4.145,9.249],[-4.149,9.245],[-4.151,9.243],[-4.153,9.242],[-4.155,9.24],[-4.159,9.236],[-4.16,9.233],[-4.161,9.231],[-4.163,9.229],[-4.167,9.229],[-4.171,9.231],[-4.172,9.235],[-4.177,9.24],[-4.183,9.245],[-4.189,9.248],[-4.191,9.25],[-4.194,9.252],[-4.196,9.255],[-4.197,9.257],[-4.197,9.261],[-4.196,9.263],[-4.195,9.266],[-4.193,9.27],[-4.19,9.274],[-4.187,9.275],[-4.185,9.276],[-4.181,9.277],[-4.179,9.278],[-4.176,9.28],[-4.172,9.283],[-4.17,9.285],[-4.17,9.288],[-4.171,9.292],[-4.172,9.295],[-4.175,9.298],[-4.177,9.301],[-4.179,9.303],[-4.181,9.306],[-4.184,9.308],[-4.186,9.31],[-4.188,9.313],[-4.189,9.316],[-4.191,9.318],[-4.193,9.32],[-4.195,9.323],[-4.196,9.326],[-4.197,9.329],[-4.199,9.331],[-4.202,9.334],[-4.204,9.338],[-4.206,9.341],[-4.209,9.346],[-4.207,9.349],[-4.205,9.351],[-4.201,9.352],[-4.198,9.353],[-4.194,9.355],[-4.192,9.358],[-4.189,9.361],[-4.186,9.364],[-4.186,9.369],[-4.187,9.376],[-4.186,9.38],[-4.186,9.382],[-4.184,9.384],[-4.181,9.388],[-4.18,9.389],[-4.178,9.392],[-4.177,9.399],[-4.18,9.403],[-4.183,9.405],[-4.185,9.406],[-4.188,9.405],[-4.192,9.406],[-4.194,9.409],[-4.196,9.413],[-4.197,9.415],[-4.196,9.419],[-4.194,9.423],[-4.195,9.426],[-4.194,9.43],[-4.194,9.432],[-4.193,9.435],[-4.192,9.439],[-4.192,9.443],[-4.191,9.448],[-4.191,9.451],[-4.194,9.454],[-4.197,9.457],[-4.201,9.458],[-4.203,9.459],[-4.205,9.46],[-4.209,9.462],[-4.212,9.464],[-4.215,9.467],[-4.218,9.47],[-4.219,9.471],[-4.221,9.473],[-4.224,9.475],[-4.228,9.477],[-4.231,9.478],[-4.233,9.482],[-4.234,9.485],[-4.235,9.488],[-4.236,9.49],[-4.238,9.491],[-4.241,9.495],[-4.242,9.499],[-4.243,9.502],[-4.243,9.506],[-4.243,9.51],[-4.242,9.514],[-4.241,9.517],[-4.239,9.521],[-4.239,9.524],[-4.239,9.526],[-4.239,9.53],[-4.239,9.533],[-4.24,9.536],[-4.243,9.538],[-4.246,9.539],[-4.251,9.539],[-4.255,9.542],[-4.259,9.547],[-4.261,9.549],[-4.265,9.553],[-4.268,9.554],[-4.273,9.556],[-4.276,9.557],[-4.28,9.562],[-4.284,9.567],[-4.285,9.569],[-4.287,9.574],[-4.292,9.58],[-4.298,9.588],[-4.299,9.59],[-4.302,9.592],[-4.306,9.594],[-4.307,9.595],[-4.307,9.597],[-4.307,9.599],[-4.306,9.601],[-4.305,9.603],[-4.303,9.603],[-4.302,9.604],[-4.301,9.606],[-4.298,9.609],[-4.297,9.611],[-4.296,9.613],[-4.295,9.614],[-4.294,9.616],[-4.293,9.617],[-4.291,9.619],[-4.29,9.621],[-4.289,9.623],[-4.289,9.625],[-4.288,9.627],[-4.287,9.629],[-4.286,9.631],[-4.285,9.632],[-4.284,9.634],[-4.283,9.636],[-4.282,9.638],[-4.282,9.64],[-4.282,9.642],[-4.282,9.644],[-4.282,9.646],[-4.282,9.648],[-4.283,9.65],[-4.283,9.652],[-4.284,9.654],[-4.284,9.656],[-4.283,9.658],[-4.282,9.66],[-4.281,9.662],[-4.281,9.664],[-4.281,9.666],[-4.282,9.668],[-4.283,9.669],[-4.282,9.671],[-4.281,9.672],[-4.279,9.674],[-4.277,9.675],[-4.276,9.676],[-4.274,9.677],[-4.272,9.677],[-4.271,9.679],[-4.272,9.681],[-4.273,9.683],[-4.274,9.685],[-4.276,9.686],[-4.278,9.687],[-4.28,9.688],[-4.28,9.69],[-4.28,9.692],[-4.278,9.693],[-4.276,9.692],[-4.274,9.691],[-4.272,9.691],[-4.27,9.691],[-4.269,9.693],[-4.268,9.695],[-4.269,9.697],[-4.27,9.699],[-4.27,9.701],[-4.271,9.702],[-4.27,9.704],[-4.268,9.706],[-4.267,9.707],[-4.266,9.709],[-4.265,9.711],[-4.265,9.713],[-4.265,9.716],[-4.266,9.718],[-4.266,9.719],[-4.268,9.721],[-4.268,9.723],[-4.267,9.725],[-4.265,9.726],[-4.263,9.727],[-4.262,9.727],[-4.26,9.728],[-4.258,9.729],[-4.258,9.732],[-4.26,9.733],[-4.261,9.734],[-4.263,9.735],[-4.265,9.735],[-4.267,9.734],[-4.269,9.734],[-4.271,9.734],[-4.273,9.736],[-4.273,9.738],[-4.272,9.739],[-4.27,9.741],[-4.269,9.742],[-4.267,9.744],[-4.266,9.745],[-4.266,9.748],[-4.266,9.75],[-4.266,9.752],[-4.266,9.754],[-4.265,9.755],[-4.263,9.756],[-4.261,9.755],[-4.259,9.754],[-4.257,9.753],[-4.255,9.753],[-4.253,9.754],[-4.252,9.755],[-4.25,9.757],[-4.249,9.758],[-4.247,9.759],[-4.246,9.761],[-4.244,9.762],[-4.244,9.764],[-4.236,9.765],[-4.206,9.771],[-4.2,9.771],[-4.191,9.774],[-4.18,9.783],[-4.174,9.795],[-4.166,9.807],[-4.164,9.813],[-4.149,9.817],[-4.143,9.821],[-4.13,9.846],[-4.124,9.847],[-4.117,9.839],[-4.099,9.826],[-4.09,9.819],[-4.064,9.813],[-4.047,9.809],[-4.046,9.808],[-4.043,9.809],[-4.041,9.81],[-4.04,9.812],[-4.038,9.813],[-4.037,9.815],[-4.036,9.816],[-4.035,9.818],[-4.034,9.82],[-4.033,9.822],[-4.032,9.824],[-4.031,9.825],[-4.03,9.827],[-4.029,9.829],[-4.027,9.831],[-4.026,9.832],[-4.024,9.833],[-4.023,9.835],[-4.021,9.836],[-4.019,9.837],[-4.017,9.836],[-4.014,9.835],[-4.012,9.835],[-4.01,9.835],[-4.008,9.835],[-4.006,9.834],[-4.004,9.834],[-4.002,9.833],[-4.0,9.833],[-3.998,9.833],[-3.997,9.834],[-3.994,9.834],[-3.993,9.833],[-3.991,9.832],[-3.99,9.831],[-3.988,9.83],[-3.985,9.83],[-3.983,9.83],[-3.981,9.83],[-3.979,9.83],[-3.977,9.831],[-3.975,9.831],[-3.974,9.833],[-3.972,9.833],[-3.969,9.834],[-3.968,9.835],[-3.967,9.837],[-3.966,9.839],[-3.966,9.841],[-3.968,9.842],[-3.97,9.843],[-3.971,9.844],[-3.972,9.846],[-3.972,9.848],[-3.972,9.85],[-3.971,9.852],[-3.97,9.854],[-3.968,9.855],[-3.967,9.857],[-3.967,9.859],[-3.967,9.861],[-3.967,9.863],[-3.967,9.865],[-3.966,9.867],[-3.965,9.869],[-3.964,9.871],[-3.962,9.872],[-3.96,9.872],[-3.958,9.874],[-3.957,9.875],[-3.955,9.876],[-3.954,9.877],[-3.952,9.877],[-3.95,9.876],[-3.948,9.876],[-3.946,9.876],[-3.944,9.875],[-3.942,9.876],[-3.94,9.876],[-3.938,9.876],[-3.936,9.876],[-3.934,9.876],[-3.932,9.875],[-3.93,9.875],[-3.928,9.875],[-3.924,9.877],[-3.923,9.879],[-3.921,9.88],[-3.919,9.881],[-3.917,9.882],[-3.915,9.882],[-3.913,9.882],[-3.911,9.882],[-3.909,9.882],[-3.907,9.883],[-3.906,9.884],[-3.905,9.886],[-3.904,9.887],[-3.903,9.889],[-3.902,9.891],[-3.901,9.893],[-3.9,9.895],[-3.899,9.898],[-3.892,9.906],[-3.876,9.902],[-3.863,9.903],[-3.857,9.903],[-3.836,9.901],[-3.83,9.899],[-3.824,9.903],[-3.817,9.904],[-3.804,9.9],[-3.798,9.896],[-3.797,9.897],[-3.782,9.918],[-3.777,9.924],[-3.772,9.926],[-3.747,9.931],[-3.726,9.933],[-3.706,9.936],[-3.693,9.935],[-3.678,9.928],[-3.67,9.928],[-3.655,9.932],[-3.638,9.949],[-3.633,9.955],[-3.627,9.958],[-3.613,9.958],[-3.593,9.938]]]}},{"type":"Feature","id":"Lagunes","properties":{"name":"Lagunes","code":"CI13","level":"district","status":"pending","schools":454,"students":105607,"girls":51776,"boys":53831},"geometry":{"type":"Polygon","coordinates":[[[-3.683,6.625],[-3.683,6.623],[-3.684,6.622],[-3.687,6.62],[-3.688,6.619],[-3.69,6.618],[-3.692,6.616],[-3.693,6.614],[-3.695,6.612],[-3.695,6.61],[-3.696,6.607],[-3.696,6.606],[-3.695,6.603],[-3.693,6.602],[-3.692,6.6],[-3.692,6.598],[-3.693,6.597],[-3.693,6.595],[-3.693,6.592],[-3.693,6.59],[-3.693,6.588],[-3.694,6.586],[-3.692,6.584],[-3.691,6.582],[-3.688,6.581],[-3.687,6.58],[-3.685,6.581],[-3.683,6.581],[-3.681,6.581],[-3.679,6.58],[-3.677,6.579],[-3.676,6.578],[-3.674,6.577],[-3.673,6.576],[-3.672,6.574],[-3.671,6.573],[-3.669,6.572],[-3.667,6.571],[-3.665,6.569],[-3.664,6.566],[-3.665,6.564],[-3.665,6.562],[-3.666,6.56],[-3.667,6.559],[-3.667,6.556],[-3.668,6.554],[-3.668,6.552],[-3.668,6.549],[-3.668,6.547],[-3.668,6.546],[-3.667,6.544],[-3.667,6.542],[-3.667,6.54],[-3.665,6.539],[-3.662,6.538],[-3.661,6.537],[-3.659,6.536],[-3.658,6.535],[-3.656,6.534],[-3.655,6.533],[-3.654,6.531],[-3.653,6.529],[-3.654,6.527],[-3.654,6.525],[-3.654,6.524],[-3.654,6.522],[-3.654,6.52],[-3.654,6.518],[-3.653,6.517],[-3.651,6.515],[-3.651,6.513],[-3.65,6.511],[-3.649,6.51],[-3.648,6.508],[-3.649,6.506],[-3.649,6.503],[-3.648,6.502],[-3.647,6.5],[-3.646,6.497],[-3.646,6.496],[-3.645,6.494],[-3.645,6.492],[-3.644,6.49],[-3.644,6.489],[-3.643,6.487],[-3.642,6.485],[-3.642,6.482],[-3.643,6.481],[-3.644,6.48],[-3.646,6.478],[-3.647,6.477],[-3.648,6.475],[-3.648,6.473],[-3.648,6.471],[-3.649,6.469],[-3.649,6.467],[-3.651,6.466],[-3.652,6.465],[-3.653,6.464],[-3.654,6.461],[-3.654,6.46],[-3.654,6.459],[-3.653,6.457],[-3.651,6.445],[-3.648,6.444],[-3.647,6.442],[-3.644,6.442],[-3.642,6.442],[-3.64,6.442],[-3.639,6.441],[-3.637,6.441],[-3.635,6.442],[-3.633,6.444],[-3.627,6.451],[-3.627,6.453],[-3.621,6.449],[-3.62,6.448],[-3.618,6.446],[-3.616,6.445],[-3.615,6.442],[-3.614,6.441],[-3.613,6.439],[-3.613,6.437],[-3.612,6.435],[-3.612,6.434],[-3.612,6.432],[-3.612,6.43],[-3.612,6.428],[-3.612,6.426],[-3.612,6.425],[-3.612,6.423],[-3.612,6.422],[-3.612,6.419],[-3.611,6.417],[-3.611,6.415],[-3.61,6.412],[-3.609,6.41],[-3.607,6.408],[-3.606,6.406],[-3.604,6.404],[-3.602,6.403],[-3.6,6.402],[-3.599,6.401],[-3.597,6.399],[-3.596,6.398],[-3.595,6.395],[-3.594,6.393],[-3.595,6.391],[-3.593,6.389],[-3.591,6.387],[-3.589,6.387],[-3.588,6.388],[-3.587,6.389],[-3.587,6.392],[-3.586,6.394],[-3.585,6.396],[-3.583,6.397],[-3.581,6.398],[-3.579,6.399],[-3.576,6.399],[-3.573,6.397],[-3.571,6.396],[-3.57,6.395],[-3.567,6.394],[-3.566,6.392],[-3.564,6.391],[-3.562,6.389],[-3.561,6.387],[-3.559,6.385],[-3.557,6.384],[-3.555,6.383],[-3.554,6.382],[-3.552,6.381],[-3.551,6.379],[-3.549,6.378],[-3.547,6.379],[-3.545,6.38],[-3.543,6.381],[-3.542,6.382],[-3.542,6.384],[-3.542,6.386],[-3.543,6.388],[-3.545,6.389],[-3.546,6.39],[-3.547,6.392],[-3.547,6.394],[-3.546,6.396],[-3.544,6.397],[-3.543,6.397],[-3.541,6.397],[-3.54,6.399],[-3.538,6.4],[-3.536,6.399],[-3.534,6.398],[-3.532,6.397],[-3.531,6.396],[-3.529,6.394],[-3.528,6.393],[-3.527,6.392],[-3.525,6.391],[-3.523,6.389],[-3.516,6.383],[-3.514,6.381],[-3.513,6.38],[-3.512,6.379],[-3.513,6.377],[-3.514,6.375],[-3.514,6.373],[-3.514,6.372],[-3.513,6.37],[-3.513,6.367],[-3.514,6.364],[-3.518,6.355],[-3.518,6.353],[-3.516,6.351],[-3.514,6.35],[-3.512,6.349],[-3.511,6.35],[-3.509,6.351],[-3.507,6.352],[-3.506,6.35],[-3.506,6.349],[-3.505,6.347],[-3.506,6.346],[-3.506,6.344],[-3.506,6.342],[-3.506,6.341],[-3.507,6.339],[-3.508,6.338],[-3.509,6.337],[-3.509,6.335],[-3.509,6.333],[-3.509,6.331],[-3.509,6.329],[-3.509,6.328],[-3.508,6.327],[-3.506,6.325],[-3.505,6.324],[-3.503,6.323],[-3.501,6.321],[-3.502,6.32],[-3.502,6.318],[-3.501,6.317],[-3.499,6.317],[-3.498,6.316],[-3.496,6.314],[-3.494,6.313],[-3.494,6.311],[-3.492,6.311],[-3.491,6.31],[-3.49,6.308],[-3.488,6.307],[-3.487,6.307],[-3.485,6.305],[-3.483,6.304],[-3.482,6.302],[-3.481,6.3],[-3.48,6.299],[-3.478,6.298],[-3.478,6.296],[-3.477,6.293],[-3.477,6.291],[-3.476,6.289],[-3.477,6.287],[-3.477,6.285],[-3.477,6.283],[-3.477,6.281],[-3.475,6.279],[-3.476,6.277],[-3.476,6.276],[-3.475,6.274],[-3.475,6.271],[-3.475,6.269],[-3.474,6.266],[-3.474,6.264],[-3.474,6.262],[-3.472,6.261],[-3.47,6.259],[-3.469,6.258],[-3.467,6.256],[-3.466,6.256],[-3.465,6.254],[-3.463,6.253],[-3.46,6.253],[-3.459,6.252],[-3.457,6.252],[-3.454,6.25],[-3.452,6.249],[-3.45,6.248],[-3.45,6.246],[-3.45,6.244],[-3.449,6.242],[-3.449,6.241],[-3.45,6.24],[-3.452,6.239],[-3.45,6.238],[-3.452,6.237],[-3.454,6.237],[-3.456,6.237],[-3.458,6.237],[-3.459,6.237],[-3.461,6.238],[-3.463,6.239],[-3.464,6.24],[-3.466,6.241],[-3.468,6.242],[-3.469,6.244],[-3.471,6.244],[-3.472,6.246],[-3.473,6.246],[-3.475,6.246],[-3.477,6.245],[-3.478,6.245],[-3.481,6.244],[-3.482,6.243],[-3.483,6.241],[-3.484,6.24],[-3.485,6.238],[-3.486,6.237],[-3.487,6.236],[-3.488,6.234],[-3.488,6.233],[-3.488,6.231],[-3.489,6.229],[-3.489,6.228],[-3.489,6.225],[-3.489,6.224],[-3.488,6.222],[-3.488,6.22],[-3.487,6.218],[-3.486,6.217],[-3.484,6.215],[-3.483,6.214],[-3.481,6.212],[-3.479,6.21],[-3.478,6.208],[-3.477,6.207],[-3.476,6.206],[-3.474,6.205],[-3.473,6.203],[-3.471,6.202],[-3.469,6.201],[-3.468,6.201],[-3.466,6.199],[-3.465,6.197],[-3.464,6.195],[-3.464,6.193],[-3.464,6.191],[-3.463,6.189],[-3.463,6.187],[-3.464,6.186],[-3.464,6.184],[-3.465,6.182],[-3.465,6.18],[-3.465,6.177],[-3.463,6.175],[-3.461,6.174],[-3.459,6.173],[-3.458,6.173],[-3.456,6.173],[-3.454,6.173],[-3.452,6.172],[-3.451,6.172],[-3.449,6.173],[-3.448,6.173],[-3.445,6.174],[-3.444,6.176],[-3.444,6.179],[-3.445,6.181],[-3.446,6.183],[-3.448,6.184],[-3.45,6.186],[-3.451,6.187],[-3.453,6.189],[-3.454,6.191],[-3.454,6.194],[-3.452,6.195],[-3.45,6.196],[-3.448,6.196],[-3.445,6.196],[-3.443,6.197],[-3.442,6.198],[-3.44,6.198],[-3.437,6.198],[-3.436,6.198],[-3.434,6.198],[-3.432,6.198],[-3.43,6.196],[-3.429,6.195],[-3.429,6.193],[-3.428,6.192],[-3.428,6.19],[-3.427,6.189],[-3.426,6.188],[-3.425,6.187],[-3.424,6.186],[-3.423,6.184],[-3.422,6.182],[-3.421,6.18],[-3.42,6.177],[-3.419,6.176],[-3.419,6.173],[-3.419,6.171],[-3.419,6.169],[-3.418,6.167],[-3.418,6.166],[-3.417,6.164],[-3.416,6.162],[-3.415,6.16],[-3.413,6.158],[-3.412,6.156],[-3.41,6.155],[-3.409,6.154],[-3.406,6.153],[-3.405,6.151],[-3.404,6.15],[-3.403,6.148],[-3.402,6.146],[-3.403,6.144],[-3.403,6.142],[-3.402,6.14],[-3.402,6.138],[-3.401,6.136],[-3.401,6.135],[-3.403,6.134],[-3.405,6.134],[-3.406,6.135],[-3.41,6.136],[-3.412,6.137],[-3.414,6.136],[-3.415,6.134],[-3.416,6.132],[-3.417,6.131],[-3.417,6.129],[-3.417,6.127],[-3.417,6.125],[-3.417,6.122],[-3.416,6.12],[-3.416,6.119],[-3.415,6.116],[-3.415,6.114],[-3.414,6.112],[-3.412,6.111],[-3.411,6.109],[-3.409,6.107],[-3.407,6.105],[-3.405,6.104],[-3.404,6.103],[-3.402,6.102],[-3.4,6.099],[-3.4,6.097],[-3.401,6.096],[-3.402,6.093],[-3.404,6.092],[-3.405,6.092],[-3.407,6.092],[-3.409,6.092],[-3.411,6.092],[-3.413,6.092],[-3.415,6.091],[-3.417,6.091],[-3.419,6.09],[-3.42,6.09],[-3.422,6.09],[-3.424,6.089],[-3.426,6.087],[-3.427,6.086],[-3.428,6.083],[-3.428,6.081],[-3.429,6.079],[-3.43,6.077],[-3.431,6.074],[-3.431,6.072],[-3.431,6.07],[-3.431,6.069],[-3.43,6.067],[-3.428,6.064],[-3.427,6.063],[-3.425,6.063],[-3.423,6.065],[-3.422,6.066],[-3.42,6.067],[-3.418,6.067],[-3.417,6.067],[-3.413,6.066],[-3.412,6.065],[-3.413,6.063],[-3.413,6.062],[-3.413,6.06],[-3.413,6.059],[-3.414,6.057],[-3.416,6.057],[-3.418,6.055],[-3.42,6.053],[-3.421,6.051],[-3.421,6.049],[-3.42,6.048],[-3.417,6.046],[-3.416,6.045],[-3.415,6.044],[-3.413,6.043],[-3.412,6.042],[-3.41,6.04],[-3.409,6.038],[-3.408,6.037],[-3.407,6.035],[-3.406,6.033],[-3.406,6.031],[-3.406,6.029],[-3.406,6.025],[-3.404,6.024],[-3.403,6.023],[-3.401,6.022],[-3.4,6.02],[-3.398,6.018],[-3.397,6.016],[-3.397,6.015],[-3.397,6.013],[-3.398,6.012],[-3.399,6.01],[-3.4,6.01],[-3.402,6.01],[-3.404,6.01],[-3.405,6.009],[-3.408,6.007],[-3.409,6.005],[-3.408,6.002],[-3.407,6.001],[-3.406,5.998],[-3.406,5.995],[-3.406,5.991],[-3.408,5.986],[-3.408,5.981],[-3.409,5.979],[-3.41,5.978],[-3.411,5.977],[-3.412,5.976],[-3.414,5.975],[-3.416,5.975],[-3.418,5.975],[-3.42,5.975],[-3.422,5.974],[-3.423,5.973],[-3.425,5.973],[-3.427,5.974],[-3.429,5.974],[-3.431,5.973],[-3.434,5.972],[-3.436,5.971],[-3.438,5.969],[-3.44,5.968],[-3.441,5.966],[-3.443,5.965],[-3.444,5.963],[-3.444,5.962],[-3.443,5.96],[-3.442,5.959],[-3.44,5.957],[-3.439,5.956],[-3.44,5.954],[-3.439,5.952],[-3.438,5.95],[-3.437,5.948],[-3.437,5.945],[-3.437,5.944],[-3.436,5.942],[-3.437,5.938],[-3.439,5.937],[-3.441,5.936],[-3.444,5.935],[-3.445,5.935],[-3.447,5.933],[-3.448,5.931],[-3.447,5.928],[-3.448,5.926],[-3.449,5.924],[-3.45,5.922],[-3.451,5.921],[-3.452,5.919],[-3.452,5.918],[-3.454,5.917],[-3.456,5.915],[-3.457,5.913],[-3.455,5.912],[-3.455,5.911],[-3.456,5.91],[-3.451,5.904],[-3.45,5.905],[-3.449,5.906],[-3.448,5.905],[-3.447,5.906],[-3.446,5.907],[-3.445,5.907],[-3.443,5.907],[-3.442,5.907],[-3.441,5.906],[-3.44,5.905],[-3.439,5.904],[-3.438,5.903],[-3.437,5.902],[-3.436,5.902],[-3.435,5.901],[-3.433,5.901],[-3.431,5.9],[-3.429,5.899],[-3.428,5.898],[-3.428,5.898],[-3.427,5.896],[-3.425,5.896],[-3.424,5.896],[-3.423,5.896],[-3.421,5.896],[-3.42,5.895],[-3.419,5.896],[-3.418,5.897],[-3.417,5.898],[-3.416,5.898],[-3.414,5.898],[-3.412,5.897],[-3.41,5.897],[-3.407,5.896],[-3.406,5.895],[-3.404,5.895],[-3.403,5.894],[-3.402,5.894],[-3.4,5.894],[-3.399,5.893],[-3.398,5.892],[-3.396,5.891],[-3.395,5.891],[-3.393,5.891],[-3.39,5.892],[-3.388,5.892],[-3.387,5.892],[-3.386,5.892],[-3.384,5.893],[-3.382,5.892],[-3.381,5.892],[-3.378,5.893],[-3.377,5.893],[-3.376,5.893],[-3.374,5.894],[-3.373,5.893],[-3.372,5.893],[-3.371,5.893],[-3.369,5.893],[-3.367,5.893],[-3.366,5.893],[-3.364,5.893],[-3.361,5.894],[-3.359,5.895],[-3.358,5.895],[-3.356,5.895],[-3.354,5.896],[-3.353,5.896],[-3.352,5.896],[-3.35,5.897],[-3.349,5.897],[-3.347,5.898],[-3.346,5.898],[-3.345,5.899],[-3.344,5.899],[-3.343,5.899],[-3.341,5.899],[-3.339,5.899],[-3.338,5.899],[-3.337,5.9],[-3.336,5.9],[-3.334,5.901],[-3.333,5.902],[-3.332,5.902],[-3.331,5.903],[-3.329,5.903],[-3.327,5.904],[-3.325,5.904],[-3.324,5.905],[-3.322,5.905],[-3.321,5.905],[-3.321,5.903],[-3.322,5.901],[-3.323,5.899],[-3.323,5.897],[-3.323,5.895],[-3.322,5.893],[-3.321,5.892],[-3.322,5.89],[-3.323,5.888],[-3.324,5.887],[-3.326,5.886],[-3.328,5.884],[-3.329,5.883],[-3.332,5.882],[-3.334,5.881],[-3.335,5.88],[-3.337,5.879],[-3.338,5.877],[-3.339,5.877],[-3.341,5.876],[-3.343,5.875],[-3.344,5.874],[-3.345,5.873],[-3.346,5.871],[-3.346,5.87],[-3.347,5.869],[-3.349,5.868],[-3.351,5.867],[-3.353,5.867],[-3.354,5.867],[-3.357,5.868],[-3.359,5.869],[-3.36,5.87],[-3.362,5.87],[-3.363,5.871],[-3.365,5.871],[-3.367,5.87],[-3.368,5.87],[-3.37,5.87],[-3.371,5.871],[-3.373,5.873],[-3.374,5.874],[-3.376,5.874],[-3.377,5.874],[-3.378,5.873],[-3.38,5.872],[-3.382,5.872],[-3.383,5.871],[-3.385,5.87],[-3.386,5.869],[-3.386,5.868],[-3.387,5.866],[-3.387,5.865],[-3.388,5.863],[-3.39,5.861],[-3.391,5.86],[-3.393,5.859],[-3.394,5.858],[-3.394,5.856],[-3.394,5.855],[-3.393,5.852],[-3.395,5.851],[-3.396,5.849],[-3.396,5.847],[-3.396,5.845],[-3.396,5.842],[-3.396,5.84],[-3.396,5.838],[-3.396,5.836],[-3.397,5.835],[-3.397,5.833],[-3.397,5.831],[-3.397,5.828],[-3.397,5.826],[-3.398,5.824],[-3.398,5.822],[-3.398,5.821],[-3.398,5.818],[-3.397,5.817],[-3.397,5.815],[-3.396,5.813],[-3.397,5.811],[-3.398,5.81],[-3.398,5.808],[-3.399,5.806],[-3.399,5.804],[-3.4,5.803],[-3.401,5.802],[-3.402,5.8],[-3.402,5.799],[-3.402,5.796],[-3.404,5.795],[-3.406,5.795],[-3.408,5.795],[-3.409,5.796],[-3.411,5.797],[-3.412,5.797],[-3.413,5.799],[-3.414,5.8],[-3.416,5.8],[-3.418,5.8],[-3.419,5.799],[-3.421,5.798],[-3.423,5.799],[-3.425,5.801],[-3.426,5.803],[-3.427,5.804],[-3.43,5.804],[-3.431,5.804],[-3.432,5.803],[-3.433,5.801],[-3.434,5.799],[-3.435,5.798],[-3.436,5.797],[-3.436,5.796],[-3.434,5.794],[-3.434,5.792],[-3.434,5.79],[-3.431,5.791],[-3.43,5.79],[-3.428,5.789],[-3.428,5.788],[-3.427,5.786],[-3.427,5.784],[-3.427,5.782],[-3.427,5.78],[-3.429,5.779],[-3.434,5.775],[-3.436,5.776],[-3.437,5.774],[-3.437,5.772],[-3.437,5.77],[-3.438,5.768],[-3.438,5.768],[-3.438,5.767],[-3.437,5.765],[-3.438,5.764],[-3.438,5.762],[-3.438,5.76],[-3.437,5.758],[-3.435,5.757],[-3.433,5.757],[-3.432,5.757],[-3.431,5.755],[-3.426,5.749],[-3.425,5.749],[-3.424,5.748],[-3.422,5.749],[-3.42,5.749],[-3.419,5.749],[-3.417,5.749],[-3.416,5.748],[-3.415,5.747],[-3.414,5.747],[-3.412,5.747],[-3.411,5.746],[-3.411,5.746],[-3.41,5.746],[-3.409,5.745],[-3.408,5.745],[-3.407,5.744],[-3.406,5.744],[-3.405,5.743],[-3.402,5.743],[-3.401,5.742],[-3.4,5.742],[-3.398,5.742],[-3.396,5.741],[-3.395,5.74],[-3.394,5.74],[-3.393,5.74],[-3.392,5.74],[-3.391,5.74],[-3.389,5.741],[-3.387,5.741],[-3.386,5.741],[-3.385,5.741],[-3.384,5.741],[-3.382,5.74],[-3.381,5.739],[-3.38,5.738],[-3.379,5.738],[-3.378,5.738],[-3.377,5.738],[-3.375,5.739],[-3.375,5.74],[-3.374,5.741],[-3.372,5.741],[-3.371,5.74],[-3.37,5.738],[-3.37,5.737],[-3.37,5.736],[-3.37,5.735],[-3.371,5.734],[-3.299,5.725],[-3.322,5.659],[-3.324,5.659],[-3.325,5.659],[-3.325,5.66],[-3.326,5.662],[-3.329,5.661],[-3.331,5.659],[-3.334,5.658],[-3.338,5.653],[-3.338,5.653],[-3.337,5.651],[-3.333,5.644],[-3.332,5.642],[-3.332,5.64],[-3.332,5.637],[-3.336,5.64],[-3.338,5.642],[-3.34,5.643],[-3.343,5.645],[-3.345,5.646],[-3.347,5.647],[-3.352,5.65],[-3.354,5.651],[-3.357,5.65],[-3.359,5.65],[-3.361,5.649],[-3.363,5.649],[-3.365,5.648],[-3.368,5.649],[-3.37,5.649],[-3.373,5.648],[-3.376,5.65],[-3.378,5.651],[-3.379,5.65],[-3.381,5.649],[-3.381,5.648],[-3.383,5.646],[-3.386,5.644],[-3.387,5.643],[-3.391,5.64],[-3.393,5.639],[-3.395,5.638],[-3.397,5.636],[-3.4,5.636],[-3.402,5.635],[-3.404,5.633],[-3.407,5.633],[-3.409,5.633],[-3.411,5.633],[-3.414,5.632],[-3.416,5.63],[-3.417,5.628],[-3.418,5.625],[-3.417,5.623],[-3.416,5.621],[-3.417,5.619],[-3.418,5.618],[-3.419,5.616],[-3.42,5.613],[-3.42,5.611],[-3.422,5.609],[-3.423,5.606],[-3.424,5.603],[-3.425,5.601],[-3.437,5.602],[-3.438,5.602],[-3.439,5.602],[-3.44,5.602],[-3.441,5.602],[-3.441,5.602],[-3.442,5.601],[-3.443,5.601],[-3.444,5.601],[-3.445,5.6],[-3.446,5.6],[-3.447,5.599],[-3.448,5.599],[-3.449,5.599],[-3.451,5.599],[-3.452,5.598],[-3.454,5.596],[-3.455,5.595],[-3.456,5.594],[-3.457,5.594],[-3.458,5.593],[-3.459,5.593],[-3.46,5.591],[-3.46,5.591],[-3.461,5.589],[-3.462,5.589],[-3.462,5.588],[-3.463,5.587],[-3.463,5.586],[-3.464,5.586],[-3.465,5.585],[-3.467,5.585],[-3.468,5.585],[-3.469,5.585],[-3.47,5.585],[-3.471,5.585],[-3.473,5.586],[-3.475,5.586],[-3.477,5.586],[-3.478,5.586],[-3.479,5.586],[-3.479,5.586],[-3.48,5.586],[-3.481,5.586],[-3.482,5.586],[-3.483,5.586],[-3.484,5.586],[-3.485,5.586],[-3.485,5.586],[-3.486,5.586],[-3.487,5.586],[-3.489,5.586],[-3.49,5.586],[-3.491,5.586],[-3.492,5.586],[-3.493,5.586],[-3.492,5.583],[-3.492,5.582],[-3.492,5.58],[-3.491,5.579],[-3.491,5.579],[-3.489,5.577],[-3.488,5.576],[-3.487,5.575],[-3.486,5.573],[-3.485,5.572],[-3.485,5.571],[-3.487,5.569],[-3.488,5.568],[-3.49,5.567],[-3.492,5.566],[-3.494,5.565],[-3.496,5.564],[-3.498,5.562],[-3.499,5.561],[-3.502,5.559],[-3.504,5.558],[-3.505,5.557],[-3.506,5.556],[-3.507,5.556],[-3.508,5.555],[-3.51,5.554],[-3.512,5.553],[-3.514,5.551],[-3.516,5.55],[-3.518,5.549],[-3.52,5.548],[-3.522,5.546],[-3.524,5.545],[-3.526,5.545],[-3.528,5.545],[-3.53,5.544],[-3.532,5.544],[-3.533,5.544],[-3.536,5.545],[-3.538,5.545],[-3.54,5.545],[-3.542,5.545],[-3.543,5.544],[-3.545,5.544],[-3.546,5.544],[-3.548,5.543],[-3.55,5.543],[-3.552,5.542],[-3.554,5.542],[-3.556,5.542],[-3.559,5.542],[-3.561,5.541],[-3.564,5.541],[-3.567,5.541],[-3.57,5.541],[-3.573,5.541],[-3.573,5.54],[-3.574,5.539],[-3.574,5.538],[-3.574,5.537],[-3.575,5.535],[-3.575,5.534],[-3.575,5.533],[-3.575,5.531],[-3.576,5.53],[-3.576,5.527],[-3.576,5.526],[-3.576,5.525],[-3.576,5.524],[-3.576,5.523],[-3.576,5.522],[-3.576,5.521],[-3.577,5.52],[-3.577,5.519],[-3.577,5.517],[-3.577,5.516],[-3.577,5.513],[-3.577,5.512],[-3.577,5.51],[-3.577,5.508],[-3.577,5.507],[-3.577,5.506],[-3.577,5.505],[-3.577,5.504],[-3.577,5.502],[-3.578,5.501],[-3.578,5.5],[-3.578,5.498],[-3.578,5.497],[-3.578,5.496],[-3.578,5.494],[-3.578,5.494],[-3.578,5.492],[-3.577,5.487],[-3.577,5.486],[-3.578,5.484],[-3.578,5.484],[-3.578,5.482],[-3.578,5.481],[-3.578,5.479],[-3.578,5.478],[-3.578,5.475],[-3.578,5.474],[-3.578,5.473],[-3.578,5.472],[-3.578,5.471],[-3.577,5.47],[-3.577,5.469],[-3.577,5.468],[-3.577,5.467],[-3.577,5.466],[-3.576,5.465],[-3.576,5.464],[-3.576,5.463],[-3.576,5.461],[-3.576,5.46],[-3.576,5.459],[-3.575,5.458],[-3.575,5.456],[-3.575,5.453],[-3.575,5.452],[-3.575,5.451],[-3.576,5.45],[-3.576,5.449],[-3.576,5.449],[-3.576,5.447],[-3.576,5.446],[-3.577,5.445],[-3.578,5.444],[-3.578,5.443],[-3.579,5.442],[-3.579,5.441],[-3.579,5.44],[-3.58,5.44],[-3.58,5.439],[-3.58,5.438],[-3.581,5.436],[-3.581,5.435],[-3.581,5.434],[-3.58,5.433],[-3.58,5.432],[-3.58,5.431],[-3.58,5.43],[-3.581,5.429],[-3.581,5.428],[-3.581,5.427],[-3.582,5.426],[-3.582,5.425],[-3.583,5.425],[-3.583,5.424],[-3.583,5.423],[-3.581,5.421],[-3.581,5.421],[-3.581,5.419],[-3.582,5.418],[-3.582,5.418],[-3.582,5.417],[-3.582,5.416],[-3.582,5.415],[-3.582,5.414],[-3.581,5.412],[-3.581,5.409],[-3.581,5.408],[-3.581,5.407],[-3.582,5.406],[-3.582,5.405],[-3.582,5.404],[-3.583,5.403],[-3.583,5.401],[-3.584,5.4],[-3.585,5.4],[-3.586,5.399],[-3.586,5.399],[-3.585,5.397],[-3.586,5.396],[-3.585,5.393],[-3.586,5.392],[-3.586,5.391],[-3.585,5.39],[-3.586,5.389],[-3.587,5.388],[-3.588,5.388],[-3.588,5.387],[-3.588,5.386],[-3.588,5.384],[-3.587,5.384],[-3.586,5.382],[-3.586,5.381],[-3.586,5.38],[-3.586,5.379],[-3.586,5.378],[-3.586,5.378],[-3.586,5.376],[-3.586,5.375],[-3.586,5.374],[-3.586,5.373],[-3.585,5.372],[-3.585,5.371],[-3.586,5.37],[-3.586,5.369],[-3.586,5.368],[-3.587,5.367],[-3.587,5.366],[-3.589,5.364],[-3.589,5.362],[-3.59,5.362],[-3.59,5.361],[-3.59,5.36],[-3.591,5.359],[-3.591,5.357],[-3.591,5.357],[-3.591,5.356],[-3.591,5.356],[-3.591,5.355],[-3.592,5.354],[-3.592,5.353],[-3.593,5.352],[-3.593,5.352],[-3.593,5.351],[-3.593,5.35],[-3.593,5.348],[-3.593,5.347],[-3.591,5.346],[-3.591,5.344],[-3.589,5.343],[-3.589,5.34],[-3.59,5.339],[-3.592,5.338],[-3.593,5.337],[-3.594,5.337],[-3.595,5.337],[-3.596,5.336],[-3.597,5.336],[-3.598,5.336],[-3.599,5.335],[-3.6,5.335],[-3.6,5.334],[-3.602,5.333],[-3.602,5.332],[-3.603,5.331],[-3.604,5.331],[-3.605,5.331],[-3.605,5.33],[-3.606,5.329],[-3.607,5.328],[-3.607,5.327],[-3.608,5.326],[-3.608,5.325],[-3.608,5.324],[-3.608,5.323],[-3.608,5.322],[-3.607,5.321],[-3.607,5.321],[-3.608,5.319],[-3.608,5.319],[-3.608,5.317],[-3.608,5.316],[-3.609,5.315],[-3.609,5.314],[-3.609,5.313],[-3.609,5.313],[-3.61,5.312],[-3.61,5.311],[-3.611,5.31],[-3.612,5.309],[-3.612,5.308],[-3.612,5.307],[-3.613,5.307],[-3.613,5.306],[-3.613,5.305],[-3.614,5.305],[-3.615,5.304],[-3.616,5.305],[-3.617,5.305],[-3.619,5.304],[-3.62,5.304],[-3.62,5.303],[-3.621,5.302],[-3.621,5.301],[-3.622,5.3],[-3.622,5.299],[-3.622,5.298],[-3.623,5.298],[-3.625,5.299],[-3.625,5.298],[-3.625,5.297],[-3.625,5.295],[-3.625,5.293],[-3.624,5.292],[-3.623,5.291],[-3.623,5.289],[-3.623,5.288],[-3.623,5.287],[-3.623,5.286],[-3.623,5.285],[-3.623,5.285],[-3.623,5.284],[-3.623,5.283],[-3.623,5.282],[-3.623,5.281],[-3.623,5.28],[-3.623,5.279],[-3.622,5.278],[-3.622,5.277],[-3.622,5.276],[-3.621,5.275],[-3.621,5.275],[-3.62,5.274],[-3.62,5.274],[-3.618,5.273],[-3.618,5.272],[-3.617,5.271],[-3.616,5.269],[-3.616,5.268],[-3.616,5.266],[-3.616,5.266],[-3.616,5.265],[-3.617,5.264],[-3.618,5.264],[-3.619,5.263],[-3.62,5.262],[-3.621,5.262],[-3.622,5.261],[-3.622,5.26],[-3.625,5.257],[-3.625,5.256],[-3.627,5.255],[-3.627,5.254],[-3.628,5.254],[-3.629,5.253],[-3.63,5.252],[-3.631,5.252],[-3.633,5.251],[-3.634,5.251],[-3.635,5.251],[-3.638,5.251],[-3.639,5.252],[-3.64,5.252],[-3.642,5.254],[-3.643,5.255],[-3.644,5.256],[-3.646,5.257],[-3.649,5.259],[-3.65,5.259],[-3.651,5.26],[-3.653,5.261],[-3.654,5.261],[-3.655,5.261],[-3.656,5.261],[-3.657,5.261],[-3.659,5.261],[-3.66,5.261],[-3.662,5.261],[-3.663,5.261],[-3.664,5.261],[-3.666,5.26],[-3.667,5.26],[-3.668,5.259],[-3.668,5.258],[-3.669,5.257],[-3.67,5.257],[-3.671,5.256],[-3.671,5.255],[-3.672,5.254],[-3.672,5.253],[-3.673,5.252],[-3.674,5.251],[-3.674,5.25],[-3.675,5.248],[-3.675,5.247],[-3.675,5.246],[-3.675,5.245],[-3.676,5.244],[-3.676,5.242],[-3.676,5.24],[-3.677,5.239],[-3.678,5.237],[-3.679,5.236],[-3.679,5.236],[-3.681,5.234],[-3.681,5.234],[-3.682,5.233],[-3.684,5.232],[-3.685,5.231],[-3.686,5.231],[-3.687,5.231],[-3.688,5.231],[-3.689,5.23],[-3.69,5.23],[-3.691,5.231],[-3.692,5.231],[-3.695,5.232],[-3.697,5.234],[-3.698,5.234],[-3.7,5.235],[-3.701,5.236],[-3.704,5.237],[-3.705,5.237],[-3.707,5.237],[-3.709,5.236],[-3.71,5.236],[-3.711,5.235],[-3.712,5.234],[-3.713,5.234],[-3.714,5.233],[-3.715,5.232],[-3.715,5.231],[-3.717,5.237],[-3.72,5.243],[-3.722,5.247],[-3.725,5.249],[-3.727,5.251],[-3.728,5.252],[-3.728,5.255],[-3.727,5.258],[-3.727,5.262],[-3.727,5.265],[-3.727,5.269],[-3.727,5.271],[-3.726,5.274],[-3.724,5.276],[-3.722,5.278],[-3.721,5.281],[-3.72,5.283],[-3.719,5.285],[-3.718,5.288],[-3.717,5.291],[-3.717,5.294],[-3.717,5.296],[-3.716,5.297],[-3.716,5.3],[-3.717,5.301],[-3.718,5.301],[-3.72,5.302],[-3.721,5.303],[-3.722,5.303],[-3.724,5.304],[-3.727,5.305],[-3.728,5.305],[-3.73,5.305],[-3.732,5.305],[-3.733,5.305],[-3.734,5.306],[-3.736,5.307],[-3.736,5.307],[-3.738,5.308],[-3.739,5.308],[-3.741,5.309],[-3.742,5.31],[-3.743,5.311],[-3.745,5.312],[-3.746,5.313],[-3.746,5.314],[-3.746,5.316],[-3.746,5.318],[-3.746,5.319],[-3.746,5.321],[-3.746,5.322],[-3.746,5.323],[-3.746,5.325],[-3.746,5.326],[-3.746,5.328],[-3.746,5.33],[-3.747,5.331],[-3.748,5.332],[-3.75,5.333],[-3.751,5.333],[-3.752,5.334],[-3.754,5.335],[-3.756,5.335],[-3.757,5.335],[-3.759,5.335],[-3.76,5.335],[-3.762,5.335],[-3.763,5.336],[-3.764,5.336],[-3.765,5.337],[-3.767,5.338],[-3.768,5.339],[-3.769,5.34],[-3.769,5.341],[-3.769,5.343],[-3.768,5.344],[-3.768,5.344],[-3.767,5.345],[-3.766,5.346],[-3.765,5.347],[-3.764,5.348],[-3.763,5.349],[-3.762,5.35],[-3.762,5.351],[-3.761,5.352],[-3.76,5.353],[-3.76,5.355],[-3.761,5.356],[-3.761,5.357],[-3.761,5.358],[-3.76,5.359],[-3.759,5.36],[-3.76,5.361],[-3.76,5.362],[-3.761,5.364],[-3.761,5.364],[-3.762,5.365],[-3.763,5.366],[-3.764,5.367],[-3.765,5.368],[-3.766,5.369],[-3.767,5.369],[-3.768,5.369],[-3.769,5.37],[-3.77,5.371],[-3.771,5.371],[-3.773,5.371],[-3.774,5.372],[-3.775,5.373],[-3.777,5.374],[-3.778,5.374],[-3.779,5.374],[-3.78,5.374],[-3.782,5.373],[-3.783,5.373],[-3.783,5.372],[-3.784,5.37],[-3.785,5.369],[-3.786,5.368],[-3.787,5.368],[-3.788,5.369],[-3.789,5.37],[-3.789,5.37],[-3.79,5.371],[-3.791,5.372],[-3.792,5.372],[-3.793,5.373],[-3.795,5.373],[-3.796,5.374],[-3.796,5.375],[-3.798,5.376],[-3.8,5.377],[-3.801,5.378],[-3.802,5.379],[-3.803,5.379],[-3.804,5.38],[-3.806,5.38],[-3.807,5.381],[-3.808,5.381],[-3.809,5.381],[-3.811,5.381],[-3.812,5.381],[-3.814,5.381],[-3.815,5.381],[-3.816,5.381],[-3.817,5.381],[-3.819,5.38],[-3.82,5.38],[-3.821,5.379],[-3.822,5.378],[-3.822,5.377],[-3.823,5.376],[-3.823,5.374],[-3.823,5.373],[-3.823,5.372],[-3.822,5.371],[-3.821,5.37],[-3.82,5.369],[-3.819,5.369],[-3.818,5.368],[-3.817,5.368],[-3.817,5.367],[-3.818,5.366],[-3.819,5.367],[-3.82,5.367],[-3.821,5.368],[-3.823,5.369],[-3.824,5.369],[-3.825,5.369],[-3.826,5.37],[-3.827,5.371],[-3.828,5.372],[-3.829,5.373],[-3.83,5.374],[-3.83,5.375],[-3.83,5.376],[-3.83,5.378],[-3.829,5.378],[-3.829,5.38],[-3.828,5.381],[-3.829,5.382],[-3.829,5.384],[-3.83,5.385],[-3.831,5.385],[-3.832,5.385],[-3.833,5.385],[-3.834,5.386],[-3.834,5.387],[-3.833,5.388],[-3.832,5.389],[-3.832,5.391],[-3.831,5.391],[-3.83,5.39],[-3.829,5.391],[-3.829,5.392],[-3.829,5.393],[-3.828,5.395],[-3.828,5.396],[-3.829,5.397],[-3.83,5.398],[-3.83,5.399],[-3.829,5.4],[-3.828,5.4],[-3.827,5.401],[-3.826,5.402],[-3.825,5.403],[-3.824,5.404],[-3.824,5.405],[-3.823,5.406],[-3.822,5.407],[-3.823,5.408],[-3.822,5.408],[-3.822,5.41],[-3.822,5.411],[-3.823,5.412],[-3.823,5.413],[-3.822,5.415],[-3.821,5.414],[-3.82,5.414],[-3.818,5.414],[-3.818,5.415],[-3.817,5.416],[-3.817,5.417],[-3.818,5.418],[-3.819,5.42],[-3.82,5.421],[-3.821,5.421],[-3.82,5.422],[-3.818,5.422],[-3.817,5.422],[-3.816,5.423],[-3.816,5.425],[-3.816,5.426],[-3.818,5.426],[-3.819,5.426],[-3.82,5.427],[-3.819,5.427],[-3.818,5.429],[-3.818,5.43],[-3.818,5.431],[-3.818,5.432],[-3.819,5.433],[-3.821,5.432],[-3.822,5.432],[-3.824,5.433],[-3.824,5.434],[-3.825,5.432],[-3.826,5.431],[-3.827,5.43],[-3.827,5.431],[-3.827,5.432],[-3.828,5.433],[-3.828,5.435],[-3.828,5.437],[-3.828,5.438],[-3.828,5.439],[-3.829,5.44],[-3.831,5.44],[-3.833,5.439],[-3.833,5.438],[-3.835,5.439],[-3.835,5.44],[-3.835,5.441],[-3.835,5.443],[-3.835,5.444],[-3.835,5.446],[-3.835,5.447],[-3.835,5.449],[-3.836,5.45],[-3.837,5.45],[-3.837,5.452],[-3.837,5.453],[-3.838,5.453],[-3.838,5.454],[-3.836,5.455],[-3.834,5.456],[-3.833,5.456],[-3.831,5.457],[-3.831,5.458],[-3.831,5.459],[-3.833,5.458],[-3.832,5.459],[-3.831,5.46],[-3.829,5.461],[-3.829,5.462],[-3.829,5.463],[-3.83,5.465],[-3.831,5.466],[-3.832,5.466],[-3.834,5.467],[-3.835,5.468],[-3.835,5.469],[-3.835,5.47],[-3.836,5.472],[-3.836,5.473],[-3.835,5.473],[-3.833,5.473],[-3.832,5.473],[-3.832,5.475],[-3.832,5.476],[-3.833,5.477],[-3.834,5.478],[-3.834,5.479],[-3.835,5.48],[-3.836,5.481],[-3.836,5.482],[-3.836,5.484],[-3.837,5.485],[-3.838,5.486],[-3.839,5.486],[-3.841,5.485],[-3.842,5.484],[-3.843,5.484],[-3.844,5.485],[-3.843,5.486],[-3.843,5.487],[-3.843,5.488],[-3.845,5.488],[-3.846,5.489],[-3.846,5.49],[-3.845,5.491],[-3.844,5.493],[-3.844,5.494],[-3.845,5.496],[-3.847,5.496],[-3.848,5.496],[-3.848,5.497],[-3.848,5.499],[-3.847,5.5],[-3.847,5.502],[-3.848,5.503],[-3.849,5.504],[-3.85,5.505],[-3.852,5.506],[-3.854,5.505],[-3.853,5.507],[-3.853,5.508],[-3.853,5.509],[-3.855,5.509],[-3.856,5.509],[-3.858,5.507],[-3.858,5.506],[-3.859,5.505],[-3.86,5.504],[-3.861,5.504],[-3.863,5.504],[-3.863,5.503],[-3.864,5.504],[-3.865,5.505],[-3.867,5.506],[-3.868,5.506],[-3.869,5.505],[-3.871,5.504],[-3.872,5.502],[-3.872,5.501],[-3.874,5.5],[-3.875,5.501],[-3.875,5.502],[-3.875,5.504],[-3.875,5.505],[-3.875,5.506],[-3.876,5.507],[-3.878,5.508],[-3.877,5.509],[-3.876,5.509],[-3.876,5.51],[-3.877,5.511],[-3.877,5.513],[-3.877,5.514],[-3.876,5.515],[-3.877,5.516],[-3.877,5.517],[-3.878,5.519],[-3.879,5.52],[-3.881,5.52],[-3.882,5.521],[-3.883,5.52],[-3.884,5.52],[-3.885,5.521],[-3.886,5.523],[-3.886,5.524],[-3.886,5.525],[-3.886,5.526],[-3.887,5.527],[-3.887,5.528],[-3.888,5.529],[-3.888,5.53],[-3.889,5.531],[-3.89,5.532],[-3.891,5.533],[-3.892,5.534],[-3.893,5.536],[-3.893,5.536],[-3.895,5.537],[-3.896,5.537],[-3.896,5.54],[-3.897,5.541],[-3.898,5.542],[-3.898,5.544],[-3.898,5.545],[-3.898,5.546],[-3.899,5.547],[-3.9,5.548],[-3.901,5.547],[-3.902,5.548],[-3.902,5.549],[-3.903,5.551],[-3.904,5.552],[-3.906,5.552],[-3.907,5.552],[-3.908,5.553],[-3.909,5.555],[-3.909,5.555],[-3.91,5.555],[-3.912,5.554],[-3.912,5.555],[-3.911,5.556],[-3.912,5.557],[-3.913,5.557],[-3.914,5.558],[-3.914,5.56],[-3.915,5.561],[-3.916,5.562],[-3.917,5.561],[-3.917,5.56],[-3.918,5.559],[-3.92,5.558],[-3.92,5.559],[-3.922,5.559],[-3.923,5.559],[-3.924,5.56],[-3.925,5.56],[-3.926,5.56],[-3.927,5.561],[-3.928,5.561],[-3.929,5.563],[-3.929,5.564],[-3.93,5.565],[-3.93,5.566],[-3.929,5.567],[-3.927,5.569],[-3.927,5.57],[-3.927,5.572],[-3.928,5.572],[-3.928,5.574],[-3.929,5.575],[-3.93,5.576],[-3.932,5.577],[-3.933,5.577],[-3.933,5.579],[-3.933,5.58],[-3.934,5.58],[-3.935,5.582],[-3.935,5.583],[-3.936,5.584],[-3.937,5.585],[-3.938,5.586],[-3.939,5.587],[-3.939,5.588],[-3.94,5.589],[-3.942,5.588],[-3.944,5.588],[-3.945,5.587],[-3.946,5.587],[-3.947,5.587],[-3.949,5.588],[-3.95,5.589],[-3.952,5.589],[-3.953,5.589],[-3.954,5.589],[-3.955,5.588],[-3.956,5.588],[-3.959,5.588],[-3.96,5.588],[-3.961,5.588],[-3.963,5.587],[-3.965,5.587],[-3.966,5.587],[-3.968,5.587],[-3.97,5.587],[-3.971,5.587],[-3.973,5.587],[-3.974,5.587],[-3.976,5.587],[-3.978,5.586],[-3.979,5.586],[-3.981,5.586],[-3.983,5.586],[-3.984,5.585],[-3.986,5.585],[-3.988,5.584],[-3.99,5.584],[-3.992,5.584],[-3.994,5.584],[-3.997,5.583],[-3.999,5.583],[-4.002,5.583],[-4.003,5.583],[-4.004,5.583],[-4.006,5.583],[-4.007,5.583],[-4.009,5.583],[-4.01,5.583],[-4.012,5.583],[-4.013,5.583],[-4.015,5.583],[-4.017,5.583],[-4.02,5.583],[-4.021,5.583],[-4.023,5.583],[-4.024,5.583],[-4.026,5.583],[-4.028,5.582],[-4.029,5.582],[-4.03,5.582],[-4.032,5.583],[-4.038,5.588],[-4.071,5.574],[-4.073,5.575],[-4.075,5.575],[-4.078,5.576],[-4.08,5.577],[-4.082,5.577],[-4.084,5.577],[-4.086,5.578],[-4.089,5.578],[-4.092,5.577],[-4.094,5.577],[-4.096,5.577],[-4.098,5.576],[-4.099,5.576],[-4.103,5.576],[-4.104,5.577],[-4.107,5.578],[-4.108,5.578],[-4.11,5.579],[-4.112,5.579],[-4.113,5.579],[-4.115,5.58],[-4.116,5.58],[-4.118,5.581],[-4.119,5.582],[-4.12,5.582],[-4.121,5.582],[-4.123,5.583],[-4.124,5.583],[-4.125,5.584],[-4.126,5.584],[-4.127,5.584],[-4.128,5.584],[-4.13,5.585],[-4.131,5.585],[-4.132,5.586],[-4.133,5.587],[-4.134,5.588],[-4.135,5.589],[-4.136,5.589],[-4.137,5.59],[-4.137,5.591],[-4.138,5.592],[-4.139,5.593],[-4.14,5.593],[-4.141,5.594],[-4.142,5.595],[-4.142,5.596],[-4.143,5.597],[-4.143,5.598],[-4.144,5.599],[-4.145,5.599],[-4.146,5.599],[-4.148,5.598],[-4.148,5.597],[-4.149,5.597],[-4.15,5.596],[-4.151,5.596],[-4.152,5.596],[-4.153,5.597],[-4.155,5.597],[-4.157,5.597],[-4.157,5.596],[-4.158,5.596],[-4.159,5.596],[-4.16,5.597],[-4.16,5.598],[-4.161,5.598],[-4.161,5.599],[-4.161,5.6],[-4.162,5.601],[-4.163,5.601],[-4.164,5.601],[-4.165,5.601],[-4.166,5.601],[-4.168,5.6],[-4.17,5.6],[-4.171,5.601],[-4.172,5.601],[-4.173,5.602],[-4.174,5.602],[-4.175,5.602],[-4.176,5.604],[-4.177,5.604],[-4.178,5.605],[-4.178,5.605],[-4.179,5.605],[-4.18,5.605],[-4.181,5.604],[-4.182,5.603],[-4.183,5.602],[-4.183,5.602],[-4.185,5.601],[-4.186,5.6],[-4.186,5.599],[-4.187,5.599],[-4.188,5.599],[-4.19,5.598],[-4.191,5.597],[-4.192,5.597],[-4.193,5.596],[-4.194,5.596],[-4.195,5.595],[-4.196,5.595],[-4.197,5.595],[-4.198,5.595],[-4.199,5.595],[-4.2,5.595],[-4.201,5.596],[-4.202,5.597],[-4.203,5.598],[-4.203,5.598],[-4.204,5.599],[-4.206,5.6],[-4.207,5.6],[-4.208,5.601],[-4.209,5.601],[-4.211,5.601],[-4.211,5.6],[-4.213,5.6],[-4.215,5.6],[-4.216,5.601],[-4.217,5.601],[-4.218,5.601],[-4.219,5.601],[-4.22,5.601],[-4.22,5.6],[-4.222,5.6],[-4.223,5.6],[-4.224,5.6],[-4.225,5.6],[-4.226,5.6],[-4.226,5.601],[-4.228,5.601],[-4.228,5.602],[-4.229,5.602],[-4.23,5.601],[-4.231,5.601],[-4.232,5.601],[-4.233,5.6],[-4.233,5.6],[-4.234,5.599],[-4.236,5.599],[-4.237,5.599],[-4.238,5.599],[-4.238,5.6],[-4.239,5.6],[-4.24,5.6],[-4.242,5.6],[-4.243,5.6],[-4.243,5.6],[-4.244,5.6],[-4.245,5.6],[-4.247,5.6],[-4.247,5.599],[-4.248,5.599],[-4.25,5.598],[-4.25,5.597],[-4.253,5.597],[-4.254,5.597],[-4.255,5.597],[-4.257,5.597],[-4.257,5.597],[-4.262,5.594],[-4.362,5.581],[-4.393,5.602],[-4.461,5.534],[-4.46,5.532],[-4.459,5.531],[-4.457,5.53],[-4.456,5.53],[-4.454,5.53],[-4.453,5.531],[-4.451,5.532],[-4.449,5.532],[-4.447,5.532],[-4.446,5.53],[-4.445,5.529],[-4.444,5.528],[-4.443,5.527],[-4.441,5.527],[-4.439,5.527],[-4.438,5.527],[-4.437,5.525],[-4.434,5.526],[-4.432,5.527],[-4.43,5.527],[-4.429,5.528],[-4.427,5.527],[-4.425,5.528],[-4.423,5.527],[-4.421,5.528],[-4.42,5.529],[-4.419,5.527],[-4.419,5.526],[-4.417,5.526],[-4.416,5.524],[-4.415,5.523],[-4.414,5.524],[-4.413,5.525],[-4.412,5.523],[-4.41,5.523],[-4.409,5.523],[-4.408,5.524],[-4.407,5.524],[-4.405,5.525],[-4.404,5.526],[-4.402,5.526],[-4.4,5.526],[-4.398,5.526],[-4.396,5.526],[-4.394,5.526],[-4.393,5.525],[-4.391,5.524],[-4.39,5.524],[-4.389,5.526],[-4.387,5.526],[-4.386,5.526],[-4.383,5.525],[-4.382,5.523],[-4.38,5.523],[-4.379,5.522],[-4.377,5.522],[-4.376,5.521],[-4.375,5.52],[-4.373,5.52],[-4.371,5.519],[-4.37,5.518],[-4.368,5.516],[-4.367,5.515],[-4.366,5.513],[-4.365,5.512],[-4.363,5.512],[-4.361,5.512],[-4.359,5.511],[-4.358,5.51],[-4.356,5.508],[-4.354,5.507],[-4.352,5.507],[-4.349,5.507],[-4.347,5.507],[-4.346,5.506],[-4.345,5.504],[-4.344,5.504],[-4.342,5.504],[-4.34,5.504],[-4.338,5.504],[-4.336,5.503],[-4.335,5.501],[-4.334,5.498],[-4.333,5.497],[-4.331,5.497],[-4.329,5.496],[-4.302,5.484],[-4.302,5.482],[-4.302,5.481],[-4.302,5.479],[-4.303,5.478],[-4.303,5.476],[-4.302,5.474],[-4.301,5.473],[-4.3,5.472],[-4.3,5.47],[-4.3,5.468],[-4.3,5.466],[-4.3,5.465],[-4.3,5.463],[-4.299,5.462],[-4.299,5.459],[-4.3,5.456],[-4.299,5.454],[-4.298,5.455],[-4.296,5.456],[-4.295,5.454],[-4.293,5.454],[-4.29,5.455],[-4.289,5.454],[-4.288,5.452],[-4.286,5.451],[-4.286,5.449],[-4.285,5.448],[-4.285,5.444],[-4.286,5.443],[-4.286,5.441],[-4.286,5.439],[-4.287,5.436],[-4.287,5.434],[-4.288,5.433],[-4.289,5.433],[-4.291,5.433],[-4.291,5.431],[-4.289,5.429],[-4.289,5.428],[-4.291,5.424],[-4.293,5.423],[-4.295,5.424],[-4.297,5.423],[-4.299,5.422],[-4.301,5.422],[-4.302,5.421],[-4.304,5.421],[-4.306,5.421],[-4.307,5.421],[-4.309,5.421],[-4.311,5.42],[-4.313,5.417],[-4.314,5.415],[-4.314,5.413],[-4.315,5.411],[-4.316,5.41],[-4.317,5.408],[-4.317,5.406],[-4.317,5.404],[-4.318,5.402],[-4.317,5.4],[-4.316,5.399],[-4.306,5.393],[-4.296,5.308],[-4.285,5.293],[-4.274,5.275],[-4.226,5.28],[-4.214,5.219],[-4.221,5.218],[-4.237,5.217],[-4.27,5.213],[-4.302,5.208],[-4.322,5.208],[-4.338,5.206],[-4.356,5.205],[-4.379,5.202],[-4.397,5.2],[-4.406,5.197],[-4.445,5.197],[-4.448,5.193],[-4.473,5.192],[-4.537,5.185],[-4.586,5.179],[-4.648,5.171],[-4.653,5.168],[-4.659,5.167],[-4.674,5.166],[-4.682,5.165],[-4.698,5.162],[-4.712,5.161],[-4.722,5.157],[-4.729,5.156],[-4.744,5.153],[-4.764,5.15],[-4.783,5.15],[-4.791,5.15],[-4.829,5.148],[-4.846,5.143],[-4.86,5.143],[-4.865,5.142],[-4.869,5.142],[-4.882,5.144],[-4.889,5.142],[-4.906,5.141],[-4.913,5.138],[-4.921,5.137],[-4.959,5.135],[-4.962,5.134],[-4.965,5.135],[-4.988,5.135],[-4.995,5.133],[-4.999,5.132],[-5.007,5.134],[-5.015,5.133],[-5.062,5.13],[-5.083,5.129],[-5.087,5.128],[-5.1,5.127],[-5.105,5.127],[-5.119,5.126],[-5.126,5.128],[-5.135,5.127],[-5.138,5.127],[-5.156,5.126],[-5.178,5.124],[-5.192,5.122],[-5.227,5.121],[-5.242,5.121],[-5.266,5.117],[-5.287,5.117],[-5.326,5.113],[-5.343,5.11],[-5.35,5.109],[-5.368,5.109],[-5.382,5.105],[-5.397,5.103],[-5.415,5.102],[-5.423,5.099],[-5.436,5.099],[-5.458,5.095],[-5.486,5.09],[-5.487,5.094],[-5.49,5.096],[-5.491,5.098],[-5.494,5.101],[-5.497,5.102],[-5.499,5.104],[-5.496,5.105],[-5.498,5.107],[-5.498,5.109],[-5.5,5.108],[-5.502,5.111],[-5.504,5.113],[-5.507,5.114],[-5.506,5.117],[-5.508,5.119],[-5.508,5.122],[-5.506,5.124],[-5.506,5.126],[-5.507,5.129],[-5.505,5.13],[-5.504,5.132],[-5.502,5.132],[-5.5,5.134],[-5.501,5.137],[-5.5,5.14],[-5.5,5.143],[-5.502,5.145],[-5.501,5.148],[-5.5,5.151],[-5.501,5.153],[-5.5,5.156],[-5.5,5.159],[-5.499,5.162],[-5.499,5.164],[-5.498,5.167],[-5.499,5.17],[-5.498,5.173],[-5.496,5.176],[-5.496,5.179],[-5.494,5.18],[-5.491,5.181],[-5.487,5.182],[-5.484,5.182],[-5.481,5.182],[-5.478,5.182],[-5.475,5.183],[-5.473,5.185],[-5.471,5.188],[-5.469,5.189],[-5.467,5.191],[-5.465,5.193],[-5.463,5.195],[-5.462,5.197],[-5.463,5.199],[-5.463,5.202],[-5.461,5.203],[-5.46,5.205],[-5.461,5.208],[-5.461,5.212],[-5.46,5.214],[-5.458,5.216],[-5.457,5.219],[-5.458,5.223],[-5.457,5.225],[-5.457,5.227],[-5.457,5.23],[-5.457,5.234],[-5.457,5.237],[-5.459,5.24],[-5.46,5.244],[-5.461,5.246],[-5.462,5.249],[-5.463,5.252],[-5.463,5.255],[-5.462,5.258],[-5.461,5.26],[-5.459,5.262],[-5.454,5.262],[-5.452,5.262],[-5.448,5.262],[-5.444,5.262],[-5.44,5.261],[-5.437,5.259],[-5.435,5.257],[-5.435,5.259],[-5.433,5.263],[-5.433,5.266],[-5.433,5.269],[-5.431,5.27],[-5.428,5.271],[-5.425,5.271],[-5.422,5.271],[-5.419,5.269],[-5.416,5.267],[-5.414,5.265],[-5.41,5.264],[-5.407,5.263],[-5.404,5.262],[-5.401,5.26],[-5.398,5.257],[-5.398,5.254],[-5.398,5.25],[-5.4,5.246],[-5.401,5.243],[-5.402,5.24],[-5.401,5.237],[-5.402,5.235],[-5.403,5.232],[-5.403,5.229],[-5.405,5.228],[-5.406,5.225],[-5.406,5.221],[-5.403,5.221],[-5.399,5.222],[-5.397,5.222],[-5.394,5.222],[-5.392,5.222],[-5.389,5.222],[-5.387,5.222],[-5.384,5.222],[-5.381,5.221],[-5.379,5.221],[-5.378,5.218],[-5.375,5.218],[-5.373,5.218],[-5.37,5.217],[-5.308,5.16],[-5.283,5.176],[-5.233,5.178],[-5.195,5.206],[-5.193,5.208],[-5.193,5.214],[-5.191,5.216],[-5.189,5.218],[-5.187,5.221],[-5.186,5.223],[-5.186,5.225],[-5.187,5.228],[-5.188,5.23],[-5.188,5.233],[-5.164,5.233],[-5.127,5.237],[-5.127,5.236],[-5.126,5.234],[-5.126,5.232],[-5.127,5.229],[-5.127,5.227],[-5.128,5.224],[-5.128,5.221],[-5.128,5.218],[-5.128,5.216],[-5.128,5.213],[-5.129,5.21],[-5.131,5.208],[-5.132,5.207],[-5.133,5.205],[-5.133,5.202],[-5.135,5.193],[-5.107,5.173],[-5.068,5.193],[-5.068,5.234],[-5.066,5.235],[-5.064,5.236],[-5.062,5.236],[-5.06,5.237],[-5.059,5.237],[-5.057,5.237],[-5.055,5.238],[-5.054,5.239],[-5.053,5.24],[-5.051,5.242],[-5.05,5.242],[-5.049,5.243],[-5.049,5.245],[-5.049,5.247],[-5.048,5.25],[-5.048,5.251],[-5.047,5.253],[-5.046,5.254],[-5.045,5.255],[-5.043,5.257],[-5.042,5.258],[-5.041,5.26],[-5.039,5.26],[-5.037,5.261],[-5.035,5.261],[-5.034,5.262],[-5.032,5.263],[-5.031,5.264],[-5.031,5.266],[-5.03,5.268],[-5.03,5.27],[-5.029,5.271],[-5.029,5.272],[-5.03,5.274],[-5.031,5.275],[-5.032,5.277],[-5.034,5.279],[-5.038,5.283],[-5.04,5.286],[-5.063,5.31],[-5.064,5.311],[-5.064,5.312],[-5.064,5.315],[-5.064,5.316],[-5.066,5.318],[-5.067,5.319],[-5.067,5.321],[-5.068,5.322],[-5.068,5.324],[-5.067,5.324],[-5.065,5.325],[-5.064,5.327],[-5.064,5.329],[-5.063,5.328],[-5.062,5.329],[-5.06,5.33],[-5.059,5.331],[-5.059,5.332],[-5.058,5.331],[-5.056,5.333],[-5.057,5.334],[-5.056,5.335],[-5.057,5.337],[-5.058,5.337],[-5.058,5.338],[-5.058,5.34],[-5.059,5.341],[-5.059,5.343],[-5.059,5.344],[-5.058,5.345],[-5.058,5.347],[-5.058,5.348],[-5.06,5.348],[-5.06,5.35],[-5.06,5.351],[-5.061,5.352],[-5.062,5.354],[-5.062,5.355],[-5.061,5.357],[-5.06,5.358],[-5.06,5.36],[-5.061,5.361],[-5.062,5.362],[-5.06,5.363],[-5.059,5.365],[-5.058,5.365],[-5.057,5.366],[-5.057,5.369],[-5.058,5.37],[-5.059,5.369],[-5.059,5.371],[-5.057,5.372],[-5.056,5.373],[-5.055,5.375],[-5.054,5.376],[-5.054,5.377],[-5.055,5.379],[-5.054,5.38],[-5.053,5.381],[-5.054,5.382],[-5.054,5.384],[-5.054,5.386],[-5.054,5.388],[-5.055,5.389],[-5.054,5.39],[-5.053,5.391],[-5.052,5.393],[-5.052,5.395],[-5.051,5.396],[-5.05,5.397],[-5.049,5.398],[-5.047,5.398],[-5.046,5.399],[-5.046,5.401],[-5.046,5.404],[-5.046,5.405],[-5.047,5.407],[-5.047,5.408],[-5.045,5.41],[-5.044,5.411],[-5.044,5.413],[-5.044,5.415],[-5.044,5.416],[-5.044,5.418],[-5.044,5.42],[-5.044,5.423],[-5.043,5.424],[-5.041,5.424],[-5.04,5.426],[-5.039,5.427],[-5.038,5.428],[-5.039,5.43],[-5.038,5.431],[-5.038,5.433],[-5.037,5.434],[-5.037,5.435],[-5.036,5.436],[-5.034,5.436],[-5.033,5.437],[-5.032,5.438],[-5.033,5.439],[-5.032,5.44],[-5.031,5.441],[-5.03,5.442],[-5.03,5.444],[-5.03,5.445],[-5.029,5.447],[-5.03,5.448],[-5.029,5.45],[-5.028,5.452],[-5.027,5.453],[-5.027,5.454],[-5.028,5.455],[-5.027,5.456],[-5.027,5.459],[-5.027,5.46],[-5.026,5.461],[-5.024,5.462],[-5.023,5.462],[-5.023,5.464],[-5.023,5.465],[-5.023,5.466],[-5.024,5.467],[-5.023,5.469],[-5.023,5.47],[-5.023,5.472],[-5.021,5.473],[-5.021,5.474],[-5.02,5.475],[-5.02,5.477],[-5.02,5.478],[-5.02,5.48],[-5.021,5.481],[-5.021,5.483],[-5.02,5.485],[-5.019,5.486],[-5.018,5.486],[-5.017,5.487],[-5.016,5.488],[-5.015,5.49],[-5.014,5.491],[-5.014,5.492],[-5.014,5.493],[-5.013,5.495],[-5.013,5.496],[-5.012,5.497],[-5.012,5.498],[-5.01,5.499],[-5.009,5.5],[-5.01,5.501],[-5.01,5.503],[-5.01,5.504],[-5.01,5.506],[-5.009,5.507],[-5.009,5.509],[-5.01,5.51],[-5.01,5.512],[-5.011,5.513],[-5.011,5.514],[-5.012,5.516],[-5.012,5.518],[-5.011,5.519],[-5.011,5.521],[-5.012,5.523],[-5.012,5.524],[-5.013,5.525],[-5.014,5.527],[-5.014,5.528],[-5.015,5.529],[-5.016,5.53],[-5.016,5.531],[-5.015,5.532],[-5.014,5.534],[-5.013,5.536],[-5.012,5.538],[-5.012,5.539],[-5.013,5.541],[-5.015,5.542],[-5.016,5.544],[-5.017,5.545],[-5.018,5.546],[-5.018,5.548],[-5.017,5.55],[-5.017,5.551],[-5.018,5.553],[-5.018,5.554],[-5.02,5.556],[-5.02,5.557],[-5.02,5.558],[-5.02,5.56],[-5.021,5.562],[-5.022,5.562],[-5.024,5.562],[-5.025,5.563],[-5.026,5.564],[-5.028,5.564],[-5.029,5.564],[-5.029,5.566],[-5.029,5.567],[-5.03,5.569],[-5.03,5.57],[-5.032,5.571],[-5.033,5.571],[-5.034,5.572],[-5.035,5.573],[-5.035,5.574],[-5.035,5.576],[-5.035,5.578],[-5.034,5.579],[-5.033,5.58],[-5.032,5.58],[-5.031,5.581],[-5.029,5.583],[-5.029,5.584],[-5.028,5.586],[-5.026,5.588],[-5.025,5.589],[-5.024,5.59],[-5.023,5.592],[-5.021,5.593],[-5.019,5.592],[-5.017,5.593],[-5.016,5.594],[-5.015,5.595],[-5.014,5.596],[-5.013,5.597],[-5.013,5.599],[-5.012,5.601],[-5.011,5.604],[-5.011,5.605],[-5.011,5.607],[-5.01,5.609],[-5.009,5.61],[-5.008,5.611],[-5.007,5.612],[-5.005,5.616],[-5.004,5.617],[-5.003,5.619],[-5.002,5.62],[-5.002,5.622],[-5.002,5.623],[-5.002,5.624],[-5.003,5.626],[-5.002,5.628],[-5.001,5.629],[-5.0,5.629],[-4.999,5.63],[-4.998,5.632],[-4.998,5.633],[-4.997,5.634],[-4.996,5.635],[-4.994,5.636],[-4.993,5.636],[-4.991,5.635],[-4.989,5.635],[-4.988,5.635],[-4.986,5.637],[-4.985,5.638],[-4.984,5.639],[-4.983,5.64],[-4.981,5.641],[-4.979,5.641],[-4.977,5.641],[-4.975,5.641],[-4.973,5.641],[-4.972,5.642],[-4.971,5.642],[-4.969,5.644],[-4.967,5.643],[-4.965,5.643],[-4.964,5.644],[-4.962,5.645],[-4.961,5.646],[-4.959,5.649],[-4.958,5.652],[-4.958,5.654],[-4.957,5.656],[-4.956,5.658],[-4.954,5.659],[-4.953,5.66],[-4.952,5.66],[-4.95,5.66],[-4.95,5.662],[-4.951,5.663],[-4.953,5.664],[-4.953,5.665],[-4.953,5.666],[-4.952,5.669],[-4.951,5.67],[-4.95,5.671],[-4.948,5.672],[-4.947,5.672],[-4.944,5.672],[-4.943,5.673],[-4.943,5.674],[-4.942,5.676],[-4.942,5.677],[-4.94,5.679],[-4.94,5.68],[-4.94,5.683],[-4.941,5.683],[-4.943,5.684],[-4.944,5.684],[-4.945,5.684],[-4.947,5.686],[-4.948,5.687],[-4.949,5.689],[-4.95,5.691],[-4.95,5.692],[-4.951,5.694],[-4.952,5.695],[-4.953,5.696],[-4.954,5.697],[-4.956,5.699],[-4.958,5.7],[-4.959,5.703],[-4.959,5.704],[-4.959,5.707],[-4.96,5.709],[-4.96,5.71],[-4.961,5.712],[-4.963,5.713],[-4.964,5.715],[-4.966,5.717],[-4.967,5.719],[-4.968,5.721],[-4.969,5.723],[-4.97,5.724],[-4.971,5.726],[-4.971,5.728],[-4.972,5.73],[-4.973,5.732],[-4.973,5.734],[-4.974,5.736],[-4.974,5.739],[-4.974,5.742],[-4.974,5.744],[-4.974,5.745],[-4.973,5.747],[-4.972,5.749],[-4.971,5.75],[-4.97,5.752],[-4.97,5.754],[-4.972,5.756],[-4.974,5.758],[-4.975,5.759],[-4.975,5.76],[-4.975,5.762],[-4.974,5.764],[-4.973,5.765],[-4.972,5.766],[-4.971,5.767],[-4.97,5.769],[-4.969,5.77],[-4.968,5.771],[-4.966,5.773],[-4.965,5.773],[-4.963,5.774],[-4.962,5.774],[-4.96,5.775],[-4.959,5.775],[-4.959,5.777],[-4.96,5.778],[-4.961,5.779],[-4.961,5.781],[-4.961,5.782],[-4.96,5.784],[-4.959,5.787],[-4.958,5.789],[-4.957,5.791],[-4.956,5.793],[-4.956,5.795],[-4.957,5.797],[-4.957,5.798],[-4.957,5.799],[-4.956,5.8],[-4.956,5.802],[-4.956,5.803],[-4.957,5.806],[-4.956,5.808],[-4.954,5.809],[-4.953,5.809],[-4.951,5.81],[-4.95,5.811],[-4.948,5.811],[-4.947,5.812],[-4.946,5.813],[-4.946,5.815],[-4.945,5.816],[-4.944,5.817],[-4.944,5.819],[-4.941,5.817],[-4.94,5.819],[-4.941,5.823],[-4.94,5.828],[-4.94,5.83],[-4.941,5.833],[-4.942,5.836],[-4.943,5.837],[-4.942,5.839],[-4.942,5.839],[-4.941,5.84],[-4.94,5.841],[-4.941,5.843],[-4.942,5.844],[-4.943,5.845],[-4.942,5.846],[-4.942,5.847],[-4.941,5.848],[-4.941,5.849],[-4.939,5.849],[-4.939,5.85],[-4.937,5.851],[-4.936,5.852],[-4.936,5.853],[-4.936,5.855],[-4.936,5.856],[-4.937,5.857],[-4.939,5.858],[-4.941,5.859],[-4.941,5.86],[-4.944,5.86],[-4.945,5.861],[-4.947,5.863],[-4.948,5.863],[-4.95,5.863],[-4.954,5.864],[-4.956,5.865],[-4.958,5.866],[-4.959,5.868],[-4.96,5.869],[-4.961,5.869],[-4.963,5.87],[-4.964,5.871],[-4.965,5.872],[-4.966,5.873],[-4.967,5.875],[-4.969,5.876],[-4.97,5.877],[-4.971,5.878],[-4.973,5.879],[-4.975,5.879],[-4.977,5.88],[-4.979,5.88],[-4.981,5.88],[-4.982,5.88],[-4.983,5.88],[-4.984,5.88],[-4.986,5.881],[-4.987,5.882],[-4.988,5.883],[-4.99,5.885],[-4.992,5.887],[-4.993,5.888],[-4.994,5.89],[-4.994,5.893],[-4.994,5.897],[-4.994,5.9],[-4.995,5.906],[-4.996,5.944],[-4.997,5.945],[-4.999,5.946],[-4.999,6.001],[-5.002,5.999],[-5.018,6.008],[-5.023,6.014],[-5.037,6.036],[-5.003,6.064],[-4.991,6.089],[-5.018,6.131],[-5.143,6.155],[-5.215,6.22],[-5.241,6.242],[-5.203,6.371],[-5.203,6.373],[-5.181,6.368],[-5.141,6.331],[-5.136,6.326],[-5.126,6.312],[-5.116,6.308],[-5.093,6.287],[-5.091,6.285],[-5.085,6.287],[-5.082,6.287],[-5.078,6.287],[-5.076,6.287],[-5.074,6.286],[-5.072,6.286],[-5.07,6.288],[-5.066,6.288],[-5.063,6.289],[-5.061,6.29],[-5.059,6.291],[-5.057,6.292],[-5.054,6.293],[-5.052,6.294],[-5.05,6.295],[-5.047,6.295],[-5.044,6.294],[-5.04,6.295],[-5.038,6.296],[-5.034,6.295],[-5.031,6.292],[-5.028,6.29],[-5.025,6.289],[-5.024,6.287],[-5.025,6.283],[-5.026,6.28],[-5.029,6.277],[-5.03,6.275],[-5.032,6.273],[-5.034,6.271],[-5.035,6.269],[-5.038,6.267],[-5.041,6.266],[-5.044,6.264],[-5.044,6.261],[-5.043,6.259],[-5.042,6.257],[-5.041,6.255],[-5.04,6.253],[-5.04,6.251],[-5.039,6.248],[-5.04,6.246],[-5.04,6.243],[-5.039,6.241],[-5.038,6.239],[-5.037,6.236],[-5.035,6.235],[-5.033,6.237],[-5.03,6.238],[-5.027,6.238],[-5.024,6.237],[-5.019,6.238],[-5.015,6.239],[-5.012,6.239],[-5.009,6.24],[-5.007,6.24],[-5.004,6.24],[-5.001,6.24],[-4.999,6.238],[-4.996,6.239],[-4.993,6.24],[-4.99,6.243],[-4.989,6.244],[-4.986,6.245],[-4.983,6.245],[-4.98,6.246],[-4.977,6.248],[-4.975,6.249],[-4.973,6.249],[-4.97,6.25],[-4.966,6.251],[-4.963,6.252],[-4.961,6.255],[-4.96,6.256],[-4.958,6.257],[-4.955,6.257],[-4.952,6.258],[-4.95,6.258],[-4.949,6.259],[-4.948,6.259],[-4.945,6.26],[-4.942,6.26],[-4.937,6.261],[-4.932,6.261],[-4.832,6.237],[-4.828,6.237],[-4.826,6.236],[-4.826,6.235],[-4.824,6.236],[-4.822,6.236],[-4.821,6.237],[-4.818,6.237],[-4.816,6.238],[-4.815,6.241],[-4.817,6.243],[-4.818,6.244],[-4.82,6.245],[-4.822,6.246],[-4.821,6.249],[-4.82,6.251],[-4.818,6.252],[-4.816,6.251],[-4.815,6.25],[-4.814,6.249],[-4.812,6.247],[-4.81,6.245],[-4.809,6.244],[-4.806,6.242],[-4.805,6.241],[-4.803,6.241],[-4.801,6.241],[-4.799,6.241],[-4.797,6.242],[-4.795,6.242],[-4.793,6.243],[-4.792,6.242],[-4.79,6.241],[-4.787,6.24],[-4.785,6.239],[-4.782,6.24],[-4.779,6.241],[-4.776,6.241],[-4.774,6.241],[-4.773,6.241],[-4.771,6.242],[-4.768,6.242],[-4.766,6.243],[-4.763,6.244],[-4.759,6.243],[-4.758,6.244],[-4.756,6.245],[-4.753,6.246],[-4.75,6.245],[-4.748,6.246],[-4.746,6.247],[-4.744,6.248],[-4.742,6.249],[-4.741,6.25],[-4.739,6.251],[-4.736,6.251],[-4.734,6.25],[-4.732,6.249],[-4.73,6.25],[-4.729,6.252],[-4.728,6.253],[-4.728,6.256],[-4.725,6.257],[-4.723,6.258],[-4.72,6.258],[-4.718,6.26],[-4.717,6.262],[-4.715,6.263],[-4.713,6.264],[-4.712,6.266],[-4.711,6.269],[-4.709,6.271],[-4.707,6.271],[-4.705,6.272],[-4.705,6.274],[-4.705,6.277],[-4.705,6.279],[-4.704,6.28],[-4.703,6.279],[-4.701,6.276],[-4.701,6.275],[-4.699,6.274],[-4.697,6.273],[-4.696,6.272],[-4.694,6.272],[-4.691,6.271],[-4.69,6.27],[-4.688,6.269],[-4.687,6.269],[-4.685,6.27],[-4.685,6.272],[-4.582,6.255],[-4.557,6.251],[-4.551,6.25],[-4.5,6.242],[-4.499,6.243],[-4.498,6.245],[-4.496,6.247],[-4.495,6.249],[-4.493,6.251],[-4.492,6.252],[-4.491,6.253],[-4.49,6.254],[-4.488,6.256],[-4.487,6.257],[-4.486,6.259],[-4.486,6.26],[-4.484,6.262],[-4.483,6.263],[-4.482,6.264],[-4.481,6.265],[-4.479,6.265],[-4.478,6.266],[-4.476,6.267],[-4.474,6.267],[-4.473,6.267],[-4.471,6.267],[-4.469,6.268],[-4.468,6.268],[-4.468,6.268],[-4.467,6.267],[-4.466,6.266],[-4.466,6.265],[-4.465,6.264],[-4.464,6.262],[-4.463,6.262],[-4.463,6.261],[-4.462,6.26],[-4.462,6.258],[-4.461,6.257],[-4.461,6.255],[-4.461,6.254],[-4.459,6.253],[-4.458,6.252],[-4.456,6.252],[-4.453,6.252],[-4.451,6.253],[-4.45,6.254],[-4.448,6.254],[-4.447,6.254],[-4.446,6.255],[-4.444,6.256],[-4.443,6.256],[-4.441,6.256],[-4.439,6.256],[-4.438,6.255],[-4.437,6.255],[-4.436,6.254],[-4.435,6.253],[-4.433,6.254],[-4.432,6.254],[-4.431,6.255],[-4.429,6.256],[-4.428,6.257],[-4.426,6.258],[-4.425,6.259],[-4.425,6.259],[-4.423,6.26],[-4.422,6.261],[-4.421,6.262],[-4.42,6.262],[-4.418,6.263],[-4.418,6.264],[-4.416,6.264],[-4.415,6.264],[-4.413,6.264],[-4.412,6.264],[-4.411,6.264],[-4.409,6.263],[-4.407,6.263],[-4.406,6.262],[-4.404,6.262],[-4.402,6.261],[-4.401,6.261],[-4.399,6.261],[-4.398,6.262],[-4.396,6.262],[-4.395,6.263],[-4.394,6.264],[-4.393,6.264],[-4.392,6.265],[-4.39,6.265],[-4.389,6.265],[-4.388,6.264],[-4.386,6.264],[-4.385,6.264],[-4.383,6.263],[-4.381,6.263],[-4.38,6.263],[-4.378,6.263],[-4.376,6.263],[-4.374,6.262],[-4.373,6.263],[-4.371,6.263],[-4.369,6.263],[-4.368,6.263],[-4.367,6.263],[-4.366,6.263],[-4.364,6.263],[-4.362,6.263],[-4.36,6.262],[-4.358,6.262],[-4.358,6.262],[-4.356,6.262],[-4.355,6.262],[-4.354,6.262],[-4.352,6.263],[-4.351,6.264],[-4.35,6.265],[-4.349,6.266],[-4.348,6.267],[-4.346,6.267],[-4.345,6.267],[-4.344,6.267],[-4.342,6.267],[-4.342,6.266],[-4.34,6.266],[-4.339,6.266],[-4.337,6.266],[-4.336,6.266],[-4.334,6.266],[-4.333,6.265],[-4.331,6.266],[-4.33,6.266],[-4.328,6.266],[-4.326,6.266],[-4.325,6.266],[-4.323,6.266],[-4.323,6.267],[-4.321,6.267],[-4.32,6.267],[-4.319,6.267],[-4.317,6.267],[-4.316,6.267],[-4.315,6.267],[-4.314,6.267],[-4.313,6.267],[-4.311,6.267],[-4.31,6.267],[-4.308,6.267],[-4.306,6.268],[-4.305,6.268],[-4.303,6.268],[-4.301,6.268],[-4.299,6.268],[-4.298,6.267],[-4.296,6.267],[-4.295,6.267],[-4.294,6.267],[-4.293,6.266],[-4.292,6.266],[-4.29,6.266],[-4.289,6.265],[-4.287,6.265],[-4.286,6.264],[-4.284,6.263],[-4.282,6.263],[-4.281,6.264],[-4.279,6.264],[-4.278,6.265],[-4.277,6.265],[-4.275,6.264],[-4.275,6.263],[-4.274,6.263],[-4.273,6.262],[-4.271,6.261],[-4.27,6.261],[-4.27,6.26],[-4.269,6.259],[-4.268,6.259],[-4.268,6.258],[-4.267,6.257],[-4.267,6.255],[-4.267,6.255],[-4.267,6.254],[-4.267,6.253],[-4.268,6.252],[-4.268,6.251],[-4.268,6.25],[-4.268,6.249],[-4.268,6.248],[-4.268,6.247],[-4.267,6.246],[-4.267,6.245],[-4.266,6.245],[-4.265,6.244],[-4.264,6.244],[-4.264,6.243],[-4.263,6.242],[-4.263,6.241],[-4.263,6.24],[-4.263,6.24],[-4.263,6.239],[-4.263,6.238],[-4.263,6.237],[-4.262,6.236],[-4.262,6.235],[-4.262,6.234],[-4.261,6.233],[-4.26,6.232],[-4.26,6.231],[-4.259,6.23],[-4.258,6.23],[-4.257,6.23],[-4.257,6.229],[-4.256,6.229],[-4.255,6.229],[-4.255,6.227],[-4.254,6.227],[-4.254,6.226],[-4.253,6.225],[-4.253,6.224],[-4.253,6.222],[-4.253,6.221],[-4.253,6.22],[-4.253,6.219],[-4.251,6.217],[-4.251,6.216],[-4.251,6.216],[-4.25,6.215],[-4.25,6.214],[-4.25,6.213],[-4.25,6.212],[-4.249,6.211],[-4.249,6.21],[-4.248,6.21],[-4.247,6.209],[-4.246,6.209],[-4.245,6.209],[-4.245,6.207],[-4.245,6.207],[-4.246,6.206],[-4.246,6.205],[-4.247,6.204],[-4.247,6.203],[-4.246,6.202],[-4.246,6.201],[-4.246,6.198],[-4.246,6.197],[-4.245,6.196],[-4.244,6.196],[-4.243,6.195],[-4.242,6.194],[-4.242,6.194],[-4.241,6.192],[-4.241,6.192],[-4.24,6.191],[-4.238,6.19],[-4.238,6.189],[-4.237,6.188],[-4.236,6.187],[-4.237,6.186],[-4.161,6.231],[-4.159,6.231],[-4.124,6.256],[-4.115,6.261],[-4.162,6.335],[-4.14,6.466],[-4.139,6.472],[-4.092,6.493],[-4.08,6.482],[-4.07,6.495],[-4.061,6.504],[-4.028,6.52],[-4.025,6.522],[-3.998,6.541],[-3.985,6.554],[-3.984,6.554],[-3.982,6.555],[-3.981,6.556],[-3.98,6.556],[-3.978,6.556],[-3.976,6.557],[-3.975,6.557],[-3.973,6.557],[-3.971,6.555],[-3.97,6.553],[-3.969,6.552],[-3.967,6.551],[-3.966,6.55],[-3.965,6.549],[-3.965,6.548],[-3.964,6.546],[-3.963,6.545],[-3.962,6.543],[-3.961,6.542],[-3.96,6.541],[-3.958,6.54],[-3.957,6.54],[-3.955,6.54],[-3.953,6.541],[-3.952,6.541],[-3.95,6.541],[-3.949,6.541],[-3.947,6.541],[-3.945,6.54],[-3.943,6.54],[-3.941,6.541],[-3.94,6.542],[-3.938,6.542],[-3.937,6.542],[-3.936,6.543],[-3.934,6.544],[-3.932,6.544],[-3.931,6.544],[-3.929,6.545],[-3.928,6.545],[-3.927,6.545],[-3.925,6.546],[-3.924,6.545],[-3.923,6.546],[-3.921,6.546],[-3.919,6.547],[-3.918,6.548],[-3.916,6.549],[-3.915,6.549],[-3.913,6.55],[-3.911,6.55],[-3.909,6.551],[-3.908,6.551],[-3.905,6.551],[-3.904,6.552],[-3.902,6.553],[-3.9,6.552],[-3.899,6.551],[-3.898,6.55],[-3.898,6.549],[-3.897,6.548],[-3.896,6.546],[-3.895,6.545],[-3.894,6.544],[-3.893,6.543],[-3.892,6.542],[-3.891,6.541],[-3.889,6.54],[-3.888,6.54],[-3.886,6.539],[-3.885,6.538],[-3.884,6.537],[-3.883,6.535],[-3.881,6.534],[-3.878,6.534],[-3.877,6.535],[-3.875,6.535],[-3.873,6.535],[-3.871,6.536],[-3.869,6.536],[-3.867,6.536],[-3.866,6.536],[-3.865,6.536],[-3.863,6.535],[-3.862,6.535],[-3.86,6.535],[-3.858,6.535],[-3.856,6.535],[-3.855,6.535],[-3.853,6.534],[-3.852,6.534],[-3.85,6.533],[-3.849,6.534],[-3.848,6.534],[-3.847,6.535],[-3.846,6.536],[-3.845,6.537],[-3.844,6.538],[-3.844,6.539],[-3.843,6.541],[-3.843,6.543],[-3.841,6.546],[-3.84,6.548],[-3.839,6.549],[-3.838,6.55],[-3.836,6.551],[-3.835,6.552],[-3.834,6.553],[-3.834,6.556],[-3.833,6.557],[-3.832,6.56],[-3.832,6.562],[-3.832,6.563],[-3.831,6.565],[-3.831,6.567],[-3.83,6.568],[-3.829,6.569],[-3.828,6.57],[-3.826,6.571],[-3.825,6.573],[-3.824,6.574],[-3.823,6.575],[-3.821,6.576],[-3.818,6.578],[-3.817,6.578],[-3.815,6.579],[-3.814,6.579],[-3.812,6.58],[-3.81,6.581],[-3.809,6.582],[-3.807,6.582],[-3.806,6.583],[-3.805,6.584],[-3.803,6.583],[-3.801,6.584],[-3.8,6.584],[-3.799,6.584],[-3.798,6.585],[-3.797,6.587],[-3.796,6.588],[-3.796,6.59],[-3.795,6.592],[-3.794,6.593],[-3.793,6.594],[-3.792,6.595],[-3.791,6.596],[-3.79,6.597],[-3.79,6.598],[-3.788,6.6],[-3.787,6.602],[-3.785,6.604],[-3.784,6.605],[-3.782,6.606],[-3.781,6.607],[-3.78,6.608],[-3.777,6.608],[-3.776,6.608],[-3.775,6.609],[-3.773,6.61],[-3.773,6.611],[-3.772,6.613],[-3.772,6.614],[-3.772,6.616],[-3.771,6.618],[-3.77,6.619],[-3.769,6.62],[-3.768,6.622],[-3.766,6.622],[-3.764,6.623],[-3.763,6.626],[-3.763,6.627],[-3.762,6.629],[-3.76,6.628],[-3.758,6.627],[-3.756,6.627],[-3.755,6.627],[-3.753,6.627],[-3.751,6.627],[-3.748,6.628],[-3.745,6.629],[-3.744,6.63],[-3.742,6.63],[-3.74,6.629],[-3.739,6.628],[-3.738,6.627],[-3.736,6.625],[-3.734,6.624],[-3.732,6.624],[-3.73,6.624],[-3.729,6.624],[-3.726,6.624],[-3.724,6.625],[-3.723,6.625],[-3.721,6.626],[-3.72,6.628],[-3.719,6.629],[-3.718,6.631],[-3.717,6.634],[-3.715,6.635],[-3.713,6.637],[-3.712,6.638],[-3.71,6.639],[-3.708,6.641],[-3.706,6.642],[-3.704,6.643],[-3.702,6.643],[-3.7,6.644],[-3.698,6.644],[-3.695,6.644],[-3.693,6.643],[-3.691,6.643],[-3.688,6.642],[-3.687,6.641],[-3.686,6.638],[-3.685,6.636],[-3.683,6.634],[-3.682,6.633],[-3.683,6.63],[-3.683,6.628],[-3.683,6.625]]]}},{"type":"Feature","id":"Comoe","properties":{"name":"Comoe","code":"CI09","level":"district","status":"pending","schools":780,"students":106971,"girls":19804,"boys":87167},"geometry":{"type":"Polygon","coordinates":[[[-3.472,7.344],[-3.471,7.343],[-3.47,7.346],[-3.471,7.348],[-3.471,7.35],[-3.47,7.351],[-3.469,7.352],[-3.467,7.353],[-3.467,7.352],[-3.466,7.35],[-3.466,7.348],[-3.466,7.346],[-3.466,7.344],[-3.466,7.343],[-3.465,7.342],[-3.463,7.342],[-3.462,7.342],[-3.46,7.343],[-3.458,7.344],[-3.458,7.346],[-3.458,7.347],[-3.46,7.349],[-3.461,7.35],[-3.462,7.351],[-3.462,7.352],[-3.461,7.353],[-3.459,7.353],[-3.457,7.352],[-3.455,7.351],[-3.454,7.349],[-3.454,7.347],[-3.454,7.346],[-3.455,7.345],[-3.455,7.343],[-3.455,7.34],[-3.454,7.339],[-3.452,7.337],[-3.45,7.337],[-3.449,7.337],[-3.448,7.338],[-3.448,7.34],[-3.446,7.342],[-3.444,7.342],[-3.443,7.341],[-3.441,7.34],[-3.44,7.339],[-3.439,7.338],[-3.439,7.336],[-3.44,7.335],[-3.441,7.333],[-3.442,7.33],[-3.442,7.329],[-3.44,7.329],[-3.438,7.329],[-3.437,7.328],[-3.436,7.327],[-3.434,7.325],[-3.433,7.323],[-3.432,7.321],[-3.432,7.319],[-3.431,7.317],[-3.431,7.316],[-3.431,7.314],[-3.431,7.311],[-3.431,7.309],[-3.431,7.307],[-3.43,7.306],[-3.429,7.305],[-3.428,7.304],[-3.427,7.303],[-3.425,7.302],[-3.424,7.301],[-3.422,7.301],[-3.42,7.3],[-3.418,7.3],[-3.417,7.299],[-3.416,7.298],[-3.415,7.297],[-3.413,7.296],[-3.411,7.295],[-3.409,7.294],[-3.407,7.294],[-3.405,7.294],[-3.403,7.293],[-3.402,7.292],[-3.402,7.291],[-3.401,7.289],[-3.4,7.287],[-3.399,7.286],[-3.398,7.283],[-3.396,7.281],[-3.396,7.279],[-3.394,7.277],[-3.394,7.276],[-3.393,7.274],[-3.392,7.272],[-3.391,7.27],[-3.391,7.27],[-3.39,7.268],[-3.39,7.266],[-3.389,7.265],[-3.388,7.264],[-3.387,7.262],[-3.386,7.261],[-3.385,7.26],[-3.384,7.258],[-3.383,7.256],[-3.382,7.255],[-3.381,7.253],[-3.381,7.251],[-3.379,7.25],[-3.378,7.251],[-3.356,7.265],[-3.355,7.265],[-3.353,7.265],[-3.351,7.265],[-3.35,7.265],[-3.348,7.266],[-3.347,7.268],[-3.347,7.269],[-3.346,7.27],[-3.345,7.273],[-3.343,7.273],[-3.341,7.273],[-3.339,7.275],[-3.336,7.276],[-3.334,7.276],[-3.333,7.276],[-3.331,7.275],[-3.33,7.274],[-3.329,7.274],[-3.327,7.275],[-3.326,7.275],[-3.324,7.277],[-3.324,7.278],[-3.323,7.281],[-3.321,7.282],[-3.32,7.283],[-3.319,7.282],[-3.317,7.282],[-3.316,7.282],[-3.315,7.282],[-3.313,7.282],[-3.311,7.283],[-3.309,7.283],[-3.306,7.283],[-3.305,7.284],[-3.302,7.282],[-3.301,7.283],[-3.3,7.284],[-3.298,7.285],[-3.298,7.286],[-3.299,7.287],[-3.299,7.289],[-3.299,7.291],[-3.298,7.292],[-3.297,7.293],[-3.297,7.294],[-3.297,7.296],[-3.297,7.297],[-3.297,7.299],[-3.298,7.301],[-3.298,7.302],[-3.299,7.304],[-3.299,7.306],[-3.3,7.308],[-3.301,7.31],[-3.302,7.312],[-3.303,7.312],[-3.304,7.313],[-3.305,7.314],[-3.307,7.315],[-3.308,7.317],[-3.309,7.317],[-3.311,7.319],[-3.312,7.319],[-3.314,7.32],[-3.315,7.322],[-3.315,7.324],[-3.315,7.326],[-3.314,7.327],[-3.313,7.328],[-3.311,7.328],[-3.309,7.329],[-3.307,7.329],[-3.306,7.33],[-3.305,7.331],[-3.303,7.331],[-3.3,7.332],[-3.299,7.332],[-3.297,7.331],[-3.296,7.331],[-3.295,7.331],[-3.293,7.331],[-3.291,7.331],[-3.289,7.332],[-3.287,7.332],[-3.286,7.332],[-3.284,7.332],[-3.283,7.331],[-3.281,7.331],[-3.28,7.331],[-3.278,7.331],[-3.276,7.331],[-3.274,7.331],[-3.272,7.331],[-3.27,7.33],[-3.268,7.329],[-3.266,7.329],[-3.264,7.329],[-3.262,7.328],[-3.26,7.328],[-3.258,7.327],[-3.257,7.326],[-3.255,7.325],[-3.253,7.324],[-3.251,7.322],[-3.25,7.321],[-3.249,7.32],[-3.25,7.319],[-3.25,7.317],[-3.251,7.315],[-3.251,7.314],[-3.252,7.312],[-3.252,7.311],[-3.251,7.309],[-3.251,7.305],[-3.251,7.303],[-3.251,7.301],[-3.25,7.299],[-3.25,7.295],[-3.25,7.291],[-3.25,7.288],[-3.25,7.285],[-3.25,7.281],[-3.249,7.278],[-3.249,7.275],[-3.249,7.273],[-3.249,7.269],[-3.249,7.267],[-3.248,7.264],[-3.248,7.261],[-3.248,7.258],[-3.248,7.257],[-3.248,7.255],[-3.248,7.253],[-3.248,7.251],[-3.247,7.249],[-3.247,7.247],[-3.247,7.245],[-3.247,7.242],[-3.246,7.24],[-3.246,7.238],[-3.245,7.237],[-3.244,7.235],[-3.243,7.233],[-3.243,7.231],[-3.241,7.23],[-3.24,7.229],[-3.24,7.228],[-3.239,7.226],[-3.237,7.224],[-3.235,7.223],[-3.234,7.222],[-3.232,7.221],[-3.23,7.22],[-3.228,7.218],[-3.226,7.217],[-3.225,7.216],[-3.223,7.214],[-3.222,7.212],[-3.222,7.21],[-3.222,7.209],[-3.222,7.207],[-3.222,7.205],[-3.222,7.202],[-3.222,7.2],[-3.223,7.184],[-3.221,7.184],[-3.22,7.185],[-3.218,7.186],[-3.217,7.186],[-3.215,7.187],[-3.214,7.187],[-3.209,7.186],[-3.206,7.185],[-3.204,7.185],[-3.203,7.184],[-3.202,7.182],[-3.201,7.18],[-3.202,7.178],[-3.204,7.175],[-3.196,7.167],[-3.186,7.169],[-3.184,7.167],[-3.157,7.147],[-3.156,7.145],[-3.154,7.143],[-3.152,7.142],[-3.15,7.14],[-3.148,7.138],[-3.145,7.137],[-3.144,7.134],[-3.142,7.132],[-3.141,7.13],[-3.139,7.129],[-3.137,7.127],[-3.136,7.126],[-3.134,7.124],[-3.133,7.123],[-3.133,7.122],[-3.132,7.12],[-3.131,7.119],[-3.129,7.118],[-3.128,7.116],[-3.127,7.115],[-3.127,7.113],[-3.126,7.111],[-3.126,7.11],[-3.124,7.109],[-3.122,7.107],[-3.121,7.106],[-3.119,7.104],[-3.117,7.102],[-3.116,7.1],[-3.116,7.099],[-3.116,7.096],[-3.115,7.095],[-3.114,7.094],[-3.08,7.057],[-3.096,7.048],[-3.182,6.906],[-3.186,6.9],[-3.235,6.82],[-3.234,6.775],[-3.233,6.771],[-3.23,6.768],[-3.226,6.765],[-3.216,6.757],[-3.21,6.751],[-3.216,6.742],[-3.208,6.728],[-3.216,6.709],[-3.22,6.703],[-3.228,6.696],[-3.228,6.689],[-3.23,6.682],[-3.235,6.674],[-3.234,6.665],[-3.24,6.661],[-3.244,6.659],[-3.252,6.648],[-3.255,6.639],[-3.259,6.628],[-3.259,6.617],[-3.261,6.612],[-3.258,6.607],[-3.238,6.598],[-3.238,6.589],[-3.242,6.541],[-3.231,6.499],[-3.231,6.498],[-3.212,6.423],[-3.206,6.397],[-3.187,6.339],[-3.173,6.294],[-3.176,6.247],[-3.157,6.244],[-3.111,6.156],[-3.083,5.999],[-3.059,5.939],[-3.057,5.935],[-3.023,5.848],[-3.036,5.714],[-3.032,5.714],[-3.031,5.714],[-2.956,5.71],[-2.97,5.63],[-2.954,5.612],[-2.939,5.61],[-2.917,5.623],[-2.906,5.624],[-2.901,5.64],[-2.883,5.648],[-2.878,5.652],[-2.877,5.653],[-2.874,5.659],[-2.87,5.659],[-2.864,5.649],[-2.862,5.642],[-2.822,5.619],[-2.809,5.617],[-2.809,5.613],[-2.797,5.614],[-2.794,5.615],[-2.777,5.598],[-2.765,5.595],[-2.767,5.581],[-2.762,5.446],[-2.74,5.408],[-2.74,5.407],[-2.727,5.387],[-2.733,5.351],[-2.726,5.335],[-2.754,5.338],[-2.765,5.348],[-2.771,5.343],[-2.775,5.337],[-2.776,5.333],[-2.774,5.324],[-2.77,5.317],[-2.767,5.309],[-2.765,5.301],[-2.768,5.294],[-2.771,5.289],[-2.777,5.287],[-2.787,5.285],[-2.794,5.282],[-2.792,5.279],[-2.79,5.278],[-2.784,5.272],[-2.779,5.269],[-2.771,5.264],[-2.77,5.259],[-2.774,5.256],[-2.776,5.254],[-2.768,5.251],[-2.762,5.25],[-2.757,5.246],[-2.758,5.237],[-2.761,5.231],[-2.759,5.227],[-2.757,5.223],[-2.757,5.215],[-2.764,5.203],[-2.759,5.197],[-2.751,5.195],[-2.75,5.192],[-2.747,5.182],[-2.741,5.167],[-2.742,5.156],[-2.74,5.151],[-2.74,5.149],[-2.735,5.142],[-2.729,5.138],[-2.725,5.13],[-2.729,5.125],[-2.734,5.124],[-2.739,5.117],[-2.744,5.107],[-2.752,5.109],[-2.755,5.105],[-2.758,5.094],[-2.764,5.097],[-2.768,5.102],[-2.772,5.103],[-2.776,5.106],[-2.782,5.105],[-2.788,5.103],[-2.792,5.099],[-2.798,5.101],[-2.807,5.103],[-2.812,5.102],[-2.817,5.102],[-2.821,5.104],[-2.825,5.107],[-2.827,5.11],[-2.83,5.112],[-2.834,5.115],[-2.838,5.114],[-2.839,5.107],[-2.841,5.104],[-2.844,5.102],[-2.847,5.101],[-2.85,5.102],[-2.855,5.107],[-2.86,5.114],[-2.866,5.116],[-2.872,5.12],[-2.882,5.121],[-2.892,5.117],[-2.896,5.115],[-2.898,5.114],[-2.901,5.113],[-2.904,5.113],[-2.907,5.109],[-2.907,5.105],[-2.897,5.109],[-2.891,5.11],[-2.887,5.103],[-2.887,5.095],[-2.889,5.091],[-2.891,5.086],[-2.894,5.083],[-2.898,5.081],[-2.9,5.081],[-2.906,5.083],[-2.908,5.085],[-2.912,5.085],[-2.916,5.089],[-2.916,5.093],[-2.918,5.098],[-2.921,5.102],[-2.925,5.104],[-2.929,5.102],[-2.931,5.099],[-2.93,5.095],[-2.929,5.091],[-2.929,5.087],[-2.931,5.087],[-2.938,5.086],[-2.943,5.085],[-2.946,5.082],[-2.949,5.075],[-2.962,5.078],[-2.967,5.079],[-2.971,5.079],[-2.98,5.08],[-2.991,5.09],[-2.996,5.096],[-3.002,5.1],[-3.008,5.106],[-3.011,5.107],[-3.021,5.109],[-3.024,5.112],[-3.03,5.111],[-3.035,5.11],[-3.04,5.112],[-3.043,5.11],[-3.047,5.112],[-3.051,5.112],[-3.052,5.108],[-3.055,5.111],[-3.06,5.11],[-3.062,5.112],[-3.067,5.115],[-3.07,5.115],[-3.072,5.113],[-3.073,5.112],[-3.074,5.108],[-3.077,5.107],[-3.08,5.107],[-3.085,5.107],[-3.084,5.111],[-3.087,5.112],[-3.09,5.111],[-3.091,5.113],[-3.092,5.111],[-3.094,5.107],[-3.099,5.107],[-3.098,5.114],[-3.101,5.114],[-3.101,5.11],[-3.104,5.113],[-3.107,5.115],[-3.111,5.116],[-3.112,5.113],[-3.109,5.113],[-3.109,5.111],[-3.112,5.109],[-3.116,5.111],[-3.119,5.11],[-3.118,5.104],[-3.117,5.098],[-3.114,5.085],[-3.163,5.094],[-3.192,5.1],[-3.199,5.102],[-3.215,5.105],[-3.222,5.107],[-3.227,5.109],[-3.242,5.111],[-3.259,5.115],[-3.275,5.116],[-3.28,5.115],[-3.291,5.119],[-3.311,5.124],[-3.322,5.126],[-3.335,5.13],[-3.346,5.13],[-3.355,5.131],[-3.369,5.136],[-3.376,5.136],[-3.401,5.141],[-3.427,5.145],[-3.438,5.148],[-3.454,5.15],[-3.467,5.153],[-3.475,5.153],[-3.485,5.156],[-3.493,5.156],[-3.499,5.156],[-3.505,5.156],[-3.517,5.159],[-3.533,5.161],[-3.544,5.161],[-3.552,5.161],[-3.556,5.16],[-3.567,5.161],[-3.585,5.163],[-3.608,5.169],[-3.634,5.172],[-3.642,5.174],[-3.703,5.185],[-3.728,5.19],[-3.743,5.193],[-3.758,5.196],[-3.764,5.199],[-3.766,5.199],[-3.773,5.2],[-3.8,5.205],[-3.816,5.208],[-3.833,5.216],[-3.851,5.221],[-3.852,5.225],[-3.852,5.228],[-3.851,5.228],[-3.84,5.254],[-3.818,5.251],[-3.816,5.25],[-3.815,5.251],[-3.815,5.252],[-3.814,5.253],[-3.815,5.255],[-3.815,5.256],[-3.815,5.258],[-3.815,5.259],[-3.815,5.261],[-3.816,5.262],[-3.816,5.263],[-3.817,5.264],[-3.818,5.265],[-3.818,5.267],[-3.818,5.268],[-3.818,5.27],[-3.817,5.272],[-3.816,5.273],[-3.805,5.285],[-3.785,5.271],[-3.716,5.297],[-3.717,5.296],[-3.717,5.294],[-3.717,5.291],[-3.718,5.288],[-3.719,5.285],[-3.72,5.283],[-3.721,5.281],[-3.722,5.278],[-3.724,5.276],[-3.726,5.274],[-3.727,5.271],[-3.727,5.269],[-3.727,5.265],[-3.727,5.262],[-3.727,5.258],[-3.728,5.255],[-3.728,5.252],[-3.727,5.251],[-3.725,5.249],[-3.722,5.247],[-3.72,5.243],[-3.717,5.237],[-3.715,5.231],[-3.715,5.232],[-3.714,5.233],[-3.713,5.234],[-3.712,5.234],[-3.711,5.235],[-3.71,5.236],[-3.709,5.236],[-3.707,5.237],[-3.705,5.237],[-3.704,5.237],[-3.701,5.236],[-3.7,5.235],[-3.698,5.234],[-3.697,5.234],[-3.695,5.232],[-3.692,5.231],[-3.691,5.231],[-3.69,5.23],[-3.689,5.23],[-3.688,5.231],[-3.687,5.231],[-3.686,5.231],[-3.685,5.231],[-3.684,5.232],[-3.682,5.233],[-3.681,5.234],[-3.681,5.234],[-3.679,5.236],[-3.679,5.236],[-3.678,5.237],[-3.677,5.239],[-3.676,5.24],[-3.676,5.242],[-3.676,5.244],[-3.675,5.245],[-3.675,5.246],[-3.675,5.247],[-3.675,5.248],[-3.674,5.25],[-3.674,5.251],[-3.673,5.252],[-3.672,5.253],[-3.672,5.254],[-3.671,5.255],[-3.671,5.256],[-3.67,5.257],[-3.669,5.257],[-3.668,5.258],[-3.668,5.259],[-3.667,5.26],[-3.666,5.26],[-3.664,5.261],[-3.663,5.261],[-3.662,5.261],[-3.66,5.261],[-3.659,5.261],[-3.657,5.261],[-3.656,5.261],[-3.655,5.261],[-3.654,5.261],[-3.653,5.261],[-3.651,5.26],[-3.65,5.259],[-3.649,5.259],[-3.646,5.257],[-3.644,5.256],[-3.643,5.255],[-3.642,5.254],[-3.64,5.252],[-3.639,5.252],[-3.638,5.251],[-3.635,5.251],[-3.634,5.251],[-3.633,5.251],[-3.631,5.252],[-3.63,5.252],[-3.629,5.253],[-3.628,5.254],[-3.627,5.254],[-3.627,5.255],[-3.625,5.256],[-3.625,5.257],[-3.622,5.26],[-3.622,5.261],[-3.621,5.262],[-3.62,5.262],[-3.619,5.263],[-3.618,5.264],[-3.617,5.264],[-3.616,5.265],[-3.616,5.266],[-3.616,5.266],[-3.616,5.268],[-3.616,5.269],[-3.617,5.271],[-3.618,5.272],[-3.618,5.273],[-3.62,5.274],[-3.62,5.274],[-3.621,5.275],[-3.621,5.275],[-3.622,5.276],[-3.622,5.277],[-3.622,5.278],[-3.623,5.279],[-3.623,5.28],[-3.623,5.281],[-3.623,5.282],[-3.623,5.283],[-3.623,5.284],[-3.623,5.285],[-3.623,5.285],[-3.623,5.286],[-3.623,5.287],[-3.623,5.288],[-3.623,5.289],[-3.623,5.291],[-3.624,5.292],[-3.625,5.293],[-3.625,5.295],[-3.625,5.297],[-3.625,5.298],[-3.625,5.299],[-3.623,5.298],[-3.622,5.298],[-3.622,5.299],[-3.622,5.3],[-3.621,5.301],[-3.621,5.302],[-3.62,5.303],[-3.62,5.304],[-3.619,5.304],[-3.617,5.305],[-3.616,5.305],[-3.615,5.304],[-3.614,5.305],[-3.613,5.305],[-3.613,5.306],[-3.613,5.307],[-3.612,5.307],[-3.612,5.308],[-3.612,5.309],[-3.611,5.31],[-3.61,5.311],[-3.61,5.312],[-3.609,5.313],[-3.609,5.313],[-3.609,5.314],[-3.609,5.315],[-3.608,5.316],[-3.608,5.317],[-3.608,5.319],[-3.608,5.319],[-3.607,5.321],[-3.607,5.321],[-3.608,5.322],[-3.608,5.323],[-3.608,5.324],[-3.608,5.325],[-3.608,5.326],[-3.607,5.327],[-3.607,5.328],[-3.606,5.329],[-3.605,5.33],[-3.605,5.331],[-3.604,5.331],[-3.603,5.331],[-3.602,5.332],[-3.602,5.333],[-3.6,5.334],[-3.6,5.335],[-3.599,5.335],[-3.598,5.336],[-3.597,5.336],[-3.596,5.336],[-3.595,5.337],[-3.594,5.337],[-3.593,5.337],[-3.592,5.338],[-3.59,5.339],[-3.589,5.34],[-3.589,5.343],[-3.591,5.344],[-3.591,5.346],[-3.593,5.347],[-3.593,5.348],[-3.593,5.35],[-3.593,5.351],[-3.593,5.352],[-3.593,5.352],[-3.592,5.353],[-3.592,5.354],[-3.591,5.355],[-3.591,5.356],[-3.591,5.356],[-3.591,5.357],[-3.591,5.357],[-3.591,5.359],[-3.59,5.36],[-3.59,5.361],[-3.59,5.362],[-3.589,5.362],[-3.589,5.364],[-3.587,5.366],[-3.587,5.367],[-3.586,5.368],[-3.586,5.369],[-3.586,5.37],[-3.585,5.371],[-3.585,5.372],[-3.586,5.373],[-3.586,5.374],[-3.586,5.375],[-3.586,5.376],[-3.586,5.378],[-3.586,5.378],[-3.586,5.379],[-3.586,5.38],[-3.586,5.381],[-3.586,5.382],[-3.587,5.384],[-3.588,5.384],[-3.588,5.386],[-3.588,5.387],[-3.588,5.388],[-3.587,5.388],[-3.586,5.389],[-3.585,5.39],[-3.586,5.391],[-3.586,5.392],[-3.585,5.393],[-3.586,5.396],[-3.585,5.397],[-3.586,5.399],[-3.586,5.399],[-3.585,5.4],[-3.584,5.4],[-3.583,5.401],[-3.583,5.403],[-3.582,5.404],[-3.582,5.405],[-3.582,5.406],[-3.581,5.407],[-3.581,5.408],[-3.581,5.409],[-3.581,5.412],[-3.582,5.414],[-3.582,5.415],[-3.582,5.416],[-3.582,5.417],[-3.582,5.418],[-3.582,5.418],[-3.581,5.419],[-3.581,5.421],[-3.581,5.421],[-3.583,5.423],[-3.583,5.424],[-3.583,5.425],[-3.582,5.425],[-3.582,5.426],[-3.581,5.427],[-3.581,5.428],[-3.581,5.429],[-3.58,5.43],[-3.58,5.431],[-3.58,5.432],[-3.58,5.433],[-3.581,5.434],[-3.581,5.435],[-3.581,5.436],[-3.58,5.438],[-3.58,5.439],[-3.58,5.44],[-3.579,5.44],[-3.579,5.441],[-3.579,5.442],[-3.578,5.443],[-3.578,5.444],[-3.577,5.445],[-3.576,5.446],[-3.576,5.447],[-3.576,5.449],[-3.576,5.449],[-3.576,5.45],[-3.575,5.451],[-3.575,5.452],[-3.575,5.453],[-3.575,5.456],[-3.575,5.458],[-3.576,5.459],[-3.576,5.46],[-3.576,5.461],[-3.576,5.463],[-3.576,5.464],[-3.576,5.465],[-3.577,5.466],[-3.577,5.467],[-3.577,5.468],[-3.577,5.469],[-3.577,5.47],[-3.578,5.471],[-3.578,5.472],[-3.578,5.473],[-3.578,5.474],[-3.578,5.475],[-3.578,5.478],[-3.578,5.479],[-3.578,5.481],[-3.578,5.482],[-3.578,5.484],[-3.578,5.484],[-3.577,5.486],[-3.577,5.487],[-3.578,5.492],[-3.578,5.494],[-3.578,5.494],[-3.578,5.496],[-3.578,5.497],[-3.578,5.498],[-3.578,5.5],[-3.578,5.501],[-3.577,5.502],[-3.577,5.504],[-3.577,5.505],[-3.577,5.506],[-3.577,5.507],[-3.577,5.508],[-3.577,5.51],[-3.577,5.512],[-3.577,5.513],[-3.577,5.516],[-3.577,5.517],[-3.577,5.519],[-3.577,5.52],[-3.576,5.521],[-3.576,5.522],[-3.576,5.523],[-3.576,5.524],[-3.576,5.525],[-3.576,5.526],[-3.576,5.527],[-3.576,5.53],[-3.575,5.531],[-3.575,5.533],[-3.575,5.534],[-3.575,5.535],[-3.574,5.537],[-3.574,5.538],[-3.574,5.539],[-3.573,5.54],[-3.573,5.541],[-3.57,5.541],[-3.567,5.541],[-3.564,5.541],[-3.561,5.541],[-3.559,5.542],[-3.556,5.542],[-3.554,5.542],[-3.552,5.542],[-3.55,5.543],[-3.548,5.543],[-3.546,5.544],[-3.545,5.544],[-3.543,5.544],[-3.542,5.545],[-3.54,5.545],[-3.538,5.545],[-3.536,5.545],[-3.533,5.544],[-3.532,5.544],[-3.53,5.544],[-3.528,5.545],[-3.526,5.545],[-3.524,5.545],[-3.522,5.546],[-3.52,5.548],[-3.518,5.549],[-3.516,5.55],[-3.514,5.551],[-3.512,5.553],[-3.51,5.554],[-3.508,5.555],[-3.507,5.556],[-3.506,5.556],[-3.505,5.557],[-3.504,5.558],[-3.502,5.559],[-3.499,5.561],[-3.498,5.562],[-3.496,5.564],[-3.494,5.565],[-3.492,5.566],[-3.49,5.567],[-3.488,5.568],[-3.487,5.569],[-3.485,5.571],[-3.485,5.572],[-3.486,5.573],[-3.487,5.575],[-3.488,5.576],[-3.489,5.577],[-3.491,5.579],[-3.491,5.579],[-3.492,5.58],[-3.492,5.582],[-3.492,5.583],[-3.493,5.586],[-3.492,5.586],[-3.491,5.586],[-3.49,5.586],[-3.489,5.586],[-3.487,5.586],[-3.486,5.586],[-3.485,5.586],[-3.485,5.586],[-3.484,5.586],[-3.483,5.586],[-3.482,5.586],[-3.481,5.586],[-3.48,5.586],[-3.479,5.586],[-3.479,5.586],[-3.478,5.586],[-3.477,5.586],[-3.475,5.586],[-3.473,5.586],[-3.471,5.585],[-3.47,5.585],[-3.469,5.585],[-3.468,5.585],[-3.467,5.585],[-3.465,5.585],[-3.464,5.586],[-3.463,5.586],[-3.463,5.587],[-3.462,5.588],[-3.462,5.589],[-3.461,5.589],[-3.46,5.591],[-3.46,5.591],[-3.459,5.593],[-3.458,5.593],[-3.457,5.594],[-3.456,5.594],[-3.455,5.595],[-3.454,5.596],[-3.452,5.598],[-3.451,5.599],[-3.449,5.599],[-3.448,5.599],[-3.447,5.599],[-3.446,5.6],[-3.445,5.6],[-3.444,5.601],[-3.443,5.601],[-3.442,5.601],[-3.441,5.602],[-3.441,5.602],[-3.44,5.602],[-3.439,5.602],[-3.438,5.602],[-3.437,5.602],[-3.425,5.601],[-3.424,5.603],[-3.423,5.606],[-3.422,5.609],[-3.42,5.611],[-3.42,5.613],[-3.419,5.616],[-3.418,5.618],[-3.417,5.619],[-3.416,5.621],[-3.417,5.623],[-3.418,5.625],[-3.417,5.628],[-3.416,5.63],[-3.414,5.632],[-3.411,5.633],[-3.409,5.633],[-3.407,5.633],[-3.404,5.633],[-3.402,5.635],[-3.4,5.636],[-3.397,5.636],[-3.395,5.638],[-3.393,5.639],[-3.391,5.64],[-3.387,5.643],[-3.386,5.644],[-3.383,5.646],[-3.381,5.648],[-3.381,5.649],[-3.379,5.65],[-3.378,5.651],[-3.376,5.65],[-3.373,5.648],[-3.37,5.649],[-3.368,5.649],[-3.365,5.648],[-3.363,5.649],[-3.361,5.649],[-3.359,5.65],[-3.357,5.65],[-3.354,5.651],[-3.352,5.65],[-3.347,5.647],[-3.345,5.646],[-3.343,5.645],[-3.34,5.643],[-3.338,5.642],[-3.336,5.64],[-3.332,5.637],[-3.332,5.64],[-3.332,5.642],[-3.333,5.644],[-3.337,5.651],[-3.338,5.653],[-3.338,5.653],[-3.334,5.658],[-3.331,5.659],[-3.329,5.661],[-3.326,5.662],[-3.325,5.66],[-3.325,5.659],[-3.324,5.659],[-3.322,5.659],[-3.299,5.725],[-3.371,5.734],[-3.37,5.735],[-3.37,5.736],[-3.37,5.737],[-3.37,5.738],[-3.371,5.74],[-3.372,5.741],[-3.374,5.741],[-3.375,5.74],[-3.375,5.739],[-3.377,5.738],[-3.378,5.738],[-3.379,5.738],[-3.38,5.738],[-3.381,5.739],[-3.382,5.74],[-3.384,5.741],[-3.385,5.741],[-3.386,5.741],[-3.387,5.741],[-3.389,5.741],[-3.391,5.74],[-3.392,5.74],[-3.393,5.74],[-3.394,5.74],[-3.395,5.74],[-3.396,5.741],[-3.398,5.742],[-3.4,5.742],[-3.401,5.742],[-3.402,5.743],[-3.405,5.743],[-3.406,5.744],[-3.407,5.744],[-3.408,5.745],[-3.409,5.745],[-3.41,5.746],[-3.411,5.746],[-3.411,5.746],[-3.412,5.747],[-3.414,5.747],[-3.415,5.747],[-3.416,5.748],[-3.417,5.749],[-3.419,5.749],[-3.42,5.749],[-3.422,5.749],[-3.424,5.748],[-3.425,5.749],[-3.426,5.749],[-3.431,5.755],[-3.432,5.757],[-3.433,5.757],[-3.435,5.757],[-3.437,5.758],[-3.438,5.76],[-3.438,5.762],[-3.438,5.764],[-3.437,5.765],[-3.438,5.767],[-3.438,5.768],[-3.438,5.768],[-3.437,5.77],[-3.437,5.772],[-3.437,5.774],[-3.436,5.776],[-3.434,5.775],[-3.429,5.779],[-3.427,5.78],[-3.427,5.782],[-3.427,5.784],[-3.427,5.786],[-3.428,5.788],[-3.428,5.789],[-3.43,5.79],[-3.431,5.791],[-3.434,5.79],[-3.434,5.792],[-3.434,5.794],[-3.436,5.796],[-3.436,5.797],[-3.435,5.798],[-3.434,5.799],[-3.433,5.801],[-3.432,5.803],[-3.431,5.804],[-3.43,5.804],[-3.427,5.804],[-3.426,5.803],[-3.425,5.801],[-3.423,5.799],[-3.421,5.798],[-3.419,5.799],[-3.418,5.8],[-3.416,5.8],[-3.414,5.8],[-3.413,5.799],[-3.412,5.797],[-3.411,5.797],[-3.409,5.796],[-3.408,5.795],[-3.406,5.795],[-3.404,5.795],[-3.402,5.796],[-3.402,5.799],[-3.402,5.8],[-3.401,5.802],[-3.4,5.803],[-3.399,5.804],[-3.399,5.806],[-3.398,5.808],[-3.398,5.81],[-3.397,5.811],[-3.396,5.813],[-3.397,5.815],[-3.397,5.817],[-3.398,5.818],[-3.398,5.821],[-3.398,5.822],[-3.398,5.824],[-3.397,5.826],[-3.397,5.828],[-3.397,5.831],[-3.397,5.833],[-3.397,5.835],[-3.396,5.836],[-3.396,5.838],[-3.396,5.84],[-3.396,5.842],[-3.396,5.845],[-3.396,5.847],[-3.396,5.849],[-3.395,5.851],[-3.393,5.852],[-3.394,5.855],[-3.394,5.856],[-3.394,5.858],[-3.393,5.859],[-3.391,5.86],[-3.39,5.861],[-3.388,5.863],[-3.387,5.865],[-3.387,5.866],[-3.386,5.868],[-3.386,5.869],[-3.385,5.87],[-3.383,5.871],[-3.382,5.872],[-3.38,5.872],[-3.378,5.873],[-3.377,5.874],[-3.376,5.874],[-3.374,5.874],[-3.373,5.873],[-3.371,5.871],[-3.37,5.87],[-3.368,5.87],[-3.367,5.87],[-3.365,5.871],[-3.363,5.871],[-3.362,5.87],[-3.36,5.87],[-3.359,5.869],[-3.357,5.868],[-3.354,5.867],[-3.353,5.867],[-3.351,5.867],[-3.349,5.868],[-3.347,5.869],[-3.346,5.87],[-3.346,5.871],[-3.345,5.873],[-3.344,5.874],[-3.343,5.875],[-3.341,5.876],[-3.339,5.877],[-3.338,5.877],[-3.337,5.879],[-3.335,5.88],[-3.334,5.881],[-3.332,5.882],[-3.329,5.883],[-3.328,5.884],[-3.326,5.886],[-3.324,5.887],[-3.323,5.888],[-3.322,5.89],[-3.321,5.892],[-3.322,5.893],[-3.323,5.895],[-3.323,5.897],[-3.323,5.899],[-3.322,5.901],[-3.321,5.903],[-3.321,5.905],[-3.322,5.905],[-3.324,5.905],[-3.325,5.904],[-3.327,5.904],[-3.329,5.903],[-3.331,5.903],[-3.332,5.902],[-3.333,5.902],[-3.334,5.901],[-3.336,5.9],[-3.337,5.9],[-3.338,5.899],[-3.339,5.899],[-3.341,5.899],[-3.343,5.899],[-3.344,5.899],[-3.345,5.899],[-3.346,5.898],[-3.347,5.898],[-3.349,5.897],[-3.35,5.897],[-3.352,5.896],[-3.353,5.896],[-3.354,5.896],[-3.356,5.895],[-3.358,5.895],[-3.359,5.895],[-3.361,5.894],[-3.364,5.893],[-3.366,5.893],[-3.367,5.893],[-3.369,5.893],[-3.371,5.893],[-3.372,5.893],[-3.373,5.893],[-3.374,5.894],[-3.376,5.893],[-3.377,5.893],[-3.378,5.893],[-3.381,5.892],[-3.382,5.892],[-3.384,5.893],[-3.386,5.892],[-3.387,5.892],[-3.388,5.892],[-3.39,5.892],[-3.393,5.891],[-3.395,5.891],[-3.396,5.891],[-3.398,5.892],[-3.399,5.893],[-3.4,5.894],[-3.402,5.894],[-3.403,5.894],[-3.404,5.895],[-3.406,5.895],[-3.407,5.896],[-3.41,5.897],[-3.412,5.897],[-3.414,5.898],[-3.416,5.898],[-3.417,5.898],[-3.418,5.897],[-3.419,5.896],[-3.42,5.895],[-3.421,5.896],[-3.423,5.896],[-3.424,5.896],[-3.425,5.896],[-3.427,5.896],[-3.428,5.898],[-3.428,5.898],[-3.429,5.899],[-3.431,5.9],[-3.433,5.901],[-3.435,5.901],[-3.436,5.902],[-3.437,5.902],[-3.438,5.903],[-3.439,5.904],[-3.44,5.905],[-3.441,5.906],[-3.442,5.907],[-3.443,5.907],[-3.445,5.907],[-3.446,5.907],[-3.447,5.906],[-3.448,5.905],[-3.449,5.906],[-3.45,5.905],[-3.451,5.904],[-3.456,5.91],[-3.455,5.911],[-3.455,5.912],[-3.457,5.913],[-3.456,5.915],[-3.454,5.917],[-3.452,5.918],[-3.452,5.919],[-3.451,5.921],[-3.45,5.922],[-3.449,5.924],[-3.448,5.926],[-3.447,5.928],[-3.448,5.931],[-3.447,5.933],[-3.445,5.935],[-3.444,5.935],[-3.441,5.936],[-3.439,5.937],[-3.437,5.938],[-3.436,5.942],[-3.437,5.944],[-3.437,5.945],[-3.437,5.948],[-3.438,5.95],[-3.439,5.952],[-3.44,5.954],[-3.439,5.956],[-3.44,5.957],[-3.442,5.959],[-3.443,5.96],[-3.444,5.962],[-3.444,5.963],[-3.443,5.965],[-3.441,5.966],[-3.44,5.968],[-3.438,5.969],[-3.436,5.971],[-3.434,5.972],[-3.431,5.973],[-3.429,5.974],[-3.427,5.974],[-3.425,5.973],[-3.423,5.973],[-3.422,5.974],[-3.42,5.975],[-3.418,5.975],[-3.416,5.975],[-3.414,5.975],[-3.412,5.976],[-3.411,5.977],[-3.41,5.978],[-3.409,5.979],[-3.408,5.981],[-3.408,5.986],[-3.406,5.991],[-3.406,5.995],[-3.406,5.998],[-3.407,6.001],[-3.408,6.002],[-3.409,6.005],[-3.408,6.007],[-3.405,6.009],[-3.404,6.01],[-3.402,6.01],[-3.4,6.01],[-3.399,6.01],[-3.398,6.012],[-3.397,6.013],[-3.397,6.015],[-3.397,6.016],[-3.398,6.018],[-3.4,6.02],[-3.401,6.022],[-3.403,6.023],[-3.404,6.024],[-3.406,6.025],[-3.406,6.029],[-3.406,6.031],[-3.406,6.033],[-3.407,6.035],[-3.408,6.037],[-3.409,6.038],[-3.41,6.04],[-3.412,6.042],[-3.413,6.043],[-3.415,6.044],[-3.416,6.045],[-3.417,6.046],[-3.42,6.048],[-3.421,6.049],[-3.421,6.051],[-3.42,6.053],[-3.418,6.055],[-3.416,6.057],[-3.414,6.057],[-3.413,6.059],[-3.413,6.06],[-3.413,6.062],[-3.413,6.063],[-3.412,6.065],[-3.413,6.066],[-3.417,6.067],[-3.418,6.067],[-3.42,6.067],[-3.422,6.066],[-3.423,6.065],[-3.425,6.063],[-3.427,6.063],[-3.428,6.064],[-3.43,6.067],[-3.431,6.069],[-3.431,6.07],[-3.431,6.072],[-3.431,6.074],[-3.43,6.077],[-3.429,6.079],[-3.428,6.081],[-3.428,6.083],[-3.427,6.086],[-3.426,6.087],[-3.424,6.089],[-3.422,6.09],[-3.42,6.09],[-3.419,6.09],[-3.417,6.091],[-3.415,6.091],[-3.413,6.092],[-3.411,6.092],[-3.409,6.092],[-3.407,6.092],[-3.405,6.092],[-3.404,6.092],[-3.402,6.093],[-3.401,6.096],[-3.4,6.097],[-3.4,6.099],[-3.402,6.102],[-3.404,6.103],[-3.405,6.104],[-3.407,6.105],[-3.409,6.107],[-3.411,6.109],[-3.412,6.111],[-3.414,6.112],[-3.415,6.114],[-3.415,6.116],[-3.416,6.119],[-3.416,6.12],[-3.417,6.122],[-3.417,6.125],[-3.417,6.127],[-3.417,6.129],[-3.417,6.131],[-3.416,6.132],[-3.415,6.134],[-3.414,6.136],[-3.412,6.137],[-3.41,6.136],[-3.406,6.135],[-3.405,6.134],[-3.403,6.134],[-3.401,6.135],[-3.401,6.136],[-3.402,6.138],[-3.402,6.14],[-3.403,6.142],[-3.403,6.144],[-3.402,6.146],[-3.403,6.148],[-3.404,6.15],[-3.405,6.151],[-3.406,6.153],[-3.409,6.154],[-3.41,6.155],[-3.412,6.156],[-3.413,6.158],[-3.415,6.16],[-3.416,6.162],[-3.417,6.164],[-3.418,6.166],[-3.418,6.167],[-3.419,6.169],[-3.419,6.171],[-3.419,6.173],[-3.419,6.176],[-3.42,6.177],[-3.421,6.18],[-3.422,6.182],[-3.423,6.184],[-3.424,6.186],[-3.425,6.187],[-3.426,6.188],[-3.427,6.189],[-3.428,6.19],[-3.428,6.192],[-3.429,6.193],[-3.429,6.195],[-3.43,6.196],[-3.432,6.198],[-3.434,6.198],[-3.436,6.198],[-3.437,6.198],[-3.44,6.198],[-3.442,6.198],[-3.443,6.197],[-3.445,6.196],[-3.448,6.196],[-3.45,6.196],[-3.452,6.195],[-3.454,6.194],[-3.454,6.191],[-3.453,6.189],[-3.451,6.187],[-3.45,6.186],[-3.448,6.184],[-3.446,6.183],[-3.445,6.181],[-3.444,6.179],[-3.444,6.176],[-3.445,6.174],[-3.448,6.173],[-3.449,6.173],[-3.451,6.172],[-3.452,6.172],[-3.454,6.173],[-3.456,6.173],[-3.458,6.173],[-3.459,6.173],[-3.461,6.174],[-3.463,6.175],[-3.465,6.177],[-3.465,6.18],[-3.465,6.182],[-3.464,6.184],[-3.464,6.186],[-3.463,6.187],[-3.463,6.189],[-3.464,6.191],[-3.464,6.193],[-3.464,6.195],[-3.465,6.197],[-3.466,6.199],[-3.468,6.201],[-3.469,6.201],[-3.471,6.202],[-3.473,6.203],[-3.474,6.205],[-3.476,6.206],[-3.477,6.207],[-3.478,6.208],[-3.479,6.21],[-3.481,6.212],[-3.483,6.214],[-3.484,6.215],[-3.486,6.217],[-3.487,6.218],[-3.488,6.22],[-3.488,6.222],[-3.489,6.224],[-3.489,6.225],[-3.489,6.228],[-3.489,6.229],[-3.488,6.231],[-3.488,6.233],[-3.488,6.234],[-3.487,6.236],[-3.486,6.237],[-3.485,6.238],[-3.484,6.24],[-3.483,6.241],[-3.482,6.243],[-3.481,6.244],[-3.478,6.245],[-3.477,6.245],[-3.475,6.246],[-3.473,6.246],[-3.472,6.246],[-3.471,6.244],[-3.469,6.244],[-3.468,6.242],[-3.466,6.241],[-3.464,6.24],[-3.463,6.239],[-3.461,6.238],[-3.459,6.237],[-3.458,6.237],[-3.456,6.237],[-3.454,6.237],[-3.452,6.237],[-3.45,6.238],[-3.452,6.239],[-3.45,6.24],[-3.449,6.241],[-3.449,6.242],[-3.45,6.244],[-3.45,6.246],[-3.45,6.248],[-3.452,6.249],[-3.454,6.25],[-3.457,6.252],[-3.459,6.252],[-3.46,6.253],[-3.463,6.253],[-3.465,6.254],[-3.466,6.256],[-3.467,6.256],[-3.469,6.258],[-3.47,6.259],[-3.472,6.261],[-3.474,6.262],[-3.474,6.264],[-3.474,6.266],[-3.475,6.269],[-3.475,6.271],[-3.475,6.274],[-3.476,6.276],[-3.476,6.277],[-3.475,6.279],[-3.477,6.281],[-3.477,6.283],[-3.477,6.285],[-3.477,6.287],[-3.476,6.289],[-3.477,6.291],[-3.477,6.293],[-3.478,6.296],[-3.478,6.298],[-3.48,6.299],[-3.481,6.3],[-3.482,6.302],[-3.483,6.304],[-3.485,6.305],[-3.487,6.307],[-3.488,6.307],[-3.49,6.308],[-3.491,6.31],[-3.492,6.311],[-3.494,6.311],[-3.494,6.313],[-3.496,6.314],[-3.498,6.316],[-3.499,6.317],[-3.501,6.317],[-3.502,6.318],[-3.502,6.32],[-3.501,6.321],[-3.503,6.323],[-3.505,6.324],[-3.506,6.325],[-3.508,6.327],[-3.509,6.328],[-3.509,6.329],[-3.509,6.331],[-3.509,6.333],[-3.509,6.335],[-3.509,6.337],[-3.508,6.338],[-3.507,6.339],[-3.506,6.341],[-3.506,6.342],[-3.506,6.344],[-3.506,6.346],[-3.505,6.347],[-3.506,6.349],[-3.506,6.35],[-3.507,6.352],[-3.509,6.351],[-3.511,6.35],[-3.512,6.349],[-3.514,6.35],[-3.516,6.351],[-3.518,6.353],[-3.518,6.355],[-3.514,6.364],[-3.513,6.367],[-3.513,6.37],[-3.514,6.372],[-3.514,6.373],[-3.514,6.375],[-3.513,6.377],[-3.512,6.379],[-3.513,6.38],[-3.514,6.381],[-3.516,6.383],[-3.523,6.389],[-3.525,6.391],[-3.527,6.392],[-3.528,6.393],[-3.529,6.394],[-3.531,6.396],[-3.532,6.397],[-3.534,6.398],[-3.536,6.399],[-3.538,6.4],[-3.54,6.399],[-3.541,6.397],[-3.543,6.397],[-3.544,6.397],[-3.546,6.396],[-3.547,6.394],[-3.547,6.392],[-3.546,6.39],[-3.545,6.389],[-3.543,6.388],[-3.542,6.386],[-3.542,6.384],[-3.542,6.382],[-3.543,6.381],[-3.545,6.38],[-3.547,6.379],[-3.549,6.378],[-3.551,6.379],[-3.552,6.381],[-3.554,6.382],[-3.555,6.383],[-3.557,6.384],[-3.559,6.385],[-3.561,6.387],[-3.562,6.389],[-3.564,6.391],[-3.566,6.392],[-3.567,6.394],[-3.57,6.395],[-3.571,6.396],[-3.573,6.397],[-3.576,6.399],[-3.579,6.399],[-3.581,6.398],[-3.583,6.397],[-3.585,6.396],[-3.586,6.394],[-3.587,6.392],[-3.587,6.389],[-3.588,6.388],[-3.589,6.387],[-3.591,6.387],[-3.593,6.389],[-3.595,6.391],[-3.594,6.393],[-3.595,6.395],[-3.596,6.398],[-3.597,6.399],[-3.599,6.401],[-3.6,6.402],[-3.602,6.403],[-3.604,6.404],[-3.606,6.406],[-3.607,6.408],[-3.609,6.41],[-3.61,6.412],[-3.611,6.415],[-3.611,6.417],[-3.612,6.419],[-3.612,6.422],[-3.612,6.423],[-3.612,6.425],[-3.612,6.426],[-3.612,6.428],[-3.612,6.43],[-3.612,6.432],[-3.612,6.434],[-3.612,6.435],[-3.613,6.437],[-3.613,6.439],[-3.614,6.441],[-3.615,6.442],[-3.616,6.445],[-3.618,6.446],[-3.62,6.448],[-3.621,6.449],[-3.627,6.453],[-3.627,6.451],[-3.633,6.444],[-3.635,6.442],[-3.637,6.441],[-3.639,6.441],[-3.64,6.442],[-3.642,6.442],[-3.644,6.442],[-3.647,6.442],[-3.648,6.444],[-3.651,6.445],[-3.653,6.457],[-3.654,6.459],[-3.654,6.46],[-3.654,6.461],[-3.653,6.464],[-3.652,6.465],[-3.651,6.466],[-3.649,6.467],[-3.649,6.469],[-3.648,6.471],[-3.648,6.473],[-3.648,6.475],[-3.647,6.477],[-3.646,6.478],[-3.644,6.48],[-3.643,6.481],[-3.642,6.482],[-3.642,6.485],[-3.643,6.487],[-3.644,6.489],[-3.644,6.49],[-3.645,6.492],[-3.645,6.494],[-3.646,6.496],[-3.646,6.497],[-3.647,6.5],[-3.648,6.502],[-3.649,6.503],[-3.649,6.506],[-3.648,6.508],[-3.649,6.51],[-3.65,6.511],[-3.651,6.513],[-3.651,6.515],[-3.653,6.517],[-3.654,6.518],[-3.654,6.52],[-3.654,6.522],[-3.654,6.524],[-3.654,6.525],[-3.654,6.527],[-3.653,6.529],[-3.654,6.531],[-3.655,6.533],[-3.656,6.534],[-3.658,6.535],[-3.659,6.536],[-3.661,6.537],[-3.662,6.538],[-3.665,6.539],[-3.667,6.54],[-3.667,6.542],[-3.667,6.544],[-3.668,6.546],[-3.668,6.547],[-3.668,6.549],[-3.668,6.552],[-3.668,6.554],[-3.667,6.556],[-3.667,6.559],[-3.666,6.56],[-3.665,6.562],[-3.665,6.564],[-3.664,6.566],[-3.665,6.569],[-3.667,6.571],[-3.669,6.572],[-3.671,6.573],[-3.672,6.574],[-3.673,6.576],[-3.674,6.577],[-3.676,6.578],[-3.677,6.579],[-3.679,6.58],[-3.681,6.581],[-3.683,6.581],[-3.685,6.581],[-3.687,6.58],[-3.688,6.581],[-3.691,6.582],[-3.692,6.584],[-3.694,6.586],[-3.693,6.588],[-3.693,6.59],[-3.693,6.592],[-3.693,6.595],[-3.693,6.597],[-3.692,6.598],[-3.692,6.6],[-3.693,6.602],[-3.695,6.603],[-3.696,6.606],[-3.696,6.607],[-3.695,6.61],[-3.695,6.612],[-3.693,6.614],[-3.692,6.616],[-3.69,6.618],[-3.688,6.619],[-3.687,6.62],[-3.684,6.622],[-3.683,6.623],[-3.683,6.625],[-3.683,6.628],[-3.683,6.63],[-3.682,6.633],[-3.683,6.634],[-3.685,6.636],[-3.686,6.638],[-3.687,6.641],[-3.688,6.642],[-3.691,6.643],[-3.693,6.643],[-3.695,6.644],[-3.698,6.644],[-3.7,6.644],[-3.702,6.643],[-3.704,6.643],[-3.706,6.642],[-3.708,6.641],[-3.71,6.639],[-3.712,6.638],[-3.713,6.637],[-3.715,6.635],[-3.717,6.634],[-3.718,6.631],[-3.719,6.629],[-3.72,6.628],[-3.721,6.626],[-3.723,6.625],[-3.724,6.625],[-3.726,6.624],[-3.729,6.624],[-3.73,6.624],[-3.732,6.624],[-3.734,6.624],[-3.736,6.625],[-3.738,6.627],[-3.739,6.628],[-3.74,6.629],[-3.742,6.63],[-3.744,6.63],[-3.745,6.629],[-3.748,6.628],[-3.751,6.627],[-3.753,6.627],[-3.755,6.627],[-3.756,6.627],[-3.758,6.627],[-3.76,6.628],[-3.762,6.629],[-3.763,6.627],[-3.763,6.626],[-3.764,6.623],[-3.766,6.622],[-3.768,6.622],[-3.769,6.62],[-3.77,6.619],[-3.771,6.618],[-3.772,6.616],[-3.774,6.617],[-3.775,6.617],[-3.775,6.619],[-3.776,6.62],[-3.776,6.622],[-3.776,6.623],[-3.777,6.625],[-3.778,6.626],[-3.779,6.627],[-3.78,6.629],[-3.779,6.63],[-3.778,6.631],[-3.777,6.632],[-3.777,6.634],[-3.776,6.636],[-3.776,6.637],[-3.775,6.639],[-3.776,6.64],[-3.776,6.641],[-3.776,6.642],[-3.776,6.644],[-3.778,6.645],[-3.78,6.645],[-3.781,6.646],[-3.783,6.647],[-3.784,6.648],[-3.786,6.65],[-3.787,6.651],[-3.787,6.652],[-3.788,6.653],[-3.788,6.655],[-3.787,6.656],[-3.786,6.658],[-3.786,6.659],[-3.788,6.661],[-3.789,6.662],[-3.79,6.664],[-3.791,6.665],[-3.793,6.666],[-3.795,6.667],[-3.797,6.668],[-3.799,6.67],[-3.8,6.671],[-3.801,6.672],[-3.802,6.674],[-3.801,6.676],[-3.8,6.677],[-3.799,6.679],[-3.797,6.68],[-3.794,6.681],[-3.792,6.681],[-3.79,6.682],[-3.788,6.683],[-3.787,6.684],[-3.785,6.686],[-3.784,6.687],[-3.783,6.688],[-3.783,6.69],[-3.782,6.691],[-3.782,6.692],[-3.781,6.694],[-3.78,6.696],[-3.779,6.697],[-3.777,6.698],[-3.775,6.698],[-3.773,6.698],[-3.772,6.698],[-3.77,6.699],[-3.769,6.7],[-3.769,6.701],[-3.77,6.703],[-3.77,6.705],[-3.772,6.706],[-3.773,6.708],[-3.774,6.709],[-3.774,6.711],[-3.775,6.712],[-3.776,6.714],[-3.777,6.716],[-3.777,6.717],[-3.775,6.719],[-3.776,6.72],[-3.776,6.721],[-3.777,6.722],[-3.778,6.723],[-3.779,6.723],[-3.78,6.724],[-3.781,6.725],[-3.782,6.726],[-3.784,6.726],[-3.786,6.727],[-3.787,6.727],[-3.788,6.728],[-3.789,6.729],[-3.79,6.731],[-3.792,6.732],[-3.793,6.734],[-3.792,6.737],[-3.792,6.738],[-3.791,6.74],[-3.792,6.741],[-3.792,6.743],[-3.793,6.744],[-3.793,6.746],[-3.794,6.748],[-3.795,6.749],[-3.796,6.751],[-3.798,6.753],[-3.799,6.754],[-3.8,6.755],[-3.801,6.757],[-3.801,6.759],[-3.801,6.761],[-3.8,6.762],[-3.799,6.763],[-3.798,6.764],[-3.797,6.765],[-3.796,6.767],[-3.795,6.767],[-3.792,6.767],[-3.79,6.768],[-3.789,6.769],[-3.788,6.769],[-3.787,6.77],[-3.785,6.771],[-3.783,6.772],[-3.782,6.772],[-3.78,6.773],[-3.779,6.773],[-3.777,6.774],[-3.775,6.774],[-3.774,6.775],[-3.773,6.775],[-3.771,6.775],[-3.77,6.774],[-3.768,6.774],[-3.765,6.773],[-3.763,6.773],[-3.762,6.774],[-3.761,6.776],[-3.761,6.777],[-3.761,6.779],[-3.761,6.782],[-3.762,6.783],[-3.763,6.784],[-3.763,6.786],[-3.764,6.787],[-3.765,6.788],[-3.765,6.79],[-3.765,6.791],[-3.765,6.793],[-3.765,6.795],[-3.765,6.796],[-3.765,6.798],[-3.764,6.799],[-3.763,6.801],[-3.763,6.803],[-3.762,6.804],[-3.761,6.805],[-3.76,6.807],[-3.759,6.808],[-3.758,6.81],[-3.757,6.811],[-3.756,6.811],[-3.755,6.812],[-3.753,6.813],[-3.751,6.815],[-3.75,6.817],[-3.75,6.818],[-3.75,6.819],[-3.751,6.82],[-3.751,6.822],[-3.752,6.824],[-3.753,6.825],[-3.754,6.826],[-3.755,6.828],[-3.756,6.829],[-3.756,6.83],[-3.758,6.831],[-3.76,6.832],[-3.761,6.833],[-3.762,6.834],[-3.763,6.834],[-3.765,6.835],[-3.766,6.835],[-3.767,6.836],[-3.769,6.837],[-3.77,6.838],[-3.771,6.839],[-3.773,6.841],[-3.773,6.842],[-3.774,6.844],[-3.775,6.845],[-3.776,6.846],[-3.777,6.847],[-3.777,6.849],[-3.779,6.85],[-3.78,6.851],[-3.781,6.852],[-3.781,6.853],[-3.782,6.855],[-3.782,6.856],[-3.781,6.858],[-3.781,6.86],[-3.78,6.863],[-3.779,6.864],[-3.778,6.866],[-3.777,6.867],[-3.776,6.868],[-3.775,6.87],[-3.775,6.871],[-3.774,6.872],[-3.773,6.873],[-3.773,6.874],[-3.771,6.877],[-3.771,6.878],[-3.769,6.879],[-3.768,6.881],[-3.766,6.882],[-3.764,6.884],[-3.763,6.886],[-3.762,6.887],[-3.761,6.888],[-3.76,6.889],[-3.759,6.89],[-3.758,6.891],[-3.757,6.892],[-3.756,6.894],[-3.755,6.896],[-3.754,6.897],[-3.752,6.899],[-3.751,6.9],[-3.75,6.901],[-3.75,6.902],[-3.75,6.904],[-3.749,6.906],[-3.747,6.906],[-3.745,6.907],[-3.744,6.908],[-3.742,6.908],[-3.741,6.909],[-3.74,6.91],[-3.739,6.912],[-3.739,6.914],[-3.738,6.915],[-3.737,6.917],[-3.737,6.918],[-3.737,6.92],[-3.736,6.921],[-3.736,6.923],[-3.737,6.925],[-3.738,6.927],[-3.739,6.929],[-3.74,6.93],[-3.741,6.932],[-3.741,6.933],[-3.742,6.935],[-3.743,6.936],[-3.745,6.937],[-3.746,6.938],[-3.747,6.94],[-3.747,6.941],[-3.747,6.943],[-3.747,6.944],[-3.746,6.946],[-3.745,6.947],[-3.745,6.949],[-3.744,6.95],[-3.742,6.95],[-3.742,6.952],[-3.742,6.953],[-3.742,6.955],[-3.743,6.955],[-3.744,6.956],[-3.745,6.956],[-3.747,6.957],[-3.748,6.957],[-3.75,6.957],[-3.751,6.957],[-3.753,6.956],[-3.755,6.955],[-3.756,6.954],[-3.756,6.953],[-3.757,6.952],[-3.759,6.95],[-3.76,6.949],[-3.761,6.948],[-3.762,6.947],[-3.763,6.945],[-3.764,6.943],[-3.765,6.942],[-3.765,6.941],[-3.765,6.939],[-3.765,6.938],[-3.765,6.936],[-3.766,6.935],[-3.767,6.934],[-3.767,6.932],[-3.768,6.931],[-3.769,6.93],[-3.77,6.929],[-3.771,6.928],[-3.772,6.927],[-3.773,6.927],[-3.775,6.926],[-3.777,6.927],[-3.778,6.928],[-3.78,6.929],[-3.78,6.93],[-3.781,6.931],[-3.782,6.932],[-3.783,6.934],[-3.784,6.936],[-3.785,6.939],[-3.786,6.942],[-3.786,6.944],[-3.786,6.945],[-3.786,6.948],[-3.786,6.949],[-3.787,6.952],[-3.786,6.955],[-3.786,6.957],[-3.786,6.958],[-3.787,6.96],[-3.787,6.962],[-3.786,6.965],[-3.786,6.967],[-3.785,6.97],[-3.784,6.972],[-3.782,6.975],[-3.781,6.977],[-3.78,6.979],[-3.779,6.98],[-3.777,6.982],[-3.776,6.984],[-3.774,6.986],[-3.773,6.988],[-3.772,6.991],[-3.77,6.992],[-3.768,6.993],[-3.767,6.994],[-3.765,6.995],[-3.764,6.997],[-3.762,6.998],[-3.761,7.0],[-3.759,7.001],[-3.756,7.002],[-3.755,7.002],[-3.752,7.003],[-3.749,7.004],[-3.747,7.005],[-3.745,7.005],[-3.744,7.006],[-3.742,7.007],[-3.739,7.007],[-3.738,7.008],[-3.734,7.008],[-3.733,7.008],[-3.731,7.008],[-3.728,7.008],[-3.726,7.006],[-3.723,7.006],[-3.721,7.005],[-3.72,7.003],[-3.718,7.003],[-3.717,7.005],[-3.717,7.007],[-3.718,7.008],[-3.719,7.011],[-3.719,7.013],[-3.719,7.015],[-3.719,7.017],[-3.719,7.019],[-3.719,7.02],[-3.717,7.023],[-3.716,7.024],[-3.715,7.024],[-3.713,7.025],[-3.711,7.027],[-3.71,7.028],[-3.707,7.029],[-3.704,7.031],[-3.703,7.032],[-3.701,7.032],[-3.7,7.033],[-3.698,7.034],[-3.696,7.036],[-3.694,7.037],[-3.692,7.038],[-3.69,7.039],[-3.689,7.04],[-3.688,7.041],[-3.685,7.043],[-3.684,7.045],[-3.682,7.047],[-3.681,7.048],[-3.679,7.05],[-3.677,7.051],[-3.676,7.052],[-3.674,7.053],[-3.672,7.053],[-3.67,7.053],[-3.668,7.053],[-3.665,7.053],[-3.663,7.053],[-3.66,7.052],[-3.658,7.052],[-3.654,7.051],[-3.651,7.05],[-3.649,7.049],[-3.647,7.048],[-3.645,7.047],[-3.643,7.046],[-3.642,7.046],[-3.64,7.047],[-3.639,7.047],[-3.637,7.048],[-3.636,7.051],[-3.634,7.052],[-3.632,7.054],[-3.632,7.055],[-3.63,7.057],[-3.629,7.06],[-3.628,7.062],[-3.627,7.064],[-3.625,7.066],[-3.624,7.067],[-3.622,7.069],[-3.622,7.07],[-3.623,7.072],[-3.624,7.074],[-3.625,7.076],[-3.627,7.078],[-3.628,7.078],[-3.631,7.08],[-3.631,7.083],[-3.631,7.086],[-3.63,7.088],[-3.629,7.09],[-3.628,7.091],[-3.625,7.092],[-3.623,7.091],[-3.621,7.09],[-3.62,7.089],[-3.619,7.088],[-3.617,7.087],[-3.616,7.085],[-3.614,7.084],[-3.612,7.083],[-3.61,7.082],[-3.608,7.081],[-3.606,7.08],[-3.604,7.08],[-3.602,7.08],[-3.598,7.079],[-3.596,7.079],[-3.595,7.078],[-3.593,7.077],[-3.591,7.075],[-3.591,7.072],[-3.59,7.071],[-3.588,7.07],[-3.587,7.068],[-3.587,7.065],[-3.587,7.063],[-3.587,7.062],[-3.585,7.063],[-3.583,7.064],[-3.583,7.066],[-3.584,7.068],[-3.585,7.07],[-3.586,7.072],[-3.586,7.074],[-3.587,7.076],[-3.587,7.077],[-3.588,7.079],[-3.588,7.08],[-3.588,7.082],[-3.587,7.083],[-3.586,7.084],[-3.585,7.086],[-3.584,7.088],[-3.582,7.09],[-3.581,7.091],[-3.58,7.093],[-3.579,7.095],[-3.577,7.097],[-3.575,7.097],[-3.573,7.098],[-3.571,7.1],[-3.571,7.102],[-3.571,7.103],[-3.571,7.104],[-3.572,7.106],[-3.575,7.108],[-3.576,7.108],[-3.578,7.108],[-3.58,7.107],[-3.583,7.107],[-3.585,7.107],[-3.587,7.106],[-3.587,7.105],[-3.588,7.103],[-3.588,7.102],[-3.59,7.101],[-3.592,7.101],[-3.594,7.101],[-3.595,7.101],[-3.598,7.102],[-3.599,7.102],[-3.6,7.103],[-3.602,7.104],[-3.603,7.105],[-3.604,7.105],[-3.606,7.105],[-3.61,7.105],[-3.612,7.106],[-3.615,7.108],[-3.616,7.109],[-3.619,7.111],[-3.621,7.113],[-3.623,7.114],[-3.625,7.116],[-3.626,7.117],[-3.628,7.119],[-3.629,7.12],[-3.631,7.121],[-3.633,7.122],[-3.634,7.123],[-3.637,7.123],[-3.639,7.123],[-3.641,7.124],[-3.641,7.126],[-3.642,7.127],[-3.644,7.128],[-3.645,7.129],[-3.646,7.129],[-3.646,7.131],[-3.647,7.133],[-3.647,7.135],[-3.646,7.137],[-3.646,7.14],[-3.646,7.143],[-3.646,7.145],[-3.647,7.147],[-3.647,7.15],[-3.648,7.151],[-3.649,7.153],[-3.65,7.155],[-3.651,7.158],[-3.651,7.16],[-3.651,7.162],[-3.652,7.165],[-3.652,7.167],[-3.653,7.168],[-3.653,7.171],[-3.654,7.173],[-3.654,7.175],[-3.654,7.177],[-3.654,7.179],[-3.653,7.181],[-3.653,7.185],[-3.652,7.188],[-3.652,7.191],[-3.652,7.194],[-3.651,7.197],[-3.65,7.198],[-3.649,7.2],[-3.647,7.201],[-3.646,7.202],[-3.644,7.202],[-3.642,7.202],[-3.64,7.201],[-3.639,7.201],[-3.637,7.2],[-3.635,7.198],[-3.633,7.197],[-3.631,7.196],[-3.628,7.196],[-3.626,7.196],[-3.623,7.195],[-3.62,7.194],[-3.619,7.193],[-3.617,7.192],[-3.616,7.191],[-3.616,7.189],[-3.616,7.186],[-3.616,7.185],[-3.615,7.182],[-3.615,7.181],[-3.612,7.18],[-3.61,7.18],[-3.607,7.181],[-3.605,7.182],[-3.601,7.184],[-3.598,7.185],[-3.595,7.187],[-3.593,7.189],[-3.592,7.192],[-3.591,7.194],[-3.59,7.197],[-3.59,7.199],[-3.589,7.201],[-3.588,7.204],[-3.587,7.206],[-3.587,7.208],[-3.587,7.209],[-3.586,7.211],[-3.584,7.213],[-3.583,7.215],[-3.583,7.217],[-3.582,7.219],[-3.582,7.221],[-3.581,7.223],[-3.58,7.225],[-3.579,7.227],[-3.579,7.229],[-3.579,7.23],[-3.58,7.232],[-3.581,7.234],[-3.582,7.235],[-3.583,7.237],[-3.583,7.239],[-3.584,7.241],[-3.585,7.243],[-3.586,7.245],[-3.588,7.246],[-3.589,7.247],[-3.591,7.248],[-3.592,7.249],[-3.593,7.251],[-3.595,7.253],[-3.596,7.255],[-3.596,7.257],[-3.596,7.26],[-3.597,7.263],[-3.597,7.265],[-3.597,7.267],[-3.597,7.269],[-3.597,7.271],[-3.597,7.274],[-3.596,7.276],[-3.595,7.278],[-3.594,7.28],[-3.593,7.281],[-3.591,7.282],[-3.589,7.282],[-3.586,7.283],[-3.584,7.283],[-3.582,7.283],[-3.58,7.283],[-3.578,7.282],[-3.576,7.281],[-3.573,7.28],[-3.571,7.28],[-3.57,7.279],[-3.566,7.279],[-3.563,7.278],[-3.56,7.278],[-3.557,7.277],[-3.554,7.277],[-3.55,7.277],[-3.548,7.278],[-3.546,7.279],[-3.544,7.28],[-3.543,7.28],[-3.541,7.281],[-3.54,7.282],[-3.538,7.283],[-3.537,7.285],[-3.535,7.286],[-3.534,7.287],[-3.534,7.289],[-3.532,7.29],[-3.532,7.292],[-3.535,7.293],[-3.536,7.293],[-3.538,7.292],[-3.541,7.293],[-3.543,7.294],[-3.544,7.295],[-3.546,7.296],[-3.548,7.298],[-3.549,7.299],[-3.551,7.3],[-3.553,7.301],[-3.555,7.302],[-3.557,7.302],[-3.559,7.303],[-3.56,7.304],[-3.561,7.306],[-3.562,7.307],[-3.562,7.309],[-3.563,7.311],[-3.563,7.313],[-3.563,7.314],[-3.563,7.316],[-3.562,7.318],[-3.561,7.32],[-3.56,7.321],[-3.559,7.323],[-3.557,7.324],[-3.556,7.326],[-3.555,7.328],[-3.553,7.33],[-3.551,7.332],[-3.549,7.334],[-3.547,7.336],[-3.546,7.338],[-3.544,7.339],[-3.541,7.341],[-3.538,7.344],[-3.537,7.346],[-3.536,7.345],[-3.535,7.343],[-3.533,7.343],[-3.532,7.344],[-3.531,7.345],[-3.529,7.347],[-3.528,7.348],[-3.527,7.35],[-3.525,7.351],[-3.523,7.351],[-3.522,7.35],[-3.52,7.351],[-3.52,7.352],[-3.52,7.354],[-3.518,7.354],[-3.515,7.354],[-3.513,7.353],[-3.51,7.353],[-3.507,7.354],[-3.505,7.354],[-3.503,7.354],[-3.501,7.354],[-3.499,7.354],[-3.497,7.353],[-3.497,7.351],[-3.497,7.35],[-3.496,7.348],[-3.493,7.349],[-3.491,7.348],[-3.49,7.347],[-3.488,7.346],[-3.485,7.345],[-3.483,7.344],[-3.481,7.343],[-3.48,7.345],[-3.481,7.346],[-3.482,7.347],[-3.482,7.349],[-3.483,7.351],[-3.483,7.353],[-3.482,7.355],[-3.481,7.356],[-3.48,7.357],[-3.477,7.356],[-3.477,7.354],[-3.476,7.352],[-3.476,7.35],[-3.476,7.349],[-3.475,7.348],[-3.474,7.346],[-3.472,7.344]]]}}]}