{"type":"FeatureCollection","features":[{"type":"Feature","properties":{"name":"Agneby-Tiassa","code":"CI03","level":"region","status":"pending","schools":181,"students":71812,"girls":36062,"boys":35750,"district":"Lagunes"},"geometry":{"type":"Polygon","coordinates":[[[-5.09,6.29],[-5.12,6.31],[-5.13,6.31],[-5.14,6.33],[-5.14,6.33],[-5.18,6.37],[-5.2,6.37],[-5.2,6.37],[-5.24,6.24],[-5.21,6.22],[-5.14,6.16],[-5.02,6.13],[-4.99,6.09],[-5.0,6.06],[-5.04,6.04],[-5.02,6.01],[-5.02,6.01],[-5.0,6.0],[-5.0,6.0],[-5.0,5.95],[-5.0,5.95],[-5.0,5.94],[-5.0,5.91],[-4.99,5.9],[-4.99,5.9],[-4.99,5.89],[-4.99,5.89],[-4.99,5.89],[-4.99,5.89],[-4.99,5.88],[-4.99,5.88],[-4.99,5.88],[-4.99,5.88],[-4.98,5.88],[-4.98,5.88],[-4.98,5.88],[-4.98,5.88],[-4.98,5.88],[-4.98,5.88],[-4.97,5.88],[-4.97,5.88],[-4.97,5.88],[-4.97,5.88],[-4.97,5.88],[-4.97,5.88],[-4.97,5.87],[-4.96,5.87],[-4.96,5.87],[-4.96,5.87],[-4.96,5.87],[-4.96,5.87],[-4.96,5.87],[-4.96,5.87],[-4.96,5.87],[-4.95,5.86],[-4.95,5.86],[-4.95,5.86],[-4.95,5.86],[-4.95,5.86],[-4.94,5.86],[-4.94,5.86],[-4.94,5.86],[-4.94,5.86],[-4.94,5.86],[-4.94,5.86],[-4.94,5.86],[-4.94,5.85],[-4.94,5.85],[-4.94,5.85],[-4.94,5.85],[-4.94,5.85],[-4.94,5.85],[-4.94,5.85],[-4.94,5.85],[-4.94,5.85],[-4.94,5.84],[-4.94,5.84],[-4.94,5.84],[-4.94,5.84],[-4.94,5.84],[-4.94,5.84],[-4.94,5.84],[-4.94,5.84],[-4.94,5.84],[-4.94,5.83],[-4.94,5.83],[-4.94,5.83],[-4.94,5.82],[-4.94,5.82],[-4.94,5.82],[-4.94,5.82],[-4.94,5.81],[-4.93,5.81],[-4.93,5.81],[-4.93,5.81],[-4.93,5.81],[-4.93,5.8],[-4.93,5.8],[-4.93,5.8],[-4.93,5.8],[-4.93,5.8],[-4.93,5.8],[-4.93,5.8],[-4.93,5.79],[-4.93,5.79],[-4.93,5.79],[-4.93,5.79],[-4.93,5.79],[-4.93,5.79],[-4.93,5.79],[-4.93,5.79],[-4.93,5.78],[-4.93,5.78],[-4.93,5.78],[-4.93,5.78],[-4.93,5.78],[-4.92,5.77],[-4.92,5.77],[-4.92,5.77],[-4.92,5.77],[-4.92,5.77],[-4.92,5.77],[-4.91,5.76],[-4.91,5.76],[-4.91,5.76],[-4.91,5.76],[-4.91,5.76],[-4.9,5.76],[-4.9,5.76],[-4.9,5.76],[-4.9,5.76],[-4.89,5.76],[-4.89,5.76],[-4.89,5.76],[-4.89,5.76],[-4.88,5.76],[-4.88,5.75],[-4.88,5.75],[-4.88,5.75],[-4.88,5.75],[-4.88,5.75],[-4.87,5.75],[-4.87,5.75],[-4.87,5.75],[-4.87,5.75],[-4.86,5.75],[-4.86,5.75],[-4.86,5.75],[-4.86,5.75],[-4.86,5.75],[-4.85,5.75],[-4.85,5.75],[-4.85,5.75],[-4.85,5.75],[-4.85,5.75],[-4.84,5.75],[-4.84,5.75],[-4.84,5.75],[-4.84,5.75],[-4.84,5.75],[-4.84,5.75],[-4.84,5.75],[-4.84,5.75],[-4.84,5.75],[-4.84,5.74],[-4.84,5.74],[-4.83,5.74],[-4.83,5.74],[-4.83,5.74],[-4.83,5.74],[-4.83,5.74],[-4.83,5.74],[-4.83,5.73],[-4.83,5.73],[-4.83,5.73],[-4.83,5.73],[-4.83,5.72],[-4.83,5.72],[-4.83,5.72],[-4.83,5.72],[-4.83,5.72],[-4.83,5.72],[-4.83,5.71],[-4.83,5.71],[-4.83,5.71],[-4.82,5.71],[-4.82,5.71],[-4.82,5.71],[-4.82,5.7],[-4.82,5.7],[-4.82,5.7],[-4.81,5.7],[-4.81,5.7],[-4.81,5.7],[-4.81,5.69],[-4.8,5.69],[-4.8,5.69],[-4.8,5.69],[-4.8,5.69],[-4.8,5.68],[-4.8,5.68],[-4.8,5.68],[-4.79,5.68],[-4.79,5.68],[-4.79,5.67],[-4.79,5.67],[-4.79,5.67],[-4.79,5.67],[-4.79,5.67],[-4.79,5.66],[-4.79,5.66],[-4.79,5.66],[-4.79,5.66],[-4.8,5.65],[-4.8,5.65],[-4.8,5.65],[-4.8,5.65],[-4.8,5.65],[-4.8,5.65],[-4.8,5.65],[-4.81,5.65],[-4.81,5.65],[-4.81,5.64],[-4.81,5.64],[-4.81,5.64],[-4.82,5.64],[-4.82,5.64],[-4.82,5.64],[-4.82,5.64],[-4.82,5.63],[-4.82,5.63],[-4.83,5.63],[-4.83,5.63],[-4.83,5.62],[-4.83,5.62],[-4.83,5.62],[-4.83,5.62],[-4.83,5.62],[-4.83,5.62],[-4.84,5.61],[-4.84,5.61],[-4.84,5.61],[-4.84,5.61],[-4.84,5.61],[-4.85,5.61],[-4.85,5.61],[-4.85,5.61],[-4.85,5.61],[-4.85,5.62],[-4.86,5.62],[-4.86,5.61],[-4.86,5.61],[-4.86,5.61],[-4.85,5.61],[-4.85,5.61],[-4.85,5.6],[-4.85,5.6],[-4.85,5.6],[-4.85,5.6],[-4.85,5.6],[-4.85,5.6],[-4.85,5.59],[-4.84,5.59],[-4.84,5.59],[-4.84,5.59],[-4.84,5.59],[-4.84,5.59],[-4.84,5.59],[-4.84,5.58],[-4.84,5.58],[-4.84,5.58],[-4.84,5.58],[-4.84,5.58],[-4.84,5.58],[-4.84,5.58],[-4.84,5.58],[-4.84,5.57],[-4.83,5.57],[-4.83,5.57],[-4.84,5.57],[-4.84,5.57],[-4.84,5.56],[-4.84,5.56],[-4.84,5.56],[-4.77,5.58],[-4.77,5.58],[-4.77,5.58],[-4.76,5.58],[-4.76,5.58],[-4.76,5.58],[-4.75,5.58],[-4.75,5.59],[-4.75,5.59],[-4.75,5.59],[-4.75,5.59],[-4.75,5.59],[-4.75,5.59],[-4.74,5.59],[-4.74,5.59],[-4.74,5.59],[-4.74,5.59],[-4.74,5.59],[-4.74,5.59],[-4.73,5.59],[-4.73,5.59],[-4.73,5.59],[-4.73,5.6],[-4.72,5.6],[-4.72,5.6],[-4.72,5.6],[-4.72,5.6],[-4.72,5.6],[-4.72,5.6],[-4.71,5.6],[-4.71,5.6],[-4.71,5.6],[-4.71,5.6],[-4.71,5.6],[-4.7,5.6],[-4.71,5.56],[-4.65,5.55],[-4.6,5.54],[-4.59,5.54],[-4.59,5.54],[-4.59,5.54],[-4.58,5.54],[-4.58,5.54],[-4.58,5.54],[-4.58,5.54],[-4.58,5.54],[-4.57,5.54],[-4.57,5.54],[-4.55,5.53],[-4.55,5.53],[-4.54,5.53],[-4.54,5.54],[-4.54,5.54],[-4.54,5.54],[-4.54,5.54],[-4.53,5.54],[-4.53,5.54],[-4.53,5.54],[-4.53,5.54],[-4.52,5.54],[-4.52,5.54],[-4.52,5.54],[-4.52,5.54],[-4.51,5.54],[-4.51,5.54],[-4.51,5.54],[-4.5,5.54],[-4.5,5.54],[-4.5,5.54],[-4.5,5.54],[-4.5,5.54],[-4.5,5.54],[-4.49,5.54],[-4.49,5.54],[-4.49,5.54],[-4.49,5.54],[-4.48,5.54],[-4.48,5.54],[-4.48,5.54],[-4.48,5.54],[-4.47,5.54],[-4.47,5.54],[-4.47,5.54],[-4.47,5.54],[-4.47,5.53],[-4.47,5.53],[-4.46,5.53],[-4.39,5.6],[-4.36,5.58],[-4.26,5.59],[-4.26,5.6],[-4.26,5.6],[-4.25,5.6],[-4.25,5.6],[-4.25,5.6],[-4.25,5.6],[-4.25,5.6],[-4.25,5.6],[-4.25,5.6],[-4.25,5.6],[-4.25,5.6],[-4.24,5.6],[-4.24,5.6],[-4.24,5.6],[-4.24,5.6],[-4.24,5.6],[-4.24,5.6],[-4.24,5.6],[-4.24,5.6],[-4.24,5.6],[-4.24,5.6],[-4.23,5.6],[-4.23,5.6],[-4.23,5.6],[-4.23,5.6],[-4.23,5.6],[-4.23,5.6],[-4.23,5.6],[-4.23,5.6],[-4.23,5.6],[-4.23,5.6],[-4.23,5.6],[-4.22,5.6],[-4.22,5.6],[-4.22,5.6],[-4.22,5.6],[-4.22,5.6],[-4.22,5.6],[-4.22,5.6],[-4.22,5.6],[-4.22,5.6],[-4.22,5.6],[-4.21,5.6],[-4.21,5.6],[-4.21,5.6],[-4.21,5.6],[-4.21,5.6],[-4.21,5.6],[-4.21,5.6],[-4.21,5.6],[-4.2,5.6],[-4.2,5.6],[-4.2,5.6],[-4.2,5.6],[-4.2,5.6],[-4.2,5.59],[-4.2,5.59],[-4.2,5.59],[-4.2,5.59],[-4.2,5.59],[-4.2,5.59],[-4.19,5.6],[-4.19,5.6],[-4.19,5.6],[-4.19,5.6],[-4.19,5.6],[-4.19,5.6],[-4.19,5.6],[-4.19,5.6],[-4.19,5.6],[-4.18,5.6],[-4.18,5.6],[-4.18,5.6],[-4.18,5.6],[-4.18,5.6],[-4.18,5.61],[-4.18,5.61],[-4.18,5.61],[-4.18,5.61],[-4.18,5.6],[-4.18,5.6],[-4.17,5.6],[-4.17,5.6],[-4.17,5.6],[-4.17,5.6],[-4.17,5.6],[-4.17,5.6],[-4.17,5.6],[-4.17,5.6],[-4.17,5.6],[-4.16,5.6],[-4.16,5.6],[-4.16,5.6],[-4.16,5.6],[-4.16,5.6],[-4.16,5.6],[-4.16,5.6],[-4.16,5.6],[-4.16,5.6],[-4.16,5.6],[-4.16,5.6],[-4.16,5.6],[-4.16,5.6],[-4.15,5.6],[-4.15,5.6],[-4.15,5.6],[-4.15,5.6],[-4.15,5.6],[-4.15,5.6],[-4.15,5.6],[-4.15,5.6],[-4.14,5.6],[-4.14,5.6],[-4.14,5.6],[-4.14,5.6],[-4.14,5.6],[-4.14,5.59],[-4.14,5.59],[-4.14,5.59],[-4.14,5.59],[-4.14,5.59],[-4.14,5.59],[-4.14,5.59],[-4.14,5.59],[-4.13,5.59],[-4.13,5.59],[-4.13,5.59],[-4.13,5.59],[-4.13,5.58],[-4.13,5.58],[-4.13,5.58],[-4.13,5.58],[-4.13,5.58],[-4.12,5.58],[-4.12,5.58],[-4.12,5.58],[-4.12,5.58],[-4.12,5.58],[-4.12,5.58],[-4.12,5.58],[-4.12,5.58],[-4.12,5.58],[-4.11,5.58],[-4.11,5.58],[-4.11,5.58],[-4.11,5.58],[-4.11,5.58],[-4.1,5.58],[-4.1,5.58],[-4.1,5.58],[-4.1,5.58],[-4.1,5.58],[-4.09,5.58],[-4.09,5.58],[-4.09,5.58],[-4.09,5.58],[-4.08,5.58],[-4.08,5.58],[-4.08,5.58],[-4.08,5.58],[-4.08,5.58],[-4.07,5.58],[-4.07,5.57],[-4.04,5.59],[-4.03,5.58],[-4.03,5.58],[-4.03,5.58],[-4.03,5.58],[-4.03,5.58],[-4.02,5.58],[-4.02,5.58],[-4.02,5.58],[-4.02,5.58],[-4.02,5.58],[-4.01,5.58],[-4.01,5.58],[-4.01,5.58],[-4.01,5.58],[-4.01,5.58],[-4.01,5.58],[-4.01,5.58],[-4.0,5.58],[-4.0,5.58],[-4.0,5.58],[-4.0,5.58],[-4.0,5.58],[-3.99,5.58],[-3.99,5.58],[-3.99,5.58],[-3.99,5.58],[-3.99,5.58],[-3.98,5.58],[-3.98,5.59],[-3.98,5.59],[-3.98,5.59],[-3.98,5.59],[-3.98,5.59],[-3.97,5.59],[-3.97,5.59],[-3.97,5.59],[-3.97,5.59],[-3.97,5.59],[-3.97,5.59],[-3.96,5.59],[-3.96,5.59],[-3.96,5.59],[-3.96,5.59],[-3.96,5.59],[-3.96,5.59],[-3.96,5.59],[-3.95,5.59],[-3.95,5.59],[-3.95,5.59],[-3.95,5.59],[-3.95,5.59],[-3.95,5.59],[-3.95,5.59],[-3.94,5.59],[-3.94,5.59],[-3.94,5.59],[-3.94,5.59],[-3.94,5.59],[-3.94,5.59],[-3.94,5.59],[-3.94,5.59],[-3.94,5.6],[-3.94,5.6],[-3.94,5.6],[-3.94,5.6],[-3.94,5.6],[-3.94,5.6],[-3.94,5.6],[-3.94,5.6],[-3.94,5.6],[-3.94,5.61],[-3.94,5.61],[-3.94,5.61],[-3.94,5.61],[-3.94,5.61],[-3.94,5.61],[-3.94,5.61],[-3.94,5.61],[-3.94,5.61],[-3.94,5.61],[-3.94,5.62],[-3.94,5.62],[-3.94,5.62],[-3.94,5.62],[-3.94,5.62],[-3.94,5.62],[-3.94,5.62],[-3.94,5.62],[-3.94,5.62],[-3.94,5.62],[-3.94,5.63],[-3.94,5.63],[-3.94,5.63],[-3.94,5.63],[-3.94,5.63],[-3.94,5.63],[-3.94,5.63],[-3.94,5.63],[-3.94,5.63],[-3.94,5.63],[-3.94,5.63],[-3.94,5.63],[-3.93,5.63],[-3.93,5.63],[-3.93,5.63],[-3.93,5.63],[-3.93,5.63],[-3.93,5.63],[-3.94,5.63],[-3.94,5.63],[-3.94,5.63],[-3.93,5.63],[-3.93,5.64],[-3.93,5.64],[-3.93,5.64],[-3.93,5.64],[-3.94,5.64],[-3.94,5.64],[-3.94,5.64],[-3.94,5.64],[-3.94,5.64],[-3.94,5.64],[-3.94,5.65],[-3.94,5.65],[-3.94,5.65],[-3.94,5.65],[-3.94,5.65],[-3.94,5.65],[-3.94,5.65],[-3.94,5.65],[-3.94,5.65],[-3.94,5.65],[-3.94,5.66],[-3.94,5.66],[-3.94,5.66],[-3.94,5.66],[-3.94,5.66],[-3.94,5.66],[-3.94,5.66],[-3.94,5.66],[-3.94,5.67],[-3.94,5.67],[-3.94,5.67],[-3.95,5.67],[-3.95,5.67],[-3.95,5.67],[-3.95,5.67],[-3.95,5.67],[-3.95,5.67],[-3.94,5.67],[-3.94,5.67],[-3.94,5.67],[-3.94,5.67],[-3.94,5.67],[-3.94,5.67],[-3.94,5.67],[-3.94,5.67],[-3.94,5.68],[-3.94,5.68],[-3.94,5.68],[-3.94,5.68],[-3.94,5.68],[-3.94,5.68],[-3.94,5.68],[-3.94,5.68],[-3.94,5.68],[-3.94,5.68],[-3.94,5.68],[-3.94,5.68],[-3.94,5.69],[-3.94,5.69],[-3.94,5.69],[-3.94,5.69],[-3.94,5.69],[-3.94,5.69],[-3.94,5.69],[-3.94,5.69],[-3.94,5.7],[-3.94,5.7],[-3.94,5.7],[-3.94,5.7],[-3.94,5.7],[-3.94,5.7],[-3.94,5.7],[-3.94,5.7],[-3.94,5.7],[-3.94,5.7],[-3.94,5.71],[-3.93,5.71],[-3.93,5.71],[-3.93,5.71],[-3.93,5.71],[-3.93,5.71],[-3.93,5.71],[-3.94,5.71],[-3.94,5.71],[-3.94,5.71],[-3.94,5.71],[-3.94,5.71],[-3.94,5.71],[-3.94,5.72],[-3.94,5.72],[-3.94,5.72],[-3.94,5.72],[-3.94,5.72],[-3.94,5.72],[-3.94,5.72],[-3.94,5.72],[-3.94,5.72],[-3.95,5.72],[-3.95,5.72],[-3.95,5.72],[-3.95,5.72],[-3.95,5.72],[-3.95,5.72],[-3.95,5.72],[-3.95,5.72],[-3.95,5.73],[-3.95,5.73],[-3.95,5.73],[-3.96,5.73],[-3.96,5.73],[-3.96,5.73],[-3.96,5.73],[-3.96,5.74],[-3.96,5.74],[-3.95,5.74],[-3.95,5.74],[-3.95,5.74],[-3.95,5.74],[-3.95,5.74],[-3.95,5.74],[-3.95,5.74],[-3.95,5.74],[-3.95,5.74],[-3.95,5.75],[-3.95,5.75],[-3.95,5.75],[-3.96,5.75],[-3.96,5.75],[-3.96,5.75],[-3.96,5.75],[-3.97,5.75],[-3.97,5.75],[-3.97,5.75],[-3.97,5.75],[-3.97,5.74],[-3.98,5.74],[-3.98,5.74],[-3.98,5.74],[-3.98,5.74],[-3.99,5.74],[-3.99,5.75],[-3.99,5.75],[-3.99,5.75],[-3.99,5.75],[-3.99,5.76],[-3.99,5.76],[-3.99,5.76],[-3.99,5.76],[-3.99,5.77],[-3.99,5.77],[-3.99,5.77],[-3.99,5.77],[-3.99,5.78],[-3.99,5.78],[-3.99,5.78],[-4.0,5.78],[-4.0,5.79],[-4.0,5.79],[-4.0,5.79],[-4.0,5.79],[-4.0,5.79],[-4.0,5.79],[-4.0,5.8],[-4.0,5.8],[-4.0,5.8],[-4.0,5.8],[-4.01,5.8],[-4.01,5.8],[-4.01,5.8],[-4.01,5.8],[-4.01,5.8],[-4.02,5.8],[-4.02,5.8],[-4.02,5.8],[-4.02,5.81],[-4.03,5.81],[-4.03,5.81],[-4.03,5.81],[-4.03,5.82],[-4.03,5.82],[-4.04,5.82],[-4.04,5.81],[-4.04,5.81],[-4.04,5.81],[-4.05,5.82],[-4.05,5.82],[-4.05,5.82],[-4.05,5.82],[-4.05,5.82],[-4.06,5.82],[-4.06,5.82],[-4.06,5.83],[-4.06,5.83],[-4.06,5.83],[-4.06,5.83],[-4.06,5.83],[-4.06,5.84],[-4.07,5.84],[-4.07,5.84],[-4.07,5.84],[-4.07,5.84],[-4.07,5.85],[-4.07,5.85],[-4.08,5.85],[-4.08,5.85],[-4.08,5.85],[-4.08,5.85],[-4.08,5.86],[-4.08,5.86],[-4.08,5.86],[-4.08,5.86],[-4.08,5.87],[-4.08,5.87],[-4.08,5.87],[-4.08,5.88],[-4.08,5.88],[-4.08,5.88],[-4.08,5.88],[-4.08,5.88],[-4.07,5.89],[-4.07,5.89],[-4.07,5.89],[-4.07,5.9],[-4.07,5.9],[-4.07,5.9],[-4.07,5.9],[-4.07,5.9],[-4.06,5.91],[-4.06,5.91],[-4.07,5.91],[-4.07,5.91],[-4.07,5.92],[-4.07,5.92],[-4.07,5.92],[-4.07,5.92],[-4.07,5.92],[-4.07,5.92],[-4.07,5.93],[-4.07,5.93],[-4.08,5.93],[-4.08,5.93],[-4.08,5.93],[-4.08,5.93],[-4.08,5.94],[-4.08,5.94],[-4.08,5.94],[-4.08,5.95],[-4.08,5.95],[-4.08,5.95],[-4.08,5.95],[-4.08,5.95],[-4.08,5.96],[-4.07,5.96],[-4.07,5.96],[-4.07,5.96],[-4.07,5.97],[-4.07,5.97],[-4.07,5.97],[-4.06,5.97],[-4.06,5.97],[-4.06,5.98],[-4.06,5.98],[-4.06,5.98],[-4.06,5.98],[-4.06,5.99],[-4.06,5.99],[-4.05,5.99],[-4.05,5.99],[-4.05,5.99],[-4.05,5.99],[-4.04,6.0],[-4.04,6.0],[-4.04,6.0],[-4.04,6.0],[-4.03,6.0],[-4.03,6.01],[-4.03,6.01],[-4.03,6.01],[-4.02,6.01],[-4.02,6.02],[-4.02,6.02],[-4.01,6.02],[-4.01,6.03],[-4.01,6.03],[-4.01,6.03],[-4.01,6.04],[-4.01,6.04],[-4.0,6.05],[-4.0,6.06],[-4.0,6.07],[-4.0,6.07],[-4.02,6.16],[-4.02,6.17],[-4.03,6.2],[-4.07,6.23],[-4.12,6.26],[-4.12,6.26],[-4.16,6.23],[-4.16,6.23],[-4.24,6.19],[-4.24,6.19],[-4.24,6.19],[-4.24,6.19],[-4.24,6.19],[-4.24,6.19],[-4.24,6.19],[-4.24,6.19],[-4.24,6.19],[-4.24,6.19],[-4.24,6.2],[-4.24,6.2],[-4.25,6.2],[-4.25,6.2],[-4.25,6.2],[-4.25,6.2],[-4.25,6.2],[-4.25,6.2],[-4.25,6.2],[-4.25,6.21],[-4.25,6.21],[-4.25,6.21],[-4.25,6.21],[-4.25,6.21],[-4.25,6.21],[-4.25,6.21],[-4.25,6.21],[-4.25,6.21],[-4.25,6.21],[-4.25,6.21],[-4.25,6.21],[-4.25,6.21],[-4.25,6.21],[-4.25,6.22],[-4.25,6.22],[-4.25,6.22],[-4.25,6.22],[-4.25,6.22],[-4.25,6.22],[-4.25,6.22],[-4.25,6.22],[-4.25,6.22],[-4.25,6.23],[-4.25,6.23],[-4.25,6.23],[-4.25,6.23],[-4.26,6.23],[-4.26,6.23],[-4.26,6.23],[-4.26,6.23],[-4.26,6.23],[-4.26,6.23],[-4.26,6.23],[-4.26,6.23],[-4.26,6.23],[-4.26,6.24],[-4.26,6.24],[-4.26,6.24],[-4.26,6.24],[-4.26,6.24],[-4.26,6.24],[-4.26,6.24],[-4.26,6.24],[-4.26,6.24],[-4.26,6.24],[-4.26,6.24],[-4.26,6.24],[-4.27,6.25],[-4.27,6.25],[-4.27,6.25],[-4.27,6.25],[-4.27,6.25],[-4.27,6.25],[-4.27,6.25],[-4.27,6.25],[-4.27,6.25],[-4.27,6.25],[-4.27,6.25],[-4.27,6.25],[-4.27,6.25],[-4.27,6.26],[-4.27,6.26],[-4.27,6.26],[-4.27,6.26],[-4.27,6.26],[-4.27,6.26],[-4.27,6.26],[-4.27,6.26],[-4.27,6.26],[-4.28,6.26],[-4.28,6.26],[-4.28,6.26],[-4.28,6.26],[-4.28,6.26],[-4.28,6.26],[-4.28,6.26],[-4.28,6.26],[-4.29,6.26],[-4.29,6.26],[-4.29,6.26],[-4.29,6.27],[-4.29,6.27],[-4.29,6.27],[-4.29,6.27],[-4.29,6.27],[-4.3,6.27],[-4.3,6.27],[-4.3,6.27],[-4.3,6.27],[-4.3,6.27],[-4.3,6.27],[-4.31,6.27],[-4.31,6.27],[-4.31,6.27],[-4.31,6.27],[-4.31,6.27],[-4.31,6.27],[-4.32,6.27],[-4.32,6.27],[-4.32,6.27],[-4.32,6.27],[-4.32,6.27],[-4.32,6.27],[-4.32,6.27],[-4.32,6.27],[-4.33,6.27],[-4.33,6.27],[-4.33,6.27],[-4.33,6.27],[-4.33,6.27],[-4.33,6.26],[-4.33,6.27],[-4.34,6.27],[-4.34,6.27],[-4.34,6.27],[-4.34,6.27],[-4.34,6.27],[-4.34,6.27],[-4.34,6.27],[-4.34,6.27],[-4.35,6.27],[-4.35,6.27],[-4.35,6.27],[-4.35,6.26],[-4.35,6.26],[-4.35,6.26],[-4.35,6.26],[-4.36,6.26],[-4.36,6.26],[-4.36,6.26],[-4.36,6.26],[-4.36,6.26],[-4.36,6.26],[-4.36,6.26],[-4.37,6.26],[-4.37,6.26],[-4.37,6.26],[-4.37,6.26],[-4.37,6.26],[-4.37,6.26],[-4.37,6.26],[-4.38,6.26],[-4.38,6.26],[-4.38,6.26],[-4.38,6.26],[-4.38,6.26],[-4.38,6.26],[-4.39,6.26],[-4.39,6.26],[-4.39,6.26],[-4.39,6.26],[-4.39,6.26],[-4.39,6.26],[-4.39,6.26],[-4.39,6.26],[-4.4,6.26],[-4.4,6.26],[-4.4,6.26],[-4.4,6.26],[-4.4,6.26],[-4.4,6.26],[-4.41,6.26],[-4.41,6.26],[-4.41,6.26],[-4.41,6.26],[-4.41,6.26],[-4.41,6.26],[-4.42,6.26],[-4.42,6.26],[-4.42,6.26],[-4.42,6.26],[-4.42,6.26],[-4.42,6.26],[-4.42,6.26],[-4.42,6.26],[-4.42,6.26],[-4.42,6.26],[-4.43,6.26],[-4.43,6.26],[-4.43,6.26],[-4.43,6.25],[-4.43,6.25],[-4.43,6.25],[-4.43,6.25],[-4.44,6.25],[-4.44,6.25],[-4.44,6.25],[-4.44,6.26],[-4.44,6.26],[-4.44,6.26],[-4.44,6.26],[-4.45,6.25],[-4.45,6.25],[-4.45,6.25],[-4.45,6.25],[-4.45,6.25],[-4.45,6.25],[-4.46,6.25],[-4.46,6.25],[-4.46,6.25],[-4.46,6.25],[-4.46,6.25],[-4.46,6.26],[-4.46,6.26],[-4.46,6.26],[-4.46,6.26],[-4.46,6.26],[-4.46,6.26],[-4.46,6.26],[-4.47,6.26],[-4.47,6.27],[-4.47,6.27],[-4.47,6.27],[-4.47,6.27],[-4.47,6.27],[-4.47,6.27],[-4.47,6.27],[-4.47,6.27],[-4.48,6.27],[-4.48,6.27],[-4.48,6.26],[-4.48,6.26],[-4.48,6.26],[-4.48,6.26],[-4.48,6.26],[-4.49,6.26],[-4.49,6.26],[-4.49,6.26],[-4.49,6.26],[-4.49,6.25],[-4.49,6.25],[-4.49,6.25],[-4.49,6.25],[-4.5,6.25],[-4.5,6.25],[-4.5,6.25],[-4.5,6.24],[-4.5,6.24],[-4.55,6.25],[-4.56,6.25],[-4.58,6.25],[-4.68,6.27],[-4.68,6.27],[-4.69,6.27],[-4.69,6.27],[-4.69,6.27],[-4.69,6.27],[-4.69,6.27],[-4.7,6.27],[-4.7,6.27],[-4.7,6.27],[-4.7,6.28],[-4.7,6.28],[-4.7,6.28],[-4.7,6.28],[-4.71,6.28],[-4.71,6.28],[-4.71,6.27],[-4.71,6.27],[-4.71,6.27],[-4.71,6.27],[-4.71,6.27],[-4.71,6.27],[-4.71,6.26],[-4.71,6.26],[-4.72,6.26],[-4.72,6.26],[-4.72,6.26],[-4.72,6.26],[-4.72,6.26],[-4.73,6.26],[-4.73,6.25],[-4.73,6.25],[-4.73,6.25],[-4.73,6.25],[-4.73,6.25],[-4.74,6.25],[-4.74,6.25],[-4.74,6.25],[-4.74,6.25],[-4.74,6.25],[-4.75,6.25],[-4.75,6.25],[-4.75,6.25],[-4.75,6.25],[-4.76,6.25],[-4.76,6.24],[-4.76,6.24],[-4.76,6.24],[-4.77,6.24],[-4.77,6.24],[-4.77,6.24],[-4.77,6.24],[-4.77,6.24],[-4.78,6.24],[-4.78,6.24],[-4.78,6.24],[-4.79,6.24],[-4.79,6.24],[-4.79,6.24],[-4.79,6.24],[-4.79,6.24],[-4.79,6.24],[-4.8,6.24],[-4.8,6.24],[-4.8,6.24],[-4.8,6.24],[-4.8,6.24],[-4.81,6.24],[-4.81,6.24],[-4.81,6.25],[-4.81,6.25],[-4.81,6.25],[-4.82,6.25],[-4.82,6.25],[-4.82,6.25],[-4.82,6.25],[-4.82,6.25],[-4.82,6.25],[-4.82,6.25],[-4.82,6.24],[-4.82,6.24],[-4.82,6.24],[-4.82,6.24],[-4.82,6.24],[-4.82,6.24],[-4.82,6.24],[-4.82,6.24],[-4.83,6.24],[-4.83,6.24],[-4.83,6.24],[-4.83,6.24],[-4.93,6.26],[-4.94,6.26],[-4.94,6.26],[-4.95,6.26],[-4.95,6.26],[-4.95,6.26],[-4.95,6.26],[-4.95,6.26],[-4.96,6.26],[-4.96,6.26],[-4.96,6.26],[-4.96,6.25],[-4.96,6.25],[-4.97,6.25],[-4.97,6.25],[-4.97,6.25],[-4.97,6.25],[-4.98,6.25],[-4.98,6.25],[-4.98,6.25],[-4.99,6.25],[-4.99,6.24],[-4.99,6.24],[-4.99,6.24],[-5.0,6.24],[-5.0,6.24],[-5.0,6.24],[-5.0,6.24],[-5.01,6.24],[-5.01,6.24],[-5.01,6.24],[-5.01,6.24],[-5.02,6.24],[-5.02,6.24],[-5.03,6.24],[-5.03,6.24],[-5.03,6.24],[-5.04,6.24],[-5.04,6.24],[-5.04,6.24],[-5.04,6.24],[-5.04,6.24],[-5.04,6.25],[-5.04,6.25],[-5.04,6.25],[-5.04,6.25],[-5.04,6.25],[-5.04,6.26],[-5.04,6.26],[-5.04,6.26],[-5.04,6.26],[-5.04,6.27],[-5.04,6.27],[-5.04,6.27],[-5.03,6.27],[-5.03,6.27],[-5.03,6.28],[-5.03,6.28],[-5.03,6.28],[-5.03,6.28],[-5.02,6.29],[-5.03,6.29],[-5.03,6.29],[-5.03,6.29],[-5.03,6.29],[-5.04,6.3],[-5.04,6.29],[-5.04,6.29],[-5.05,6.29],[-5.05,6.29],[-5.05,6.29],[-5.05,6.29],[-5.06,6.29],[-5.06,6.29],[-5.06,6.29],[-5.06,6.29],[-5.07,6.29],[-5.07,6.29],[-5.07,6.29],[-5.07,6.29],[-5.08,6.29],[-5.08,6.29],[-5.08,6.29],[-5.08,6.29],[-5.09,6.29],[-5.09,6.29]]]}},{"type":"Feature","properties":{"name":"Bafing","code":"CI04","level":"region","status":"collected","schools":542,"students":52975,"girls":25689,"boys":27286,"district":"Woroba"},"geometry":{"type":"Polygon","coordinates":[[[-7.78,9.07],[-7.78,9.07],[-7.78,9.07],[-7.78,9.07],[-7.79,9.07],[-7.79,9.07],[-7.79,9.07],[-7.79,9.07],[-7.79,9.07],[-7.8,9.07],[-7.8,9.07],[-7.8,9.07],[-7.8,9.07],[-7.8,9.07],[-7.8,9.07],[-7.81,9.06],[-7.81,9.06],[-7.81,9.06],[-7.81,9.06],[-7.81,9.06],[-7.81,9.06],[-7.82,9.06],[-7.82,9.06],[-7.82,9.06],[-7.83,9.06],[-7.84,9.07],[-7.84,9.06],[-7.84,9.05],[-7.84,9.04],[-7.85,9.04],[-7.86,9.03],[-7.87,9.03],[-7.89,9.03],[-7.89,9.01],[-7.92,8.99],[-7.93,8.98],[-7.93,8.98],[-7.93,8.97],[-7.92,8.96],[-7.93,8.94],[-7.92,8.94],[-7.92,8.93],[-7.92,8.93],[-7.93,8.92],[-7.94,8.91],[-7.93,8.9],[-7.92,8.9],[-7.92,8.9],[-7.91,8.89],[-7.91,8.88],[-7.93,8.88],[-7.93,8.87],[-7.93,8.87],[-7.93,8.85],[-7.94,8.85],[-7.94,8.85],[-7.95,8.85],[-7.96,8.84],[-7.95,8.82],[-7.95,8.82],[-7.95,8.82],[-7.95,8.82],[-7.95,8.82],[-7.95,8.81],[-7.95,8.81],[-7.95,8.81],[-7.95,8.81],[-7.95,8.81],[-7.94,8.81],[-7.94,8.81],[-7.94,8.8],[-7.94,8.8],[-7.94,8.8],[-7.94,8.8],[-7.94,8.8],[-7.94,8.79],[-7.94,8.79],[-7.94,8.79],[-7.94,8.79],[-7.94,8.79],[-7.94,8.79],[-7.93,8.79],[-7.93,8.79],[-7.93,8.78],[-7.93,8.78],[-7.93,8.78],[-7.93,8.78],[-7.93,8.78],[-7.92,8.78],[-7.92,8.78],[-7.92,8.77],[-7.92,8.77],[-7.92,8.77],[-7.92,8.77],[-7.92,8.77],[-7.91,8.77],[-7.91,8.77],[-7.91,8.77],[-7.91,8.77],[-7.91,8.77],[-7.9,8.77],[-7.9,8.77],[-7.9,8.77],[-7.9,8.77],[-7.89,8.77],[-7.89,8.77],[-7.89,8.77],[-7.89,8.78],[-7.89,8.78],[-7.89,8.78],[-7.89,8.78],[-7.89,8.78],[-7.88,8.78],[-7.88,8.78],[-7.88,8.79],[-7.88,8.79],[-7.88,8.79],[-7.87,8.79],[-7.87,8.79],[-7.87,8.79],[-7.87,8.79],[-7.87,8.79],[-7.86,8.79],[-7.86,8.79],[-7.86,8.79],[-7.86,8.78],[-7.86,8.78],[-7.86,8.78],[-7.86,8.78],[-7.86,8.78],[-7.85,8.77],[-7.85,8.77],[-7.85,8.77],[-7.85,8.77],[-7.85,8.77],[-7.85,8.77],[-7.84,8.77],[-7.84,8.77],[-7.84,8.77],[-7.84,8.77],[-7.84,8.77],[-7.83,8.77],[-7.83,8.77],[-7.83,8.77],[-7.83,8.77],[-7.83,8.77],[-7.83,8.76],[-7.82,8.76],[-7.82,8.76],[-7.82,8.76],[-7.82,8.76],[-7.82,8.75],[-7.82,8.75],[-7.82,8.75],[-7.82,8.76],[-7.81,8.76],[-7.81,8.76],[-7.81,8.76],[-7.81,8.76],[-7.81,8.76],[-7.81,8.76],[-7.8,8.76],[-7.8,8.76],[-7.8,8.76],[-7.8,8.76],[-7.8,8.76],[-7.79,8.76],[-7.79,8.76],[-7.79,8.76],[-7.79,8.76],[-7.79,8.76],[-7.78,8.76],[-7.78,8.76],[-7.78,8.76],[-7.78,8.76],[-7.78,8.77],[-7.78,8.77],[-7.77,8.77],[-7.77,8.77],[-7.77,8.77],[-7.77,8.77],[-7.77,8.76],[-7.77,8.76],[-7.77,8.76],[-7.77,8.76],[-7.77,8.76],[-7.77,8.75],[-7.77,8.75],[-7.78,8.74],[-7.78,8.73],[-7.78,8.73],[-7.77,8.73],[-7.76,8.72],[-7.76,8.72],[-7.75,8.72],[-7.75,8.72],[-7.75,8.72],[-7.74,8.73],[-7.74,8.73],[-7.74,8.72],[-7.74,8.72],[-7.74,8.72],[-7.73,8.71],[-7.73,8.71],[-7.73,8.71],[-7.73,8.71],[-7.74,8.7],[-7.74,8.68],[-7.73,8.68],[-7.73,8.68],[-7.72,8.67],[-7.72,8.66],[-7.71,8.66],[-7.71,8.65],[-7.7,8.65],[-7.69,8.65],[-7.69,8.65],[-7.68,8.64],[-7.67,8.63],[-7.66,8.62],[-7.66,8.61],[-7.67,8.6],[-7.68,8.59],[-7.69,8.57],[-7.69,8.56],[-7.69,8.55],[-7.68,8.54],[-7.66,8.5],[-7.65,8.5],[-7.65,8.5],[-7.65,8.49],[-7.65,8.49],[-7.65,8.49],[-7.65,8.49],[-7.65,8.49],[-7.66,8.48],[-7.66,8.48],[-7.66,8.48],[-7.66,8.48],[-7.66,8.48],[-7.65,8.47],[-7.65,8.47],[-7.66,8.47],[-7.66,8.47],[-7.66,8.47],[-7.66,8.47],[-7.66,8.46],[-7.66,8.46],[-7.66,8.46],[-7.67,8.46],[-7.67,8.46],[-7.67,8.46],[-7.67,8.45],[-7.67,8.45],[-7.67,8.45],[-7.67,8.45],[-7.66,8.45],[-7.66,8.44],[-7.66,8.44],[-7.66,8.44],[-7.66,8.44],[-7.67,8.44],[-7.67,8.43],[-7.67,8.43],[-7.67,8.43],[-7.67,8.43],[-7.67,8.43],[-7.67,8.42],[-7.67,8.42],[-7.67,8.42],[-7.66,8.42],[-7.66,8.42],[-7.66,8.42],[-7.66,8.41],[-7.66,8.41],[-7.66,8.41],[-7.66,8.41],[-7.66,8.41],[-7.66,8.41],[-7.65,8.4],[-7.65,8.4],[-7.65,8.4],[-7.65,8.4],[-7.65,8.4],[-7.64,8.4],[-7.64,8.4],[-7.64,8.39],[-7.64,8.39],[-7.64,8.39],[-7.64,8.39],[-7.64,8.39],[-7.64,8.38],[-7.64,8.38],[-7.64,8.38],[-7.64,8.38],[-7.63,8.38],[-7.63,8.38],[-7.63,8.38],[-7.63,8.38],[-7.63,8.38],[-7.63,8.37],[-7.63,8.37],[-7.63,8.37],[-7.63,8.37],[-7.64,8.37],[-7.64,8.37],[-7.64,8.37],[-7.64,8.37],[-7.64,8.37],[-7.65,8.37],[-7.65,8.37],[-7.65,8.37],[-7.65,8.37],[-7.65,8.37],[-7.65,8.37],[-7.66,8.38],[-7.66,8.38],[-7.66,8.38],[-7.66,8.38],[-7.66,8.37],[-7.66,8.37],[-7.66,8.37],[-7.67,8.37],[-7.67,8.37],[-7.67,8.37],[-7.67,8.37],[-7.67,8.37],[-7.68,8.38],[-7.68,8.37],[-7.68,8.37],[-7.68,8.37],[-7.68,8.37],[-7.69,8.37],[-7.69,8.37],[-7.69,8.37],[-7.69,8.37],[-7.69,8.37],[-7.7,8.37],[-7.7,8.37],[-7.7,8.37],[-7.7,8.37],[-7.7,8.37],[-7.71,8.37],[-7.71,8.37],[-7.71,8.38],[-7.71,8.38],[-7.71,8.38],[-7.72,8.37],[-7.72,8.37],[-7.72,8.37],[-7.72,8.37],[-7.72,8.37],[-7.73,8.37],[-7.73,8.37],[-7.73,8.37],[-7.73,8.37],[-7.73,8.37],[-7.74,8.38],[-7.74,8.38],[-7.74,8.38],[-7.74,8.38],[-7.74,8.38],[-7.74,8.38],[-7.74,8.39],[-7.74,8.39],[-7.74,8.39],[-7.75,8.39],[-7.75,8.39],[-7.75,8.4],[-7.75,8.4],[-7.75,8.4],[-7.75,8.4],[-7.75,8.4],[-7.75,8.4],[-7.75,8.41],[-7.75,8.41],[-7.75,8.41],[-7.75,8.41],[-7.75,8.41],[-7.75,8.41],[-7.76,8.42],[-7.76,8.42],[-7.76,8.42],[-7.76,8.42],[-7.76,8.43],[-7.76,8.43],[-7.76,8.43],[-7.76,8.43],[-7.76,8.43],[-7.76,8.44],[-7.76,8.44],[-7.76,8.44],[-7.76,8.44],[-7.76,8.44],[-7.77,8.45],[-7.77,8.45],[-7.77,8.45],[-7.77,8.45],[-7.77,8.45],[-7.77,8.45],[-7.77,8.46],[-7.77,8.46],[-7.77,8.46],[-7.77,8.46],[-7.77,8.46],[-7.78,8.47],[-7.78,8.47],[-7.78,8.47],[-7.78,8.47],[-7.78,8.47],[-7.78,8.47],[-7.79,8.47],[-7.79,8.47],[-7.79,8.47],[-7.79,8.48],[-7.79,8.48],[-7.79,8.48],[-7.79,8.48],[-7.79,8.48],[-7.8,8.48],[-7.8,8.48],[-7.8,8.48],[-7.8,8.48],[-7.8,8.48],[-7.8,8.48],[-7.81,8.48],[-7.81,8.48],[-7.81,8.48],[-7.81,8.49],[-7.81,8.49],[-7.81,8.49],[-7.82,8.49],[-7.82,8.49],[-7.82,8.48],[-7.82,8.48],[-7.82,8.48],[-7.82,8.48],[-7.82,8.48],[-7.82,8.48],[-7.82,8.47],[-7.82,8.47],[-7.82,8.47],[-7.83,8.47],[-7.83,8.47],[-7.83,8.47],[-7.83,8.47],[-7.83,8.46],[-7.82,8.46],[-7.82,8.46],[-7.82,8.46],[-7.82,8.46],[-7.82,8.46],[-7.82,8.45],[-7.82,8.45],[-7.82,8.45],[-7.82,8.45],[-7.82,8.44],[-7.82,8.44],[-7.82,8.44],[-7.82,8.44],[-7.82,8.44],[-7.82,8.43],[-7.82,8.43],[-7.82,8.43],[-7.82,8.43],[-7.83,8.43],[-7.83,8.43],[-7.83,8.42],[-7.83,8.42],[-7.83,8.42],[-7.83,8.42],[-7.83,8.42],[-7.84,8.42],[-7.84,8.42],[-7.84,8.42],[-7.84,8.42],[-7.84,8.42],[-7.85,8.42],[-7.85,8.42],[-7.85,8.42],[-7.85,8.42],[-7.86,8.42],[-7.86,8.42],[-7.86,8.42],[-7.86,8.42],[-7.86,8.42],[-7.87,8.42],[-7.87,8.42],[-7.87,8.42],[-7.87,8.42],[-7.87,8.42],[-7.87,8.42],[-7.87,8.43],[-7.87,8.43],[-7.87,8.43],[-7.88,8.43],[-7.88,8.43],[-7.88,8.43],[-7.88,8.43],[-7.88,8.43],[-7.88,8.43],[-7.89,8.43],[-7.89,8.43],[-7.89,8.44],[-7.89,8.44],[-7.89,8.44],[-7.9,8.43],[-7.9,8.43],[-7.9,8.43],[-7.9,8.44],[-7.9,8.44],[-7.9,8.44],[-7.9,8.44],[-7.9,8.44],[-7.9,8.45],[-7.9,8.45],[-7.9,8.45],[-7.9,8.45],[-7.91,8.45],[-7.91,8.45],[-7.91,8.45],[-7.91,8.45],[-7.91,8.45],[-7.91,8.45],[-7.91,8.46],[-7.91,8.46],[-7.91,8.46],[-7.9,8.46],[-7.9,8.46],[-7.9,8.46],[-7.9,8.46],[-7.9,8.46],[-7.9,8.47],[-7.9,8.47],[-7.9,8.47],[-7.9,8.47],[-7.9,8.47],[-7.9,8.47],[-7.9,8.48],[-7.91,8.48],[-7.91,8.48],[-7.91,8.48],[-7.91,8.48],[-7.91,8.49],[-7.91,8.49],[-7.91,8.49],[-7.91,8.49],[-7.91,8.49],[-7.91,8.49],[-7.92,8.49],[-7.92,8.49],[-7.92,8.49],[-7.92,8.5],[-7.92,8.5],[-7.92,8.5],[-7.92,8.5],[-7.92,8.5],[-7.93,8.5],[-7.93,8.5],[-7.93,8.5],[-7.93,8.5],[-7.93,8.5],[-7.94,8.49],[-7.94,8.49],[-7.94,8.49],[-7.94,8.49],[-7.94,8.49],[-7.95,8.49],[-7.95,8.5],[-7.95,8.5],[-7.95,8.5],[-7.96,8.5],[-7.96,8.5],[-7.96,8.5],[-7.96,8.5],[-7.96,8.49],[-7.97,8.49],[-7.97,8.49],[-7.97,8.49],[-7.97,8.49],[-7.97,8.49],[-7.97,8.48],[-7.97,8.48],[-7.97,8.48],[-7.98,8.48],[-7.98,8.48],[-7.98,8.49],[-7.98,8.49],[-7.99,8.49],[-7.99,8.49],[-7.99,8.49],[-7.99,8.49],[-7.99,8.49],[-7.99,8.49],[-8.0,8.49],[-8.0,8.49],[-8.0,8.49],[-8.0,8.49],[-8.0,8.49],[-8.01,8.49],[-8.01,8.49],[-8.01,8.49],[-8.01,8.49],[-8.01,8.49],[-8.02,8.49],[-8.02,8.49],[-8.02,8.49],[-8.02,8.49],[-8.03,8.49],[-8.03,8.49],[-8.03,8.49],[-8.03,8.49],[-8.03,8.49],[-8.04,8.49],[-8.04,8.49],[-8.04,8.5],[-8.04,8.5],[-8.04,8.5],[-8.04,8.5],[-8.04,8.5],[-8.05,8.5],[-8.05,8.5],[-8.05,8.5],[-8.05,8.5],[-8.06,8.5],[-8.06,8.5],[-8.06,8.5],[-8.06,8.5],[-8.06,8.5],[-8.06,8.5],[-8.07,8.5],[-8.07,8.5],[-8.07,8.5],[-8.07,8.5],[-8.07,8.5],[-8.08,8.5],[-8.08,8.49],[-8.08,8.49],[-8.08,8.49],[-8.08,8.49],[-8.08,8.49],[-8.09,8.49],[-8.09,8.49],[-8.09,8.48],[-8.09,8.48],[-8.09,8.48],[-8.09,8.48],[-8.09,8.48],[-8.1,8.48],[-8.1,8.48],[-8.1,8.48],[-8.1,8.48],[-8.1,8.48],[-8.1,8.48],[-8.1,8.48],[-8.11,8.48],[-8.11,8.48],[-8.11,8.48],[-8.11,8.48],[-8.12,8.48],[-8.12,8.48],[-8.12,8.48],[-8.12,8.48],[-8.12,8.48],[-8.12,8.48],[-8.12,8.49],[-8.13,8.49],[-8.13,8.49],[-8.13,8.49],[-8.13,8.49],[-8.13,8.48],[-8.13,8.48],[-8.13,8.48],[-8.14,8.48],[-8.14,8.48],[-8.14,8.48],[-8.14,8.48],[-8.14,8.48],[-8.14,8.49],[-8.14,8.49],[-8.14,8.49],[-8.15,8.49],[-8.15,8.49],[-8.15,8.49],[-8.15,8.49],[-8.15,8.49],[-8.16,8.49],[-8.16,8.49],[-8.16,8.49],[-8.16,8.49],[-8.16,8.5],[-8.16,8.5],[-8.17,8.5],[-8.17,8.5],[-8.17,8.5],[-8.17,8.5],[-8.18,8.5],[-8.18,8.5],[-8.18,8.5],[-8.18,8.5],[-8.18,8.5],[-8.19,8.5],[-8.19,8.49],[-8.19,8.49],[-8.19,8.49],[-8.19,8.49],[-8.19,8.49],[-8.19,8.48],[-8.19,8.48],[-8.19,8.48],[-8.19,8.48],[-8.19,8.48],[-8.19,8.48],[-8.19,8.47],[-8.2,8.47],[-8.2,8.47],[-8.21,8.46],[-8.22,8.46],[-8.23,8.46],[-8.23,8.46],[-8.24,8.45],[-8.24,8.42],[-8.23,8.41],[-8.23,8.4],[-8.23,8.39],[-8.23,8.39],[-8.23,8.39],[-8.22,8.39],[-8.22,8.38],[-8.22,8.38],[-8.22,8.38],[-8.22,8.38],[-8.22,8.38],[-8.22,8.37],[-8.22,8.37],[-8.22,8.37],[-8.22,8.37],[-8.22,8.37],[-8.21,8.37],[-8.21,8.36],[-8.21,8.36],[-8.21,8.36],[-8.21,8.36],[-8.21,8.36],[-8.21,8.35],[-8.21,8.35],[-8.21,8.35],[-8.21,8.35],[-8.21,8.35],[-8.21,8.34],[-8.21,8.34],[-8.21,8.34],[-8.21,8.34],[-8.21,8.34],[-8.22,8.33],[-8.22,8.33],[-8.22,8.33],[-8.22,8.33],[-8.22,8.33],[-8.22,8.32],[-8.22,8.32],[-8.22,8.32],[-8.22,8.32],[-8.22,8.32],[-8.22,8.31],[-8.22,8.31],[-8.22,8.31],[-8.22,8.31],[-8.22,8.31],[-8.22,8.3],[-8.22,8.3],[-8.22,8.3],[-8.22,8.3],[-8.21,8.3],[-8.21,8.29],[-8.21,8.29],[-8.21,8.29],[-8.21,8.29],[-8.21,8.29],[-8.21,8.29],[-8.21,8.28],[-8.21,8.28],[-8.21,8.28],[-8.21,8.28],[-8.22,8.28],[-8.22,8.27],[-8.22,8.27],[-8.22,8.27],[-8.22,8.27],[-8.22,8.27],[-8.23,8.27],[-8.23,8.27],[-8.23,8.27],[-8.23,8.26],[-8.23,8.26],[-8.24,8.24],[-8.24,8.23],[-8.23,8.22],[-8.21,8.22],[-8.2,8.21],[-8.19,8.21],[-8.18,8.2],[-8.17,8.18],[-8.16,8.18],[-8.15,8.18],[-8.13,8.18],[-8.12,8.19],[-8.11,8.19],[-8.11,8.18],[-8.11,8.18],[-8.11,8.18],[-8.11,8.18],[-8.1,8.18],[-8.1,8.18],[-8.1,8.18],[-8.1,8.18],[-8.1,8.18],[-8.1,8.18],[-8.09,8.18],[-8.09,8.18],[-8.09,8.18],[-8.09,8.18],[-8.09,8.17],[-8.08,8.17],[-8.08,8.17],[-8.08,8.17],[-8.08,8.17],[-8.08,8.17],[-8.07,8.17],[-8.07,8.17],[-8.07,8.17],[-8.07,8.16],[-8.07,8.16],[-8.07,8.16],[-8.07,8.16],[-8.06,8.16],[-8.06,8.15],[-8.06,8.15],[-8.06,8.15],[-8.06,8.15],[-8.05,8.15],[-8.05,8.15],[-8.05,8.15],[-8.05,8.15],[-8.04,8.15],[-8.04,8.15],[-8.04,8.16],[-8.04,8.16],[-8.04,8.16],[-8.04,8.16],[-8.05,8.16],[-8.05,8.17],[-8.05,8.17],[-8.04,8.17],[-8.04,8.18],[-8.03,8.18],[-8.03,8.18],[-8.02,8.17],[-8.02,8.19],[-8.02,8.2],[-8.02,8.2],[-8.01,8.18],[-8.0,8.18],[-8.0,8.18],[-7.99,8.19],[-7.99,8.19],[-7.98,8.19],[-7.97,8.19],[-7.97,8.19],[-7.97,8.18],[-7.97,8.18],[-7.98,8.18],[-7.98,8.18],[-7.98,8.18],[-7.98,8.18],[-7.98,8.17],[-7.98,8.17],[-7.98,8.17],[-7.99,8.17],[-7.99,8.16],[-7.99,8.16],[-7.99,8.16],[-7.99,8.16],[-7.99,8.15],[-7.99,8.15],[-7.99,8.15],[-7.99,8.15],[-7.99,8.15],[-7.99,8.14],[-7.99,8.14],[-7.99,8.14],[-7.99,8.14],[-7.99,8.14],[-7.99,8.13],[-7.99,8.13],[-7.99,8.13],[-7.99,8.13],[-7.99,8.13],[-7.98,8.12],[-7.98,8.12],[-7.99,8.12],[-7.99,8.12],[-7.99,8.12],[-7.99,8.12],[-7.99,8.12],[-7.99,8.12],[-8.0,8.12],[-8.0,8.11],[-8.0,8.11],[-8.0,8.11],[-8.0,8.11],[-8.0,8.11],[-8.0,8.11],[-8.0,8.1],[-8.0,8.1],[-8.0,8.1],[-8.0,8.1],[-8.0,8.1],[-8.0,8.09],[-8.0,8.09],[-8.0,8.09],[-8.0,8.09],[-7.99,8.09],[-7.99,8.09],[-7.99,8.09],[-7.99,8.09],[-7.99,8.09],[-7.98,8.09],[-7.98,8.09],[-7.98,8.09],[-7.98,8.09],[-7.97,8.09],[-7.97,8.09],[-7.97,8.08],[-7.97,8.08],[-7.97,8.08],[-7.97,8.08],[-7.97,8.08],[-7.96,8.08],[-7.96,8.07],[-7.96,8.07],[-7.96,8.07],[-7.96,8.07],[-7.96,8.07],[-7.96,8.07],[-7.96,8.06],[-7.96,8.06],[-7.96,8.06],[-7.96,8.06],[-7.96,8.06],[-7.95,8.05],[-7.95,8.05],[-7.95,8.05],[-7.95,8.05],[-7.95,8.05],[-7.95,8.05],[-7.95,8.05],[-7.94,8.05],[-7.94,8.04],[-7.94,8.04],[-7.94,8.04],[-7.94,8.04],[-7.93,8.04],[-7.94,8.04],[-7.94,8.04],[-7.94,8.04],[-7.94,8.03],[-7.93,8.03],[-7.93,8.03],[-7.93,8.03],[-7.93,8.03],[-7.93,8.02],[-7.93,8.02],[-7.93,8.02],[-7.93,8.02],[-7.93,8.02],[-7.93,8.02],[-7.93,8.02],[-7.93,8.02],[-7.93,8.02],[-7.93,8.02],[-7.93,8.01],[-7.93,8.01],[-7.92,8.01],[-7.92,8.01],[-7.92,8.01],[-7.92,8.01],[-7.92,8.02],[-7.91,8.02],[-7.91,8.01],[-7.91,8.01],[-7.91,8.01],[-7.91,8.01],[-7.91,8.01],[-7.91,8.01],[-7.91,8.01],[-7.91,8.01],[-7.9,8.01],[-7.9,8.01],[-7.9,8.01],[-7.89,8.01],[-7.89,8.01],[-7.89,8.01],[-7.89,8.01],[-7.89,8.01],[-7.89,8.01],[-7.89,8.02],[-7.89,8.02],[-7.88,8.02],[-7.89,8.02],[-7.89,8.02],[-7.88,8.02],[-7.88,8.02],[-7.88,8.02],[-7.88,8.02],[-7.88,8.02],[-7.88,8.02],[-7.88,8.02],[-7.87,8.02],[-7.88,8.02],[-7.87,8.02],[-7.87,8.02],[-7.87,8.02],[-7.87,8.02],[-7.86,8.02],[-7.86,8.02],[-7.86,8.02],[-7.86,8.02],[-7.86,8.02],[-7.85,8.02],[-7.86,8.01],[-7.86,8.01],[-7.86,8.01],[-7.86,8.0],[-7.86,8.0],[-7.85,8.0],[-7.85,8.0],[-7.85,8.0],[-7.85,8.0],[-7.85,8.0],[-7.85,7.99],[-7.85,7.99],[-7.85,7.99],[-7.85,7.99],[-7.85,7.99],[-7.85,7.99],[-7.85,7.99],[-7.85,7.98],[-7.84,7.98],[-7.84,7.98],[-7.84,7.98],[-7.84,7.98],[-7.84,7.97],[-7.84,7.97],[-7.85,7.97],[-7.85,7.97],[-7.85,7.97],[-7.85,7.97],[-7.85,7.96],[-7.85,7.96],[-7.85,7.96],[-7.85,7.96],[-7.85,7.96],[-7.84,7.95],[-7.84,7.96],[-7.84,7.96],[-7.84,7.96],[-7.84,7.96],[-7.84,7.96],[-7.84,7.96],[-7.83,7.96],[-7.83,7.95],[-7.83,7.95],[-7.83,7.95],[-7.83,7.95],[-7.83,7.95],[-7.82,7.96],[-7.82,7.95],[-7.82,7.95],[-7.82,7.95],[-7.82,7.95],[-7.82,7.94],[-7.81,7.94],[-7.81,7.94],[-7.81,7.94],[-7.81,7.94],[-7.8,7.94],[-7.8,7.94],[-7.8,7.94],[-7.8,7.94],[-7.8,7.94],[-7.8,7.94],[-7.8,7.93],[-7.8,7.93],[-7.8,7.93],[-7.8,7.93],[-7.8,7.93],[-7.8,7.93],[-7.8,7.92],[-7.8,7.92],[-7.8,7.92],[-7.8,7.92],[-7.8,7.92],[-7.8,7.91],[-7.8,7.92],[-7.8,7.92],[-7.8,7.92],[-7.79,7.92],[-7.79,7.92],[-7.79,7.92],[-7.79,7.91],[-7.79,7.91],[-7.79,7.91],[-7.78,7.91],[-7.78,7.91],[-7.78,7.91],[-7.78,7.91],[-7.78,7.9],[-7.78,7.9],[-7.78,7.9],[-7.78,7.9],[-7.78,7.9],[-7.77,7.9],[-7.77,7.89],[-7.77,7.89],[-7.77,7.89],[-7.77,7.89],[-7.77,7.89],[-7.76,7.89],[-7.76,7.89],[-7.76,7.89],[-7.74,7.88],[-7.73,7.88],[-7.73,7.88],[-7.72,7.88],[-7.72,7.88],[-7.72,7.88],[-7.72,7.88],[-7.72,7.88],[-7.71,7.88],[-7.71,7.89],[-7.71,7.89],[-7.71,7.89],[-7.71,7.89],[-7.71,7.88],[-7.7,7.88],[-7.71,7.88],[-7.71,7.88],[-7.71,7.88],[-7.71,7.88],[-7.71,7.87],[-7.71,7.87],[-7.71,7.87],[-7.71,7.87],[-7.71,7.87],[-7.7,7.87],[-7.7,7.86],[-7.7,7.86],[-7.7,7.86],[-7.7,7.86],[-7.69,7.87],[-7.69,7.87],[-7.69,7.87],[-7.69,7.87],[-7.69,7.86],[-7.69,7.86],[-7.69,7.86],[-7.69,7.86],[-7.69,7.86],[-7.69,7.85],[-7.69,7.85],[-7.68,7.85],[-7.68,7.85],[-7.68,7.85],[-7.68,7.85],[-7.68,7.85],[-7.68,7.85],[-7.67,7.85],[-7.67,7.85],[-7.67,7.85],[-7.67,7.85],[-7.67,7.86],[-7.67,7.85],[-7.66,7.85],[-7.66,7.85],[-7.66,7.85],[-7.66,7.85],[-7.66,7.84],[-7.66,7.84],[-7.65,7.84],[-7.65,7.84],[-7.65,7.84],[-7.65,7.84],[-7.65,7.84],[-7.64,7.85],[-7.64,7.84],[-7.64,7.84],[-7.64,7.84],[-7.64,7.84],[-7.63,7.84],[-7.63,7.84],[-7.63,7.84],[-7.63,7.84],[-7.63,7.85],[-7.63,7.85],[-7.62,7.85],[-7.62,7.85],[-7.62,7.85],[-7.62,7.85],[-7.62,7.85],[-7.62,7.85],[-7.61,7.85],[-7.61,7.85],[-7.61,7.86],[-7.61,7.86],[-7.61,7.86],[-7.62,7.86],[-7.62,7.86],[-7.62,7.86],[-7.61,7.87],[-7.61,7.87],[-7.61,7.87],[-7.61,7.87],[-7.61,7.87],[-7.61,7.87],[-7.61,7.87],[-7.6,7.87],[-7.6,7.87],[-7.6,7.87],[-7.59,7.87],[-7.59,7.87],[-7.59,7.87],[-7.59,7.87],[-7.59,7.88],[-7.59,7.88],[-7.59,7.87],[-7.59,7.87],[-7.58,7.87],[-7.59,7.87],[-7.59,7.87],[-7.59,7.87],[-7.58,7.86],[-7.58,7.86],[-7.58,7.86],[-7.58,7.86],[-7.58,7.86],[-7.58,7.86],[-7.58,7.86],[-7.58,7.86],[-7.57,7.86],[-7.57,7.86],[-7.57,7.86],[-7.57,7.86],[-7.57,7.86],[-7.56,7.86],[-7.56,7.87],[-7.56,7.87],[-7.56,7.87],[-7.56,7.87],[-7.55,7.87],[-7.55,7.87],[-7.55,7.87],[-7.55,7.87],[-7.55,7.87],[-7.55,7.88],[-7.55,7.87],[-7.55,7.87],[-7.55,7.87],[-7.55,7.87],[-7.55,7.87],[-7.55,7.87],[-7.55,7.86],[-7.55,7.86],[-7.54,7.86],[-7.54,7.86],[-7.54,7.86],[-7.54,7.87],[-7.54,7.87],[-7.54,7.87],[-7.54,7.87],[-7.54,7.87],[-7.54,7.87],[-7.53,7.87],[-7.53,7.87],[-7.53,7.87],[-7.53,7.87],[-7.53,7.87],[-7.53,7.87],[-7.53,7.88],[-7.52,7.88],[-7.52,7.88],[-7.52,7.88],[-7.52,7.88],[-7.52,7.88],[-7.53,7.89],[-7.53,7.89],[-7.52,7.89],[-7.52,7.89],[-7.52,7.89],[-7.52,7.89],[-7.52,7.9],[-7.52,7.9],[-7.52,7.9],[-7.52,7.9],[-7.52,7.91],[-7.52,7.91],[-7.52,7.91],[-7.52,7.91],[-7.52,7.91],[-7.53,7.91],[-7.53,7.91],[-7.52,7.92],[-7.52,7.92],[-7.52,7.92],[-7.52,7.92],[-7.52,7.92],[-7.51,7.92],[-7.51,7.92],[-7.51,7.92],[-7.51,7.92],[-7.51,7.92],[-7.51,7.93],[-7.51,7.93],[-7.51,7.93],[-7.51,7.93],[-7.51,7.93],[-7.51,7.93],[-7.52,7.93],[-7.52,7.93],[-7.52,7.93],[-7.52,7.94],[-7.52,7.94],[-7.52,7.94],[-7.52,7.94],[-7.52,7.94],[-7.52,7.95],[-7.52,7.95],[-7.52,7.95],[-7.52,7.95],[-7.52,7.95],[-7.52,7.96],[-7.52,7.96],[-7.52,7.96],[-7.52,7.96],[-7.52,7.97],[-7.52,7.97],[-7.52,7.97],[-7.52,7.97],[-7.52,7.97],[-7.52,7.98],[-7.52,7.98],[-7.52,7.98],[-7.52,7.98],[-7.52,7.98],[-7.52,7.99],[-7.52,7.99],[-7.52,7.99],[-7.52,7.99],[-7.51,7.99],[-7.51,8.0],[-7.51,8.0],[-7.51,8.0],[-7.51,8.0],[-7.51,8.01],[-7.51,8.01],[-7.51,8.01],[-7.51,8.01],[-7.51,8.02],[-7.52,8.02],[-7.51,8.02],[-7.51,8.02],[-7.51,8.02],[-7.51,8.03],[-7.51,8.03],[-7.51,8.03],[-7.51,8.03],[-7.51,8.04],[-7.51,8.04],[-7.51,8.04],[-7.51,8.04],[-7.51,8.04],[-7.51,8.04],[-7.51,8.05],[-7.52,8.05],[-7.52,8.05],[-7.52,8.05],[-7.52,8.05],[-7.52,8.05],[-7.52,8.06],[-7.52,8.06],[-7.52,8.06],[-7.52,8.07],[-7.52,8.07],[-7.52,8.07],[-7.52,8.07],[-7.52,8.08],[-7.52,8.08],[-7.51,8.08],[-7.51,8.08],[-7.51,8.09],[-7.51,8.09],[-7.51,8.09],[-7.51,8.09],[-7.51,8.09],[-7.5,8.09],[-7.5,8.09],[-7.5,8.09],[-7.5,8.1],[-7.5,8.1],[-7.5,8.1],[-7.49,8.1],[-7.49,8.1],[-7.49,8.1],[-7.49,8.11],[-7.49,8.11],[-7.49,8.11],[-7.49,8.11],[-7.49,8.12],[-7.49,8.12],[-7.49,8.12],[-7.49,8.12],[-7.49,8.12],[-7.49,8.13],[-7.49,8.13],[-7.48,8.13],[-7.48,8.13],[-7.48,8.13],[-7.48,8.14],[-7.48,8.14],[-7.48,8.14],[-7.48,8.14],[-7.47,8.14],[-7.47,8.15],[-7.47,8.15],[-7.47,8.15],[-7.47,8.15],[-7.46,8.15],[-7.46,8.15],[-7.46,8.15],[-7.46,8.15],[-7.45,8.15],[-7.45,8.15],[-7.45,8.15],[-7.45,8.15],[-7.44,8.15],[-7.44,8.15],[-7.44,8.15],[-7.44,8.15],[-7.44,8.15],[-7.44,8.15],[-7.43,8.15],[-7.43,8.15],[-7.43,8.14],[-7.43,8.14],[-7.43,8.14],[-7.43,8.14],[-7.43,8.14],[-7.43,8.13],[-7.43,8.13],[-7.43,8.13],[-7.43,8.13],[-7.43,8.13],[-7.42,8.12],[-7.42,8.12],[-7.42,8.12],[-7.42,8.12],[-7.41,8.12],[-7.41,8.12],[-7.41,8.12],[-7.41,8.12],[-7.41,8.12],[-7.4,8.12],[-7.4,8.12],[-7.4,8.12],[-7.4,8.12],[-7.4,8.12],[-7.39,8.11],[-7.39,8.11],[-7.39,8.11],[-7.39,8.11],[-7.39,8.11],[-7.38,8.11],[-7.38,8.11],[-7.38,8.11],[-7.38,8.1],[-7.38,8.1],[-7.37,8.1],[-7.37,8.1],[-7.37,8.1],[-7.37,8.1],[-7.36,8.1],[-7.36,8.1],[-7.36,8.09],[-7.36,8.09],[-7.35,8.09],[-7.35,8.09],[-7.35,8.09],[-7.35,8.09],[-7.35,8.08],[-7.34,8.08],[-7.34,8.08],[-7.34,8.08],[-7.34,8.08],[-7.33,8.08],[-7.33,8.08],[-7.33,8.08],[-7.33,8.08],[-7.33,8.08],[-7.33,8.07],[-7.32,8.07],[-7.32,8.07],[-7.32,8.07],[-7.32,8.07],[-7.32,8.07],[-7.32,8.07],[-7.31,8.07],[-7.31,8.07],[-7.31,8.06],[-7.31,8.06],[-7.31,8.06],[-7.3,8.06],[-7.3,8.06],[-7.3,8.06],[-7.3,8.06],[-7.3,8.06],[-7.29,8.06],[-7.29,8.06],[-7.29,8.05],[-7.29,8.05],[-7.29,8.05],[-7.29,8.05],[-7.29,8.05],[-7.29,8.04],[-7.29,8.04],[-7.29,8.04],[-7.28,8.04],[-7.28,8.04],[-7.28,8.04],[-7.28,8.04],[-7.28,8.04],[-7.28,8.04],[-7.27,8.03],[-7.27,8.03],[-7.27,8.03],[-7.27,8.03],[-7.27,8.02],[-7.27,8.02],[-7.27,8.02],[-7.27,8.02],[-7.26,8.02],[-7.26,8.02],[-7.26,8.01],[-7.26,8.01],[-7.26,8.01],[-7.26,8.01],[-7.26,8.01],[-7.26,8.0],[-7.26,8.0],[-7.26,8.0],[-7.26,7.99],[-7.26,7.99],[-7.25,7.99],[-7.25,7.99],[-7.25,7.99],[-7.25,7.99],[-7.25,7.98],[-7.25,7.98],[-7.25,7.98],[-7.25,7.98],[-7.12,7.98],[-7.07,7.99],[-7.07,7.99],[-7.07,8.0],[-7.08,8.01],[-7.08,8.01],[-7.08,8.01],[-7.08,8.01],[-7.08,8.01],[-7.09,8.01],[-7.09,8.02],[-7.09,8.02],[-7.09,8.02],[-7.09,8.03],[-7.09,8.03],[-7.08,8.03],[-7.08,8.03],[-7.08,8.03],[-7.08,8.04],[-7.08,8.04],[-7.08,8.04],[-7.09,8.04],[-7.09,8.04],[-7.09,8.05],[-7.09,8.04],[-7.09,8.04],[-7.1,8.05],[-7.1,8.05],[-7.1,8.05],[-7.1,8.06],[-7.1,8.06],[-7.1,8.06],[-7.1,8.06],[-7.1,8.07],[-7.1,8.07],[-7.1,8.07],[-7.1,8.08],[-7.11,8.08],[-7.11,8.08],[-7.11,8.08],[-7.1,8.09],[-7.1,8.09],[-7.1,8.09],[-7.09,8.09],[-7.09,8.09],[-7.09,8.09],[-7.09,8.09],[-7.09,8.09],[-7.08,8.1],[-7.08,8.1],[-7.08,8.1],[-7.08,8.1],[-7.08,8.1],[-7.08,8.11],[-7.08,8.11],[-7.08,8.11],[-7.08,8.11],[-7.08,8.11],[-7.08,8.12],[-7.09,8.12],[-7.09,8.12],[-7.09,8.12],[-7.09,8.13],[-7.09,8.13],[-7.09,8.13],[-7.1,8.13],[-7.1,8.13],[-7.1,8.14],[-7.11,8.14],[-7.11,8.14],[-7.11,8.15],[-7.11,8.15],[-7.11,8.15],[-7.11,8.15],[-7.11,8.15],[-7.11,8.16],[-7.11,8.16],[-7.11,8.16],[-7.1,8.16],[-7.1,8.16],[-7.1,8.16],[-7.09,8.17],[-7.09,8.17],[-7.09,8.17],[-7.09,8.17],[-7.09,8.17],[-7.09,8.17],[-7.09,8.18],[-7.09,8.18],[-7.09,8.18],[-7.09,8.18],[-7.1,8.18],[-7.1,8.18],[-7.1,8.19],[-7.1,8.19],[-7.1,8.19],[-7.1,8.19],[-7.1,8.2],[-7.1,8.2],[-7.11,8.2],[-7.11,8.2],[-7.11,8.21],[-7.11,8.21],[-7.11,8.21],[-7.11,8.21],[-7.12,8.21],[-7.12,8.21],[-7.12,8.22],[-7.12,8.22],[-7.12,8.22],[-7.12,8.22],[-7.12,8.22],[-7.12,8.23],[-7.13,8.23],[-7.13,8.23],[-7.13,8.23],[-7.13,8.23],[-7.13,8.24],[-7.13,8.24],[-7.13,8.24],[-7.13,8.24],[-7.13,8.24],[-7.12,8.24],[-7.12,8.24],[-7.12,8.24],[-7.12,8.24],[-7.11,8.25],[-7.11,8.25],[-7.11,8.25],[-7.11,8.25],[-7.11,8.25],[-7.11,8.26],[-7.11,8.26],[-7.11,8.26],[-7.11,8.26],[-7.11,8.27],[-7.11,8.27],[-7.11,8.27],[-7.12,8.27],[-7.12,8.28],[-7.12,8.28],[-7.12,8.28],[-7.12,8.29],[-7.12,8.29],[-7.12,8.29],[-7.12,8.29],[-7.13,8.29],[-7.13,8.29],[-7.13,8.3],[-7.13,8.3],[-7.13,8.3],[-7.13,8.3],[-7.13,8.3],[-7.13,8.31],[-7.13,8.31],[-7.13,8.31],[-7.13,8.31],[-7.12,8.31],[-7.12,8.31],[-7.12,8.31],[-7.12,8.31],[-7.11,8.31],[-7.11,8.31],[-7.11,8.31],[-7.1,8.31],[-7.1,8.31],[-7.1,8.31],[-7.1,8.32],[-7.1,8.32],[-7.1,8.32],[-7.1,8.32],[-7.1,8.32],[-7.1,8.33],[-7.11,8.33],[-7.11,8.33],[-7.11,8.33],[-7.11,8.33],[-7.11,8.34],[-7.11,8.34],[-7.12,8.34],[-7.12,8.34],[-7.12,8.34],[-7.13,8.34],[-7.13,8.35],[-7.13,8.35],[-7.13,8.35],[-7.13,8.35],[-7.14,8.35],[-7.14,8.35],[-7.14,8.35],[-7.14,8.35],[-7.14,8.35],[-7.14,8.35],[-7.14,8.36],[-7.14,8.36],[-7.14,8.36],[-7.14,8.36],[-7.14,8.37],[-7.14,8.37],[-7.13,8.37],[-7.13,8.37],[-7.13,8.37],[-7.13,8.37],[-7.13,8.38],[-7.13,8.38],[-7.14,8.38],[-7.14,8.38],[-7.14,8.38],[-7.15,8.38],[-7.15,8.38],[-7.15,8.39],[-7.15,8.39],[-7.15,8.39],[-7.15,8.39],[-7.15,8.4],[-7.15,8.4],[-7.15,8.4],[-7.14,8.4],[-7.14,8.41],[-7.15,8.41],[-7.15,8.41],[-7.15,8.41],[-7.15,8.42],[-7.15,8.42],[-7.15,8.42],[-7.15,8.43],[-7.15,8.43],[-7.15,8.43],[-7.15,8.43],[-7.16,8.43],[-7.16,8.43],[-7.16,8.43],[-7.17,8.43],[-7.16,8.44],[-7.16,8.44],[-7.16,8.44],[-7.16,8.44],[-7.16,8.44],[-7.16,8.44],[-7.16,8.44],[-7.16,8.45],[-7.16,8.45],[-7.16,8.45],[-7.16,8.45],[-7.16,8.45],[-7.16,8.45],[-7.16,8.45],[-7.17,8.45],[-7.17,8.46],[-7.17,8.46],[-7.17,8.46],[-7.17,8.46],[-7.17,8.47],[-7.17,8.47],[-7.17,8.47],[-7.17,8.47],[-7.16,8.47],[-7.16,8.47],[-7.16,8.47],[-7.16,8.48],[-7.16,8.48],[-7.16,8.48],[-7.16,8.48],[-7.16,8.48],[-7.16,8.49],[-7.16,8.49],[-7.16,8.49],[-7.16,8.49],[-7.16,8.5],[-7.16,8.5],[-7.16,8.5],[-7.16,8.5],[-7.17,8.5],[-7.17,8.5],[-7.17,8.51],[-7.17,8.51],[-7.17,8.51],[-7.18,8.51],[-7.18,8.51],[-7.18,8.51],[-7.18,8.51],[-7.18,8.51],[-7.19,8.51],[-7.19,8.51],[-7.19,8.51],[-7.19,8.51],[-7.19,8.51],[-7.2,8.52],[-7.2,8.52],[-7.2,8.52],[-7.2,8.52],[-7.21,8.52],[-7.21,8.52],[-7.21,8.53],[-7.21,8.53],[-7.21,8.53],[-7.21,8.53],[-7.21,8.54],[-7.21,8.54],[-7.21,8.54],[-7.21,8.54],[-7.21,8.54],[-7.21,8.55],[-7.22,8.55],[-7.22,8.55],[-7.22,8.55],[-7.22,8.55],[-7.22,8.55],[-7.22,8.55],[-7.22,8.56],[-7.22,8.56],[-7.22,8.56],[-7.22,8.56],[-7.22,8.56],[-7.22,8.57],[-7.22,8.57],[-7.22,8.57],[-7.22,8.58],[-7.22,8.58],[-7.22,8.58],[-7.23,8.58],[-7.23,8.58],[-7.23,8.58],[-7.23,8.59],[-7.23,8.59],[-7.23,8.59],[-7.24,8.59],[-7.24,8.6],[-7.24,8.6],[-7.24,8.6],[-7.24,8.61],[-7.24,8.61],[-7.23,8.61],[-7.23,8.61],[-7.23,8.61],[-7.23,8.62],[-7.24,8.62],[-7.24,8.62],[-7.24,8.62],[-7.24,8.62],[-7.24,8.63],[-7.24,8.63],[-7.24,8.63],[-7.25,8.63],[-7.25,8.63],[-7.25,8.64],[-7.25,8.64],[-7.25,8.64],[-7.25,8.64],[-7.25,8.65],[-7.26,8.65],[-7.26,8.65],[-7.26,8.65],[-7.26,8.65],[-7.26,8.65],[-7.27,8.65],[-7.27,8.66],[-7.27,8.66],[-7.27,8.66],[-7.27,8.66],[-7.28,8.66],[-7.28,8.67],[-7.28,8.67],[-7.28,8.67],[-7.28,8.67],[-7.28,8.67],[-7.29,8.67],[-7.29,8.67],[-7.29,8.67],[-7.29,8.67],[-7.29,8.68],[-7.3,8.68],[-7.3,8.68],[-7.3,8.68],[-7.3,8.68],[-7.3,8.68],[-7.31,8.68],[-7.31,8.68],[-7.31,8.68],[-7.31,8.68],[-7.31,8.68],[-7.32,8.68],[-7.32,8.68],[-7.32,8.68],[-7.32,8.68],[-7.32,8.68],[-7.33,8.68],[-7.33,8.68],[-7.33,8.68],[-7.33,8.68],[-7.34,8.68],[-7.34,8.68],[-7.34,8.68],[-7.34,8.68],[-7.34,8.69],[-7.34,8.69],[-7.35,8.69],[-7.35,8.69],[-7.35,8.68],[-7.35,8.68],[-7.35,8.68],[-7.35,8.68],[-7.36,8.68],[-7.36,8.68],[-7.36,8.68],[-7.36,8.68],[-7.36,8.68],[-7.37,8.68],[-7.37,8.69],[-7.37,8.69],[-7.37,8.69],[-7.37,8.69],[-7.36,8.69],[-7.36,8.69],[-7.37,8.7],[-7.37,8.7],[-7.37,8.7],[-7.37,8.7],[-7.37,8.7],[-7.37,8.71],[-7.37,8.71],[-7.37,8.71],[-7.37,8.71],[-7.37,8.71],[-7.37,8.71],[-7.37,8.72],[-7.37,8.71],[-7.37,8.72],[-7.37,8.72],[-7.38,8.72],[-7.38,8.72],[-7.38,8.72],[-7.38,8.73],[-7.38,8.73],[-7.38,8.73],[-7.38,8.73],[-7.39,8.73],[-7.39,8.74],[-7.39,8.74],[-7.39,8.74],[-7.39,8.74],[-7.39,8.74],[-7.4,8.74],[-7.4,8.74],[-7.4,8.74],[-7.4,8.74],[-7.4,8.74],[-7.4,8.74],[-7.4,8.75],[-7.4,8.75],[-7.4,8.75],[-7.39,8.75],[-7.39,8.75],[-7.4,8.76],[-7.4,8.76],[-7.4,8.76],[-7.4,8.76],[-7.41,8.76],[-7.41,8.76],[-7.41,8.76],[-7.41,8.76],[-7.42,8.76],[-7.42,8.76],[-7.42,8.76],[-7.42,8.76],[-7.42,8.76],[-7.42,8.76],[-7.43,8.76],[-7.43,8.76],[-7.43,8.77],[-7.43,8.77],[-7.44,8.77],[-7.44,8.77],[-7.44,8.77],[-7.44,8.77],[-7.44,8.78],[-7.45,8.78],[-7.45,8.78],[-7.45,8.78],[-7.45,8.78],[-7.45,8.78],[-7.46,8.79],[-7.46,8.79],[-7.46,8.79],[-7.46,8.79],[-7.46,8.79],[-7.46,8.8],[-7.47,8.8],[-7.47,8.8],[-7.47,8.81],[-7.47,8.81],[-7.48,8.81],[-7.48,8.81],[-7.48,8.82],[-7.49,8.82],[-7.5,8.83],[-7.5,8.83],[-7.5,8.83],[-7.5,8.83],[-7.5,8.83],[-7.5,8.84],[-7.51,8.84],[-7.51,8.84],[-7.51,8.84],[-7.51,8.83],[-7.51,8.84],[-7.51,8.84],[-7.52,8.84],[-7.52,8.84],[-7.52,8.84],[-7.52,8.84],[-7.53,8.84],[-7.53,8.84],[-7.53,8.84],[-7.53,8.84],[-7.54,8.85],[-7.53,8.85],[-7.54,8.85],[-7.54,8.85],[-7.54,8.85],[-7.54,8.85],[-7.55,8.86],[-7.55,8.86],[-7.55,8.86],[-7.55,8.86],[-7.55,8.87],[-7.55,8.87],[-7.55,8.87],[-7.55,8.87],[-7.55,8.88],[-7.54,8.88],[-7.54,8.88],[-7.54,8.88],[-7.55,8.88],[-7.55,8.89],[-7.55,8.89],[-7.55,8.89],[-7.55,8.89],[-7.56,8.89],[-7.56,8.89],[-7.56,8.89],[-7.56,8.9],[-7.56,8.9],[-7.56,8.9],[-7.56,8.9],[-7.56,8.9],[-7.56,8.9],[-7.56,8.91],[-7.56,8.91],[-7.56,8.91],[-7.56,8.91],[-7.56,8.91],[-7.56,8.91],[-7.57,8.91],[-7.57,8.91],[-7.57,8.92],[-7.57,8.92],[-7.57,8.92],[-7.57,8.93],[-7.57,8.93],[-7.57,8.93],[-7.57,8.93],[-7.57,8.93],[-7.58,8.93],[-7.58,8.93],[-7.58,8.93],[-7.58,8.93],[-7.58,8.93],[-7.58,8.93],[-7.59,8.93],[-7.59,8.94],[-7.59,8.94],[-7.59,8.94],[-7.59,8.94],[-7.6,8.94],[-7.6,8.94],[-7.6,8.94],[-7.6,8.95],[-7.6,8.95],[-7.61,8.95],[-7.61,8.95],[-7.61,8.95],[-7.61,8.95],[-7.61,8.95],[-7.62,8.95],[-7.62,8.95],[-7.62,8.95],[-7.62,8.96],[-7.62,8.96],[-7.63,8.96],[-7.63,8.96],[-7.63,8.96],[-7.63,8.96],[-7.64,8.96],[-7.64,8.96],[-7.64,8.96],[-7.64,8.96],[-7.64,8.97],[-7.64,8.97],[-7.64,8.97],[-7.65,8.97],[-7.65,8.97],[-7.65,8.96],[-7.65,8.96],[-7.66,8.96],[-7.66,8.96],[-7.66,8.96],[-7.66,8.96],[-7.66,8.96],[-7.67,8.96],[-7.67,8.96],[-7.67,8.97],[-7.67,8.97],[-7.67,8.97],[-7.68,8.97],[-7.68,8.97],[-7.68,8.97],[-7.68,8.97],[-7.68,8.98],[-7.68,8.98],[-7.68,8.98],[-7.68,8.98],[-7.68,8.99],[-7.68,8.99],[-7.68,8.99],[-7.68,8.99],[-7.68,9.0],[-7.68,9.0],[-7.68,9.0],[-7.68,9.0],[-7.68,9.01],[-7.68,9.01],[-7.68,9.01],[-7.68,9.01],[-7.68,9.02],[-7.68,9.02],[-7.68,9.02],[-7.69,9.02],[-7.69,9.03],[-7.69,9.03],[-7.69,9.03],[-7.69,9.04],[-7.69,9.04],[-7.68,9.04],[-7.69,9.04],[-7.69,9.04],[-7.69,9.04],[-7.69,9.05],[-7.69,9.05],[-7.69,9.05],[-7.69,9.05],[-7.7,9.06],[-7.7,9.06],[-7.7,9.06],[-7.7,9.06],[-7.71,9.06],[-7.71,9.06],[-7.71,9.07],[-7.71,9.07],[-7.71,9.07],[-7.71,9.07],[-7.72,9.07],[-7.72,9.07],[-7.72,9.07],[-7.72,9.07],[-7.72,9.06],[-7.73,9.06],[-7.73,9.06],[-7.73,9.06],[-7.73,9.06],[-7.73,9.06],[-7.74,9.06],[-7.74,9.06],[-7.74,9.06],[-7.74,9.06],[-7.74,9.06],[-7.75,9.07],[-7.75,9.07],[-7.75,9.07],[-7.75,9.07],[-7.75,9.07],[-7.76,9.07],[-7.76,9.07],[-7.76,9.07],[-7.76,9.07],[-7.76,9.07],[-7.76,9.07],[-7.77,9.07],[-7.77,9.07],[-7.77,9.07],[-7.77,9.07],[-7.78,9.07],[-7.78,9.07]]]}},{"type":"Feature","properties":{"name":"Bagoue","code":"CI05","level":"region","status":"waiting","schools":338,"students":92091,"girls":42920,"boys":49171,"district":"Savanes"},"geometry":{"type":"Polygon","coordinates":[[[-6.23,10.73],[-6.24,10.73],[-6.24,10.73],[-6.24,10.74],[-6.24,10.74],[-6.24,10.74],[-6.24,10.74],[-6.25,10.74],[-6.25,10.74],[-6.25,10.74],[-6.25,10.74],[-6.25,10.74],[-6.25,10.74],[-6.26,10.74],[-6.26,10.74],[-6.26,10.74],[-6.26,10.75],[-6.28,10.73],[-6.32,10.69],[-6.33,10.69],[-6.33,10.69],[-6.35,10.69],[-6.38,10.71],[-6.38,10.71],[-6.39,10.71],[-6.4,10.71],[-6.41,10.71],[-6.42,10.71],[-6.42,10.7],[-6.42,10.7],[-6.42,10.69],[-6.42,10.68],[-6.42,10.65],[-6.41,10.62],[-6.41,10.61],[-6.41,10.6],[-6.41,10.6],[-6.42,10.6],[-6.42,10.59],[-6.43,10.57],[-6.44,10.57],[-6.46,10.58],[-6.47,10.58],[-6.48,10.59],[-6.5,10.59],[-6.51,10.58],[-6.52,10.59],[-6.54,10.59],[-6.55,10.6],[-6.55,10.6],[-6.55,10.6],[-6.55,10.6],[-6.55,10.6],[-6.55,10.61],[-6.55,10.61],[-6.55,10.61],[-6.55,10.61],[-6.56,10.61],[-6.56,10.61],[-6.56,10.61],[-6.56,10.61],[-6.56,10.62],[-6.56,10.62],[-6.57,10.62],[-6.57,10.62],[-6.57,10.62],[-6.57,10.62],[-6.57,10.62],[-6.58,10.62],[-6.58,10.62],[-6.58,10.62],[-6.58,10.62],[-6.58,10.62],[-6.58,10.62],[-6.59,10.62],[-6.59,10.62],[-6.59,10.62],[-6.59,10.62],[-6.59,10.63],[-6.6,10.63],[-6.6,10.63],[-6.6,10.63],[-6.6,10.63],[-6.6,10.63],[-6.6,10.63],[-6.6,10.64],[-6.61,10.64],[-6.61,10.64],[-6.61,10.64],[-6.61,10.64],[-6.61,10.64],[-6.61,10.65],[-6.61,10.65],[-6.61,10.65],[-6.61,10.65],[-6.61,10.65],[-6.61,10.66],[-6.61,10.66],[-6.61,10.66],[-6.62,10.66],[-6.62,10.66],[-6.62,10.66],[-6.62,10.67],[-6.62,10.67],[-6.62,10.67],[-6.62,10.67],[-6.62,10.67],[-6.63,10.67],[-6.63,10.67],[-6.63,10.67],[-6.63,10.68],[-6.63,10.68],[-6.64,10.68],[-6.64,10.68],[-6.64,10.68],[-6.64,10.68],[-6.65,10.68],[-6.65,10.68],[-6.65,10.68],[-6.65,10.68],[-6.65,10.67],[-6.65,10.67],[-6.65,10.67],[-6.65,10.67],[-6.66,10.67],[-6.66,10.67],[-6.66,10.66],[-6.66,10.66],[-6.66,10.66],[-6.65,10.66],[-6.66,10.66],[-6.66,10.65],[-6.66,10.65],[-6.66,10.65],[-6.66,10.65],[-6.66,10.65],[-6.66,10.64],[-6.65,10.64],[-6.65,10.64],[-6.65,10.64],[-6.65,10.64],[-6.65,10.64],[-6.65,10.64],[-6.65,10.64],[-6.65,10.64],[-6.65,10.63],[-6.65,10.63],[-6.65,10.63],[-6.65,10.63],[-6.66,10.63],[-6.66,10.63],[-6.66,10.63],[-6.66,10.63],[-6.66,10.63],[-6.67,10.63],[-6.67,10.63],[-6.67,10.63],[-6.67,10.63],[-6.67,10.63],[-6.67,10.62],[-6.67,10.62],[-6.67,10.62],[-6.67,10.62],[-6.67,10.62],[-6.67,10.62],[-6.67,10.61],[-6.67,10.61],[-6.68,10.61],[-6.68,10.61],[-6.68,10.61],[-6.68,10.6],[-6.68,10.6],[-6.67,10.6],[-6.67,10.6],[-6.67,10.6],[-6.67,10.6],[-6.67,10.6],[-6.67,10.59],[-6.67,10.59],[-6.67,10.59],[-6.67,10.59],[-6.67,10.58],[-6.67,10.58],[-6.67,10.58],[-6.67,10.58],[-6.67,10.58],[-6.67,10.57],[-6.67,10.57],[-6.67,10.57],[-6.67,10.57],[-6.67,10.57],[-6.67,10.56],[-6.67,10.56],[-6.67,10.56],[-6.67,10.56],[-6.67,10.56],[-6.67,10.56],[-6.67,10.55],[-6.67,10.55],[-6.67,10.55],[-6.67,10.55],[-6.67,10.55],[-6.67,10.54],[-6.67,10.54],[-6.66,10.54],[-6.66,10.54],[-6.66,10.54],[-6.66,10.54],[-6.67,10.54],[-6.67,10.53],[-6.67,10.53],[-6.67,10.53],[-6.67,10.53],[-6.67,10.54],[-6.68,10.54],[-6.68,10.54],[-6.68,10.53],[-6.68,10.53],[-6.68,10.53],[-6.68,10.53],[-6.68,10.53],[-6.68,10.52],[-6.68,10.52],[-6.68,10.52],[-6.68,10.52],[-6.68,10.52],[-6.68,10.52],[-6.68,10.51],[-6.67,10.51],[-6.67,10.51],[-6.67,10.51],[-6.68,10.51],[-6.68,10.51],[-6.68,10.5],[-6.68,10.5],[-6.68,10.5],[-6.68,10.5],[-6.68,10.5],[-6.68,10.49],[-6.68,10.49],[-6.68,10.49],[-6.68,10.49],[-6.68,10.49],[-6.67,10.48],[-6.68,10.48],[-6.68,10.48],[-6.68,10.48],[-6.68,10.48],[-6.68,10.47],[-6.68,10.47],[-6.67,10.47],[-6.67,10.47],[-6.67,10.47],[-6.67,10.46],[-6.67,10.46],[-6.67,10.46],[-6.67,10.46],[-6.67,10.46],[-6.66,10.46],[-6.66,10.46],[-6.66,10.46],[-6.66,10.46],[-6.66,10.46],[-6.65,10.46],[-6.65,10.46],[-6.65,10.46],[-6.65,10.46],[-6.65,10.45],[-6.65,10.45],[-6.65,10.45],[-6.65,10.45],[-6.65,10.45],[-6.64,10.45],[-6.64,10.45],[-6.64,10.45],[-6.64,10.45],[-6.64,10.45],[-6.63,10.44],[-6.63,10.44],[-6.63,10.44],[-6.63,10.44],[-6.63,10.44],[-6.63,10.44],[-6.63,10.43],[-6.63,10.43],[-6.63,10.43],[-6.63,10.43],[-6.63,10.43],[-6.63,10.43],[-6.64,10.42],[-6.64,10.42],[-6.64,10.42],[-6.64,10.42],[-6.64,10.42],[-6.64,10.41],[-6.64,10.41],[-6.64,10.41],[-6.64,10.41],[-6.65,10.41],[-6.65,10.41],[-6.65,10.4],[-6.65,10.4],[-6.65,10.4],[-6.65,10.4],[-6.65,10.4],[-6.65,10.4],[-6.65,10.4],[-6.65,10.39],[-6.65,10.39],[-6.65,10.39],[-6.65,10.39],[-6.65,10.39],[-6.65,10.39],[-6.65,10.38],[-6.65,10.38],[-6.65,10.38],[-6.65,10.38],[-6.65,10.38],[-6.65,10.37],[-6.65,10.37],[-6.65,10.37],[-6.65,10.37],[-6.65,10.37],[-6.65,10.37],[-6.65,10.37],[-6.66,10.36],[-6.66,10.36],[-6.66,10.36],[-6.66,10.36],[-6.67,10.36],[-6.66,10.36],[-6.66,10.36],[-6.66,10.35],[-6.66,10.35],[-6.66,10.35],[-6.66,10.35],[-6.66,10.35],[-6.66,10.35],[-6.66,10.35],[-6.66,10.35],[-6.65,10.34],[-6.65,10.34],[-6.65,10.34],[-6.65,10.34],[-6.65,10.34],[-6.65,10.34],[-6.65,10.33],[-6.65,10.33],[-6.65,10.33],[-6.65,10.33],[-6.65,10.33],[-6.65,10.33],[-6.65,10.32],[-6.65,10.32],[-6.65,10.32],[-6.65,10.32],[-6.64,10.32],[-6.64,10.31],[-6.65,10.31],[-6.65,10.31],[-6.64,10.31],[-6.64,10.31],[-6.64,10.31],[-6.64,10.31],[-6.64,10.31],[-6.64,10.31],[-6.64,10.31],[-6.64,10.31],[-6.64,10.31],[-6.63,10.31],[-6.63,10.31],[-6.63,10.31],[-6.63,10.3],[-6.63,10.3],[-6.63,10.3],[-6.63,10.3],[-6.63,10.3],[-6.63,10.3],[-6.63,10.3],[-6.63,10.29],[-6.63,10.29],[-6.63,10.29],[-6.63,10.29],[-6.63,10.29],[-6.63,10.29],[-6.63,10.29],[-6.63,10.29],[-6.63,10.29],[-6.64,10.29],[-6.64,10.29],[-6.64,10.29],[-6.64,10.28],[-6.64,10.28],[-6.64,10.28],[-6.63,10.28],[-6.63,10.28],[-6.63,10.27],[-6.63,10.27],[-6.63,10.27],[-6.63,10.27],[-6.63,10.27],[-6.64,10.27],[-6.64,10.27],[-6.64,10.27],[-6.64,10.26],[-6.63,10.26],[-6.63,10.26],[-6.63,10.26],[-6.64,10.26],[-6.64,10.26],[-6.64,10.25],[-6.63,10.25],[-6.63,10.26],[-6.63,10.25],[-6.63,10.25],[-6.63,10.25],[-6.63,10.25],[-6.63,10.25],[-6.63,10.25],[-6.63,10.25],[-6.63,10.24],[-6.63,10.24],[-6.63,10.24],[-6.63,10.24],[-6.62,10.24],[-6.62,10.24],[-6.62,10.24],[-6.62,10.24],[-6.62,10.24],[-6.62,10.24],[-6.62,10.24],[-6.61,10.24],[-6.61,10.24],[-6.61,10.24],[-6.61,10.24],[-6.61,10.24],[-6.6,10.24],[-6.6,10.24],[-6.6,10.23],[-6.6,10.24],[-6.6,10.24],[-6.6,10.23],[-6.6,10.23],[-6.59,10.23],[-6.59,10.23],[-6.59,10.23],[-6.59,10.19],[-6.6,10.19],[-6.6,10.19],[-6.6,10.19],[-6.6,10.19],[-6.59,10.18],[-6.59,10.18],[-6.59,10.18],[-6.59,10.18],[-6.59,10.17],[-6.59,10.17],[-6.59,10.17],[-6.59,10.17],[-6.59,10.17],[-6.59,10.16],[-6.59,10.16],[-6.59,10.16],[-6.59,10.16],[-6.59,10.16],[-6.61,10.14],[-6.67,10.12],[-6.67,10.12],[-6.67,10.12],[-6.68,10.12],[-6.68,10.12],[-6.68,10.12],[-6.68,10.12],[-6.7,10.1],[-6.71,10.1],[-6.71,10.1],[-6.71,10.1],[-6.74,10.1],[-6.75,10.1],[-6.75,10.1],[-6.75,10.1],[-6.75,10.1],[-6.76,10.1],[-6.76,10.1],[-6.76,10.1],[-6.76,10.11],[-6.76,10.11],[-6.77,10.11],[-6.77,10.11],[-6.77,10.11],[-6.77,10.11],[-6.77,10.12],[-6.78,10.12],[-6.78,10.13],[-6.78,10.13],[-6.79,10.13],[-6.79,10.13],[-6.79,10.13],[-6.79,10.13],[-6.79,10.13],[-6.8,10.13],[-6.8,10.13],[-6.8,10.13],[-6.8,10.13],[-6.8,10.13],[-6.81,10.13],[-6.81,10.13],[-6.81,10.13],[-6.81,10.14],[-6.81,10.13],[-6.81,10.13],[-6.81,10.13],[-6.82,10.13],[-6.82,10.13],[-6.82,10.13],[-6.82,10.13],[-6.82,10.13],[-6.82,10.13],[-6.82,10.13],[-6.83,10.13],[-6.83,10.14],[-6.83,10.14],[-6.83,10.14],[-6.83,10.14],[-6.83,10.13],[-6.83,10.13],[-6.83,10.13],[-6.83,10.13],[-6.83,10.13],[-6.84,10.13],[-6.84,10.13],[-6.84,10.13],[-6.84,10.13],[-6.84,10.13],[-6.85,10.13],[-6.85,10.13],[-6.85,10.13],[-6.85,10.13],[-6.85,10.13],[-6.86,10.13],[-6.86,10.13],[-6.86,10.13],[-6.86,10.13],[-6.86,10.13],[-6.86,10.12],[-6.87,10.12],[-6.87,10.12],[-6.87,10.12],[-6.87,10.12],[-6.87,10.12],[-6.87,10.12],[-6.87,10.12],[-6.88,10.12],[-6.88,10.12],[-6.88,10.12],[-6.88,10.12],[-6.88,10.11],[-6.88,10.11],[-6.88,10.11],[-6.88,10.11],[-6.88,10.11],[-6.88,10.11],[-6.89,10.1],[-6.89,10.1],[-6.89,10.1],[-6.89,10.1],[-6.89,10.1],[-6.9,10.1],[-6.9,10.1],[-6.9,10.1],[-6.9,10.1],[-6.9,10.1],[-6.9,10.1],[-6.9,10.1],[-6.9,10.09],[-6.9,10.09],[-6.9,10.09],[-6.91,10.09],[-6.91,10.09],[-6.91,10.09],[-6.91,10.09],[-6.91,10.08],[-6.91,10.08],[-6.91,10.08],[-6.91,10.08],[-6.91,10.08],[-6.91,10.08],[-6.91,10.07],[-6.91,10.07],[-6.91,10.07],[-6.92,10.07],[-6.92,10.07],[-6.92,10.07],[-6.92,10.07],[-6.92,10.07],[-6.92,10.07],[-6.92,10.06],[-6.93,10.06],[-6.93,10.06],[-6.93,10.06],[-6.93,10.06],[-6.93,10.05],[-6.93,10.05],[-6.93,10.05],[-6.93,10.05],[-6.93,10.05],[-6.93,10.04],[-6.93,10.04],[-6.93,10.04],[-6.93,10.04],[-6.93,10.04],[-6.93,10.04],[-6.93,10.03],[-6.93,10.03],[-6.93,10.03],[-6.93,10.03],[-6.93,10.02],[-6.93,10.02],[-6.93,10.02],[-6.93,10.02],[-6.94,10.02],[-6.94,10.02],[-6.94,10.01],[-6.94,10.01],[-6.94,10.01],[-6.94,10.01],[-6.94,10.01],[-6.94,10.01],[-6.94,10.0],[-6.94,10.0],[-6.94,10.0],[-6.95,10.0],[-6.95,10.0],[-6.95,10.0],[-6.95,10.0],[-6.95,10.0],[-6.95,9.99],[-6.95,9.99],[-6.96,9.99],[-6.96,9.99],[-6.96,9.99],[-6.96,9.99],[-6.96,9.99],[-6.96,9.98],[-6.96,9.98],[-6.96,9.98],[-6.97,9.98],[-6.97,9.98],[-6.97,9.97],[-6.97,9.97],[-6.97,9.97],[-6.97,9.97],[-6.97,9.97],[-6.96,9.97],[-6.96,9.97],[-6.96,9.97],[-6.96,9.97],[-6.96,9.96],[-6.96,9.96],[-6.95,9.96],[-6.95,9.96],[-6.95,9.96],[-6.95,9.96],[-6.94,9.96],[-6.94,9.96],[-6.94,9.96],[-6.94,9.96],[-6.94,9.96],[-6.93,9.96],[-6.93,9.96],[-6.93,9.96],[-6.93,9.96],[-6.93,9.96],[-6.92,9.96],[-6.92,9.96],[-6.92,9.96],[-6.92,9.96],[-6.91,9.96],[-6.91,9.96],[-6.91,9.96],[-6.9,9.96],[-6.9,9.96],[-6.9,9.96],[-6.9,9.96],[-6.89,9.96],[-6.89,9.96],[-6.89,9.96],[-6.88,9.96],[-6.88,9.96],[-6.88,9.96],[-6.88,9.96],[-6.88,9.96],[-6.87,9.96],[-6.87,9.96],[-6.87,9.96],[-6.87,9.96],[-6.86,9.96],[-6.86,9.96],[-6.86,9.96],[-6.86,9.96],[-6.86,9.96],[-6.85,9.96],[-6.85,9.96],[-6.85,9.96],[-6.85,9.96],[-6.85,9.96],[-6.84,9.96],[-6.84,9.96],[-6.84,9.95],[-6.84,9.95],[-6.83,9.95],[-6.83,9.95],[-6.83,9.95],[-6.83,9.95],[-6.82,9.95],[-6.82,9.95],[-6.82,9.95],[-6.82,9.95],[-6.82,9.95],[-6.81,9.95],[-6.81,9.95],[-6.81,9.95],[-6.81,9.95],[-6.8,9.95],[-6.8,9.95],[-6.8,9.95],[-6.8,9.96],[-6.79,9.96],[-6.79,9.96],[-6.79,9.95],[-6.79,9.95],[-6.79,9.95],[-6.79,9.95],[-6.79,9.95],[-6.79,9.94],[-6.79,9.94],[-6.79,9.94],[-6.79,9.94],[-6.78,9.93],[-6.78,9.93],[-6.78,9.93],[-6.78,9.93],[-6.78,9.93],[-6.78,9.92],[-6.78,9.92],[-6.78,9.92],[-6.78,9.92],[-6.78,9.92],[-6.78,9.92],[-6.77,9.91],[-6.77,9.91],[-6.77,9.91],[-6.77,9.91],[-6.77,9.91],[-6.76,9.9],[-6.76,9.9],[-6.76,9.89],[-6.76,9.89],[-6.76,9.89],[-6.76,9.89],[-6.75,9.89],[-6.75,9.89],[-6.75,9.89],[-6.75,9.88],[-6.75,9.88],[-6.75,9.88],[-6.75,9.88],[-6.75,9.88],[-6.75,9.88],[-6.75,9.87],[-6.75,9.87],[-6.75,9.87],[-6.75,9.87],[-6.75,9.87],[-6.75,9.87],[-6.75,9.87],[-6.75,9.87],[-6.74,9.86],[-6.74,9.86],[-6.74,9.86],[-6.74,9.86],[-6.74,9.86],[-6.74,9.85],[-6.74,9.85],[-6.74,9.85],[-6.74,9.85],[-6.74,9.84],[-6.74,9.84],[-6.74,9.84],[-6.74,9.84],[-6.74,9.84],[-6.75,9.83],[-6.75,9.83],[-6.75,9.83],[-6.75,9.83],[-6.75,9.83],[-6.75,9.83],[-6.76,9.83],[-6.76,9.83],[-6.76,9.83],[-6.76,9.83],[-6.76,9.83],[-6.76,9.82],[-6.76,9.82],[-6.76,9.82],[-6.76,9.82],[-6.76,9.81],[-6.76,9.81],[-6.76,9.81],[-6.76,9.81],[-6.76,9.81],[-6.76,9.8],[-6.76,9.8],[-6.76,9.8],[-6.75,9.8],[-6.75,9.8],[-6.75,9.8],[-6.76,9.79],[-6.76,9.79],[-6.76,9.79],[-6.76,9.79],[-6.76,9.79],[-6.77,9.79],[-6.77,9.79],[-6.77,9.79],[-6.77,9.79],[-6.77,9.78],[-6.77,9.78],[-6.77,9.78],[-6.78,9.78],[-6.78,9.78],[-6.78,9.78],[-6.78,9.78],[-6.78,9.77],[-6.78,9.77],[-6.78,9.77],[-6.78,9.77],[-6.77,9.77],[-6.77,9.77],[-6.77,9.77],[-6.77,9.77],[-6.77,9.77],[-6.76,9.76],[-6.76,9.76],[-6.76,9.76],[-6.76,9.76],[-6.76,9.76],[-6.75,9.76],[-6.75,9.76],[-6.75,9.76],[-6.75,9.76],[-6.75,9.76],[-6.74,9.76],[-6.74,9.75],[-6.74,9.75],[-6.74,9.75],[-6.75,9.74],[-6.75,9.74],[-6.75,9.74],[-6.75,9.74],[-6.75,9.73],[-6.75,9.73],[-6.76,9.72],[-6.76,9.72],[-6.76,9.72],[-6.76,9.72],[-6.76,9.72],[-6.76,9.71],[-6.76,9.71],[-6.76,9.71],[-6.76,9.71],[-6.76,9.71],[-6.76,9.71],[-6.76,9.71],[-6.75,9.71],[-6.75,9.71],[-6.75,9.71],[-6.75,9.71],[-6.75,9.7],[-6.75,9.7],[-6.75,9.7],[-6.74,9.7],[-6.75,9.7],[-6.75,9.7],[-6.75,9.7],[-6.75,9.7],[-6.75,9.69],[-6.75,9.69],[-6.75,9.69],[-6.75,9.69],[-6.75,9.69],[-6.76,9.69],[-6.76,9.69],[-6.76,9.69],[-6.76,9.69],[-6.76,9.69],[-6.76,9.69],[-6.76,9.68],[-6.76,9.68],[-6.77,9.68],[-6.77,9.68],[-6.77,9.68],[-6.76,9.67],[-6.76,9.67],[-6.76,9.67],[-6.76,9.67],[-6.76,9.66],[-6.76,9.66],[-6.76,9.66],[-6.77,9.66],[-6.77,9.66],[-6.77,9.66],[-6.78,9.65],[-6.78,9.65],[-6.78,9.65],[-6.78,9.65],[-6.78,9.65],[-6.78,9.64],[-6.78,9.64],[-6.78,9.64],[-6.78,9.64],[-6.79,9.64],[-6.79,9.63],[-6.79,9.63],[-6.79,9.63],[-6.79,9.63],[-6.79,9.63],[-6.79,9.63],[-6.79,9.62],[-6.79,9.62],[-6.79,9.62],[-6.79,9.62],[-6.79,9.61],[-6.79,9.61],[-6.79,9.61],[-6.8,9.61],[-6.8,9.61],[-6.8,9.6],[-6.79,9.6],[-6.79,9.6],[-6.79,9.6],[-6.79,9.6],[-6.79,9.59],[-6.79,9.59],[-6.79,9.59],[-6.79,9.59],[-6.79,9.58],[-6.79,9.58],[-6.79,9.58],[-6.8,9.58],[-6.8,9.58],[-6.8,9.58],[-6.8,9.57],[-6.8,9.57],[-6.8,9.57],[-6.8,9.57],[-6.79,9.57],[-6.79,9.57],[-6.79,9.57],[-6.79,9.57],[-6.79,9.56],[-6.79,9.56],[-6.79,9.56],[-6.79,9.56],[-6.79,9.56],[-6.79,9.56],[-6.78,9.56],[-6.78,9.56],[-6.78,9.56],[-6.78,9.56],[-6.78,9.56],[-6.78,9.56],[-6.78,9.56],[-6.78,9.56],[-6.77,9.55],[-6.77,9.55],[-6.77,9.55],[-6.77,9.55],[-6.77,9.55],[-6.77,9.55],[-6.77,9.54],[-6.77,9.54],[-6.76,9.54],[-6.76,9.54],[-6.76,9.54],[-6.76,9.54],[-6.76,9.54],[-6.76,9.54],[-6.75,9.54],[-6.75,9.53],[-6.75,9.53],[-6.75,9.53],[-6.75,9.53],[-6.75,9.53],[-6.75,9.53],[-6.74,9.53],[-6.74,9.53],[-6.74,9.52],[-6.74,9.52],[-6.74,9.51],[-6.75,9.51],[-6.75,9.51],[-6.75,9.51],[-6.75,9.51],[-6.75,9.5],[-6.75,9.5],[-6.75,9.5],[-6.75,9.5],[-6.75,9.5],[-6.75,9.5],[-6.75,9.5],[-6.75,9.5],[-6.75,9.5],[-6.76,9.5],[-6.76,9.49],[-6.76,9.49],[-6.76,9.49],[-6.76,9.49],[-6.76,9.49],[-6.76,9.49],[-6.76,9.49],[-6.76,9.49],[-6.77,9.48],[-6.77,9.48],[-6.77,9.48],[-6.76,9.48],[-6.76,9.48],[-6.76,9.47],[-6.76,9.47],[-6.76,9.47],[-6.76,9.47],[-6.77,9.47],[-6.77,9.47],[-6.77,9.47],[-6.77,9.46],[-6.77,9.46],[-6.77,9.46],[-6.77,9.46],[-6.78,9.46],[-6.78,9.46],[-6.78,9.46],[-6.78,9.46],[-6.78,9.46],[-6.78,9.45],[-6.79,9.45],[-6.79,9.45],[-6.79,9.45],[-6.79,9.45],[-6.79,9.45],[-6.79,9.44],[-6.8,9.44],[-6.8,9.44],[-6.8,9.44],[-6.8,9.44],[-6.8,9.44],[-6.8,9.43],[-6.79,9.43],[-6.79,9.43],[-6.79,9.43],[-6.79,9.43],[-6.79,9.43],[-6.79,9.43],[-6.78,9.43],[-6.78,9.43],[-6.78,9.43],[-6.78,9.43],[-6.77,9.42],[-6.77,9.42],[-6.77,9.42],[-6.77,9.42],[-6.77,9.42],[-6.77,9.42],[-6.77,9.42],[-6.77,9.42],[-6.77,9.41],[-6.78,9.41],[-6.78,9.41],[-6.78,9.41],[-6.78,9.41],[-6.78,9.41],[-6.78,9.41],[-6.78,9.41],[-6.79,9.41],[-6.79,9.41],[-6.79,9.41],[-6.79,9.41],[-6.79,9.41],[-6.79,9.41],[-6.79,9.4],[-6.8,9.4],[-6.8,9.4],[-6.8,9.4],[-6.8,9.4],[-6.8,9.39],[-6.8,9.39],[-6.8,9.39],[-6.8,9.39],[-6.8,9.38],[-6.8,9.38],[-6.8,9.38],[-6.8,9.38],[-6.8,9.38],[-6.8,9.38],[-6.8,9.37],[-6.8,9.37],[-6.8,9.37],[-6.8,9.37],[-6.8,9.37],[-6.8,9.37],[-6.8,9.36],[-6.79,9.36],[-6.79,9.35],[-6.79,9.35],[-6.79,9.35],[-6.78,9.35],[-6.78,9.35],[-6.78,9.35],[-6.78,9.35],[-6.78,9.35],[-6.78,9.34],[-6.78,9.34],[-6.78,9.34],[-6.79,9.34],[-6.79,9.34],[-6.79,9.33],[-6.79,9.33],[-6.79,9.33],[-6.78,9.33],[-6.78,9.32],[-6.78,9.32],[-6.78,9.32],[-6.78,9.32],[-6.78,9.32],[-6.78,9.32],[-6.78,9.31],[-6.79,9.31],[-6.79,9.31],[-6.79,9.31],[-6.79,9.31],[-6.79,9.3],[-6.79,9.3],[-6.79,9.3],[-6.79,9.3],[-6.79,9.3],[-6.79,9.29],[-6.79,9.29],[-6.79,9.29],[-6.79,9.29],[-6.79,9.29],[-6.79,9.29],[-6.79,9.29],[-6.79,9.29],[-6.79,9.29],[-6.78,9.28],[-6.78,9.28],[-6.78,9.28],[-6.78,9.28],[-6.78,9.28],[-6.77,9.28],[-6.77,9.28],[-6.77,9.28],[-6.77,9.29],[-6.77,9.29],[-6.76,9.29],[-6.76,9.29],[-6.76,9.29],[-6.76,9.29],[-6.76,9.28],[-6.76,9.28],[-6.75,9.28],[-6.75,9.28],[-6.75,9.28],[-6.75,9.28],[-6.75,9.28],[-6.75,9.28],[-6.74,9.28],[-6.74,9.28],[-6.74,9.27],[-6.74,9.27],[-6.74,9.27],[-6.74,9.27],[-6.74,9.27],[-6.74,9.26],[-6.74,9.26],[-6.74,9.26],[-6.74,9.26],[-6.74,9.25],[-6.74,9.25],[-6.75,9.25],[-6.75,9.25],[-6.75,9.24],[-6.75,9.24],[-6.75,9.24],[-6.75,9.24],[-6.75,9.24],[-6.75,9.23],[-6.75,9.23],[-6.75,9.23],[-6.75,9.23],[-6.75,9.23],[-6.75,9.22],[-6.75,9.22],[-6.75,9.22],[-6.75,9.22],[-6.75,9.22],[-6.75,9.21],[-6.75,9.21],[-6.75,9.21],[-6.75,9.21],[-6.75,9.2],[-6.75,9.2],[-6.75,9.2],[-6.75,9.2],[-6.75,9.2],[-6.75,9.19],[-6.75,9.19],[-6.75,9.19],[-6.75,9.19],[-6.75,9.19],[-6.75,9.18],[-6.75,9.18],[-6.76,9.18],[-6.76,9.18],[-6.76,9.18],[-6.76,9.17],[-6.76,9.17],[-6.76,9.17],[-6.76,9.17],[-6.76,9.17],[-6.76,9.17],[-6.76,9.16],[-6.76,9.16],[-6.76,9.16],[-6.75,9.16],[-6.75,9.16],[-6.75,9.16],[-6.75,9.16],[-6.75,9.15],[-6.75,9.15],[-6.75,9.15],[-6.74,9.15],[-6.74,9.15],[-6.74,9.15],[-6.74,9.14],[-6.74,9.14],[-6.74,9.14],[-6.74,9.14],[-6.75,9.14],[-6.75,9.14],[-6.75,9.13],[-6.75,9.13],[-6.75,9.13],[-6.75,9.13],[-6.75,9.13],[-6.76,9.13],[-6.76,9.13],[-6.76,9.12],[-6.76,9.12],[-6.76,9.12],[-6.76,9.12],[-6.75,9.12],[-6.75,9.12],[-6.75,9.12],[-6.75,9.12],[-6.75,9.12],[-6.74,9.12],[-6.74,9.12],[-6.74,9.12],[-6.74,9.12],[-6.74,9.12],[-6.73,9.12],[-6.73,9.12],[-6.73,9.12],[-6.73,9.12],[-6.73,9.12],[-6.73,9.12],[-6.72,9.12],[-6.72,9.12],[-6.72,9.12],[-6.72,9.12],[-6.72,9.12],[-6.72,9.11],[-6.72,9.11],[-6.72,9.11],[-6.72,9.11],[-6.71,9.11],[-6.71,9.11],[-6.71,9.11],[-6.71,9.11],[-6.71,9.11],[-6.71,9.11],[-6.71,9.11],[-6.71,9.11],[-6.71,9.1],[-6.7,9.1],[-6.7,9.1],[-6.7,9.1],[-6.7,9.1],[-6.7,9.1],[-6.7,9.1],[-6.7,9.1],[-6.7,9.1],[-6.7,9.1],[-6.7,9.1],[-6.7,9.09],[-6.7,9.09],[-6.7,9.09],[-6.7,9.09],[-6.7,9.09],[-6.7,9.09],[-6.7,9.09],[-6.7,9.08],[-6.7,9.08],[-6.7,9.08],[-6.7,9.08],[-6.7,9.08],[-6.7,9.08],[-6.7,9.07],[-6.7,9.07],[-6.7,9.07],[-6.7,9.07],[-6.7,9.07],[-6.7,9.06],[-6.7,9.06],[-6.7,9.06],[-6.7,9.06],[-6.7,9.06],[-6.69,9.06],[-6.69,9.06],[-6.69,9.06],[-6.69,9.06],[-6.68,9.06],[-6.68,9.06],[-6.68,9.06],[-6.68,9.06],[-6.68,9.06],[-6.67,9.06],[-6.67,9.06],[-6.67,9.06],[-6.67,9.06],[-6.67,9.06],[-6.67,9.06],[-6.66,9.07],[-6.66,9.07],[-6.66,9.07],[-6.66,9.07],[-6.66,9.07],[-6.66,9.07],[-6.65,9.07],[-6.65,9.07],[-6.65,9.07],[-6.65,9.07],[-6.65,9.07],[-6.64,9.07],[-6.64,9.07],[-6.64,9.06],[-6.64,9.06],[-6.64,9.06],[-6.63,9.06],[-6.63,9.06],[-6.63,9.06],[-6.63,9.06],[-6.63,9.06],[-6.62,9.06],[-6.62,9.06],[-6.62,9.06],[-6.62,9.06],[-6.62,9.06],[-6.62,9.06],[-6.61,9.06],[-6.61,9.06],[-6.61,9.06],[-6.61,9.06],[-6.6,9.06],[-6.6,9.06],[-6.6,9.06],[-6.6,9.06],[-6.6,9.07],[-6.59,9.07],[-6.59,9.07],[-6.59,9.07],[-6.59,9.07],[-6.59,9.06],[-6.58,9.06],[-6.58,9.06],[-6.58,9.07],[-6.58,9.07],[-6.58,9.07],[-6.58,9.07],[-6.57,9.07],[-6.57,9.07],[-6.57,9.07],[-6.57,9.07],[-6.57,9.08],[-6.57,9.08],[-6.57,9.08],[-6.57,9.08],[-6.57,9.09],[-6.57,9.09],[-6.57,9.09],[-6.57,9.09],[-6.57,9.09],[-6.56,9.1],[-6.56,9.1],[-6.56,9.1],[-6.56,9.1],[-6.56,9.1],[-6.56,9.1],[-6.56,9.11],[-6.56,9.11],[-6.56,9.11],[-6.57,9.11],[-6.57,9.11],[-6.57,9.11],[-6.57,9.11],[-6.57,9.11],[-6.58,9.12],[-6.58,9.12],[-6.58,9.12],[-6.58,9.12],[-6.58,9.12],[-6.58,9.13],[-6.58,9.13],[-6.58,9.13],[-6.58,9.13],[-6.58,9.13],[-6.58,9.13],[-6.57,9.13],[-6.57,9.14],[-6.57,9.14],[-6.57,9.14],[-6.57,9.14],[-6.57,9.14],[-6.57,9.15],[-6.57,9.15],[-6.57,9.15],[-6.57,9.15],[-6.57,9.15],[-6.57,9.16],[-6.57,9.16],[-6.57,9.16],[-6.56,9.16],[-6.56,9.16],[-6.56,9.16],[-6.56,9.16],[-6.55,9.16],[-6.55,9.16],[-6.55,9.16],[-6.55,9.16],[-6.55,9.16],[-6.54,9.16],[-6.54,9.15],[-6.54,9.15],[-6.54,9.15],[-6.54,9.15],[-6.53,9.15],[-6.53,9.15],[-6.53,9.15],[-6.53,9.15],[-6.53,9.15],[-6.52,9.15],[-6.52,9.15],[-6.52,9.15],[-6.52,9.15],[-6.52,9.15],[-6.51,9.15],[-6.51,9.15],[-6.51,9.15],[-6.51,9.15],[-6.51,9.15],[-6.51,9.15],[-6.5,9.15],[-6.5,9.15],[-6.5,9.14],[-6.5,9.14],[-6.5,9.14],[-6.5,9.14],[-6.5,9.14],[-6.5,9.14],[-6.5,9.13],[-6.5,9.13],[-6.5,9.13],[-6.5,9.13],[-6.5,9.12],[-6.5,9.12],[-6.5,9.12],[-6.5,9.12],[-6.5,9.12],[-6.5,9.12],[-6.49,9.12],[-6.49,9.11],[-6.49,9.11],[-6.49,9.11],[-6.49,9.11],[-6.49,9.11],[-6.49,9.1],[-6.49,9.1],[-6.49,9.1],[-6.49,9.1],[-6.49,9.09],[-6.49,9.09],[-6.49,9.09],[-6.48,9.09],[-6.48,9.09],[-6.48,9.09],[-6.48,9.08],[-6.48,9.08],[-6.48,9.08],[-6.48,9.08],[-6.48,9.08],[-6.48,9.07],[-6.48,9.07],[-6.48,9.07],[-6.48,9.07],[-6.48,9.07],[-6.48,9.06],[-6.48,9.06],[-6.48,9.06],[-6.47,9.06],[-6.47,9.06],[-6.47,9.06],[-6.47,9.06],[-6.47,9.06],[-6.46,9.06],[-6.46,9.07],[-6.46,9.07],[-6.46,9.07],[-6.46,9.07],[-6.45,9.07],[-6.45,9.07],[-6.45,9.07],[-6.45,9.07],[-6.45,9.07],[-6.45,9.07],[-6.44,9.07],[-6.44,9.07],[-6.44,9.07],[-6.44,9.07],[-6.44,9.07],[-6.44,9.07],[-6.43,9.08],[-6.43,9.08],[-6.43,9.08],[-6.43,9.08],[-6.43,9.08],[-6.43,9.09],[-6.43,9.09],[-6.42,9.09],[-6.42,9.09],[-6.42,9.09],[-6.42,9.09],[-6.42,9.09],[-6.42,9.09],[-6.42,9.1],[-6.42,9.1],[-6.42,9.1],[-6.41,9.1],[-6.41,9.1],[-6.41,9.11],[-6.41,9.11],[-6.41,9.11],[-6.41,9.11],[-6.41,9.11],[-6.41,9.12],[-6.41,9.12],[-6.41,9.12],[-6.41,9.12],[-6.41,9.12],[-6.41,9.12],[-6.4,9.13],[-6.4,9.13],[-6.4,9.13],[-6.4,9.13],[-6.4,9.13],[-6.4,9.13],[-6.39,9.14],[-6.39,9.14],[-6.39,9.14],[-6.39,9.14],[-6.39,9.14],[-6.39,9.14],[-6.38,9.14],[-6.38,9.15],[-6.38,9.15],[-6.38,9.15],[-6.38,9.15],[-6.38,9.15],[-6.37,9.15],[-6.37,9.16],[-6.37,9.16],[-6.37,9.16],[-6.37,9.16],[-6.37,9.17],[-6.37,9.17],[-6.36,9.17],[-6.36,9.17],[-6.36,9.18],[-6.36,9.18],[-6.36,9.18],[-6.36,9.18],[-6.36,9.18],[-6.36,9.19],[-6.35,9.19],[-6.35,9.19],[-6.35,9.19],[-6.35,9.19],[-6.35,9.19],[-6.35,9.2],[-6.35,9.2],[-6.34,9.2],[-6.34,9.2],[-6.34,9.2],[-6.34,9.21],[-6.34,9.21],[-6.34,9.21],[-6.34,9.21],[-6.33,9.21],[-6.33,9.21],[-6.33,9.21],[-6.33,9.21],[-6.32,9.21],[-6.32,9.21],[-6.32,9.21],[-6.32,9.21],[-6.32,9.21],[-6.31,9.21],[-6.31,9.21],[-6.31,9.21],[-6.31,9.21],[-6.31,9.22],[-6.31,9.22],[-6.31,9.22],[-6.31,9.22],[-6.3,9.22],[-6.3,9.22],[-6.3,9.23],[-6.3,9.23],[-6.3,9.23],[-6.29,9.23],[-6.29,9.23],[-6.29,9.23],[-6.29,9.24],[-6.29,9.24],[-6.29,9.24],[-6.29,9.24],[-6.29,9.24],[-6.29,9.24],[-6.29,9.25],[-6.29,9.25],[-6.29,9.25],[-6.29,9.25],[-6.29,9.25],[-6.29,9.25],[-6.29,9.26],[-6.28,9.26],[-6.28,9.26],[-6.28,9.26],[-6.28,9.26],[-6.28,9.27],[-6.28,9.27],[-6.28,9.27],[-6.28,9.27],[-6.28,9.27],[-6.28,9.27],[-6.27,9.29],[-6.27,9.29],[-6.27,9.29],[-6.27,9.29],[-6.27,9.29],[-6.27,9.3],[-6.27,9.3],[-6.27,9.3],[-6.26,9.3],[-6.27,9.31],[-6.27,9.31],[-6.27,9.31],[-6.27,9.31],[-6.27,9.32],[-6.27,9.32],[-6.27,9.32],[-6.28,9.32],[-6.28,9.32],[-6.28,9.33],[-6.28,9.33],[-6.27,9.33],[-6.27,9.33],[-6.27,9.33],[-6.27,9.33],[-6.27,9.34],[-6.27,9.34],[-6.27,9.34],[-6.27,9.34],[-6.27,9.35],[-6.27,9.35],[-6.27,9.35],[-6.28,9.35],[-6.28,9.36],[-6.28,9.36],[-6.27,9.36],[-6.27,9.36],[-6.27,9.36],[-6.27,9.37],[-6.27,9.37],[-6.27,9.37],[-6.27,9.37],[-6.27,9.37],[-6.27,9.38],[-6.27,9.38],[-6.27,9.38],[-6.27,9.38],[-6.27,9.39],[-6.27,9.39],[-6.27,9.39],[-6.27,9.39],[-6.27,9.4],[-6.27,9.4],[-6.27,9.4],[-6.27,9.4],[-6.27,9.4],[-6.26,9.41],[-6.26,9.41],[-6.26,9.41],[-6.26,9.41],[-6.26,9.41],[-6.26,9.42],[-6.25,9.42],[-6.25,9.42],[-6.25,9.42],[-6.25,9.42],[-6.24,9.42],[-6.24,9.43],[-6.24,9.43],[-6.24,9.43],[-6.23,9.43],[-6.23,9.43],[-6.23,9.43],[-6.22,9.44],[-6.22,9.44],[-6.22,9.44],[-6.21,9.44],[-6.21,9.44],[-6.21,9.44],[-6.2,9.44],[-6.2,9.44],[-6.2,9.45],[-6.2,9.45],[-6.2,9.45],[-6.19,9.45],[-6.19,9.45],[-6.19,9.45],[-6.18,9.45],[-6.18,9.45],[-6.18,9.45],[-6.18,9.45],[-6.17,9.46],[-6.17,9.46],[-6.16,9.46],[-6.16,9.47],[-6.16,9.47],[-6.16,9.47],[-6.16,9.48],[-6.15,9.48],[-6.15,9.48],[-6.15,9.48],[-6.15,9.49],[-6.15,9.49],[-6.15,9.49],[-6.15,9.49],[-6.15,9.5],[-6.15,9.5],[-6.15,9.5],[-6.14,9.5],[-6.14,9.51],[-6.14,9.51],[-6.14,9.51],[-6.15,9.51],[-6.15,9.51],[-6.15,9.52],[-6.15,9.52],[-6.15,9.52],[-6.15,9.53],[-6.15,9.53],[-6.15,9.53],[-6.15,9.53],[-6.15,9.53],[-6.15,9.54],[-6.16,9.54],[-6.16,9.54],[-6.16,9.54],[-6.16,9.55],[-6.16,9.55],[-6.16,9.55],[-6.15,9.55],[-6.15,9.56],[-6.15,9.56],[-6.15,9.56],[-6.15,9.56],[-6.15,9.56],[-6.15,9.57],[-6.15,9.57],[-6.15,9.57],[-6.15,9.57],[-6.15,9.58],[-6.15,9.58],[-6.15,9.58],[-6.15,9.58],[-6.15,9.59],[-6.15,9.59],[-6.15,9.59],[-6.15,9.6],[-6.16,9.6],[-6.16,9.6],[-6.16,9.6],[-6.16,9.61],[-6.16,9.61],[-6.16,9.61],[-6.16,9.62],[-6.16,9.62],[-6.16,9.62],[-6.15,9.62],[-6.15,9.62],[-6.15,9.63],[-6.15,9.63],[-6.15,9.63],[-6.15,9.63],[-6.14,9.63],[-6.14,9.63],[-6.14,9.64],[-6.14,9.64],[-6.14,9.64],[-6.13,9.64],[-6.13,9.64],[-6.13,9.64],[-6.13,9.65],[-6.12,9.65],[-6.12,9.65],[-6.12,9.65],[-6.11,9.65],[-6.11,9.65],[-6.11,9.65],[-6.11,9.66],[-6.11,9.66],[-6.11,9.66],[-6.11,9.66],[-6.11,9.66],[-6.11,9.67],[-6.11,9.67],[-6.11,9.67],[-6.11,9.68],[-6.11,9.68],[-6.11,9.68],[-6.11,9.68],[-6.1,9.68],[-6.1,9.68],[-6.1,9.69],[-6.1,9.69],[-6.1,9.69],[-6.1,9.7],[-6.09,9.7],[-6.09,9.7],[-6.09,9.7],[-6.09,9.7],[-6.09,9.71],[-6.09,9.71],[-6.09,9.71],[-6.1,9.72],[-6.1,9.72],[-6.1,9.72],[-6.1,9.72],[-6.1,9.73],[-6.1,9.73],[-6.1,9.73],[-6.11,9.74],[-6.11,9.74],[-6.11,9.74],[-6.11,9.74],[-6.11,9.75],[-6.11,9.75],[-6.11,9.75],[-6.11,9.75],[-6.11,9.76],[-6.11,9.76],[-6.11,9.76],[-6.11,9.76],[-6.11,9.76],[-6.11,9.77],[-6.11,9.77],[-6.11,9.77],[-6.11,9.77],[-6.11,9.78],[-6.11,9.78],[-6.11,9.78],[-6.11,9.79],[-6.11,9.79],[-6.11,9.79],[-6.11,9.79],[-6.11,9.79],[-6.11,9.8],[-6.11,9.8],[-6.1,9.8],[-6.1,9.8],[-6.1,9.81],[-6.1,9.81],[-6.1,9.82],[-6.1,9.82],[-6.09,9.82],[-6.09,9.81],[-6.09,9.81],[-6.09,9.81],[-6.09,9.81],[-6.08,9.81],[-6.08,9.8],[-6.08,9.8],[-6.08,9.8],[-6.08,9.8],[-6.08,9.8],[-6.08,9.79],[-6.07,9.79],[-6.07,9.79],[-6.07,9.79],[-6.07,9.79],[-6.07,9.79],[-6.06,9.79],[-6.06,9.79],[-6.06,9.79],[-6.06,9.79],[-6.06,9.79],[-6.05,9.79],[-6.05,9.78],[-6.05,9.78],[-6.04,9.78],[-6.04,9.78],[-6.04,9.78],[-6.04,9.79],[-6.04,9.79],[-6.04,9.79],[-6.04,9.79],[-6.03,9.79],[-6.03,9.8],[-6.03,9.8],[-6.03,9.8],[-6.03,9.8],[-6.03,9.8],[-6.03,9.8],[-6.03,9.81],[-6.02,9.81],[-6.02,9.81],[-6.02,9.81],[-6.02,9.81],[-6.02,9.82],[-6.02,9.82],[-6.02,9.82],[-6.03,9.83],[-6.03,9.83],[-6.03,9.83],[-6.03,9.83],[-6.04,9.83],[-6.04,9.83],[-6.04,9.83],[-6.04,9.83],[-6.04,9.84],[-6.04,9.84],[-6.04,9.84],[-6.05,9.84],[-6.05,9.84],[-6.05,9.85],[-6.05,9.85],[-6.05,9.85],[-6.05,9.85],[-6.05,9.85],[-6.05,9.86],[-6.06,9.86],[-6.06,9.86],[-6.06,9.86],[-6.06,9.86],[-6.06,9.86],[-6.07,9.86],[-6.07,9.87],[-6.07,9.87],[-6.07,9.87],[-6.07,9.87],[-6.08,9.87],[-6.08,9.87],[-6.08,9.87],[-6.08,9.87],[-6.08,9.87],[-6.08,9.87],[-6.08,9.88],[-6.09,9.88],[-6.09,9.88],[-6.09,9.88],[-6.09,9.88],[-6.09,9.88],[-6.09,9.88],[-6.1,9.88],[-6.1,9.88],[-6.1,9.88],[-6.1,9.88],[-6.1,9.88],[-6.11,9.88],[-6.11,9.88],[-6.11,9.88],[-6.11,9.89],[-6.11,9.89],[-6.11,9.89],[-6.12,9.89],[-6.12,9.89],[-6.12,9.89],[-6.12,9.89],[-6.12,9.89],[-6.12,9.89],[-6.13,9.89],[-6.13,9.89],[-6.13,9.89],[-6.13,9.89],[-6.13,9.89],[-6.14,9.89],[-6.14,9.9],[-6.14,9.9],[-6.14,9.9],[-6.14,9.9],[-6.14,9.9],[-6.14,9.9],[-6.15,9.91],[-6.15,9.91],[-6.15,9.91],[-6.15,9.91],[-6.15,9.91],[-6.15,9.91],[-6.16,9.91],[-6.16,9.91],[-6.16,9.91],[-6.16,9.92],[-6.17,9.92],[-6.17,9.92],[-6.17,9.92],[-6.17,9.92],[-6.17,9.92],[-6.17,9.93],[-6.17,9.93],[-6.17,9.93],[-6.18,9.93],[-6.18,9.93],[-6.18,9.93],[-6.18,9.94],[-6.18,9.94],[-6.18,9.94],[-6.18,9.94],[-6.18,9.94],[-6.18,9.94],[-6.18,9.95],[-6.18,9.95],[-6.18,9.95],[-6.18,9.95],[-6.18,9.96],[-6.17,9.96],[-6.17,9.96],[-6.17,9.97],[-6.17,9.97],[-6.17,9.97],[-6.17,9.97],[-6.17,9.97],[-6.17,9.97],[-6.16,9.97],[-6.16,9.97],[-6.16,9.98],[-6.16,9.98],[-6.16,9.98],[-6.15,9.98],[-6.15,9.98],[-6.15,9.98],[-6.15,9.98],[-6.15,9.98],[-6.14,9.98],[-6.14,9.98],[-6.14,9.98],[-6.14,9.98],[-6.14,9.98],[-6.14,9.99],[-6.14,9.99],[-6.13,9.99],[-6.13,9.99],[-6.13,9.99],[-6.13,9.99],[-6.13,10.0],[-6.13,10.0],[-6.12,10.0],[-6.12,10.0],[-6.12,10.0],[-6.12,10.0],[-6.12,10.0],[-6.12,10.01],[-6.12,10.01],[-6.12,10.01],[-6.12,10.01],[-6.12,10.01],[-6.12,10.02],[-6.12,10.02],[-6.12,10.02],[-6.12,10.02],[-6.12,10.02],[-6.13,10.03],[-6.13,10.03],[-6.13,10.03],[-6.14,10.03],[-6.14,10.03],[-6.14,10.03],[-6.14,10.03],[-6.15,10.04],[-6.15,10.04],[-6.15,10.04],[-6.15,10.04],[-6.16,10.04],[-6.16,10.04],[-6.16,10.04],[-6.16,10.04],[-6.16,10.04],[-6.17,10.04],[-6.17,10.04],[-6.17,10.04],[-6.17,10.04],[-6.18,10.04],[-6.18,10.04],[-6.18,10.04],[-6.18,10.04],[-6.18,10.04],[-6.18,10.04],[-6.19,10.04],[-6.19,10.04],[-6.19,10.04],[-6.19,10.04],[-6.2,10.04],[-6.2,10.04],[-6.2,10.04],[-6.2,10.04],[-6.2,10.04],[-6.21,10.04],[-6.21,10.04],[-6.21,10.04],[-6.21,10.04],[-6.21,10.04],[-6.21,10.04],[-6.22,10.04],[-6.22,10.04],[-6.22,10.04],[-6.22,10.04],[-6.22,10.04],[-6.23,10.04],[-6.23,10.04],[-6.23,10.04],[-6.23,10.05],[-6.24,10.05],[-6.24,10.05],[-6.24,10.05],[-6.24,10.05],[-6.25,10.05],[-6.25,10.05],[-6.25,10.05],[-6.25,10.05],[-6.25,10.05],[-6.26,10.05],[-6.26,10.05],[-6.26,10.05],[-6.26,10.05],[-6.26,10.06],[-6.27,10.05],[-6.27,10.05],[-6.28,10.06],[-6.28,10.06],[-6.27,10.06],[-6.27,10.06],[-6.28,10.06],[-6.28,10.06],[-6.28,10.06],[-6.28,10.06],[-6.28,10.06],[-6.28,10.07],[-6.28,10.07],[-6.28,10.07],[-6.28,10.07],[-6.29,10.07],[-6.29,10.07],[-6.29,10.07],[-6.29,10.07],[-6.29,10.08],[-6.29,10.08],[-6.29,10.08],[-6.29,10.08],[-6.29,10.08],[-6.29,10.08],[-6.29,10.08],[-6.29,10.08],[-6.29,10.09],[-6.29,10.09],[-6.29,10.09],[-6.3,10.09],[-6.3,10.09],[-6.3,10.09],[-6.3,10.09],[-6.3,10.09],[-6.3,10.09],[-6.31,10.08],[-6.31,10.09],[-6.31,10.09],[-6.31,10.09],[-6.31,10.09],[-6.31,10.09],[-6.31,10.09],[-6.31,10.09],[-6.31,10.09],[-6.31,10.09],[-6.31,10.09],[-6.3,10.09],[-6.3,10.09],[-6.3,10.09],[-6.3,10.09],[-6.3,10.09],[-6.3,10.09],[-6.3,10.09],[-6.3,10.09],[-6.29,10.1],[-6.29,10.1],[-6.29,10.1],[-6.29,10.1],[-6.29,10.1],[-6.29,10.1],[-6.29,10.1],[-6.29,10.1],[-6.29,10.11],[-6.29,10.11],[-6.29,10.11],[-6.29,10.11],[-6.29,10.11],[-6.29,10.11],[-6.29,10.11],[-6.29,10.11],[-6.29,10.11],[-6.29,10.11],[-6.29,10.11],[-6.29,10.1],[-6.29,10.1],[-6.29,10.1],[-6.29,10.1],[-6.29,10.1],[-6.29,10.1],[-6.29,10.1],[-6.29,10.09],[-6.29,10.09],[-6.29,10.09],[-6.28,10.09],[-6.28,10.09],[-6.28,10.09],[-6.28,10.09],[-6.28,10.09],[-6.28,10.09],[-6.28,10.08],[-6.28,10.08],[-6.27,10.08],[-6.27,10.08],[-6.27,10.08],[-6.27,10.08],[-6.27,10.08],[-6.27,10.08],[-6.27,10.08],[-6.26,10.08],[-6.26,10.08],[-6.26,10.08],[-6.26,10.09],[-6.26,10.09],[-6.26,10.09],[-6.26,10.09],[-6.26,10.09],[-6.26,10.1],[-6.26,10.1],[-6.26,10.1],[-6.26,10.1],[-6.26,10.1],[-6.26,10.11],[-6.26,10.11],[-6.26,10.11],[-6.26,10.11],[-6.26,10.11],[-6.26,10.11],[-6.26,10.12],[-6.26,10.12],[-6.26,10.12],[-6.26,10.12],[-6.26,10.12],[-6.26,10.12],[-6.26,10.12],[-6.26,10.12],[-6.26,10.12],[-6.27,10.12],[-6.27,10.12],[-6.27,10.12],[-6.27,10.12],[-6.27,10.12],[-6.27,10.12],[-6.27,10.12],[-6.28,10.12],[-6.28,10.11],[-6.28,10.12],[-6.28,10.12],[-6.28,10.12],[-6.28,10.12],[-6.28,10.12],[-6.27,10.12],[-6.27,10.12],[-6.27,10.12],[-6.27,10.12],[-6.27,10.12],[-6.27,10.12],[-6.27,10.12],[-6.27,10.12],[-6.27,10.13],[-6.26,10.13],[-6.26,10.13],[-6.26,10.13],[-6.26,10.13],[-6.26,10.13],[-6.26,10.13],[-6.26,10.13],[-6.26,10.14],[-6.26,10.14],[-6.25,10.14],[-6.25,10.14],[-6.25,10.14],[-6.25,10.14],[-6.25,10.14],[-6.25,10.14],[-6.25,10.14],[-6.25,10.14],[-6.25,10.14],[-6.25,10.14],[-6.25,10.14],[-6.25,10.14],[-6.24,10.14],[-6.24,10.14],[-6.24,10.14],[-6.24,10.14],[-6.24,10.13],[-6.24,10.13],[-6.24,10.13],[-6.24,10.13],[-6.24,10.13],[-6.24,10.13],[-6.24,10.13],[-6.24,10.12],[-6.24,10.12],[-6.24,10.12],[-6.24,10.12],[-6.24,10.12],[-6.24,10.12],[-6.24,10.12],[-6.23,10.12],[-6.23,10.12],[-6.23,10.12],[-6.23,10.12],[-6.23,10.12],[-6.23,10.12],[-6.23,10.12],[-6.23,10.12],[-6.23,10.12],[-6.23,10.12],[-6.23,10.12],[-6.23,10.12],[-6.23,10.13],[-6.23,10.13],[-6.23,10.13],[-6.23,10.13],[-6.23,10.13],[-6.23,10.13],[-6.23,10.14],[-6.22,10.14],[-6.22,10.14],[-6.23,10.14],[-6.23,10.14],[-6.23,10.14],[-6.23,10.14],[-6.23,10.15],[-6.23,10.15],[-6.23,10.15],[-6.23,10.15],[-6.23,10.15],[-6.23,10.15],[-6.23,10.15],[-6.23,10.15],[-6.23,10.15],[-6.23,10.15],[-6.24,10.15],[-6.24,10.15],[-6.24,10.15],[-6.24,10.15],[-6.24,10.15],[-6.24,10.15],[-6.24,10.15],[-6.24,10.15],[-6.24,10.15],[-6.24,10.16],[-6.24,10.16],[-6.24,10.16],[-6.24,10.16],[-6.24,10.16],[-6.24,10.16],[-6.24,10.16],[-6.24,10.16],[-6.24,10.17],[-6.24,10.17],[-6.24,10.17],[-6.23,10.17],[-6.23,10.17],[-6.23,10.17],[-6.23,10.17],[-6.23,10.18],[-6.22,10.18],[-6.22,10.18],[-6.22,10.18],[-6.22,10.18],[-6.22,10.18],[-6.22,10.18],[-6.22,10.18],[-6.22,10.18],[-6.22,10.18],[-6.21,10.18],[-6.21,10.18],[-6.21,10.18],[-6.21,10.18],[-6.21,10.19],[-6.21,10.19],[-6.21,10.19],[-6.21,10.19],[-6.21,10.19],[-6.21,10.19],[-6.21,10.19],[-6.21,10.19],[-6.21,10.2],[-6.21,10.2],[-6.21,10.2],[-6.21,10.2],[-6.21,10.2],[-6.21,10.2],[-6.21,10.2],[-6.21,10.2],[-6.22,10.2],[-6.22,10.2],[-6.22,10.2],[-6.22,10.21],[-6.22,10.21],[-6.22,10.21],[-6.22,10.21],[-6.22,10.21],[-6.22,10.21],[-6.22,10.21],[-6.22,10.21],[-6.22,10.22],[-6.22,10.22],[-6.22,10.22],[-6.22,10.22],[-6.22,10.22],[-6.22,10.22],[-6.22,10.22],[-6.22,10.22],[-6.22,10.23],[-6.22,10.23],[-6.22,10.23],[-6.22,10.23],[-6.22,10.23],[-6.21,10.23],[-6.21,10.23],[-6.21,10.23],[-6.21,10.23],[-6.21,10.23],[-6.21,10.23],[-6.21,10.23],[-6.21,10.23],[-6.21,10.23],[-6.21,10.22],[-6.21,10.22],[-6.2,10.22],[-6.2,10.23],[-6.2,10.23],[-6.2,10.23],[-6.2,10.23],[-6.2,10.23],[-6.2,10.23],[-6.2,10.23],[-6.2,10.23],[-6.2,10.24],[-6.2,10.24],[-6.2,10.24],[-6.2,10.24],[-6.2,10.24],[-6.2,10.26],[-6.2,10.26],[-6.2,10.26],[-6.2,10.26],[-6.2,10.26],[-6.2,10.27],[-6.2,10.27],[-6.21,10.27],[-6.21,10.27],[-6.21,10.26],[-6.21,10.26],[-6.21,10.26],[-6.22,10.26],[-6.22,10.27],[-6.22,10.27],[-6.22,10.27],[-6.22,10.27],[-6.22,10.27],[-6.23,10.27],[-6.23,10.27],[-6.23,10.27],[-6.23,10.28],[-6.23,10.28],[-6.23,10.28],[-6.22,10.28],[-6.23,10.28],[-6.23,10.29],[-6.23,10.29],[-6.23,10.29],[-6.23,10.29],[-6.23,10.29],[-6.23,10.3],[-6.23,10.3],[-6.23,10.3],[-6.23,10.3],[-6.24,10.3],[-6.24,10.3],[-6.24,10.3],[-6.24,10.3],[-6.24,10.31],[-6.24,10.31],[-6.24,10.31],[-6.24,10.31],[-6.23,10.31],[-6.23,10.31],[-6.23,10.31],[-6.23,10.31],[-6.23,10.32],[-6.23,10.32],[-6.22,10.32],[-6.22,10.32],[-6.22,10.32],[-6.22,10.32],[-6.22,10.32],[-6.21,10.32],[-6.21,10.32],[-6.21,10.32],[-6.21,10.32],[-6.21,10.32],[-6.21,10.32],[-6.21,10.31],[-6.21,10.31],[-6.2,10.31],[-6.2,10.31],[-6.2,10.31],[-6.2,10.31],[-6.2,10.31],[-6.2,10.31],[-6.2,10.31],[-6.2,10.31],[-6.2,10.32],[-6.2,10.32],[-6.2,10.32],[-6.19,10.32],[-6.19,10.32],[-6.19,10.32],[-6.19,10.33],[-6.19,10.33],[-6.19,10.33],[-6.19,10.33],[-6.19,10.33],[-6.2,10.33],[-6.2,10.34],[-6.2,10.34],[-6.2,10.34],[-6.2,10.34],[-6.2,10.34],[-6.2,10.34],[-6.2,10.35],[-6.2,10.35],[-6.2,10.35],[-6.2,10.35],[-6.2,10.35],[-6.2,10.35],[-6.19,10.36],[-6.19,10.36],[-6.19,10.36],[-6.19,10.36],[-6.19,10.36],[-6.19,10.36],[-6.18,10.36],[-6.18,10.37],[-6.18,10.37],[-6.18,10.37],[-6.18,10.37],[-6.18,10.37],[-6.17,10.37],[-6.17,10.37],[-6.18,10.38],[-6.18,10.38],[-6.18,10.38],[-6.18,10.38],[-6.18,10.38],[-6.19,10.38],[-6.19,10.38],[-6.19,10.38],[-6.19,10.38],[-6.19,10.38],[-6.19,10.39],[-6.19,10.39],[-6.19,10.39],[-6.2,10.39],[-6.2,10.39],[-6.2,10.39],[-6.19,10.4],[-6.19,10.4],[-6.19,10.4],[-6.19,10.4],[-6.19,10.4],[-6.19,10.4],[-6.19,10.41],[-6.19,10.41],[-6.19,10.41],[-6.19,10.41],[-6.19,10.41],[-6.19,10.42],[-6.19,10.42],[-6.19,10.42],[-6.18,10.42],[-6.18,10.42],[-6.18,10.42],[-6.18,10.42],[-6.18,10.42],[-6.17,10.42],[-6.17,10.42],[-6.17,10.42],[-6.17,10.42],[-6.17,10.42],[-6.17,10.42],[-6.17,10.42],[-6.17,10.43],[-6.17,10.43],[-6.17,10.43],[-6.17,10.43],[-6.17,10.43],[-6.17,10.43],[-6.17,10.43],[-6.18,10.44],[-6.18,10.44],[-6.18,10.44],[-6.18,10.44],[-6.18,10.44],[-6.18,10.44],[-6.19,10.44],[-6.19,10.45],[-6.19,10.45],[-6.19,10.45],[-6.19,10.45],[-6.19,10.45],[-6.19,10.45],[-6.2,10.45],[-6.2,10.46],[-6.2,10.46],[-6.2,10.46],[-6.2,10.46],[-6.2,10.46],[-6.2,10.47],[-6.2,10.47],[-6.2,10.47],[-6.2,10.47],[-6.2,10.47],[-6.2,10.48],[-6.19,10.48],[-6.19,10.48],[-6.19,10.48],[-6.19,10.48],[-6.19,10.48],[-6.19,10.48],[-6.18,10.49],[-6.18,10.49],[-6.18,10.49],[-6.18,10.49],[-6.18,10.49],[-6.17,10.49],[-6.17,10.49],[-6.17,10.49],[-6.17,10.49],[-6.17,10.5],[-6.17,10.5],[-6.17,10.5],[-6.18,10.5],[-6.18,10.5],[-6.18,10.5],[-6.18,10.5],[-6.19,10.51],[-6.19,10.51],[-6.19,10.51],[-6.19,10.51],[-6.19,10.51],[-6.2,10.51],[-6.2,10.51],[-6.2,10.51],[-6.2,10.51],[-6.2,10.51],[-6.21,10.51],[-6.21,10.51],[-6.21,10.51],[-6.21,10.51],[-6.21,10.51],[-6.21,10.51],[-6.21,10.51],[-6.21,10.52],[-6.21,10.52],[-6.21,10.52],[-6.21,10.52],[-6.21,10.52],[-6.22,10.52],[-6.22,10.53],[-6.22,10.53],[-6.22,10.53],[-6.22,10.53],[-6.23,10.53],[-6.23,10.53],[-6.23,10.53],[-6.23,10.53],[-6.23,10.53],[-6.23,10.53],[-6.23,10.52],[-6.24,10.52],[-6.24,10.52],[-6.24,10.52],[-6.24,10.52],[-6.24,10.52],[-6.25,10.52],[-6.25,10.52],[-6.25,10.53],[-6.25,10.53],[-6.25,10.53],[-6.25,10.53],[-6.25,10.53],[-6.25,10.53],[-6.26,10.54],[-6.25,10.54],[-6.25,10.54],[-6.25,10.54],[-6.25,10.54],[-6.25,10.54],[-6.25,10.55],[-6.25,10.55],[-6.25,10.55],[-6.25,10.55],[-6.25,10.55],[-6.25,10.55],[-6.24,10.56],[-6.24,10.56],[-6.24,10.56],[-6.24,10.56],[-6.24,10.56],[-6.24,10.56],[-6.23,10.56],[-6.23,10.56],[-6.23,10.56],[-6.23,10.56],[-6.23,10.57],[-6.23,10.57],[-6.22,10.57],[-6.22,10.57],[-6.22,10.57],[-6.22,10.57],[-6.22,10.58],[-6.22,10.58],[-6.22,10.58],[-6.22,10.58],[-6.22,10.58],[-6.21,10.59],[-6.21,10.59],[-6.21,10.59],[-6.21,10.59],[-6.22,10.59],[-6.22,10.59],[-6.22,10.59],[-6.22,10.59],[-6.22,10.59],[-6.22,10.59],[-6.22,10.6],[-6.22,10.6],[-6.22,10.6],[-6.22,10.6],[-6.22,10.6],[-6.22,10.6],[-6.22,10.6],[-6.22,10.61],[-6.22,10.61],[-6.22,10.61],[-6.22,10.61],[-6.23,10.61],[-6.23,10.61],[-6.23,10.61],[-6.23,10.61],[-6.23,10.61],[-6.23,10.61],[-6.23,10.62],[-6.23,10.62],[-6.23,10.62],[-6.23,10.62],[-6.23,10.62],[-6.23,10.62],[-6.23,10.63],[-6.23,10.63],[-6.23,10.63],[-6.22,10.63],[-6.22,10.63],[-6.22,10.63],[-6.22,10.63],[-6.22,10.63],[-6.21,10.63],[-6.21,10.63],[-6.21,10.63],[-6.21,10.63],[-6.21,10.63],[-6.2,10.63],[-6.2,10.63],[-6.2,10.63],[-6.2,10.64],[-6.2,10.64],[-6.2,10.64],[-6.2,10.64],[-6.2,10.64],[-6.2,10.64],[-6.2,10.64],[-6.2,10.64],[-6.2,10.64],[-6.21,10.64],[-6.21,10.64],[-6.21,10.64],[-6.21,10.65],[-6.21,10.65],[-6.21,10.65],[-6.22,10.65],[-6.22,10.65],[-6.22,10.65],[-6.22,10.65],[-6.22,10.66],[-6.22,10.66],[-6.22,10.66],[-6.22,10.66],[-6.23,10.66],[-6.23,10.66],[-6.23,10.66],[-6.23,10.66],[-6.24,10.66],[-6.24,10.66],[-6.24,10.66],[-6.24,10.66],[-6.24,10.67],[-6.24,10.67],[-6.24,10.67],[-6.24,10.67],[-6.24,10.67],[-6.24,10.68],[-6.24,10.68],[-6.24,10.68],[-6.24,10.68],[-6.24,10.68],[-6.24,10.69],[-6.24,10.69],[-6.24,10.69],[-6.24,10.69],[-6.24,10.69],[-6.24,10.7],[-6.24,10.7],[-6.24,10.7],[-6.24,10.7],[-6.24,10.7],[-6.24,10.71],[-6.24,10.71],[-6.24,10.71],[-6.24,10.71],[-6.23,10.71],[-6.23,10.71],[-6.23,10.71],[-6.23,10.71],[-6.23,10.72],[-6.23,10.72],[-6.22,10.72],[-6.22,10.72],[-6.22,10.72],[-6.22,10.72],[-6.22,10.73],[-6.22,10.73],[-6.22,10.73],[-6.22,10.73],[-6.22,10.73],[-6.22,10.73],[-6.23,10.73],[-6.23,10.73],[-6.23,10.73],[-6.23,10.73]]]}},{"type":"Feature","properties":{"name":"Belier","code":"CI06","level":"region","status":"collected","schools":641,"students":127348,"girls":61239,"boys":66109,"district":"District Autonome De Yamoussoukro"},"geometry":{"type":"MultiPolygon","coordinates":[[[[-4.87,7.61],[-4.88,7.61],[-4.88,7.61],[-4.88,7.61],[-4.88,7.61],[-4.88,7.61],[-4.89,7.58],[-4.9,7.57],[-4.9,7.57],[-4.9,7.57],[-4.9,7.57],[-4.9,7.57],[-4.9,7.57],[-4.9,7.57],[-4.9,7.56],[-4.9,7.56],[-4.9,7.56],[-4.9,7.56],[-4.9,7.56],[-4.91,7.56],[-4.91,7.55],[-4.91,7.55],[-4.91,7.55],[-4.91,7.55],[-4.91,7.55],[-4.91,7.55],[-4.91,7.55],[-4.91,7.55],[-4.92,7.54],[-4.92,7.54],[-4.92,7.54],[-4.92,7.54],[-4.92,7.54],[-4.92,7.54],[-4.92,7.54],[-4.92,7.53],[-4.92,7.53],[-4.92,7.53],[-4.92,7.53],[-4.92,7.53],[-4.93,7.53],[-4.93,7.53],[-4.93,7.53],[-4.93,7.52],[-4.93,7.52],[-4.93,7.52],[-4.93,7.52],[-4.93,7.52],[-4.93,7.52],[-4.93,7.52],[-4.93,7.51],[-4.93,7.51],[-4.93,7.51],[-4.93,7.51],[-4.93,7.51],[-4.93,7.51],[-4.93,7.5],[-4.93,7.5],[-4.93,7.5],[-4.93,7.5],[-4.93,7.5],[-4.93,7.5],[-4.93,7.49],[-4.93,7.48],[-4.93,7.48],[-4.93,7.48],[-4.93,7.48],[-4.93,7.48],[-4.94,7.48],[-4.94,7.48],[-4.94,7.48],[-4.94,7.49],[-4.95,7.49],[-4.95,7.48],[-4.95,7.48],[-4.95,7.48],[-4.95,7.48],[-4.96,7.48],[-4.96,7.48],[-4.96,7.49],[-4.96,7.49],[-4.96,7.49],[-4.96,7.49],[-4.97,7.49],[-4.97,7.49],[-4.97,7.49],[-4.97,7.49],[-4.97,7.49],[-4.97,7.49],[-4.97,7.49],[-4.97,7.48],[-4.98,7.48],[-4.98,7.48],[-4.98,7.48],[-4.98,7.48],[-4.98,7.48],[-4.98,7.47],[-4.99,7.47],[-4.99,7.47],[-4.99,7.47],[-4.99,7.47],[-4.99,7.46],[-4.99,7.46],[-4.99,7.46],[-4.99,7.47],[-4.99,7.47],[-5.0,7.47],[-5.0,7.47],[-5.0,7.47],[-5.0,7.47],[-5.02,7.46],[-5.02,7.46],[-5.03,7.46],[-5.03,7.45],[-5.03,7.45],[-5.03,7.45],[-5.03,7.45],[-5.03,7.45],[-5.04,7.45],[-5.04,7.44],[-5.04,7.44],[-5.04,7.44],[-5.04,7.44],[-5.04,7.44],[-5.04,7.44],[-5.05,7.43],[-5.05,7.43],[-5.05,7.43],[-5.05,7.42],[-5.05,7.42],[-5.06,7.41],[-5.06,7.41],[-5.06,7.41],[-5.06,7.41],[-5.06,7.41],[-5.06,7.41],[-5.07,7.41],[-5.07,7.41],[-5.07,7.41],[-5.07,7.41],[-5.08,7.41],[-5.08,7.41],[-5.08,7.41],[-5.08,7.41],[-5.08,7.41],[-5.09,7.41],[-5.09,7.41],[-5.09,7.41],[-5.09,7.41],[-5.09,7.41],[-5.1,7.41],[-5.1,7.41],[-5.1,7.4],[-5.1,7.4],[-5.1,7.4],[-5.11,7.4],[-5.11,7.4],[-5.11,7.4],[-5.11,7.4],[-5.12,7.4],[-5.12,7.4],[-5.12,7.4],[-5.11,7.39],[-5.11,7.39],[-5.11,7.39],[-5.11,7.39],[-5.11,7.38],[-5.12,7.38],[-5.12,7.38],[-5.12,7.38],[-5.12,7.38],[-5.12,7.37],[-5.12,7.37],[-5.12,7.37],[-5.12,7.37],[-5.12,7.37],[-5.12,7.37],[-5.12,7.37],[-5.13,7.36],[-5.13,7.36],[-5.13,7.36],[-5.13,7.36],[-5.13,7.36],[-5.14,7.36],[-5.14,7.36],[-5.14,7.35],[-5.14,7.35],[-5.14,7.35],[-5.15,7.35],[-5.15,7.35],[-5.15,7.35],[-5.15,7.35],[-5.16,7.35],[-5.16,7.35],[-5.16,7.35],[-5.16,7.34],[-5.16,7.34],[-5.17,7.34],[-5.17,7.35],[-5.17,7.35],[-5.17,7.35],[-5.17,7.34],[-5.18,7.34],[-5.18,7.34],[-5.18,7.34],[-5.18,7.34],[-5.18,7.34],[-5.18,7.33],[-5.19,7.33],[-5.19,7.33],[-5.19,7.33],[-5.19,7.33],[-5.19,7.33],[-5.2,7.33],[-5.2,7.33],[-5.2,7.33],[-5.2,7.32],[-5.2,7.32],[-5.2,7.32],[-5.2,7.32],[-5.2,7.32],[-5.2,7.32],[-5.21,7.31],[-5.21,7.31],[-5.21,7.31],[-5.21,7.31],[-5.21,7.3],[-5.21,7.3],[-5.21,7.3],[-5.21,7.3],[-5.21,7.3],[-5.21,7.29],[-5.21,7.29],[-5.21,7.29],[-5.21,7.29],[-5.21,7.29],[-5.23,7.28],[-5.23,7.28],[-5.23,7.28],[-5.24,7.28],[-5.24,7.28],[-5.24,7.28],[-5.24,7.29],[-5.24,7.29],[-5.25,7.29],[-5.25,7.29],[-5.25,7.28],[-5.25,7.28],[-5.25,7.28],[-5.25,7.28],[-5.26,7.28],[-5.26,7.27],[-5.26,7.27],[-5.26,7.27],[-5.26,7.27],[-5.26,7.27],[-5.26,7.27],[-5.27,7.26],[-5.27,7.26],[-5.27,7.26],[-5.27,7.26],[-5.27,7.26],[-5.27,7.26],[-5.27,7.26],[-5.28,7.26],[-5.28,7.25],[-5.28,7.25],[-5.28,7.25],[-5.28,7.25],[-5.28,7.25],[-5.28,7.25],[-5.28,7.24],[-5.28,7.24],[-5.29,7.24],[-5.29,7.24],[-5.29,7.24],[-5.29,7.24],[-5.29,7.23],[-5.29,7.23],[-5.29,7.23],[-5.29,7.23],[-5.29,7.23],[-5.29,7.23],[-5.3,7.23],[-5.3,7.23],[-5.3,7.23],[-5.3,7.23],[-5.3,7.23],[-5.3,7.24],[-5.3,7.24],[-5.31,7.24],[-5.31,7.24],[-5.31,7.24],[-5.31,7.24],[-5.31,7.24],[-5.32,7.24],[-5.32,7.24],[-5.32,7.24],[-5.32,7.24],[-5.32,7.24],[-5.33,7.24],[-5.33,7.24],[-5.33,7.24],[-5.33,7.24],[-5.33,7.24],[-5.34,7.24],[-5.34,7.24],[-5.34,7.24],[-5.34,7.24],[-5.35,7.24],[-5.35,7.24],[-5.35,7.24],[-5.35,7.24],[-5.35,7.24],[-5.36,7.24],[-5.36,7.24],[-5.36,7.24],[-5.37,7.24],[-5.37,7.24],[-5.37,7.24],[-5.38,7.24],[-5.38,7.24],[-5.38,7.24],[-5.38,7.24],[-5.39,7.24],[-5.39,7.24],[-5.39,7.24],[-5.39,7.24],[-5.39,7.24],[-5.39,7.24],[-5.4,7.25],[-5.4,7.25],[-5.4,7.25],[-5.4,7.25],[-5.4,7.25],[-5.4,7.25],[-5.4,7.26],[-5.4,7.26],[-5.4,7.26],[-5.4,7.26],[-5.4,7.27],[-5.4,7.27],[-5.4,7.27],[-5.41,7.27],[-5.41,7.27],[-5.41,7.28],[-5.41,7.28],[-5.41,7.28],[-5.43,7.28],[-5.43,7.29],[-5.43,7.3],[-5.44,7.31],[-5.45,7.31],[-5.46,7.3],[-5.46,7.3],[-5.47,7.3],[-5.47,7.3],[-5.47,7.3],[-5.47,7.3],[-5.48,7.31],[-5.48,7.31],[-5.48,7.31],[-5.48,7.3],[-5.48,7.3],[-5.49,7.3],[-5.49,7.3],[-5.49,7.3],[-5.49,7.3],[-5.49,7.3],[-5.5,7.3],[-5.5,7.3],[-5.5,7.29],[-5.5,7.29],[-5.5,7.29],[-5.5,7.29],[-5.51,7.29],[-5.51,7.29],[-5.51,7.29],[-5.52,7.29],[-5.52,7.29],[-5.52,7.29],[-5.53,7.29],[-5.53,7.29],[-5.53,7.29],[-5.54,7.29],[-5.54,7.29],[-5.54,7.29],[-5.55,7.29],[-5.55,7.29],[-5.55,7.28],[-5.56,7.28],[-5.56,7.28],[-5.56,7.28],[-5.57,7.28],[-5.57,7.28],[-5.57,7.28],[-5.57,7.28],[-5.58,7.28],[-5.58,7.28],[-5.58,7.28],[-5.58,7.27],[-5.58,7.27],[-5.59,7.27],[-5.59,7.27],[-5.59,7.27],[-5.59,7.27],[-5.6,7.27],[-5.6,7.27],[-5.6,7.27],[-5.61,7.27],[-5.61,7.27],[-5.61,7.27],[-5.61,7.27],[-5.61,7.27],[-5.61,7.27],[-5.62,7.27],[-5.62,7.27],[-5.62,7.27],[-5.62,7.27],[-5.62,7.27],[-5.63,7.27],[-5.63,7.27],[-5.63,7.27],[-5.63,7.27],[-5.64,7.27],[-5.64,7.27],[-5.64,7.26],[-5.64,7.26],[-5.64,7.26],[-5.64,7.26],[-5.64,7.26],[-5.65,7.26],[-5.65,7.25],[-5.65,7.25],[-5.65,7.25],[-5.65,7.25],[-5.65,7.25],[-5.65,7.25],[-5.65,7.24],[-5.65,7.24],[-5.65,7.24],[-5.65,7.24],[-5.66,7.24],[-5.66,7.24],[-5.66,7.23],[-5.66,7.23],[-5.66,7.23],[-5.66,7.24],[-5.67,7.24],[-5.67,7.24],[-5.67,7.24],[-5.67,7.24],[-5.67,7.24],[-5.67,7.24],[-5.68,7.23],[-5.68,7.23],[-5.68,7.23],[-5.68,7.23],[-5.68,7.22],[-5.67,7.22],[-5.67,7.22],[-5.67,7.22],[-5.67,7.22],[-5.67,7.21],[-5.67,7.21],[-5.67,7.21],[-5.66,7.21],[-5.66,7.21],[-5.66,7.21],[-5.66,7.21],[-5.66,7.2],[-5.65,7.2],[-5.65,7.2],[-5.65,7.2],[-5.65,7.2],[-5.65,7.2],[-5.64,7.2],[-5.64,7.2],[-5.64,7.2],[-5.64,7.2],[-5.63,7.2],[-5.63,7.2],[-5.63,7.2],[-5.63,7.2],[-5.63,7.19],[-5.63,7.19],[-5.62,7.19],[-5.62,7.19],[-5.62,7.19],[-5.62,7.19],[-5.62,7.19],[-5.62,7.19],[-5.61,7.19],[-5.61,7.19],[-5.61,7.19],[-5.61,7.19],[-5.61,7.19],[-5.61,7.19],[-5.6,7.19],[-5.6,7.18],[-5.6,7.18],[-5.6,7.18],[-5.6,7.18],[-5.6,7.17],[-5.6,7.17],[-5.6,7.17],[-5.6,7.17],[-5.61,7.17],[-5.61,7.17],[-5.61,7.16],[-5.61,7.16],[-5.61,7.16],[-5.61,7.16],[-5.61,7.16],[-5.61,7.16],[-5.61,7.15],[-5.61,7.15],[-5.61,7.15],[-5.6,7.15],[-5.6,7.15],[-5.6,7.15],[-5.6,7.15],[-5.6,7.15],[-5.59,7.14],[-5.59,7.14],[-5.59,7.14],[-5.59,7.14],[-5.59,7.14],[-5.59,7.14],[-5.58,7.14],[-5.58,7.14],[-5.58,7.14],[-5.58,7.14],[-5.58,7.14],[-5.57,7.14],[-5.57,7.14],[-5.57,7.14],[-5.57,7.14],[-5.57,7.14],[-5.56,7.14],[-5.56,7.14],[-5.56,7.14],[-5.56,7.14],[-5.55,7.14],[-5.55,7.14],[-5.55,7.14],[-5.55,7.14],[-5.55,7.15],[-5.55,7.15],[-5.55,7.15],[-5.55,7.15],[-5.54,7.15],[-5.54,7.16],[-5.54,7.16],[-5.54,7.16],[-5.54,7.16],[-5.54,7.16],[-5.53,7.16],[-5.53,7.16],[-5.53,7.16],[-5.53,7.16],[-5.52,7.16],[-5.52,7.16],[-5.52,7.16],[-5.52,7.16],[-5.51,7.15],[-5.51,7.15],[-5.51,7.15],[-5.51,7.15],[-5.51,7.15],[-5.51,7.15],[-5.5,7.15],[-5.5,7.15],[-5.5,7.14],[-5.5,7.14],[-5.5,7.14],[-5.5,7.14],[-5.49,7.14],[-5.49,7.14],[-5.49,7.14],[-5.49,7.14],[-5.49,7.14],[-5.48,7.14],[-5.48,7.14],[-5.48,7.14],[-5.48,7.13],[-5.48,7.13],[-5.48,7.13],[-5.48,7.13],[-5.49,7.13],[-5.49,7.12],[-5.49,7.12],[-5.49,7.12],[-5.49,7.12],[-5.49,7.12],[-5.49,7.12],[-5.49,7.11],[-5.49,7.11],[-5.5,7.11],[-5.5,7.11],[-5.5,7.11],[-5.5,7.11],[-5.5,7.11],[-5.5,7.1],[-5.5,7.1],[-5.5,7.1],[-5.5,7.1],[-5.5,7.09],[-5.5,7.09],[-5.5,7.09],[-5.49,7.09],[-5.49,7.08],[-5.49,7.08],[-5.49,7.08],[-5.49,7.08],[-5.49,7.08],[-5.49,7.08],[-5.49,7.07],[-5.49,7.07],[-5.49,7.07],[-5.49,7.07],[-5.49,7.06],[-5.49,7.06],[-5.49,7.06],[-5.49,7.06],[-5.49,7.05],[-5.49,7.05],[-5.49,7.05],[-5.49,7.05],[-5.48,7.05],[-5.48,7.05],[-5.48,7.05],[-5.48,7.05],[-5.47,7.05],[-5.47,7.05],[-5.47,7.05],[-5.47,7.05],[-5.47,7.04],[-5.47,7.04],[-5.46,7.04],[-5.46,7.04],[-5.46,7.04],[-5.46,7.04],[-5.46,7.04],[-5.45,7.04],[-5.45,7.04],[-5.45,7.04],[-5.45,7.04],[-5.45,7.04],[-5.45,7.04],[-5.45,7.04],[-5.45,7.04],[-5.44,7.04],[-5.44,7.04],[-5.44,7.04],[-5.44,7.04],[-5.44,7.04],[-5.44,7.04],[-5.44,7.04],[-5.44,7.04],[-5.43,7.04],[-5.43,7.04],[-5.43,7.04],[-5.43,7.04],[-5.43,7.04],[-5.43,7.05],[-5.43,7.05],[-5.42,7.05],[-5.42,7.05],[-5.42,7.05],[-5.42,7.05],[-5.42,7.05],[-5.42,7.05],[-5.41,7.05],[-5.41,7.05],[-5.41,7.05],[-5.41,7.05],[-5.41,7.05],[-5.41,7.05],[-5.41,7.05],[-5.4,7.05],[-5.4,7.05],[-5.4,7.05],[-5.4,7.05],[-5.4,7.05],[-5.4,7.05],[-5.4,7.06],[-5.39,7.06],[-5.39,7.06],[-5.39,7.06],[-5.39,7.06],[-5.39,7.06],[-5.39,7.06],[-5.39,7.06],[-5.39,7.06],[-5.38,7.06],[-5.38,7.06],[-5.38,7.07],[-5.38,7.07],[-5.38,7.07],[-5.38,7.07],[-5.38,7.07],[-5.38,7.07],[-5.38,7.07],[-5.37,7.07],[-5.37,7.07],[-5.37,7.07],[-5.37,7.07],[-5.37,7.07],[-5.37,7.07],[-5.36,7.07],[-5.36,7.07],[-5.36,7.07],[-5.36,7.07],[-5.36,7.07],[-5.36,7.07],[-5.36,7.07],[-5.35,7.07],[-5.35,7.07],[-5.34,7.07],[-5.34,7.07],[-5.34,7.07],[-5.33,7.07],[-5.33,7.07],[-5.33,7.07],[-5.33,7.08],[-5.33,7.08],[-5.33,7.08],[-5.33,7.08],[-5.33,7.08],[-5.33,7.08],[-5.32,7.08],[-5.32,7.08],[-5.32,7.08],[-5.32,7.08],[-5.32,7.08],[-5.32,7.08],[-5.32,7.08],[-5.32,7.08],[-5.31,7.08],[-5.31,7.08],[-5.31,7.08],[-5.31,7.08],[-5.31,7.08],[-5.31,7.08],[-5.3,7.08],[-5.3,7.08],[-5.3,7.08],[-5.3,7.08],[-5.3,7.07],[-5.3,7.07],[-5.3,7.07],[-5.29,7.07],[-5.29,7.07],[-5.29,7.07],[-5.29,7.07],[-5.29,7.07],[-5.29,7.07],[-5.29,7.07],[-5.29,7.07],[-5.28,7.07],[-5.28,7.07],[-5.28,7.06],[-5.28,7.06],[-5.28,7.06],[-5.28,7.06],[-5.28,7.06],[-5.27,7.06],[-5.27,7.06],[-5.27,7.06],[-5.27,7.06],[-5.27,7.06],[-5.27,7.06],[-5.26,7.06],[-5.26,7.06],[-5.26,7.06],[-5.26,7.06],[-5.26,7.06],[-5.26,7.06],[-5.26,7.06],[-5.25,7.06],[-5.25,7.06],[-5.25,7.06],[-5.25,7.06],[-5.25,7.06],[-5.24,7.06],[-5.24,7.06],[-5.24,7.06],[-5.24,7.06],[-5.24,7.06],[-5.24,7.06],[-5.24,7.06],[-5.23,7.06],[-5.23,7.06],[-5.23,7.06],[-5.23,7.05],[-5.23,7.05],[-5.23,7.05],[-5.23,7.05],[-5.22,7.05],[-5.22,7.05],[-5.22,7.05],[-5.22,7.05],[-5.22,7.05],[-5.22,7.04],[-5.22,7.04],[-5.22,7.04],[-5.22,7.04],[-5.22,7.04],[-5.22,7.04],[-5.21,7.04],[-5.21,7.04],[-5.21,7.04],[-5.21,7.04],[-5.21,7.04],[-5.21,7.04],[-5.21,7.04],[-5.21,7.04],[-5.2,7.04],[-5.2,7.04],[-5.2,7.04],[-5.2,7.04],[-5.2,7.04],[-5.2,7.04],[-5.19,7.04],[-5.19,7.04],[-5.19,7.04],[-5.19,7.04],[-5.19,7.04],[-5.19,7.03],[-5.18,7.03],[-5.18,7.03],[-5.18,7.03],[-5.18,7.03],[-5.18,7.03],[-5.18,7.03],[-5.18,7.03],[-5.17,7.03],[-5.17,7.03],[-5.17,7.03],[-5.17,7.03],[-5.17,7.03],[-5.17,7.03],[-5.17,7.03],[-5.17,7.03],[-5.16,7.03],[-5.16,7.03],[-5.16,7.03],[-5.16,7.03],[-5.16,7.03],[-5.15,7.03],[-5.15,7.03],[-5.15,7.03],[-5.15,7.03],[-5.15,7.03],[-5.15,7.03],[-5.15,7.03],[-5.15,7.03],[-5.14,7.03],[-5.14,7.03],[-5.14,7.03],[-5.14,7.03],[-5.14,7.03],[-5.14,7.03],[-5.14,7.03],[-5.13,7.03],[-5.13,7.03],[-5.13,7.03],[-5.13,7.03],[-5.13,7.03],[-5.13,7.03],[-5.13,7.03],[-5.12,7.03],[-5.12,7.03],[-5.12,7.03],[-5.12,7.03],[-5.12,7.02],[-5.12,7.02],[-5.13,7.02],[-5.13,7.02],[-5.13,7.02],[-5.13,7.02],[-5.13,7.02],[-5.13,7.02],[-5.13,7.02],[-5.13,7.01],[-5.12,7.01],[-5.12,7.01],[-5.12,7.01],[-5.12,7.01],[-5.12,7.01],[-5.12,7.01],[-5.12,7.01],[-5.12,7.01],[-5.12,7.0],[-5.12,7.0],[-5.12,7.0],[-5.12,7.0],[-5.12,7.0],[-5.12,7.0],[-5.12,7.0],[-5.12,7.0],[-5.12,7.0],[-5.11,7.0],[-5.11,7.0],[-5.11,7.0],[-5.11,7.0],[-5.11,6.99],[-5.11,6.99],[-5.11,6.99],[-5.11,6.99],[-5.11,6.99],[-5.1,6.99],[-5.1,6.99],[-5.1,6.99],[-5.1,6.99],[-5.1,6.99],[-5.1,6.99],[-5.1,6.99],[-5.1,6.99],[-5.09,6.99],[-5.09,6.99],[-5.09,6.99],[-5.09,6.98],[-5.09,6.98],[-5.09,6.98],[-5.09,6.98],[-5.09,6.98],[-5.09,6.98],[-5.09,6.98],[-5.09,6.98],[-5.09,6.98],[-5.08,6.98],[-5.08,6.98],[-5.08,6.98],[-5.08,6.98],[-5.08,6.98],[-5.08,6.98],[-5.08,6.98],[-5.08,6.98],[-5.08,6.98],[-5.07,6.98],[-5.07,6.98],[-5.07,6.98],[-5.07,6.98],[-5.07,6.98],[-5.07,6.98],[-5.06,6.98],[-5.06,6.98],[-5.06,6.98],[-5.06,6.98],[-5.06,6.98],[-5.06,6.98],[-5.05,6.97],[-5.05,6.97],[-5.05,6.97],[-5.05,6.97],[-5.05,6.97],[-5.05,6.97],[-5.05,6.97],[-5.05,6.97],[-5.05,6.97],[-5.05,6.96],[-5.05,6.96],[-5.05,6.96],[-5.05,6.96],[-5.05,6.96],[-5.04,6.96],[-5.04,6.96],[-5.04,6.96],[-5.04,6.96],[-5.04,6.95],[-5.04,6.95],[-5.04,6.95],[-5.04,6.95],[-5.04,6.95],[-5.04,6.95],[-5.04,6.95],[-5.04,6.95],[-5.04,6.94],[-5.04,6.94],[-5.04,6.94],[-5.03,6.94],[-5.03,6.94],[-5.03,6.94],[-5.03,6.94],[-5.03,6.93],[-5.03,6.93],[-5.04,6.93],[-5.03,6.93],[-5.03,6.93],[-5.03,6.93],[-5.03,6.92],[-5.03,6.92],[-5.03,6.92],[-5.03,6.92],[-5.03,6.92],[-5.03,6.92],[-5.03,6.92],[-5.03,6.92],[-5.03,6.91],[-5.03,6.91],[-5.03,6.91],[-5.03,6.91],[-5.03,6.91],[-5.03,6.91],[-5.03,6.91],[-5.03,6.91],[-5.03,6.91],[-5.03,6.91],[-5.03,6.91],[-5.03,6.9],[-5.03,6.9],[-5.02,6.9],[-5.02,6.9],[-5.02,6.9],[-5.02,6.9],[-5.02,6.9],[-5.01,6.9],[-5.01,6.9],[-5.01,6.9],[-5.01,6.9],[-5.01,6.9],[-5.01,6.9],[-5.01,6.9],[-5.01,6.89],[-5.01,6.89],[-5.0,6.89],[-5.01,6.89],[-5.0,6.89],[-5.0,6.89],[-5.0,6.89],[-5.0,6.89],[-5.0,6.89],[-5.0,6.89],[-5.0,6.89],[-5.0,6.89],[-4.99,6.89],[-4.99,6.89],[-4.99,6.89],[-4.99,6.89],[-4.99,6.89],[-4.99,6.89],[-4.99,6.88],[-4.99,6.88],[-4.99,6.88],[-4.99,6.88],[-4.99,6.88],[-4.99,6.88],[-4.99,6.88],[-4.99,6.88],[-4.99,6.87],[-4.99,6.87],[-4.99,6.87],[-4.99,6.87],[-4.99,6.87],[-4.99,6.87],[-4.99,6.87],[-4.99,6.86],[-4.99,6.86],[-4.99,6.86],[-4.99,6.86],[-4.99,6.86],[-4.99,6.86],[-4.99,6.86],[-4.99,6.85],[-4.98,6.85],[-4.98,6.85],[-4.98,6.85],[-4.98,6.85],[-4.98,6.85],[-4.98,6.85],[-4.98,6.85],[-4.98,6.84],[-4.98,6.84],[-4.98,6.84],[-4.98,6.84],[-4.98,6.84],[-4.98,6.84],[-4.98,6.84],[-4.98,6.84],[-4.98,6.84],[-4.97,6.84],[-4.97,6.83],[-4.97,6.83],[-4.97,6.83],[-4.97,6.84],[-4.97,6.84],[-4.97,6.84],[-4.97,6.84],[-4.97,6.84],[-4.97,6.84],[-4.97,6.84],[-4.97,6.84],[-4.96,6.84],[-4.96,6.85],[-4.96,6.85],[-4.96,6.85],[-4.95,6.85],[-4.95,6.85],[-4.95,6.85],[-4.95,6.85],[-4.95,6.85],[-4.94,6.85],[-4.94,6.85],[-4.93,6.85],[-4.93,6.85],[-4.93,6.85],[-4.93,6.85],[-4.92,6.85],[-4.92,6.85],[-4.92,6.85],[-4.91,6.85],[-4.91,6.85],[-4.91,6.85],[-4.91,6.85],[-4.9,6.85],[-4.9,6.84],[-4.9,6.84],[-4.89,6.84],[-4.89,6.84],[-4.89,6.84],[-4.89,6.84],[-4.89,6.84],[-4.89,6.84],[-4.88,6.84],[-4.88,6.84],[-4.88,6.84],[-4.88,6.84],[-4.88,6.84],[-4.88,6.85],[-4.87,6.85],[-4.87,6.85],[-4.87,6.85],[-4.87,6.85],[-4.87,6.85],[-4.87,6.85],[-4.87,6.85],[-4.86,6.85],[-4.86,6.85],[-4.86,6.85],[-4.86,6.85],[-4.86,6.85],[-4.86,6.85],[-4.85,6.85],[-4.85,6.86],[-4.85,6.86],[-4.85,6.86],[-4.85,6.86],[-4.85,6.86],[-4.85,6.86],[-4.84,6.86],[-4.84,6.86],[-4.84,6.87],[-4.84,6.87],[-4.82,6.88],[-4.82,6.88],[-4.82,6.88],[-4.82,6.88],[-4.81,6.88],[-4.81,6.87],[-4.81,6.87],[-4.81,6.87],[-4.81,6.87],[-4.8,6.88],[-4.8,6.88],[-4.8,6.88],[-4.8,6.88],[-4.8,6.88],[-4.79,6.88],[-4.79,6.88],[-4.79,6.88],[-4.79,6.88],[-4.79,6.88],[-4.79,6.88],[-4.79,6.89],[-4.79,6.89],[-4.79,6.89],[-4.8,6.89],[-4.8,6.89],[-4.8,6.89],[-4.8,6.9],[-4.8,6.9],[-4.8,6.9],[-4.8,6.9],[-4.8,6.9],[-4.8,6.9],[-4.8,6.91],[-4.8,6.91],[-4.8,6.91],[-4.8,6.91],[-4.8,6.91],[-4.8,6.92],[-4.8,6.92],[-4.8,6.92],[-4.8,6.92],[-4.8,6.92],[-4.8,6.92],[-4.8,6.92],[-4.8,6.93],[-4.8,6.93],[-4.8,6.93],[-4.8,6.93],[-4.8,6.93],[-4.8,6.93],[-4.8,6.93],[-4.8,6.94],[-4.8,6.94],[-4.81,6.94],[-4.81,6.94],[-4.81,6.94],[-4.8,6.94],[-4.8,6.94],[-4.8,6.95],[-4.8,6.95],[-4.8,6.95],[-4.8,6.95],[-4.8,6.95],[-4.8,6.95],[-4.8,6.96],[-4.8,6.96],[-4.79,6.96],[-4.79,6.96],[-4.79,6.96],[-4.79,6.97],[-4.79,6.97],[-4.78,6.98],[-4.78,6.98],[-4.81,7.04],[-4.78,7.05],[-4.78,7.06],[-4.78,7.06],[-4.78,7.06],[-4.78,7.06],[-4.77,7.06],[-4.77,7.06],[-4.77,7.06],[-4.76,7.1],[-4.76,7.11],[-4.76,7.11],[-4.76,7.11],[-4.76,7.11],[-4.76,7.12],[-4.76,7.12],[-4.76,7.13],[-4.76,7.14],[-4.76,7.14],[-4.76,7.14],[-4.76,7.14],[-4.75,7.14],[-4.75,7.15],[-4.75,7.15],[-4.75,7.15],[-4.75,7.16],[-4.75,7.16],[-4.75,7.16],[-4.75,7.16],[-4.75,7.16],[-4.75,7.17],[-4.75,7.17],[-4.75,7.17],[-4.75,7.17],[-4.75,7.17],[-4.75,7.17],[-4.75,7.18],[-4.75,7.18],[-4.75,7.18],[-4.75,7.18],[-4.75,7.18],[-4.75,7.18],[-4.75,7.19],[-4.75,7.19],[-4.75,7.19],[-4.75,7.19],[-4.75,7.19],[-4.75,7.19],[-4.75,7.2],[-4.75,7.2],[-4.75,7.2],[-4.75,7.2],[-4.74,7.2],[-4.74,7.2],[-4.74,7.21],[-4.74,7.21],[-4.74,7.21],[-4.74,7.21],[-4.74,7.21],[-4.74,7.21],[-4.74,7.21],[-4.74,7.22],[-4.74,7.22],[-4.7,7.24],[-4.7,7.24],[-4.7,7.24],[-4.7,7.24],[-4.7,7.24],[-4.71,7.25],[-4.71,7.25],[-4.71,7.25],[-4.71,7.25],[-4.71,7.25],[-4.71,7.25],[-4.71,7.26],[-4.71,7.26],[-4.71,7.26],[-4.71,7.26],[-4.71,7.26],[-4.71,7.26],[-4.71,7.26],[-4.71,7.27],[-4.71,7.27],[-4.71,7.27],[-4.71,7.27],[-4.71,7.28],[-4.71,7.28],[-4.71,7.28],[-4.71,7.28],[-4.71,7.28],[-4.72,7.29],[-4.72,7.29],[-4.72,7.29],[-4.72,7.29],[-4.72,7.29],[-4.72,7.29],[-4.72,7.3],[-4.73,7.3],[-4.73,7.3],[-4.73,7.3],[-4.73,7.3],[-4.73,7.31],[-4.73,7.31],[-4.73,7.31],[-4.73,7.31],[-4.73,7.32],[-4.73,7.32],[-4.73,7.32],[-4.73,7.32],[-4.74,7.32],[-4.74,7.32],[-4.74,7.33],[-4.74,7.33],[-4.74,7.33],[-4.74,7.33],[-4.74,7.33],[-4.74,7.34],[-4.74,7.34],[-4.74,7.34],[-4.74,7.34],[-4.74,7.34],[-4.74,7.35],[-4.74,7.35],[-4.74,7.35],[-4.74,7.35],[-4.74,7.36],[-4.74,7.36],[-4.74,7.36],[-4.74,7.36],[-4.75,7.36],[-4.75,7.37],[-4.75,7.37],[-4.75,7.37],[-4.75,7.37],[-4.75,7.38],[-4.75,7.38],[-4.75,7.38],[-4.75,7.39],[-4.75,7.39],[-4.75,7.39],[-4.75,7.4],[-4.75,7.4],[-4.75,7.4],[-4.75,7.4],[-4.75,7.4],[-4.75,7.41],[-4.75,7.41],[-4.75,7.41],[-4.75,7.41],[-4.75,7.41],[-4.75,7.41],[-4.75,7.41],[-4.76,7.42],[-4.76,7.42],[-4.76,7.42],[-4.76,7.42],[-4.76,7.42],[-4.76,7.42],[-4.76,7.42],[-4.76,7.43],[-4.76,7.43],[-4.76,7.43],[-4.76,7.43],[-4.76,7.43],[-4.74,7.44],[-4.73,7.45],[-4.69,7.47],[-4.68,7.47],[-4.68,7.47],[-4.68,7.47],[-4.68,7.48],[-4.67,7.48],[-4.67,7.48],[-4.67,7.47],[-4.67,7.48],[-4.67,7.47],[-4.66,7.48],[-4.66,7.48],[-4.66,7.48],[-4.66,7.48],[-4.66,7.48],[-4.65,7.48],[-4.65,7.48],[-4.65,7.49],[-4.65,7.49],[-4.65,7.49],[-4.65,7.49],[-4.65,7.49],[-4.65,7.5],[-4.65,7.5],[-4.65,7.5],[-4.65,7.5],[-4.65,7.5],[-4.65,7.51],[-4.65,7.51],[-4.65,7.51],[-4.65,7.51],[-4.65,7.51],[-4.66,7.52],[-4.66,7.52],[-4.65,7.52],[-4.65,7.52],[-4.65,7.52],[-4.65,7.53],[-4.65,7.53],[-4.65,7.53],[-4.66,7.53],[-4.66,7.53],[-4.66,7.53],[-4.66,7.53],[-4.67,7.53],[-4.67,7.53],[-4.67,7.53],[-4.67,7.53],[-4.67,7.53],[-4.67,7.53],[-4.67,7.52],[-4.67,7.52],[-4.68,7.52],[-4.68,7.52],[-4.68,7.52],[-4.68,7.52],[-4.68,7.52],[-4.69,7.52],[-4.69,7.52],[-4.69,7.52],[-4.69,7.52],[-4.69,7.52],[-4.7,7.52],[-4.7,7.52],[-4.7,7.52],[-4.7,7.52],[-4.7,7.52],[-4.7,7.52],[-4.71,7.52],[-4.71,7.52],[-4.71,7.53],[-4.71,7.53],[-4.71,7.53],[-4.71,7.53],[-4.71,7.53],[-4.72,7.53],[-4.72,7.53],[-4.72,7.53],[-4.72,7.53],[-4.72,7.53],[-4.72,7.53],[-4.72,7.53],[-4.73,7.53],[-4.73,7.53],[-4.73,7.53],[-4.73,7.53],[-4.73,7.53],[-4.73,7.53],[-4.73,7.53],[-4.74,7.53],[-4.74,7.53],[-4.74,7.53],[-4.74,7.53],[-4.74,7.54],[-4.74,7.54],[-4.74,7.54],[-4.74,7.54],[-4.74,7.54],[-4.74,7.55],[-4.74,7.55],[-4.75,7.55],[-4.75,7.55],[-4.75,7.55],[-4.75,7.55],[-4.75,7.56],[-4.76,7.56],[-4.76,7.56],[-4.78,7.58],[-4.79,7.57],[-4.79,7.57],[-4.79,7.56],[-4.79,7.57],[-4.8,7.57],[-4.8,7.57],[-4.8,7.57],[-4.81,7.57],[-4.81,7.57],[-4.81,7.57],[-4.81,7.57],[-4.82,7.57],[-4.82,7.57],[-4.82,7.57],[-4.82,7.57],[-4.83,7.57],[-4.83,7.57],[-4.83,7.57],[-4.83,7.57],[-4.83,7.57],[-4.84,7.57],[-4.84,7.57],[-4.84,7.57],[-4.85,7.58],[-4.85,7.58],[-4.85,7.58],[-4.85,7.59],[-4.85,7.59],[-4.86,7.59],[-4.86,7.59],[-4.86,7.59],[-4.86,7.6],[-4.86,7.6],[-4.86,7.61],[-4.87,7.61],[-4.87,7.61],[-4.87,7.61]]],[[[-5.04,6.77],[-5.04,6.77],[-5.04,6.77],[-5.04,6.77],[-5.04,6.77],[-5.04,6.78],[-5.04,6.78],[-5.04,6.78],[-5.04,6.78],[-5.04,6.78],[-5.05,6.78],[-5.05,6.79],[-5.05,6.79],[-5.05,6.78],[-5.05,6.78],[-5.05,6.78],[-5.06,6.78],[-5.06,6.78],[-5.06,6.78],[-5.06,6.78],[-5.07,6.77],[-5.07,6.77],[-5.07,6.77],[-5.07,6.77],[-5.08,6.77],[-5.08,6.77],[-5.08,6.77],[-5.08,6.77],[-5.09,6.77],[-5.09,6.77],[-5.09,6.77],[-5.09,6.77],[-5.1,6.77],[-5.1,6.77],[-5.1,6.77],[-5.1,6.77],[-5.11,6.77],[-5.11,6.77],[-5.11,6.76],[-5.11,6.76],[-5.11,6.76],[-5.12,6.76],[-5.12,6.76],[-5.12,6.76],[-5.12,6.76],[-5.12,6.76],[-5.12,6.75],[-5.12,6.75],[-5.13,6.75],[-5.13,6.75],[-5.13,6.75],[-5.13,6.75],[-5.14,6.75],[-5.14,6.74],[-5.14,6.74],[-5.14,6.74],[-5.14,6.74],[-5.15,6.74],[-5.15,6.73],[-5.15,6.73],[-5.15,6.73],[-5.16,6.72],[-5.16,6.72],[-5.16,6.72],[-5.16,6.72],[-5.17,6.71],[-5.17,6.71],[-5.17,6.71],[-5.17,6.71],[-5.17,6.7],[-5.18,6.7],[-5.18,6.7],[-5.18,6.7],[-5.18,6.69],[-5.19,6.69],[-5.19,6.69],[-5.19,6.69],[-5.19,6.68],[-5.2,6.68],[-5.2,6.68],[-5.2,6.67],[-5.21,6.67],[-5.21,6.67],[-5.21,6.67],[-5.21,6.67],[-5.22,6.66],[-5.22,6.66],[-5.22,6.66],[-5.22,6.66],[-5.22,6.66],[-5.23,6.66],[-5.23,6.65],[-5.23,6.65],[-5.23,6.65],[-5.24,6.65],[-5.24,6.65],[-5.24,6.65],[-5.24,6.65],[-5.25,6.65],[-5.25,6.65],[-5.25,6.65],[-5.25,6.64],[-5.25,6.64],[-5.26,6.64],[-5.26,6.64],[-5.26,6.64],[-5.27,6.64],[-5.27,6.64],[-5.27,6.64],[-5.27,6.64],[-5.27,6.64],[-5.27,6.63],[-5.27,6.63],[-5.27,6.63],[-5.27,6.63],[-5.27,6.63],[-5.28,6.62],[-5.28,6.62],[-5.28,6.62],[-5.28,6.62],[-5.28,6.62],[-5.28,6.62],[-5.28,6.62],[-5.28,6.62],[-5.28,6.62],[-5.28,6.61],[-5.28,6.61],[-5.28,6.61],[-5.28,6.61],[-5.29,6.61],[-5.29,6.6],[-5.29,6.6],[-5.29,6.6],[-5.29,6.6],[-5.29,6.6],[-5.28,6.6],[-5.28,6.59],[-5.28,6.59],[-5.28,6.59],[-5.28,6.59],[-5.28,6.59],[-5.29,6.58],[-5.29,6.58],[-5.29,6.58],[-5.29,6.58],[-5.29,6.58],[-5.28,6.58],[-5.28,6.58],[-5.28,6.58],[-5.28,6.57],[-5.28,6.57],[-5.28,6.57],[-5.29,6.57],[-5.29,6.57],[-5.29,6.57],[-5.29,6.57],[-5.29,6.56],[-5.29,6.56],[-5.29,6.56],[-5.29,6.56],[-5.29,6.56],[-5.29,6.56],[-5.3,6.56],[-5.3,6.55],[-5.3,6.55],[-5.3,6.55],[-5.3,6.55],[-5.3,6.55],[-5.3,6.55],[-5.3,6.55],[-5.3,6.54],[-5.31,6.54],[-5.31,6.54],[-5.31,6.54],[-5.31,6.54],[-5.31,6.54],[-5.32,6.54],[-5.32,6.54],[-5.32,6.54],[-5.32,6.54],[-5.32,6.53],[-5.33,6.53],[-5.33,6.53],[-5.33,6.53],[-5.33,6.53],[-5.33,6.53],[-5.33,6.52],[-5.33,6.52],[-5.33,6.52],[-5.33,6.52],[-5.33,6.51],[-5.33,6.51],[-5.33,6.51],[-5.32,6.51],[-5.32,6.51],[-5.32,6.51],[-5.32,6.51],[-5.32,6.51],[-5.31,6.51],[-5.31,6.51],[-5.31,6.5],[-5.31,6.5],[-5.31,6.5],[-5.3,6.5],[-5.3,6.5],[-5.3,6.5],[-5.3,6.5],[-5.3,6.5],[-5.3,6.5],[-5.3,6.49],[-5.3,6.49],[-5.3,6.49],[-5.3,6.49],[-5.3,6.48],[-5.3,6.48],[-5.3,6.48],[-5.31,6.48],[-5.31,6.47],[-5.31,6.47],[-5.31,6.47],[-5.31,6.47],[-5.32,6.47],[-5.32,6.47],[-5.32,6.46],[-5.32,6.46],[-5.32,6.46],[-5.32,6.46],[-5.32,6.46],[-5.32,6.46],[-5.32,6.45],[-5.32,6.45],[-5.32,6.45],[-5.32,6.45],[-5.32,6.45],[-5.31,6.45],[-5.31,6.44],[-5.31,6.44],[-5.31,6.44],[-5.31,6.44],[-5.31,6.44],[-5.31,6.44],[-5.31,6.43],[-5.31,6.43],[-5.31,6.43],[-5.31,6.43],[-5.32,6.43],[-5.32,6.42],[-5.32,6.42],[-5.32,6.42],[-5.32,6.42],[-5.32,6.42],[-5.32,6.41],[-5.32,6.41],[-5.32,6.41],[-5.32,6.41],[-5.32,6.41],[-5.32,6.4],[-5.32,6.4],[-5.32,6.4],[-5.31,6.4],[-5.31,6.4],[-5.31,6.39],[-5.31,6.39],[-5.31,6.39],[-5.31,6.39],[-5.31,6.39],[-5.31,6.39],[-5.31,6.38],[-5.31,6.38],[-5.31,6.38],[-5.31,6.38],[-5.31,6.38],[-5.31,6.38],[-5.3,6.38],[-5.3,6.37],[-5.3,6.37],[-5.3,6.37],[-5.3,6.37],[-5.3,6.37],[-5.3,6.36],[-5.3,6.36],[-5.3,6.36],[-5.3,6.36],[-5.3,6.36],[-5.3,6.36],[-5.3,6.36],[-5.29,6.36],[-5.29,6.36],[-5.29,6.36],[-5.29,6.36],[-5.29,6.36],[-5.29,6.36],[-5.28,6.36],[-5.28,6.36],[-5.28,6.36],[-5.28,6.36],[-5.28,6.36],[-5.27,6.36],[-5.27,6.36],[-5.27,6.36],[-5.27,6.36],[-5.27,6.36],[-5.26,6.36],[-5.26,6.36],[-5.26,6.36],[-5.26,6.36],[-5.26,6.36],[-5.25,6.36],[-5.25,6.37],[-5.25,6.37],[-5.25,6.37],[-5.25,6.37],[-5.25,6.37],[-5.25,6.37],[-5.25,6.37],[-5.24,6.37],[-5.24,6.37],[-5.24,6.37],[-5.24,6.38],[-5.23,6.38],[-5.23,6.38],[-5.23,6.38],[-5.23,6.38],[-5.23,6.38],[-5.22,6.38],[-5.22,6.38],[-5.22,6.38],[-5.22,6.38],[-5.22,6.38],[-5.21,6.38],[-5.21,6.38],[-5.21,6.38],[-5.21,6.38],[-5.21,6.38],[-5.21,6.37],[-5.2,6.37],[-5.2,6.37],[-5.2,6.37],[-5.18,6.37],[-5.14,6.33],[-5.14,6.33],[-5.13,6.31],[-5.12,6.31],[-5.09,6.29],[-5.09,6.29],[-5.08,6.29],[-5.08,6.29],[-5.08,6.29],[-5.08,6.29],[-5.07,6.29],[-5.07,6.29],[-5.07,6.29],[-5.07,6.29],[-5.06,6.29],[-5.06,6.29],[-5.06,6.29],[-5.06,6.29],[-5.05,6.29],[-5.05,6.29],[-5.05,6.29],[-5.05,6.29],[-5.04,6.29],[-5.04,6.29],[-5.04,6.3],[-5.03,6.29],[-5.03,6.29],[-5.03,6.29],[-5.03,6.29],[-5.02,6.29],[-5.03,6.28],[-5.03,6.28],[-5.03,6.28],[-5.03,6.28],[-5.03,6.27],[-5.03,6.27],[-5.04,6.27],[-5.04,6.27],[-5.04,6.27],[-5.04,6.26],[-5.04,6.26],[-5.04,6.26],[-5.04,6.26],[-5.04,6.25],[-5.04,6.25],[-5.04,6.25],[-5.04,6.25],[-5.04,6.25],[-5.04,6.24],[-5.04,6.24],[-5.04,6.24],[-5.04,6.24],[-5.04,6.24],[-5.03,6.24],[-5.03,6.24],[-5.03,6.24],[-5.02,6.24],[-5.02,6.24],[-5.01,6.24],[-5.01,6.24],[-5.01,6.24],[-5.01,6.24],[-5.0,6.24],[-5.0,6.24],[-5.0,6.24],[-5.0,6.24],[-4.99,6.24],[-4.99,6.24],[-4.99,6.24],[-4.99,6.25],[-4.98,6.25],[-4.98,6.25],[-4.98,6.25],[-4.97,6.25],[-4.97,6.25],[-4.97,6.25],[-4.97,6.25],[-4.96,6.25],[-4.96,6.25],[-4.96,6.26],[-4.96,6.26],[-4.96,6.26],[-4.95,6.26],[-4.95,6.26],[-4.95,6.26],[-4.95,6.26],[-4.95,6.26],[-4.94,6.26],[-4.94,6.26],[-4.93,6.26],[-4.83,6.24],[-4.83,6.24],[-4.83,6.24],[-4.83,6.24],[-4.82,6.24],[-4.82,6.24],[-4.82,6.24],[-4.82,6.24],[-4.82,6.24],[-4.82,6.24],[-4.82,6.24],[-4.82,6.24],[-4.82,6.25],[-4.82,6.25],[-4.82,6.25],[-4.82,6.25],[-4.82,6.25],[-4.82,6.25],[-4.82,6.25],[-4.81,6.25],[-4.81,6.25],[-4.81,6.25],[-4.81,6.24],[-4.81,6.24],[-4.8,6.24],[-4.8,6.24],[-4.8,6.24],[-4.8,6.24],[-4.8,6.24],[-4.79,6.24],[-4.79,6.24],[-4.79,6.24],[-4.79,6.24],[-4.79,6.24],[-4.79,6.24],[-4.78,6.24],[-4.78,6.24],[-4.78,6.24],[-4.77,6.24],[-4.77,6.24],[-4.77,6.24],[-4.77,6.24],[-4.77,6.24],[-4.76,6.24],[-4.76,6.24],[-4.76,6.24],[-4.76,6.25],[-4.75,6.25],[-4.75,6.25],[-4.75,6.25],[-4.75,6.25],[-4.74,6.25],[-4.74,6.25],[-4.74,6.25],[-4.74,6.25],[-4.74,6.25],[-4.73,6.25],[-4.73,6.25],[-4.73,6.25],[-4.73,6.25],[-4.73,6.25],[-4.73,6.26],[-4.72,6.26],[-4.72,6.26],[-4.72,6.26],[-4.72,6.26],[-4.72,6.26],[-4.71,6.26],[-4.71,6.26],[-4.71,6.27],[-4.71,6.27],[-4.71,6.27],[-4.71,6.27],[-4.71,6.27],[-4.71,6.27],[-4.71,6.28],[-4.71,6.28],[-4.7,6.28],[-4.7,6.28],[-4.7,6.28],[-4.7,6.28],[-4.7,6.27],[-4.7,6.27],[-4.7,6.27],[-4.69,6.27],[-4.69,6.27],[-4.69,6.27],[-4.69,6.27],[-4.69,6.27],[-4.68,6.27],[-4.68,6.27],[-4.68,6.27],[-4.68,6.28],[-4.68,6.28],[-4.68,6.28],[-4.68,6.28],[-4.69,6.29],[-4.69,6.29],[-4.69,6.29],[-4.69,6.29],[-4.69,6.29],[-4.69,6.29],[-4.69,6.3],[-4.7,6.3],[-4.7,6.3],[-4.7,6.3],[-4.7,6.3],[-4.7,6.3],[-4.7,6.3],[-4.71,6.3],[-4.71,6.3],[-4.71,6.31],[-4.71,6.31],[-4.71,6.3],[-4.72,6.3],[-4.72,6.3],[-4.72,6.3],[-4.72,6.3],[-4.72,6.3],[-4.72,6.3],[-4.72,6.31],[-4.72,6.31],[-4.73,6.31],[-4.73,6.31],[-4.73,6.32],[-4.73,6.32],[-4.72,6.32],[-4.72,6.32],[-4.72,6.32],[-4.72,6.32],[-4.72,6.32],[-4.72,6.32],[-4.72,6.32],[-4.72,6.32],[-4.72,6.32],[-4.72,6.32],[-4.72,6.33],[-4.72,6.33],[-4.72,6.33],[-4.72,6.33],[-4.72,6.34],[-4.71,6.34],[-4.71,6.34],[-4.71,6.34],[-4.71,6.34],[-4.71,6.34],[-4.71,6.34],[-4.7,6.34],[-4.7,6.34],[-4.7,6.35],[-4.7,6.35],[-4.7,6.35],[-4.71,6.35],[-4.71,6.35],[-4.71,6.35],[-4.71,6.35],[-4.71,6.35],[-4.72,6.35],[-4.72,6.36],[-4.72,6.36],[-4.72,6.36],[-4.71,6.36],[-4.71,6.36],[-4.71,6.36],[-4.71,6.36],[-4.71,6.37],[-4.71,6.37],[-4.71,6.37],[-4.71,6.37],[-4.71,6.38],[-4.71,6.38],[-4.71,6.38],[-4.71,6.38],[-4.7,6.38],[-4.7,6.38],[-4.7,6.38],[-4.7,6.38],[-4.7,6.38],[-4.7,6.38],[-4.7,6.39],[-4.7,6.39],[-4.7,6.39],[-4.7,6.39],[-4.7,6.39],[-4.71,6.39],[-4.71,6.39],[-4.71,6.39],[-4.71,6.39],[-4.71,6.39],[-4.72,6.39],[-4.72,6.39],[-4.72,6.4],[-4.72,6.4],[-4.72,6.4],[-4.72,6.4],[-4.71,6.4],[-4.71,6.4],[-4.71,6.4],[-4.71,6.4],[-4.71,6.4],[-4.7,6.4],[-4.7,6.4],[-4.7,6.4],[-4.7,6.4],[-4.7,6.4],[-4.7,6.41],[-4.7,6.41],[-4.7,6.41],[-4.7,6.41],[-4.7,6.41],[-4.7,6.41],[-4.71,6.41],[-4.71,6.41],[-4.71,6.41],[-4.71,6.41],[-4.71,6.41],[-4.71,6.41],[-4.72,6.41],[-4.72,6.41],[-4.72,6.41],[-4.72,6.42],[-4.72,6.42],[-4.73,6.42],[-4.73,6.42],[-4.73,6.42],[-4.73,6.42],[-4.73,6.43],[-4.72,6.43],[-4.72,6.43],[-4.72,6.43],[-4.72,6.43],[-4.72,6.43],[-4.72,6.43],[-4.72,6.44],[-4.72,6.44],[-4.72,6.44],[-4.72,6.44],[-4.73,6.44],[-4.73,6.44],[-4.73,6.44],[-4.73,6.44],[-4.74,6.44],[-4.74,6.44],[-4.74,6.44],[-4.74,6.44],[-4.74,6.44],[-4.75,6.44],[-4.75,6.44],[-4.75,6.45],[-4.74,6.45],[-4.74,6.45],[-4.74,6.45],[-4.74,6.45],[-4.74,6.46],[-4.74,6.46],[-4.74,6.46],[-4.74,6.46],[-4.74,6.46],[-4.73,6.46],[-4.73,6.46],[-4.73,6.46],[-4.73,6.46],[-4.73,6.46],[-4.73,6.46],[-4.73,6.47],[-4.73,6.47],[-4.73,6.47],[-4.73,6.47],[-4.73,6.48],[-4.74,6.48],[-4.74,6.48],[-4.74,6.48],[-4.74,6.48],[-4.74,6.48],[-4.74,6.48],[-4.75,6.48],[-4.75,6.48],[-4.75,6.49],[-4.75,6.49],[-4.75,6.49],[-4.75,6.49],[-4.76,6.49],[-4.76,6.49],[-4.76,6.49],[-4.76,6.49],[-4.76,6.49],[-4.77,6.49],[-4.77,6.49],[-4.77,6.49],[-4.77,6.49],[-4.77,6.49],[-4.77,6.49],[-4.78,6.49],[-4.78,6.49],[-4.78,6.49],[-4.78,6.49],[-4.79,6.49],[-4.79,6.49],[-4.79,6.49],[-4.79,6.49],[-4.79,6.49],[-4.79,6.49],[-4.79,6.5],[-4.79,6.5],[-4.79,6.5],[-4.79,6.5],[-4.78,6.5],[-4.78,6.5],[-4.78,6.5],[-4.79,6.5],[-4.79,6.5],[-4.79,6.51],[-4.79,6.51],[-4.79,6.51],[-4.79,6.51],[-4.79,6.51],[-4.79,6.52],[-4.79,6.52],[-4.78,6.52],[-4.78,6.52],[-4.78,6.52],[-4.78,6.53],[-4.78,6.53],[-4.78,6.53],[-4.78,6.53],[-4.78,6.53],[-4.78,6.53],[-4.78,6.54],[-4.78,6.54],[-4.78,6.54],[-4.78,6.54],[-4.78,6.55],[-4.78,6.55],[-4.78,6.55],[-4.78,6.55],[-4.78,6.55],[-4.78,6.56],[-4.78,6.56],[-4.78,6.55],[-4.78,6.55],[-4.78,6.55],[-4.77,6.55],[-4.77,6.55],[-4.77,6.55],[-4.76,6.55],[-4.76,6.55],[-4.76,6.55],[-4.76,6.55],[-4.76,6.55],[-4.75,6.55],[-4.75,6.55],[-4.75,6.56],[-4.75,6.56],[-4.75,6.56],[-4.75,6.56],[-4.75,6.57],[-4.76,6.57],[-4.76,6.57],[-4.76,6.57],[-4.76,6.57],[-4.76,6.57],[-4.76,6.57],[-4.76,6.58],[-4.76,6.58],[-4.76,6.58],[-4.76,6.58],[-4.76,6.58],[-4.76,6.58],[-4.76,6.58],[-4.76,6.59],[-4.76,6.59],[-4.76,6.59],[-4.76,6.59],[-4.76,6.59],[-4.76,6.59],[-4.77,6.59],[-4.77,6.59],[-4.77,6.59],[-4.77,6.59],[-4.77,6.6],[-4.77,6.6],[-4.77,6.6],[-4.77,6.6],[-4.77,6.61],[-4.77,6.61],[-4.77,6.61],[-4.78,6.61],[-4.78,6.61],[-4.78,6.61],[-4.78,6.61],[-4.78,6.61],[-4.79,6.61],[-4.79,6.62],[-4.79,6.62],[-4.79,6.62],[-4.79,6.62],[-4.79,6.62],[-4.8,6.62],[-4.8,6.62],[-4.8,6.62],[-4.8,6.62],[-4.81,6.62],[-4.81,6.62],[-4.81,6.62],[-4.82,6.62],[-4.82,6.62],[-4.82,6.63],[-4.82,6.63],[-4.82,6.63],[-4.83,6.63],[-4.83,6.63],[-4.83,6.63],[-4.83,6.63],[-4.83,6.63],[-4.83,6.63],[-4.84,6.63],[-4.84,6.63],[-4.85,6.63],[-4.85,6.63],[-4.85,6.63],[-4.85,6.63],[-4.85,6.63],[-4.86,6.63],[-4.86,6.63],[-4.86,6.63],[-4.86,6.63],[-4.87,6.63],[-4.87,6.63],[-4.87,6.63],[-4.87,6.62],[-4.87,6.62],[-4.87,6.62],[-4.87,6.62],[-4.87,6.62],[-4.87,6.62],[-4.88,6.62],[-4.88,6.62],[-4.88,6.61],[-4.88,6.61],[-4.88,6.61],[-4.88,6.61],[-4.89,6.61],[-4.89,6.61],[-4.89,6.62],[-4.9,6.62],[-4.9,6.62],[-4.9,6.61],[-4.9,6.61],[-4.9,6.61],[-4.9,6.61],[-4.9,6.61],[-4.9,6.6],[-4.9,6.6],[-4.9,6.6],[-4.9,6.6],[-4.9,6.6],[-4.89,6.6],[-4.89,6.6],[-4.89,6.6],[-4.89,6.6],[-4.9,6.6],[-4.9,6.6],[-4.9,6.6],[-4.9,6.6],[-4.91,6.6],[-4.91,6.6],[-4.91,6.6],[-4.91,6.6],[-4.91,6.6],[-4.91,6.6],[-4.91,6.6],[-4.92,6.6],[-4.92,6.6],[-4.92,6.6],[-4.92,6.6],[-4.92,6.6],[-4.93,6.6],[-4.93,6.6],[-4.93,6.6],[-4.93,6.6],[-4.93,6.6],[-4.93,6.61],[-4.93,6.61],[-4.94,6.61],[-4.94,6.61],[-4.94,6.61],[-4.94,6.62],[-4.94,6.62],[-4.94,6.62],[-4.94,6.62],[-4.94,6.62],[-4.94,6.63],[-4.94,6.63],[-4.94,6.63],[-4.94,6.63],[-4.94,6.63],[-4.93,6.63],[-4.93,6.63],[-4.93,6.63],[-4.93,6.62],[-4.93,6.62],[-4.93,6.62],[-4.93,6.62],[-4.93,6.62],[-4.93,6.62],[-4.92,6.62],[-4.92,6.62],[-4.92,6.62],[-4.92,6.63],[-4.92,6.63],[-4.93,6.63],[-4.93,6.63],[-4.93,6.63],[-4.93,6.63],[-4.93,6.64],[-4.93,6.64],[-4.93,6.64],[-4.93,6.64],[-4.93,6.64],[-4.93,6.65],[-4.93,6.64],[-4.93,6.64],[-4.93,6.64],[-4.93,6.64],[-4.94,6.64],[-4.94,6.64],[-4.94,6.64],[-4.94,6.65],[-4.94,6.65],[-4.94,6.65],[-4.94,6.65],[-4.94,6.65],[-4.94,6.65],[-4.94,6.65],[-4.94,6.65],[-4.94,6.65],[-4.94,6.66],[-4.94,6.66],[-4.94,6.66],[-4.94,6.66],[-4.94,6.66],[-4.95,6.66],[-4.95,6.66],[-4.95,6.66],[-4.95,6.66],[-4.95,6.66],[-4.96,6.66],[-4.96,6.66],[-4.96,6.67],[-4.96,6.67],[-4.96,6.67],[-4.96,6.67],[-4.96,6.67],[-4.96,6.67],[-4.96,6.67],[-4.96,6.68],[-4.96,6.68],[-4.96,6.68],[-4.95,6.68],[-4.95,6.68],[-4.96,6.68],[-4.96,6.68],[-4.96,6.68],[-4.96,6.69],[-4.96,6.69],[-4.96,6.69],[-4.96,6.69],[-4.95,6.69],[-4.95,6.69],[-4.95,6.69],[-4.95,6.69],[-4.95,6.7],[-4.95,6.7],[-4.95,6.7],[-4.95,6.7],[-4.95,6.7],[-4.95,6.7],[-4.95,6.7],[-4.95,6.7],[-4.94,6.7],[-4.94,6.7],[-4.94,6.7],[-4.94,6.7],[-4.94,6.71],[-4.94,6.71],[-4.93,6.71],[-4.93,6.71],[-4.93,6.71],[-4.93,6.71],[-4.93,6.72],[-4.93,6.72],[-4.93,6.72],[-4.94,6.72],[-4.94,6.72],[-4.94,6.72],[-4.94,6.72],[-4.94,6.72],[-4.95,6.72],[-4.95,6.72],[-4.95,6.72],[-4.95,6.72],[-4.95,6.72],[-4.96,6.72],[-4.96,6.73],[-4.96,6.73],[-4.96,6.73],[-4.96,6.73],[-4.97,6.73],[-4.97,6.74],[-4.97,6.74],[-4.97,6.74],[-4.97,6.74],[-4.97,6.74],[-4.97,6.74],[-4.97,6.74],[-4.98,6.75],[-4.97,6.75],[-4.97,6.75],[-4.97,6.75],[-4.98,6.75],[-4.98,6.75],[-4.98,6.75],[-4.98,6.75],[-4.99,6.75],[-4.99,6.75],[-4.99,6.75],[-4.99,6.75],[-4.99,6.75],[-4.99,6.75],[-5.0,6.76],[-5.0,6.76],[-5.0,6.76],[-5.0,6.76],[-5.01,6.76],[-5.01,6.76],[-5.01,6.76],[-5.01,6.76],[-5.02,6.76],[-5.02,6.76],[-5.02,6.76],[-5.02,6.76],[-5.03,6.76],[-5.03,6.76],[-5.03,6.76],[-5.03,6.77],[-5.04,6.77]]]]}},{"type":"Feature","properties":{"name":"Bere","code":"CI07","level":"region","status":"pending","schools":576,"students":77593,"girls":34764,"boys":42829,"district":"Woroba"},"geometry":{"type":"Polygon","coordinates":[[[-6.33,9.21],[-6.33,9.21],[-6.33,9.21],[-6.34,9.21],[-6.34,9.21],[-6.34,9.21],[-6.34,9.21],[-6.34,9.2],[-6.34,9.2],[-6.34,9.2],[-6.35,9.2],[-6.35,9.2],[-6.35,9.19],[-6.35,9.19],[-6.35,9.19],[-6.35,9.19],[-6.35,9.19],[-6.36,9.19],[-6.36,9.18],[-6.36,9.18],[-6.36,9.18],[-6.36,9.18],[-6.36,9.18],[-6.36,9.17],[-6.36,9.17],[-6.37,9.17],[-6.37,9.17],[-6.37,9.16],[-6.37,9.16],[-6.37,9.16],[-6.37,9.16],[-6.37,9.15],[-6.38,9.15],[-6.38,9.15],[-6.38,9.15],[-6.38,9.15],[-6.38,9.15],[-6.38,9.14],[-6.39,9.14],[-6.39,9.14],[-6.39,9.14],[-6.39,9.14],[-6.39,9.14],[-6.39,9.14],[-6.4,9.13],[-6.4,9.13],[-6.4,9.13],[-6.4,9.13],[-6.4,9.13],[-6.4,9.13],[-6.41,9.12],[-6.41,9.12],[-6.41,9.12],[-6.41,9.12],[-6.41,9.12],[-6.41,9.12],[-6.41,9.11],[-6.41,9.11],[-6.41,9.11],[-6.41,9.11],[-6.41,9.11],[-6.41,9.1],[-6.41,9.1],[-6.42,9.1],[-6.42,9.1],[-6.42,9.1],[-6.42,9.09],[-6.42,9.09],[-6.42,9.09],[-6.42,9.09],[-6.42,9.09],[-6.42,9.09],[-6.43,9.09],[-6.43,9.09],[-6.43,9.08],[-6.43,9.08],[-6.43,9.08],[-6.43,9.08],[-6.43,9.08],[-6.44,9.07],[-6.44,9.07],[-6.44,9.07],[-6.44,9.07],[-6.44,9.07],[-6.44,9.07],[-6.45,9.07],[-6.45,9.07],[-6.45,9.07],[-6.45,9.07],[-6.45,9.07],[-6.45,9.07],[-6.46,9.07],[-6.46,9.07],[-6.46,9.07],[-6.46,9.07],[-6.46,9.06],[-6.47,9.06],[-6.47,9.06],[-6.47,9.06],[-6.47,9.06],[-6.47,9.06],[-6.48,9.06],[-6.48,9.06],[-6.48,9.06],[-6.48,9.07],[-6.48,9.07],[-6.48,9.07],[-6.48,9.07],[-6.48,9.07],[-6.48,9.08],[-6.48,9.08],[-6.48,9.08],[-6.48,9.08],[-6.48,9.08],[-6.48,9.09],[-6.48,9.09],[-6.48,9.09],[-6.49,9.09],[-6.49,9.09],[-6.49,9.09],[-6.49,9.1],[-6.49,9.1],[-6.49,9.1],[-6.49,9.1],[-6.49,9.11],[-6.49,9.11],[-6.49,9.11],[-6.49,9.11],[-6.49,9.11],[-6.49,9.12],[-6.5,9.12],[-6.5,9.12],[-6.5,9.12],[-6.5,9.12],[-6.5,9.12],[-6.5,9.12],[-6.5,9.13],[-6.5,9.13],[-6.5,9.13],[-6.5,9.13],[-6.5,9.14],[-6.5,9.14],[-6.5,9.14],[-6.5,9.14],[-6.5,9.14],[-6.5,9.14],[-6.5,9.15],[-6.5,9.15],[-6.51,9.15],[-6.51,9.15],[-6.51,9.15],[-6.51,9.15],[-6.51,9.15],[-6.51,9.15],[-6.52,9.15],[-6.52,9.15],[-6.52,9.15],[-6.52,9.15],[-6.52,9.15],[-6.53,9.15],[-6.53,9.15],[-6.53,9.15],[-6.53,9.15],[-6.53,9.15],[-6.54,9.15],[-6.54,9.15],[-6.54,9.15],[-6.54,9.15],[-6.54,9.16],[-6.55,9.16],[-6.55,9.16],[-6.55,9.16],[-6.55,9.16],[-6.55,9.16],[-6.56,9.16],[-6.56,9.16],[-6.56,9.16],[-6.56,9.16],[-6.57,9.16],[-6.57,9.16],[-6.57,9.16],[-6.57,9.15],[-6.57,9.15],[-6.57,9.15],[-6.57,9.15],[-6.57,9.15],[-6.57,9.14],[-6.57,9.14],[-6.57,9.14],[-6.57,9.14],[-6.57,9.14],[-6.57,9.13],[-6.58,9.13],[-6.58,9.13],[-6.58,9.13],[-6.58,9.13],[-6.58,9.13],[-6.58,9.13],[-6.58,9.12],[-6.58,9.12],[-6.58,9.12],[-6.58,9.12],[-6.58,9.12],[-6.57,9.11],[-6.57,9.11],[-6.57,9.11],[-6.57,9.11],[-6.57,9.11],[-6.56,9.11],[-6.56,9.11],[-6.56,9.11],[-6.56,9.1],[-6.56,9.1],[-6.56,9.1],[-6.56,9.1],[-6.56,9.1],[-6.56,9.1],[-6.57,9.09],[-6.57,9.09],[-6.57,9.09],[-6.57,9.09],[-6.57,9.09],[-6.57,9.08],[-6.57,9.08],[-6.57,9.08],[-6.57,9.08],[-6.57,9.07],[-6.57,9.07],[-6.57,9.07],[-6.57,9.07],[-6.58,9.07],[-6.58,9.07],[-6.58,9.07],[-6.58,9.07],[-6.58,9.06],[-6.58,9.06],[-6.59,9.06],[-6.59,9.07],[-6.59,9.07],[-6.59,9.07],[-6.59,9.07],[-6.6,9.07],[-6.6,9.06],[-6.6,9.06],[-6.6,9.06],[-6.6,9.06],[-6.61,9.06],[-6.61,9.06],[-6.61,9.06],[-6.61,9.06],[-6.62,9.06],[-6.62,9.06],[-6.62,9.06],[-6.62,9.06],[-6.62,9.06],[-6.62,9.06],[-6.63,9.06],[-6.63,9.06],[-6.63,9.06],[-6.63,9.06],[-6.63,9.06],[-6.64,9.06],[-6.64,9.06],[-6.64,9.06],[-6.64,9.07],[-6.64,9.07],[-6.65,9.07],[-6.65,9.07],[-6.65,9.07],[-6.65,9.07],[-6.65,9.07],[-6.66,9.07],[-6.66,9.07],[-6.66,9.07],[-6.66,9.07],[-6.66,9.07],[-6.66,9.07],[-6.67,9.06],[-6.67,9.06],[-6.67,9.06],[-6.67,9.06],[-6.67,9.06],[-6.67,9.06],[-6.68,9.06],[-6.68,9.06],[-6.68,9.06],[-6.68,9.06],[-6.68,9.06],[-6.69,9.06],[-6.69,9.06],[-6.69,9.06],[-6.69,9.06],[-6.7,9.06],[-6.7,9.06],[-6.7,9.06],[-6.7,9.06],[-6.7,9.06],[-6.7,9.06],[-6.7,9.05],[-6.7,9.05],[-6.71,9.05],[-6.7,9.05],[-6.7,9.05],[-6.7,9.05],[-6.7,9.05],[-6.7,9.05],[-6.7,9.04],[-6.7,9.04],[-6.7,9.04],[-6.7,9.04],[-6.7,9.04],[-6.7,9.04],[-6.7,9.04],[-6.7,9.04],[-6.7,9.03],[-6.7,9.03],[-6.7,9.03],[-6.7,9.03],[-6.7,9.03],[-6.7,9.03],[-6.7,9.03],[-6.7,9.02],[-6.7,9.02],[-6.7,9.02],[-6.7,9.02],[-6.71,9.02],[-6.71,9.02],[-6.71,9.01],[-6.71,9.01],[-6.71,9.01],[-6.71,9.01],[-6.71,9.01],[-6.71,9.01],[-6.71,9.01],[-6.71,9.0],[-6.71,9.0],[-6.71,9.0],[-6.71,9.0],[-6.71,9.0],[-6.71,9.0],[-6.71,9.0],[-6.71,8.99],[-6.71,8.99],[-6.7,8.99],[-6.7,8.99],[-6.7,8.99],[-6.7,8.99],[-6.7,8.99],[-6.7,8.99],[-6.7,8.99],[-6.7,8.99],[-6.71,8.99],[-6.71,8.98],[-6.71,8.98],[-6.71,8.98],[-6.7,8.98],[-6.7,8.98],[-6.7,8.98],[-6.7,8.98],[-6.7,8.98],[-6.7,8.98],[-6.7,8.98],[-6.69,8.98],[-6.69,8.98],[-6.69,8.98],[-6.69,8.98],[-6.7,8.97],[-6.7,8.98],[-6.7,8.98],[-6.7,8.98],[-6.7,8.98],[-6.7,8.97],[-6.7,8.97],[-6.7,8.97],[-6.7,8.97],[-6.71,8.97],[-6.71,8.97],[-6.71,8.97],[-6.71,8.97],[-6.71,8.97],[-6.71,8.97],[-6.71,8.96],[-6.71,8.96],[-6.71,8.96],[-6.71,8.96],[-6.71,8.96],[-6.71,8.96],[-6.7,8.96],[-6.7,8.96],[-6.7,8.96],[-6.7,8.95],[-6.7,8.95],[-6.7,8.95],[-6.7,8.95],[-6.7,8.95],[-6.7,8.95],[-6.7,8.94],[-6.7,8.94],[-6.7,8.94],[-6.7,8.94],[-6.7,8.94],[-6.7,8.94],[-6.7,8.94],[-6.7,8.93],[-6.7,8.93],[-6.7,8.94],[-6.7,8.93],[-6.69,8.93],[-6.69,8.93],[-6.69,8.93],[-6.69,8.93],[-6.69,8.93],[-6.69,8.93],[-6.69,8.92],[-6.69,8.92],[-6.69,8.92],[-6.69,8.92],[-6.69,8.92],[-6.68,8.92],[-6.68,8.92],[-6.68,8.92],[-6.68,8.92],[-6.68,8.92],[-6.68,8.92],[-6.68,8.92],[-6.68,8.92],[-6.68,8.92],[-6.68,8.93],[-6.68,8.93],[-6.67,8.93],[-6.67,8.93],[-6.67,8.92],[-6.67,8.92],[-6.67,8.93],[-6.67,8.93],[-6.67,8.93],[-6.67,8.93],[-6.67,8.93],[-6.67,8.93],[-6.67,8.93],[-6.66,8.93],[-6.66,8.93],[-6.66,8.93],[-6.66,8.94],[-6.66,8.94],[-6.66,8.93],[-6.66,8.93],[-6.65,8.93],[-6.65,8.93],[-6.65,8.93],[-6.65,8.93],[-6.65,8.93],[-6.65,8.93],[-6.64,8.93],[-6.64,8.93],[-6.64,8.94],[-6.64,8.94],[-6.64,8.94],[-6.64,8.94],[-6.64,8.94],[-6.64,8.94],[-6.63,8.94],[-6.63,8.94],[-6.63,8.94],[-6.63,8.94],[-6.63,8.94],[-6.63,8.93],[-6.63,8.93],[-6.62,8.93],[-6.62,8.93],[-6.62,8.93],[-6.62,8.93],[-6.62,8.93],[-6.62,8.92],[-6.62,8.92],[-6.62,8.92],[-6.62,8.92],[-6.62,8.92],[-6.62,8.92],[-6.62,8.92],[-6.62,8.92],[-6.61,8.92],[-6.61,8.92],[-6.61,8.92],[-6.61,8.92],[-6.61,8.92],[-6.61,8.92],[-6.61,8.92],[-6.6,8.92],[-6.6,8.92],[-6.6,8.92],[-6.61,8.93],[-6.61,8.93],[-6.61,8.93],[-6.61,8.93],[-6.6,8.93],[-6.6,8.93],[-6.6,8.93],[-6.6,8.93],[-6.6,8.93],[-6.6,8.93],[-6.6,8.93],[-6.6,8.93],[-6.59,8.93],[-6.59,8.93],[-6.59,8.94],[-6.59,8.94],[-6.59,8.94],[-6.59,8.94],[-6.59,8.94],[-6.59,8.94],[-6.59,8.94],[-6.58,8.94],[-6.58,8.94],[-6.58,8.94],[-6.58,8.94],[-6.58,8.94],[-6.58,8.93],[-6.58,8.93],[-6.58,8.93],[-6.58,8.93],[-6.58,8.93],[-6.58,8.93],[-6.58,8.93],[-6.58,8.93],[-6.58,8.93],[-6.58,8.93],[-6.58,8.93],[-6.58,8.93],[-6.58,8.93],[-6.58,8.93],[-6.58,8.93],[-6.58,8.94],[-6.58,8.94],[-6.57,8.94],[-6.57,8.94],[-6.57,8.94],[-6.57,8.94],[-6.57,8.94],[-6.57,8.94],[-6.57,8.94],[-6.57,8.94],[-6.57,8.94],[-6.57,8.94],[-6.57,8.94],[-6.56,8.94],[-6.56,8.94],[-6.56,8.94],[-6.56,8.94],[-6.56,8.94],[-6.56,8.94],[-6.56,8.94],[-6.55,8.94],[-6.55,8.93],[-6.55,8.93],[-6.55,8.93],[-6.55,8.93],[-6.55,8.93],[-6.55,8.93],[-6.55,8.93],[-6.55,8.93],[-6.55,8.92],[-6.55,8.92],[-6.55,8.92],[-6.55,8.92],[-6.55,8.92],[-6.55,8.92],[-6.55,8.91],[-6.55,8.91],[-6.55,8.91],[-6.55,8.91],[-6.55,8.91],[-6.55,8.91],[-6.56,8.91],[-6.55,8.91],[-6.55,8.91],[-6.55,8.9],[-6.55,8.9],[-6.55,8.9],[-6.55,8.9],[-6.55,8.9],[-6.55,8.9],[-6.54,8.9],[-6.54,8.9],[-6.54,8.9],[-6.54,8.89],[-6.54,8.89],[-6.54,8.89],[-6.54,8.89],[-6.54,8.89],[-6.54,8.89],[-6.54,8.89],[-6.53,8.89],[-6.53,8.89],[-6.53,8.89],[-6.53,8.89],[-6.53,8.89],[-6.53,8.89],[-6.53,8.89],[-6.53,8.89],[-6.52,8.89],[-6.52,8.89],[-6.52,8.89],[-6.52,8.88],[-6.52,8.88],[-6.52,8.88],[-6.52,8.88],[-6.52,8.88],[-6.52,8.88],[-6.51,8.88],[-6.51,8.88],[-6.51,8.88],[-6.51,8.88],[-6.51,8.88],[-6.5,8.88],[-6.5,8.88],[-6.5,8.88],[-6.5,8.87],[-6.5,8.87],[-6.5,8.87],[-6.49,8.87],[-6.49,8.87],[-6.49,8.87],[-6.49,8.87],[-6.49,8.87],[-6.49,8.86],[-6.49,8.86],[-6.48,8.86],[-6.48,8.86],[-6.48,8.86],[-6.48,8.86],[-6.48,8.85],[-6.48,8.85],[-6.48,8.86],[-6.48,8.86],[-6.48,8.86],[-6.47,8.86],[-6.47,8.86],[-6.47,8.86],[-6.47,8.85],[-6.47,8.85],[-6.47,8.85],[-6.47,8.85],[-6.47,8.85],[-6.47,8.84],[-6.47,8.84],[-6.47,8.84],[-6.47,8.84],[-6.46,8.84],[-6.46,8.84],[-6.46,8.84],[-6.46,8.84],[-6.46,8.83],[-6.46,8.83],[-6.46,8.83],[-6.46,8.83],[-6.46,8.83],[-6.46,8.82],[-6.46,8.82],[-6.46,8.82],[-6.46,8.82],[-6.46,8.82],[-6.47,8.82],[-6.47,8.82],[-6.47,8.82],[-6.47,8.83],[-6.47,8.82],[-6.48,8.82],[-6.48,8.82],[-6.48,8.82],[-6.48,8.82],[-6.47,8.82],[-6.47,8.82],[-6.47,8.82],[-6.47,8.82],[-6.47,8.82],[-6.46,8.82],[-6.46,8.81],[-6.46,8.81],[-6.46,8.81],[-6.46,8.81],[-6.46,8.81],[-6.46,8.81],[-6.46,8.8],[-6.46,8.8],[-6.46,8.8],[-6.45,8.8],[-6.45,8.8],[-6.45,8.8],[-6.45,8.8],[-6.45,8.8],[-6.45,8.8],[-6.45,8.8],[-6.44,8.8],[-6.44,8.8],[-6.44,8.8],[-6.44,8.8],[-6.44,8.8],[-6.44,8.8],[-6.44,8.81],[-6.44,8.81],[-6.44,8.81],[-6.43,8.81],[-6.43,8.81],[-6.43,8.81],[-6.43,8.82],[-6.43,8.82],[-6.42,8.82],[-6.42,8.82],[-6.42,8.81],[-6.42,8.81],[-6.42,8.81],[-6.42,8.81],[-6.42,8.81],[-6.41,8.8],[-6.42,8.8],[-6.42,8.8],[-6.42,8.8],[-6.41,8.8],[-6.41,8.8],[-6.41,8.8],[-6.41,8.8],[-6.4,8.8],[-6.4,8.79],[-6.4,8.79],[-6.4,8.79],[-6.4,8.79],[-6.4,8.79],[-6.4,8.79],[-6.4,8.78],[-6.4,8.78],[-6.4,8.78],[-6.4,8.78],[-6.41,8.78],[-6.41,8.78],[-6.41,8.78],[-6.41,8.78],[-6.41,8.77],[-6.41,8.77],[-6.41,8.77],[-6.41,8.77],[-6.41,8.77],[-6.4,8.77],[-6.4,8.77],[-6.4,8.77],[-6.4,8.77],[-6.4,8.76],[-6.4,8.76],[-6.4,8.76],[-6.4,8.76],[-6.4,8.76],[-6.4,8.76],[-6.41,8.76],[-6.41,8.76],[-6.41,8.76],[-6.41,8.75],[-6.41,8.75],[-6.41,8.75],[-6.41,8.75],[-6.41,8.75],[-6.42,8.74],[-6.42,8.74],[-6.41,8.74],[-6.41,8.74],[-6.41,8.73],[-6.41,8.73],[-6.41,8.73],[-6.41,8.73],[-6.41,8.73],[-6.41,8.72],[-6.42,8.72],[-6.42,8.72],[-6.42,8.72],[-6.42,8.72],[-6.42,8.72],[-6.43,8.72],[-6.42,8.72],[-6.42,8.72],[-6.42,8.72],[-6.42,8.72],[-6.42,8.72],[-6.42,8.72],[-6.41,8.72],[-6.41,8.71],[-6.41,8.71],[-6.41,8.71],[-6.42,8.71],[-6.42,8.71],[-6.42,8.71],[-6.42,8.71],[-6.42,8.71],[-6.43,8.71],[-6.43,8.71],[-6.43,8.71],[-6.43,8.71],[-6.43,8.71],[-6.43,8.71],[-6.43,8.72],[-6.43,8.72],[-6.44,8.72],[-6.44,8.72],[-6.44,8.72],[-6.44,8.72],[-6.44,8.72],[-6.44,8.72],[-6.44,8.72],[-6.44,8.71],[-6.44,8.71],[-6.44,8.71],[-6.44,8.71],[-6.44,8.71],[-6.44,8.71],[-6.44,8.71],[-6.45,8.71],[-6.45,8.71],[-6.45,8.71],[-6.45,8.71],[-6.45,8.71],[-6.45,8.72],[-6.45,8.72],[-6.45,8.72],[-6.45,8.72],[-6.45,8.72],[-6.45,8.71],[-6.46,8.71],[-6.46,8.71],[-6.46,8.71],[-6.46,8.71],[-6.46,8.71],[-6.46,8.71],[-6.46,8.71],[-6.46,8.7],[-6.46,8.7],[-6.46,8.7],[-6.46,8.7],[-6.46,8.69],[-6.45,8.69],[-6.45,8.69],[-6.45,8.69],[-6.45,8.69],[-6.45,8.69],[-6.44,8.69],[-6.44,8.69],[-6.44,8.69],[-6.44,8.69],[-6.44,8.69],[-6.44,8.68],[-6.44,8.68],[-6.45,8.68],[-6.45,8.68],[-6.45,8.68],[-6.45,8.68],[-6.45,8.68],[-6.46,8.68],[-6.46,8.68],[-6.46,8.68],[-6.46,8.68],[-6.46,8.68],[-6.47,8.68],[-6.47,8.68],[-6.47,8.68],[-6.47,8.68],[-6.47,8.68],[-6.47,8.68],[-6.47,8.68],[-6.47,8.67],[-6.47,8.67],[-6.47,8.67],[-6.47,8.67],[-6.46,8.66],[-6.46,8.66],[-6.46,8.67],[-6.46,8.67],[-6.46,8.67],[-6.46,8.67],[-6.46,8.67],[-6.46,8.67],[-6.46,8.67],[-6.46,8.67],[-6.45,8.67],[-6.45,8.67],[-6.45,8.67],[-6.45,8.66],[-6.45,8.66],[-6.45,8.66],[-6.45,8.66],[-6.45,8.66],[-6.45,8.65],[-6.45,8.65],[-6.45,8.65],[-6.44,8.65],[-6.44,8.65],[-6.44,8.65],[-6.44,8.64],[-6.44,8.64],[-6.44,8.64],[-6.44,8.64],[-6.44,8.64],[-6.44,8.64],[-6.45,8.64],[-6.45,8.63],[-6.45,8.63],[-6.45,8.63],[-6.46,8.63],[-6.46,8.63],[-6.46,8.63],[-6.46,8.63],[-6.46,8.62],[-6.46,8.62],[-6.47,8.62],[-6.47,8.62],[-6.47,8.62],[-6.47,8.62],[-6.47,8.62],[-6.47,8.62],[-6.47,8.61],[-6.47,8.61],[-6.47,8.61],[-6.46,8.61],[-6.46,8.61],[-6.46,8.61],[-6.46,8.61],[-6.46,8.62],[-6.46,8.62],[-6.46,8.62],[-6.45,8.62],[-6.45,8.62],[-6.45,8.62],[-6.45,8.62],[-6.45,8.62],[-6.45,8.63],[-6.45,8.63],[-6.45,8.63],[-6.44,8.63],[-6.44,8.63],[-6.44,8.63],[-6.44,8.63],[-6.44,8.62],[-6.44,8.62],[-6.44,8.62],[-6.44,8.62],[-6.44,8.62],[-6.44,8.62],[-6.44,8.61],[-6.44,8.61],[-6.44,8.61],[-6.44,8.61],[-6.43,8.61],[-6.43,8.61],[-6.43,8.6],[-6.43,8.6],[-6.43,8.6],[-6.43,8.6],[-6.43,8.6],[-6.44,8.6],[-6.44,8.6],[-6.44,8.6],[-6.44,8.59],[-6.44,8.59],[-6.44,8.59],[-6.44,8.59],[-6.44,8.59],[-6.44,8.59],[-6.43,8.59],[-6.43,8.59],[-6.43,8.58],[-6.44,8.58],[-6.44,8.58],[-6.44,8.58],[-6.44,8.58],[-6.44,8.58],[-6.45,8.58],[-6.45,8.58],[-6.45,8.58],[-6.45,8.58],[-6.45,8.57],[-6.45,8.57],[-6.45,8.57],[-6.45,8.57],[-6.45,8.57],[-6.44,8.56],[-6.44,8.57],[-6.44,8.57],[-6.44,8.57],[-6.44,8.57],[-6.44,8.57],[-6.43,8.57],[-6.43,8.57],[-6.43,8.56],[-6.43,8.56],[-6.43,8.56],[-6.43,8.56],[-6.43,8.56],[-6.43,8.55],[-6.43,8.55],[-6.43,8.55],[-6.43,8.55],[-6.43,8.54],[-6.43,8.54],[-6.43,8.54],[-6.43,8.54],[-6.43,8.54],[-6.42,8.53],[-6.42,8.53],[-6.42,8.53],[-6.42,8.53],[-6.42,8.53],[-6.42,8.53],[-6.42,8.52],[-6.42,8.52],[-6.42,8.52],[-6.42,8.52],[-6.42,8.52],[-6.42,8.52],[-6.42,8.51],[-6.42,8.51],[-6.43,8.51],[-6.43,8.51],[-6.43,8.51],[-6.43,8.51],[-6.43,8.51],[-6.43,8.51],[-6.43,8.5],[-6.44,8.5],[-6.44,8.5],[-6.44,8.51],[-6.44,8.51],[-6.44,8.51],[-6.44,8.51],[-6.44,8.51],[-6.45,8.51],[-6.45,8.52],[-6.45,8.51],[-6.45,8.51],[-6.45,8.51],[-6.45,8.51],[-6.45,8.51],[-6.45,8.51],[-6.45,8.5],[-6.46,8.5],[-6.46,8.5],[-6.46,8.5],[-6.46,8.5],[-6.46,8.5],[-6.46,8.49],[-6.46,8.49],[-6.46,8.49],[-6.45,8.49],[-6.45,8.49],[-6.45,8.48],[-6.45,8.48],[-6.45,8.48],[-6.45,8.48],[-6.44,8.48],[-6.44,8.48],[-6.44,8.48],[-6.43,8.48],[-6.43,8.48],[-6.43,8.48],[-6.43,8.48],[-6.43,8.48],[-6.43,8.48],[-6.43,8.48],[-6.43,8.48],[-6.42,8.47],[-6.42,8.47],[-6.43,8.47],[-6.43,8.47],[-6.43,8.47],[-6.43,8.46],[-6.43,8.46],[-6.43,8.46],[-6.43,8.46],[-6.43,8.46],[-6.43,8.46],[-6.43,8.45],[-6.43,8.45],[-6.43,8.45],[-6.42,8.45],[-6.42,8.45],[-6.42,8.45],[-6.42,8.45],[-6.42,8.45],[-6.42,8.44],[-6.41,8.44],[-6.41,8.44],[-6.41,8.44],[-6.41,8.44],[-6.41,8.44],[-6.41,8.43],[-6.41,8.43],[-6.41,8.43],[-6.41,8.43],[-6.41,8.43],[-6.41,8.42],[-6.41,8.42],[-6.41,8.42],[-6.41,8.42],[-6.41,8.42],[-6.41,8.42],[-6.41,8.42],[-6.4,8.42],[-6.4,8.42],[-6.4,8.42],[-6.4,8.42],[-6.39,8.42],[-6.39,8.42],[-6.39,8.42],[-6.39,8.42],[-6.39,8.42],[-6.38,8.42],[-6.38,8.42],[-6.38,8.42],[-6.38,8.42],[-6.37,8.41],[-6.37,8.41],[-6.37,8.41],[-6.37,8.41],[-6.37,8.41],[-6.37,8.41],[-6.37,8.41],[-6.37,8.41],[-6.36,8.41],[-6.36,8.41],[-6.36,8.41],[-6.36,8.41],[-6.36,8.41],[-6.36,8.41],[-6.36,8.4],[-6.36,8.4],[-6.36,8.4],[-6.36,8.4],[-6.36,8.4],[-6.36,8.4],[-6.36,8.4],[-6.35,8.39],[-6.35,8.39],[-6.35,8.39],[-6.35,8.39],[-6.35,8.39],[-6.35,8.39],[-6.35,8.39],[-6.36,8.39],[-6.36,8.38],[-6.36,8.38],[-6.36,8.38],[-6.36,8.38],[-6.36,8.38],[-6.36,8.38],[-6.36,8.38],[-6.36,8.38],[-6.36,8.38],[-6.36,8.38],[-6.36,8.38],[-6.35,8.38],[-6.35,8.37],[-6.35,8.37],[-6.35,8.37],[-6.35,8.38],[-6.34,8.38],[-6.34,8.38],[-6.34,8.38],[-6.34,8.38],[-6.34,8.37],[-6.34,8.37],[-6.34,8.37],[-6.34,8.37],[-6.34,8.37],[-6.35,8.37],[-6.35,8.37],[-6.35,8.37],[-6.35,8.37],[-6.35,8.37],[-6.35,8.37],[-6.35,8.36],[-6.35,8.36],[-6.35,8.36],[-6.35,8.36],[-6.35,8.36],[-6.35,8.36],[-6.35,8.36],[-6.35,8.36],[-6.35,8.36],[-6.34,8.36],[-6.34,8.36],[-6.34,8.36],[-6.34,8.36],[-6.34,8.35],[-6.35,8.35],[-6.35,8.35],[-6.35,8.35],[-6.35,8.35],[-6.35,8.34],[-6.35,8.34],[-6.35,8.34],[-6.35,8.34],[-6.35,8.34],[-6.35,8.34],[-6.35,8.33],[-6.35,8.33],[-6.34,8.33],[-6.34,8.32],[-6.34,8.32],[-6.35,8.32],[-6.35,8.32],[-6.35,8.31],[-6.35,8.31],[-6.35,8.31],[-6.35,8.31],[-6.35,8.3],[-6.35,8.3],[-6.34,8.3],[-6.34,8.3],[-6.34,8.29],[-6.34,8.29],[-6.34,8.29],[-6.34,8.29],[-6.35,8.29],[-6.35,8.28],[-6.35,8.28],[-6.35,8.28],[-6.35,8.28],[-6.35,8.28],[-6.35,8.27],[-6.35,8.27],[-6.34,8.27],[-6.34,8.27],[-6.34,8.26],[-6.34,8.26],[-6.34,8.26],[-6.34,8.26],[-6.34,8.25],[-6.34,8.25],[-6.34,8.25],[-6.34,8.25],[-6.34,8.24],[-6.34,8.24],[-6.34,8.24],[-6.34,8.24],[-6.34,8.23],[-6.34,8.23],[-6.34,8.23],[-6.34,8.23],[-6.33,8.23],[-6.33,8.22],[-6.33,8.22],[-6.33,8.22],[-6.33,8.22],[-6.33,8.22],[-6.33,8.21],[-6.33,8.21],[-6.33,8.21],[-6.33,8.21],[-6.32,8.21],[-6.32,8.2],[-6.32,8.2],[-6.32,8.2],[-6.32,8.2],[-6.32,8.2],[-6.32,8.2],[-6.32,8.19],[-6.32,8.19],[-6.32,8.19],[-6.32,8.19],[-6.32,8.19],[-6.32,8.18],[-6.32,8.18],[-6.32,8.18],[-6.32,8.18],[-6.31,8.18],[-6.31,8.17],[-6.31,8.17],[-6.32,8.17],[-6.32,8.17],[-6.31,8.17],[-6.31,8.16],[-6.31,8.16],[-6.31,8.16],[-6.31,8.15],[-6.31,8.15],[-6.31,8.15],[-6.31,8.14],[-6.31,8.14],[-6.31,8.14],[-6.31,8.13],[-6.31,8.13],[-6.31,8.13],[-6.31,8.13],[-6.31,8.12],[-6.31,8.12],[-6.31,8.12],[-6.31,8.12],[-6.31,8.11],[-6.31,8.11],[-6.31,8.11],[-6.31,8.11],[-6.31,8.11],[-6.31,8.11],[-6.31,8.1],[-6.31,8.1],[-6.31,8.1],[-6.31,8.1],[-6.3,8.1],[-6.3,8.09],[-6.3,8.09],[-6.3,8.09],[-6.3,8.09],[-6.3,8.08],[-6.3,8.08],[-6.3,8.08],[-6.3,8.08],[-6.3,8.07],[-6.3,8.07],[-6.3,8.07],[-6.3,8.07],[-6.3,8.06],[-6.3,8.06],[-6.3,8.06],[-6.3,8.06],[-6.3,8.06],[-6.3,8.05],[-6.3,8.05],[-6.3,8.05],[-6.3,8.05],[-6.3,8.05],[-6.3,8.04],[-6.3,8.04],[-6.3,8.04],[-6.3,8.04],[-6.3,8.03],[-6.3,8.03],[-6.3,8.03],[-6.3,8.03],[-6.3,8.03],[-6.3,8.02],[-6.29,8.02],[-6.29,8.02],[-6.29,8.02],[-6.29,8.02],[-6.29,8.01],[-6.29,8.01],[-6.29,8.01],[-6.29,8.01],[-6.29,8.01],[-6.28,8.0],[-6.28,8.0],[-6.28,8.0],[-6.28,8.0],[-6.28,8.01],[-6.27,8.01],[-6.27,8.01],[-6.27,8.0],[-6.27,8.0],[-6.27,8.0],[-6.26,8.0],[-6.26,8.0],[-6.26,7.99],[-6.26,7.99],[-6.26,7.99],[-6.26,7.99],[-6.26,7.99],[-6.25,7.99],[-6.25,7.99],[-6.25,7.98],[-6.25,7.98],[-6.25,7.98],[-6.25,7.98],[-6.25,7.98],[-6.25,7.98],[-6.24,7.98],[-6.24,7.98],[-6.24,7.97],[-6.24,7.97],[-6.24,7.97],[-6.24,7.97],[-6.24,7.97],[-6.24,7.96],[-6.24,7.96],[-6.25,7.96],[-6.25,7.96],[-6.25,7.96],[-6.25,7.96],[-6.25,7.96],[-6.25,7.96],[-6.25,7.95],[-6.25,7.95],[-6.26,7.95],[-6.26,7.95],[-6.26,7.95],[-6.26,7.94],[-6.26,7.94],[-6.26,7.94],[-6.26,7.94],[-6.26,7.93],[-6.26,7.93],[-6.26,7.93],[-6.26,7.92],[-6.26,7.92],[-6.26,7.92],[-6.26,7.92],[-6.26,7.92],[-6.26,7.92],[-6.26,7.91],[-6.26,7.91],[-6.25,7.91],[-6.25,7.91],[-6.25,7.91],[-6.25,7.91],[-6.25,7.91],[-6.25,7.9],[-6.25,7.9],[-6.25,7.9],[-6.25,7.9],[-6.25,7.89],[-6.25,7.89],[-6.25,7.89],[-6.25,7.89],[-6.25,7.89],[-6.25,7.88],[-6.25,7.88],[-6.25,7.88],[-6.25,7.88],[-6.25,7.88],[-6.25,7.88],[-6.25,7.87],[-6.25,7.87],[-6.25,7.87],[-6.25,7.87],[-6.25,7.87],[-6.25,7.86],[-6.25,7.86],[-6.25,7.86],[-6.25,7.86],[-6.26,7.86],[-6.26,7.85],[-6.26,7.85],[-6.26,7.85],[-6.26,7.85],[-6.26,7.84],[-6.26,7.84],[-6.26,7.84],[-6.26,7.84],[-6.26,7.84],[-6.26,7.83],[-6.25,7.83],[-6.25,7.83],[-6.25,7.83],[-6.25,7.83],[-6.25,7.82],[-6.26,7.82],[-6.26,7.82],[-6.26,7.82],[-6.26,7.81],[-6.26,7.81],[-6.26,7.81],[-6.26,7.81],[-6.26,7.8],[-6.26,7.8],[-6.26,7.8],[-6.26,7.8],[-6.26,7.8],[-6.26,7.79],[-6.26,7.79],[-6.26,7.79],[-6.26,7.79],[-6.26,7.79],[-6.26,7.79],[-6.26,7.78],[-6.26,7.78],[-6.26,7.78],[-6.26,7.78],[-6.25,7.78],[-6.25,7.78],[-6.24,7.78],[-6.24,7.78],[-6.24,7.78],[-6.24,7.78],[-6.24,7.78],[-6.24,7.77],[-6.24,7.77],[-6.24,7.77],[-6.24,7.77],[-6.24,7.77],[-6.24,7.76],[-6.24,7.76],[-6.24,7.76],[-6.24,7.76],[-6.24,7.76],[-6.24,7.75],[-6.23,7.75],[-6.23,7.75],[-6.23,7.75],[-6.23,7.75],[-6.23,7.75],[-6.23,7.75],[-6.23,7.74],[-6.22,7.74],[-6.22,7.74],[-6.22,7.74],[-6.22,7.74],[-6.22,7.73],[-6.22,7.73],[-6.21,7.73],[-6.21,7.73],[-6.21,7.73],[-6.21,7.72],[-6.21,7.72],[-6.21,7.72],[-6.21,7.72],[-6.21,7.71],[-6.21,7.71],[-6.21,7.71],[-6.21,7.71],[-6.21,7.71],[-6.21,7.71],[-6.21,7.7],[-6.21,7.7],[-6.21,7.7],[-6.21,7.7],[-6.22,7.7],[-6.22,7.69],[-6.21,7.69],[-6.21,7.69],[-6.21,7.69],[-6.21,7.69],[-6.21,7.68],[-6.21,7.68],[-6.21,7.68],[-6.21,7.68],[-6.2,7.68],[-6.2,7.68],[-6.2,7.68],[-6.2,7.68],[-6.2,7.68],[-6.2,7.68],[-6.19,7.68],[-6.19,7.68],[-6.19,7.67],[-6.19,7.67],[-6.19,7.67],[-6.18,7.67],[-6.18,7.67],[-6.18,7.67],[-6.18,7.67],[-6.18,7.67],[-6.18,7.67],[-6.18,7.67],[-6.17,7.66],[-6.17,7.66],[-6.17,7.66],[-6.17,7.66],[-6.17,7.66],[-6.17,7.66],[-6.17,7.66],[-6.16,7.66],[-6.16,7.66],[-6.15,7.66],[-6.15,7.66],[-6.14,7.66],[-6.14,7.65],[-6.14,7.65],[-6.14,7.65],[-6.13,7.65],[-6.13,7.65],[-6.13,7.65],[-6.13,7.65],[-6.13,7.65],[-6.13,7.65],[-6.13,7.65],[-6.12,7.65],[-6.12,7.65],[-6.12,7.65],[-6.12,7.64],[-6.12,7.64],[-6.12,7.64],[-6.11,7.64],[-6.11,7.64],[-6.11,7.64],[-6.11,7.64],[-6.11,7.64],[-6.11,7.64],[-6.1,7.64],[-6.07,7.66],[-6.07,7.66],[-6.07,7.66],[-6.07,7.66],[-6.07,7.66],[-6.07,7.66],[-6.07,7.66],[-6.07,7.67],[-6.07,7.67],[-6.07,7.67],[-6.07,7.67],[-6.07,7.67],[-6.07,7.67],[-6.07,7.67],[-6.07,7.67],[-6.07,7.67],[-6.06,7.67],[-6.06,7.68],[-6.06,7.68],[-6.06,7.68],[-6.06,7.68],[-6.06,7.68],[-6.06,7.68],[-6.06,7.68],[-6.06,7.68],[-6.06,7.68],[-6.06,7.68],[-6.06,7.68],[-6.06,7.69],[-6.06,7.69],[-6.05,7.69],[-6.05,7.69],[-6.05,7.69],[-6.06,7.69],[-6.06,7.69],[-6.06,7.69],[-6.06,7.69],[-6.06,7.69],[-6.06,7.7],[-6.06,7.7],[-6.06,7.7],[-6.06,7.7],[-6.06,7.7],[-6.06,7.7],[-6.06,7.7],[-6.06,7.7],[-6.06,7.71],[-6.06,7.71],[-6.06,7.71],[-6.06,7.71],[-6.06,7.71],[-6.06,7.71],[-6.06,7.71],[-6.06,7.71],[-6.06,7.72],[-6.06,7.72],[-6.06,7.72],[-6.06,7.72],[-6.06,7.72],[-6.05,7.72],[-6.05,7.72],[-6.05,7.72],[-6.05,7.71],[-6.05,7.71],[-6.05,7.71],[-6.05,7.71],[-6.05,7.71],[-6.05,7.71],[-6.05,7.71],[-6.05,7.71],[-6.05,7.71],[-6.05,7.71],[-6.05,7.72],[-6.05,7.72],[-6.05,7.72],[-6.05,7.72],[-6.05,7.72],[-6.05,7.72],[-6.05,7.72],[-6.05,7.72],[-6.05,7.72],[-6.05,7.72],[-6.04,7.73],[-6.04,7.73],[-6.04,7.73],[-6.04,7.73],[-6.04,7.73],[-6.04,7.73],[-6.04,7.73],[-6.04,7.73],[-6.04,7.74],[-6.04,7.74],[-6.04,7.74],[-6.04,7.74],[-6.04,7.74],[-6.04,7.74],[-6.04,7.74],[-6.04,7.74],[-6.04,7.75],[-6.04,7.75],[-6.04,7.75],[-6.04,7.75],[-6.04,7.75],[-6.03,7.75],[-6.03,7.75],[-6.03,7.75],[-6.03,7.75],[-6.03,7.75],[-6.03,7.75],[-6.03,7.75],[-6.02,7.75],[-6.02,7.75],[-6.02,7.75],[-6.02,7.75],[-6.02,7.75],[-6.02,7.75],[-6.01,7.75],[-6.01,7.75],[-6.01,7.75],[-6.01,7.75],[-6.01,7.75],[-6.01,7.75],[-6.0,7.75],[-6.0,7.75],[-6.0,7.75],[-6.0,7.75],[-6.0,7.75],[-5.99,7.75],[-5.99,7.75],[-5.99,7.75],[-5.99,7.75],[-5.99,7.75],[-5.99,7.75],[-5.98,7.75],[-5.98,7.75],[-5.98,7.75],[-5.98,7.75],[-5.98,7.75],[-5.98,7.75],[-5.97,7.75],[-5.97,7.75],[-5.97,7.75],[-5.97,7.75],[-5.97,7.75],[-5.97,7.75],[-5.97,7.75],[-5.97,7.74],[-5.97,7.74],[-5.96,7.74],[-5.96,7.74],[-5.96,7.74],[-5.96,7.74],[-5.96,7.74],[-5.96,7.74],[-5.96,7.73],[-5.96,7.73],[-5.95,7.73],[-5.95,7.73],[-5.95,7.73],[-5.95,7.73],[-5.95,7.73],[-5.95,7.73],[-5.95,7.73],[-5.95,7.73],[-5.94,7.73],[-5.94,7.73],[-5.94,7.73],[-5.94,7.73],[-5.94,7.73],[-5.94,7.73],[-5.93,7.73],[-5.93,7.73],[-5.93,7.73],[-5.93,7.73],[-5.93,7.73],[-5.93,7.73],[-5.92,7.73],[-5.92,7.73],[-5.92,7.73],[-5.92,7.73],[-5.92,7.73],[-5.92,7.73],[-5.91,7.73],[-5.91,7.73],[-5.91,7.73],[-5.91,7.73],[-5.91,7.73],[-5.9,7.73],[-5.9,7.73],[-5.9,7.73],[-5.9,7.73],[-5.9,7.73],[-5.89,7.73],[-5.89,7.73],[-5.89,7.73],[-5.89,7.73],[-5.89,7.73],[-5.88,7.73],[-5.88,7.74],[-5.88,7.73],[-5.88,7.73],[-5.87,7.74],[-5.87,7.73],[-5.87,7.74],[-5.87,7.74],[-5.86,7.74],[-5.86,7.74],[-5.86,7.74],[-5.85,7.74],[-5.85,7.74],[-5.85,7.74],[-5.85,7.74],[-5.85,7.74],[-5.84,7.75],[-5.84,7.75],[-5.84,7.75],[-5.84,7.75],[-5.84,7.75],[-5.83,7.75],[-5.83,7.75],[-5.83,7.75],[-5.83,7.75],[-5.82,7.75],[-5.82,7.75],[-5.82,7.75],[-5.81,7.75],[-5.81,7.75],[-5.81,7.75],[-5.8,7.75],[-5.8,7.75],[-5.8,7.75],[-5.8,7.75],[-5.8,7.75],[-5.8,7.74],[-5.79,7.74],[-5.79,7.74],[-5.79,7.74],[-5.79,7.73],[-5.79,7.73],[-5.79,7.73],[-5.8,7.72],[-5.79,7.72],[-5.79,7.72],[-5.79,7.71],[-5.79,7.71],[-5.79,7.71],[-5.79,7.71],[-5.79,7.7],[-5.79,7.7],[-5.79,7.7],[-5.79,7.7],[-5.79,7.69],[-5.79,7.69],[-5.79,7.69],[-5.79,7.68],[-5.79,7.68],[-5.79,7.68],[-5.79,7.68],[-5.79,7.67],[-5.78,7.67],[-5.78,7.67],[-5.78,7.67],[-5.78,7.66],[-5.79,7.66],[-5.79,7.66],[-5.79,7.66],[-5.79,7.65],[-5.79,7.65],[-5.79,7.65],[-5.79,7.65],[-5.79,7.65],[-5.79,7.64],[-5.8,7.64],[-5.8,7.64],[-5.8,7.63],[-5.8,7.63],[-5.8,7.63],[-5.79,7.63],[-5.79,7.63],[-5.79,7.62],[-5.79,7.62],[-5.79,7.62],[-5.79,7.62],[-5.79,7.62],[-5.78,7.61],[-5.78,7.61],[-5.78,7.61],[-5.78,7.61],[-5.77,7.6],[-5.77,7.6],[-5.77,7.6],[-5.77,7.6],[-5.77,7.59],[-5.76,7.59],[-5.76,7.59],[-5.76,7.59],[-5.76,7.59],[-5.75,7.59],[-5.75,7.59],[-5.75,7.59],[-5.75,7.59],[-5.74,7.59],[-5.74,7.58],[-5.74,7.58],[-5.74,7.58],[-5.74,7.58],[-5.74,7.58],[-5.74,7.57],[-5.74,7.57],[-5.74,7.57],[-5.73,7.56],[-5.73,7.56],[-5.73,7.56],[-5.73,7.55],[-5.73,7.55],[-5.73,7.55],[-5.73,7.55],[-5.73,7.55],[-5.73,7.54],[-5.73,7.54],[-5.7,7.55],[-5.69,7.57],[-5.7,7.6],[-5.72,7.62],[-5.71,7.62],[-5.69,7.63],[-5.69,7.66],[-5.69,7.7],[-5.69,7.7],[-5.69,7.71],[-5.74,7.75],[-5.75,7.77],[-5.77,7.8],[-5.77,7.8],[-5.77,7.81],[-5.77,7.81],[-5.77,7.81],[-5.77,7.81],[-5.76,7.81],[-5.76,7.81],[-5.76,7.81],[-5.76,7.82],[-5.76,7.82],[-5.76,7.82],[-5.76,7.82],[-5.76,7.82],[-5.76,7.83],[-5.77,7.83],[-5.77,7.83],[-5.77,7.83],[-5.77,7.83],[-5.77,7.84],[-5.77,7.84],[-5.77,7.84],[-5.77,7.85],[-5.77,7.85],[-5.77,7.85],[-5.77,7.85],[-5.77,7.86],[-5.77,7.86],[-5.77,7.86],[-5.77,7.86],[-5.77,7.87],[-5.77,7.87],[-5.77,7.87],[-5.77,7.87],[-5.77,7.88],[-5.77,7.88],[-5.77,7.88],[-5.77,7.88],[-5.77,7.89],[-5.77,7.89],[-5.77,7.89],[-5.77,7.89],[-5.77,7.9],[-5.77,7.9],[-5.77,7.9],[-5.77,7.9],[-5.77,7.91],[-5.76,7.91],[-5.76,7.91],[-5.76,7.91],[-5.76,7.91],[-5.76,7.92],[-5.76,7.92],[-5.76,7.92],[-5.76,7.92],[-5.76,7.92],[-5.76,7.92],[-5.76,7.93],[-5.76,7.93],[-5.76,7.93],[-5.76,7.93],[-5.76,7.93],[-5.75,7.93],[-5.75,7.93],[-5.75,7.93],[-5.75,7.94],[-5.75,7.94],[-5.75,7.94],[-5.75,7.94],[-5.75,7.94],[-5.75,7.95],[-5.75,7.95],[-5.75,7.95],[-5.75,7.95],[-5.75,7.95],[-5.75,7.96],[-5.75,7.96],[-5.75,7.96],[-5.75,7.96],[-5.75,7.97],[-5.75,7.97],[-5.75,7.97],[-5.75,7.97],[-5.75,7.98],[-5.75,7.98],[-5.75,7.98],[-5.75,7.98],[-5.74,7.98],[-5.74,7.98],[-5.74,7.98],[-5.74,7.99],[-5.74,7.99],[-5.74,7.99],[-5.74,7.99],[-5.74,7.99],[-5.74,8.0],[-5.74,8.0],[-5.74,8.0],[-5.74,8.0],[-5.74,8.01],[-5.74,8.01],[-5.74,8.01],[-5.74,8.02],[-5.74,8.02],[-5.74,8.02],[-5.74,8.02],[-5.74,8.02],[-5.73,8.03],[-5.73,8.03],[-5.73,8.03],[-5.73,8.03],[-5.57,8.02],[-5.57,8.03],[-5.57,8.03],[-5.57,8.03],[-5.57,8.03],[-5.56,8.03],[-5.56,8.03],[-5.56,8.03],[-5.56,8.03],[-5.56,8.03],[-5.55,8.03],[-5.55,8.03],[-5.55,8.04],[-5.55,8.04],[-5.56,8.04],[-5.56,8.04],[-5.56,8.04],[-5.56,8.04],[-5.56,8.04],[-5.56,8.04],[-5.56,8.04],[-5.56,8.04],[-5.55,8.04],[-5.55,8.04],[-5.55,8.04],[-5.55,8.04],[-5.55,8.04],[-5.55,8.04],[-5.55,8.04],[-5.55,8.04],[-5.54,8.05],[-5.54,8.05],[-5.54,8.05],[-5.54,8.05],[-5.54,8.05],[-5.54,8.06],[-5.54,8.06],[-5.54,8.06],[-5.54,8.06],[-5.54,8.06],[-5.54,8.06],[-5.54,8.06],[-5.53,8.06],[-5.53,8.06],[-5.53,8.06],[-5.53,8.06],[-5.53,8.06],[-5.53,8.07],[-5.53,8.07],[-5.53,8.07],[-5.53,8.07],[-5.53,8.07],[-5.53,8.07],[-5.53,8.07],[-5.53,8.08],[-5.53,8.08],[-5.53,8.08],[-5.53,8.08],[-5.53,8.08],[-5.53,8.08],[-5.52,8.08],[-5.52,8.08],[-5.52,8.08],[-5.52,8.08],[-5.52,8.08],[-5.52,8.08],[-5.51,8.09],[-5.51,8.09],[-5.52,8.09],[-5.52,8.09],[-5.52,8.09],[-5.52,8.09],[-5.52,8.09],[-5.52,8.1],[-5.52,8.1],[-5.52,8.1],[-5.52,8.1],[-5.52,8.1],[-5.52,8.1],[-5.52,8.1],[-5.52,8.11],[-5.52,8.11],[-5.52,8.11],[-5.52,8.11],[-5.52,8.11],[-5.52,8.11],[-5.52,8.11],[-5.52,8.11],[-5.52,8.11],[-5.53,8.12],[-5.53,8.12],[-5.53,8.12],[-5.53,8.12],[-5.53,8.12],[-5.52,8.12],[-5.52,8.12],[-5.52,8.12],[-5.52,8.12],[-5.52,8.12],[-5.51,8.12],[-5.51,8.12],[-5.51,8.12],[-5.51,8.12],[-5.51,8.12],[-5.51,8.12],[-5.51,8.12],[-5.51,8.12],[-5.51,8.12],[-5.51,8.11],[-5.51,8.11],[-5.51,8.11],[-5.5,8.11],[-5.5,8.11],[-5.5,8.11],[-5.5,8.11],[-5.5,8.11],[-5.5,8.11],[-5.5,8.11],[-5.49,8.11],[-5.49,8.11],[-5.49,8.11],[-5.49,8.11],[-5.49,8.12],[-5.49,8.12],[-5.49,8.12],[-5.49,8.12],[-5.49,8.12],[-5.48,8.12],[-5.48,8.12],[-5.48,8.12],[-5.48,8.12],[-5.48,8.12],[-5.48,8.12],[-5.48,8.12],[-5.48,8.12],[-5.48,8.11],[-5.48,8.11],[-5.48,8.11],[-5.47,8.11],[-5.47,8.11],[-5.47,8.11],[-5.47,8.11],[-5.47,8.11],[-5.47,8.11],[-5.46,8.11],[-5.46,8.11],[-5.46,8.11],[-5.46,8.11],[-5.46,8.11],[-5.46,8.11],[-5.46,8.11],[-5.46,8.11],[-5.46,8.12],[-5.46,8.12],[-5.45,8.12],[-5.45,8.12],[-5.45,8.12],[-5.45,8.12],[-5.45,8.12],[-5.44,8.12],[-5.44,8.11],[-5.44,8.11],[-5.44,8.11],[-5.44,8.11],[-5.44,8.11],[-5.44,8.11],[-5.43,8.11],[-5.43,8.11],[-5.43,8.11],[-5.43,8.11],[-5.43,8.11],[-5.43,8.11],[-5.43,8.1],[-5.42,8.1],[-5.42,8.1],[-5.42,8.11],[-5.42,8.11],[-5.42,8.11],[-5.42,8.11],[-5.42,8.11],[-5.42,8.11],[-5.41,8.1],[-5.41,8.1],[-5.41,8.1],[-5.41,8.1],[-5.41,8.1],[-5.4,8.1],[-5.4,8.1],[-5.4,8.11],[-5.4,8.11],[-5.4,8.11],[-5.4,8.11],[-5.4,8.11],[-5.4,8.12],[-5.4,8.12],[-5.4,8.12],[-5.4,8.12],[-5.4,8.12],[-5.4,8.13],[-5.4,8.13],[-5.4,8.13],[-5.4,8.13],[-5.4,8.13],[-5.4,8.14],[-5.4,8.14],[-5.4,8.14],[-5.4,8.14],[-5.4,8.14],[-5.4,8.14],[-5.4,8.15],[-5.4,8.15],[-5.41,8.15],[-5.41,8.15],[-5.41,8.15],[-5.41,8.16],[-5.41,8.16],[-5.4,8.16],[-5.41,8.17],[-5.41,8.17],[-5.41,8.17],[-5.4,8.17],[-5.4,8.17],[-5.4,8.17],[-5.4,8.17],[-5.4,8.17],[-5.4,8.17],[-5.39,8.17],[-5.39,8.17],[-5.39,8.17],[-5.39,8.17],[-5.38,8.17],[-5.38,8.17],[-5.38,8.17],[-5.38,8.17],[-5.36,8.17],[-5.36,8.17],[-5.36,8.17],[-5.36,8.17],[-5.36,8.17],[-5.36,8.17],[-5.36,8.17],[-5.35,8.18],[-5.35,8.18],[-5.35,8.18],[-5.35,8.18],[-5.35,8.18],[-5.35,8.18],[-5.35,8.18],[-5.36,8.19],[-5.36,8.19],[-5.36,8.19],[-5.36,8.19],[-5.36,8.19],[-5.36,8.2],[-5.36,8.2],[-5.36,8.2],[-5.36,8.2],[-5.36,8.2],[-5.36,8.21],[-5.35,8.21],[-5.35,8.21],[-5.35,8.21],[-5.35,8.21],[-5.35,8.21],[-5.35,8.22],[-5.35,8.22],[-5.35,8.22],[-5.35,8.22],[-5.35,8.22],[-5.35,8.22],[-5.35,8.22],[-5.36,8.22],[-5.36,8.23],[-5.36,8.23],[-5.36,8.23],[-5.36,8.23],[-5.36,8.23],[-5.36,8.23],[-5.37,8.23],[-5.37,8.24],[-5.37,8.24],[-5.37,8.24],[-5.37,8.24],[-5.37,8.24],[-5.37,8.25],[-5.37,8.25],[-5.37,8.25],[-5.37,8.25],[-5.37,8.26],[-5.38,8.26],[-5.37,8.26],[-5.36,8.26],[-5.36,8.26],[-5.36,8.26],[-5.36,8.26],[-5.35,8.25],[-5.35,8.25],[-5.35,8.25],[-5.34,8.25],[-5.34,8.25],[-5.34,8.25],[-5.34,8.25],[-5.34,8.25],[-5.34,8.25],[-5.34,8.25],[-5.34,8.26],[-5.34,8.26],[-5.34,8.26],[-5.34,8.26],[-5.35,8.26],[-5.35,8.27],[-5.35,8.27],[-5.35,8.27],[-5.36,8.27],[-5.36,8.27],[-5.36,8.27],[-5.36,8.27],[-5.36,8.27],[-5.37,8.27],[-5.37,8.27],[-5.37,8.27],[-5.37,8.28],[-5.37,8.28],[-5.38,8.28],[-5.38,8.28],[-5.38,8.28],[-5.38,8.28],[-5.39,8.28],[-5.39,8.28],[-5.39,8.28],[-5.39,8.28],[-5.39,8.28],[-5.39,8.28],[-5.39,8.29],[-5.39,8.29],[-5.39,8.29],[-5.39,8.29],[-5.39,8.29],[-5.39,8.29],[-5.39,8.3],[-5.39,8.3],[-5.39,8.3],[-5.39,8.3],[-5.39,8.3],[-5.4,8.31],[-5.4,8.3],[-5.4,8.31],[-5.41,8.31],[-5.41,8.31],[-5.41,8.31],[-5.41,8.31],[-5.41,8.31],[-5.42,8.31],[-5.42,8.31],[-5.42,8.31],[-5.42,8.31],[-5.42,8.32],[-5.42,8.32],[-5.43,8.32],[-5.43,8.32],[-5.43,8.32],[-5.43,8.33],[-5.43,8.33],[-5.43,8.33],[-5.43,8.33],[-5.43,8.33],[-5.43,8.33],[-5.44,8.34],[-5.44,8.34],[-5.44,8.34],[-5.44,8.34],[-5.45,8.34],[-5.45,8.34],[-5.45,8.34],[-5.45,8.34],[-5.45,8.35],[-5.46,8.35],[-5.46,8.35],[-5.46,8.35],[-5.46,8.35],[-5.46,8.35],[-5.47,8.35],[-5.47,8.35],[-5.47,8.35],[-5.47,8.35],[-5.47,8.35],[-5.47,8.35],[-5.48,8.36],[-5.48,8.36],[-5.48,8.36],[-5.48,8.36],[-5.48,8.36],[-5.48,8.36],[-5.49,8.36],[-5.49,8.36],[-5.49,8.36],[-5.49,8.36],[-5.49,8.36],[-5.5,8.36],[-5.5,8.36],[-5.5,8.36],[-5.5,8.36],[-5.5,8.37],[-5.5,8.37],[-5.5,8.37],[-5.5,8.37],[-5.5,8.37],[-5.5,8.38],[-5.5,8.38],[-5.5,8.38],[-5.5,8.38],[-5.51,8.38],[-5.51,8.38],[-5.51,8.38],[-5.51,8.38],[-5.51,8.38],[-5.51,8.38],[-5.52,8.38],[-5.52,8.38],[-5.52,8.38],[-5.53,8.38],[-5.53,8.38],[-5.53,8.38],[-5.53,8.38],[-5.53,8.38],[-5.54,8.38],[-5.54,8.38],[-5.54,8.38],[-5.54,8.38],[-5.54,8.38],[-5.55,8.38],[-5.55,8.38],[-5.55,8.38],[-5.55,8.38],[-5.56,8.38],[-5.56,8.39],[-5.56,8.39],[-5.56,8.39],[-5.56,8.39],[-5.56,8.39],[-5.57,8.39],[-5.57,8.4],[-5.57,8.4],[-5.57,8.4],[-5.57,8.4],[-5.57,8.4],[-5.57,8.41],[-5.57,8.41],[-5.58,8.41],[-5.58,8.41],[-5.58,8.41],[-5.58,8.41],[-5.59,8.42],[-5.59,8.42],[-5.59,8.42],[-5.59,8.42],[-5.6,8.42],[-5.6,8.42],[-5.6,8.42],[-5.61,8.42],[-5.61,8.43],[-5.61,8.43],[-5.61,8.43],[-5.62,8.43],[-5.62,8.43],[-5.62,8.43],[-5.62,8.43],[-5.62,8.43],[-5.63,8.44],[-5.63,8.44],[-5.63,8.44],[-5.63,8.44],[-5.63,8.44],[-5.63,8.45],[-5.63,8.45],[-5.63,8.45],[-5.63,8.45],[-5.63,8.45],[-5.63,8.45],[-5.62,8.45],[-5.62,8.45],[-5.62,8.45],[-5.62,8.45],[-5.61,8.45],[-5.61,8.45],[-5.61,8.46],[-5.61,8.46],[-5.61,8.46],[-5.61,8.46],[-5.61,8.46],[-5.6,8.46],[-5.6,8.46],[-5.6,8.46],[-5.59,8.46],[-5.59,8.46],[-5.59,8.46],[-5.59,8.46],[-5.59,8.46],[-5.58,8.46],[-5.58,8.46],[-5.58,8.46],[-5.58,8.46],[-5.57,8.46],[-5.57,8.46],[-5.57,8.46],[-5.57,8.45],[-5.57,8.45],[-5.56,8.45],[-5.56,8.45],[-5.56,8.45],[-5.55,8.45],[-5.55,8.45],[-5.55,8.45],[-5.54,8.45],[-5.54,8.45],[-5.54,8.45],[-5.54,8.45],[-5.54,8.45],[-5.54,8.45],[-5.53,8.45],[-5.53,8.46],[-5.53,8.46],[-5.53,8.46],[-5.53,8.46],[-5.53,8.46],[-5.52,8.46],[-5.52,8.46],[-5.52,8.46],[-5.52,8.46],[-5.52,8.47],[-5.52,8.47],[-5.53,8.47],[-5.53,8.47],[-5.53,8.47],[-5.53,8.47],[-5.53,8.47],[-5.54,8.47],[-5.54,8.47],[-5.54,8.47],[-5.54,8.47],[-5.54,8.47],[-5.54,8.48],[-5.55,8.48],[-5.55,8.48],[-5.55,8.48],[-5.55,8.48],[-5.55,8.48],[-5.56,8.48],[-5.56,8.48],[-5.56,8.48],[-5.56,8.48],[-5.57,8.48],[-5.57,8.49],[-5.57,8.49],[-5.58,8.49],[-5.58,8.49],[-5.58,8.49],[-5.58,8.49],[-5.58,8.49],[-5.59,8.49],[-5.59,8.49],[-5.59,8.5],[-5.59,8.5],[-5.59,8.5],[-5.59,8.52],[-5.59,8.52],[-5.59,8.52],[-5.59,8.52],[-5.6,8.52],[-5.6,8.53],[-5.6,8.53],[-5.6,8.53],[-5.6,8.53],[-5.61,8.53],[-5.61,8.53],[-5.61,8.54],[-5.6,8.54],[-5.61,8.54],[-5.61,8.54],[-5.61,8.54],[-5.62,8.54],[-5.62,8.55],[-5.62,8.55],[-5.62,8.54],[-5.62,8.54],[-5.62,8.54],[-5.63,8.54],[-5.63,8.54],[-5.63,8.54],[-5.63,8.54],[-5.64,8.54],[-5.64,8.54],[-5.71,8.54],[-5.91,8.65],[-5.91,8.64],[-5.92,8.64],[-5.92,8.64],[-5.92,8.64],[-5.92,8.65],[-5.93,8.65],[-5.93,8.65],[-5.93,8.65],[-5.94,8.65],[-5.94,8.65],[-5.94,8.65],[-5.95,8.65],[-5.95,8.65],[-5.95,8.65],[-5.95,8.65],[-5.95,8.65],[-5.96,8.65],[-5.96,8.65],[-5.96,8.65],[-5.96,8.65],[-5.96,8.65],[-5.96,8.65],[-5.96,8.65],[-5.97,8.65],[-5.97,8.65],[-5.97,8.65],[-5.97,8.65],[-5.97,8.65],[-5.98,8.65],[-5.98,8.65],[-5.98,8.66],[-5.98,8.66],[-5.98,8.66],[-5.98,8.66],[-5.98,8.66],[-5.99,8.66],[-5.99,8.66],[-5.99,8.67],[-5.99,8.67],[-5.99,8.67],[-5.99,8.67],[-5.99,8.67],[-6.0,8.68],[-6.0,8.68],[-6.0,8.68],[-6.0,8.69],[-6.0,8.69],[-6.0,8.69],[-6.0,8.69],[-6.0,8.7],[-6.0,8.7],[-6.01,8.7],[-6.06,8.8],[-6.12,8.89],[-6.13,8.91],[-6.13,8.94],[-6.25,8.99],[-6.25,9.0],[-6.25,9.0],[-6.25,9.0],[-6.25,9.01],[-6.25,9.01],[-6.25,9.01],[-6.25,9.01],[-6.25,9.02],[-6.25,9.02],[-6.25,9.02],[-6.25,9.02],[-6.25,9.03],[-6.25,9.03],[-6.25,9.03],[-6.25,9.03],[-6.25,9.04],[-6.25,9.04],[-6.25,9.04],[-6.26,9.04],[-6.26,9.04],[-6.26,9.05],[-6.26,9.05],[-6.26,9.05],[-6.26,9.05],[-6.26,9.05],[-6.27,9.06],[-6.27,9.06],[-6.27,9.06],[-6.27,9.06],[-6.27,9.06],[-6.27,9.07],[-6.27,9.07],[-6.26,9.07],[-6.26,9.07],[-6.26,9.08],[-6.26,9.08],[-6.26,9.08],[-6.26,9.08],[-6.26,9.09],[-6.26,9.09],[-6.26,9.09],[-6.25,9.09],[-6.25,9.1],[-6.25,9.1],[-6.25,9.1],[-6.25,9.1],[-6.25,9.1],[-6.25,9.11],[-6.24,9.11],[-6.24,9.11],[-6.24,9.11],[-6.24,9.11],[-6.24,9.12],[-6.24,9.12],[-6.23,9.12],[-6.23,9.12],[-6.23,9.12],[-6.23,9.12],[-6.23,9.12],[-6.23,9.13],[-6.23,9.13],[-6.23,9.13],[-6.23,9.13],[-6.22,9.14],[-6.22,9.14],[-6.22,9.14],[-6.22,9.14],[-6.22,9.14],[-6.22,9.15],[-6.22,9.15],[-6.22,9.15],[-6.22,9.15],[-6.22,9.16],[-6.22,9.16],[-6.23,9.16],[-6.23,9.16],[-6.23,9.16],[-6.23,9.16],[-6.23,9.17],[-6.23,9.17],[-6.24,9.17],[-6.24,9.17],[-6.24,9.17],[-6.24,9.18],[-6.24,9.18],[-6.25,9.18],[-6.25,9.18],[-6.25,9.18],[-6.25,9.19],[-6.25,9.19],[-6.25,9.19],[-6.25,9.19],[-6.26,9.19],[-6.26,9.2],[-6.26,9.2],[-6.26,9.2],[-6.26,9.2],[-6.26,9.2],[-6.26,9.2],[-6.27,9.2],[-6.27,9.2],[-6.27,9.2],[-6.27,9.2],[-6.27,9.2],[-6.28,9.2],[-6.28,9.2],[-6.28,9.2],[-6.28,9.19],[-6.28,9.19],[-6.28,9.19],[-6.28,9.2],[-6.29,9.2],[-6.29,9.2],[-6.29,9.2],[-6.29,9.2],[-6.29,9.2],[-6.29,9.2],[-6.3,9.2],[-6.3,9.2],[-6.3,9.2],[-6.3,9.2],[-6.3,9.2],[-6.31,9.2],[-6.31,9.2],[-6.31,9.2],[-6.31,9.2],[-6.31,9.2],[-6.32,9.2],[-6.32,9.2],[-6.32,9.21],[-6.32,9.21],[-6.32,9.21],[-6.32,9.21],[-6.32,9.21],[-6.33,9.21],[-6.33,9.21]]]}},{"type":"Feature","properties":{"name":"Bounkani","code":"CI08","level":"region","status":"waiting","schools":607,"students":112676,"girls":52419,"boys":60257,"district":"Zanzan"},"geometry":{"type":"Polygon","coordinates":[[[-3.61,9.96],[-3.63,9.96],[-3.63,9.96],[-3.64,9.95],[-3.65,9.93],[-3.67,9.93],[-3.68,9.93],[-3.69,9.94],[-3.71,9.94],[-3.73,9.93],[-3.75,9.93],[-3.77,9.93],[-3.78,9.92],[-3.78,9.92],[-3.8,9.9],[-3.8,9.9],[-3.8,9.9],[-3.82,9.9],[-3.82,9.9],[-3.83,9.9],[-3.84,9.9],[-3.86,9.9],[-3.86,9.9],[-3.88,9.9],[-3.89,9.91],[-3.9,9.9],[-3.9,9.89],[-3.9,9.89],[-3.9,9.89],[-3.9,9.89],[-3.9,9.89],[-3.9,9.89],[-3.91,9.88],[-3.91,9.88],[-3.91,9.88],[-3.91,9.88],[-3.91,9.88],[-3.92,9.88],[-3.92,9.88],[-3.92,9.88],[-3.92,9.88],[-3.92,9.88],[-3.92,9.88],[-3.93,9.88],[-3.93,9.88],[-3.93,9.88],[-3.93,9.88],[-3.94,9.88],[-3.94,9.88],[-3.94,9.88],[-3.94,9.88],[-3.94,9.88],[-3.95,9.88],[-3.95,9.88],[-3.95,9.88],[-3.95,9.88],[-3.95,9.88],[-3.96,9.88],[-3.96,9.88],[-3.96,9.87],[-3.96,9.87],[-3.96,9.87],[-3.96,9.87],[-3.96,9.87],[-3.97,9.87],[-3.97,9.87],[-3.97,9.86],[-3.97,9.86],[-3.97,9.86],[-3.97,9.86],[-3.97,9.86],[-3.97,9.85],[-3.97,9.85],[-3.97,9.85],[-3.97,9.85],[-3.97,9.85],[-3.97,9.84],[-3.97,9.84],[-3.97,9.84],[-3.97,9.84],[-3.97,9.84],[-3.97,9.84],[-3.97,9.84],[-3.97,9.83],[-3.97,9.83],[-3.97,9.83],[-3.98,9.83],[-3.98,9.83],[-3.98,9.83],[-3.98,9.83],[-3.98,9.83],[-3.98,9.83],[-3.99,9.83],[-3.99,9.83],[-3.99,9.83],[-3.99,9.83],[-3.99,9.83],[-4.0,9.83],[-4.0,9.83],[-4.0,9.83],[-4.0,9.83],[-4.0,9.83],[-4.01,9.83],[-4.01,9.84],[-4.01,9.84],[-4.01,9.84],[-4.01,9.84],[-4.02,9.84],[-4.02,9.84],[-4.02,9.84],[-4.02,9.84],[-4.02,9.83],[-4.03,9.83],[-4.03,9.83],[-4.03,9.83],[-4.03,9.83],[-4.03,9.82],[-4.03,9.82],[-4.03,9.82],[-4.03,9.82],[-4.04,9.82],[-4.04,9.82],[-4.04,9.81],[-4.04,9.81],[-4.04,9.81],[-4.04,9.81],[-4.04,9.81],[-4.05,9.81],[-4.05,9.81],[-4.06,9.81],[-4.09,9.82],[-4.1,9.83],[-4.12,9.84],[-4.12,9.85],[-4.13,9.85],[-4.14,9.82],[-4.15,9.82],[-4.16,9.81],[-4.17,9.81],[-4.17,9.79],[-4.18,9.78],[-4.19,9.77],[-4.2,9.77],[-4.21,9.77],[-4.24,9.77],[-4.24,9.76],[-4.24,9.76],[-4.25,9.76],[-4.25,9.76],[-4.25,9.76],[-4.25,9.76],[-4.25,9.76],[-4.25,9.75],[-4.25,9.75],[-4.26,9.75],[-4.26,9.75],[-4.26,9.76],[-4.26,9.76],[-4.26,9.76],[-4.27,9.75],[-4.27,9.75],[-4.27,9.75],[-4.27,9.75],[-4.27,9.74],[-4.27,9.74],[-4.27,9.74],[-4.27,9.74],[-4.27,9.74],[-4.27,9.74],[-4.27,9.74],[-4.27,9.73],[-4.27,9.73],[-4.27,9.73],[-4.26,9.73],[-4.26,9.73],[-4.26,9.73],[-4.26,9.73],[-4.26,9.73],[-4.26,9.73],[-4.26,9.73],[-4.26,9.73],[-4.26,9.73],[-4.26,9.73],[-4.27,9.72],[-4.27,9.72],[-4.27,9.72],[-4.27,9.72],[-4.27,9.72],[-4.26,9.72],[-4.26,9.71],[-4.26,9.71],[-4.27,9.71],[-4.27,9.71],[-4.27,9.71],[-4.27,9.7],[-4.27,9.7],[-4.27,9.7],[-4.27,9.7],[-4.27,9.7],[-4.27,9.7],[-4.27,9.69],[-4.27,9.69],[-4.27,9.69],[-4.27,9.69],[-4.28,9.69],[-4.28,9.69],[-4.28,9.69],[-4.28,9.69],[-4.28,9.69],[-4.28,9.69],[-4.28,9.69],[-4.27,9.69],[-4.27,9.68],[-4.27,9.68],[-4.27,9.68],[-4.27,9.68],[-4.27,9.68],[-4.28,9.68],[-4.28,9.68],[-4.28,9.67],[-4.28,9.67],[-4.28,9.67],[-4.28,9.67],[-4.28,9.67],[-4.28,9.67],[-4.28,9.66],[-4.28,9.66],[-4.28,9.66],[-4.28,9.66],[-4.28,9.66],[-4.28,9.65],[-4.28,9.65],[-4.28,9.65],[-4.28,9.65],[-4.28,9.65],[-4.28,9.64],[-4.28,9.64],[-4.28,9.64],[-4.28,9.64],[-4.28,9.64],[-4.28,9.63],[-4.29,9.63],[-4.29,9.63],[-4.29,9.63],[-4.29,9.63],[-4.29,9.62],[-4.29,9.62],[-4.29,9.62],[-4.29,9.62],[-4.29,9.62],[-4.29,9.62],[-4.29,9.61],[-4.3,9.61],[-4.3,9.61],[-4.3,9.61],[-4.3,9.61],[-4.3,9.6],[-4.3,9.6],[-4.3,9.6],[-4.31,9.6],[-4.31,9.6],[-4.31,9.6],[-4.31,9.6],[-4.31,9.59],[-4.3,9.59],[-4.3,9.59],[-4.3,9.59],[-4.29,9.58],[-4.29,9.57],[-4.29,9.57],[-4.28,9.57],[-4.28,9.56],[-4.28,9.56],[-4.27,9.56],[-4.27,9.55],[-4.26,9.55],[-4.26,9.55],[-4.26,9.55],[-4.25,9.54],[-4.25,9.54],[-4.25,9.54],[-4.24,9.54],[-4.24,9.54],[-4.24,9.53],[-4.24,9.53],[-4.24,9.53],[-4.24,9.52],[-4.24,9.52],[-4.24,9.52],[-4.24,9.51],[-4.24,9.51],[-4.24,9.51],[-4.24,9.5],[-4.24,9.5],[-4.24,9.49],[-4.24,9.49],[-4.24,9.49],[-4.24,9.49],[-4.23,9.48],[-4.23,9.48],[-4.23,9.48],[-4.23,9.48],[-4.22,9.47],[-4.22,9.47],[-4.22,9.47],[-4.22,9.47],[-4.21,9.47],[-4.21,9.46],[-4.21,9.46],[-4.21,9.46],[-4.2,9.46],[-4.2,9.46],[-4.2,9.46],[-4.19,9.45],[-4.19,9.45],[-4.19,9.45],[-4.19,9.44],[-4.19,9.44],[-4.19,9.44],[-4.19,9.43],[-4.19,9.43],[-4.2,9.43],[-4.19,9.42],[-4.2,9.42],[-4.2,9.41],[-4.2,9.41],[-4.19,9.41],[-4.19,9.41],[-4.19,9.4],[-4.18,9.41],[-4.18,9.4],[-4.18,9.4],[-4.18,9.4],[-4.18,9.39],[-4.18,9.39],[-4.18,9.39],[-4.18,9.38],[-4.19,9.38],[-4.19,9.38],[-4.19,9.38],[-4.19,9.37],[-4.19,9.36],[-4.19,9.36],[-4.19,9.36],[-4.19,9.36],[-4.2,9.35],[-4.2,9.35],[-4.21,9.35],[-4.21,9.35],[-4.21,9.35],[-4.21,9.34],[-4.2,9.34],[-4.2,9.33],[-4.2,9.33],[-4.2,9.33],[-4.2,9.33],[-4.2,9.32],[-4.19,9.32],[-4.19,9.32],[-4.19,9.32],[-4.19,9.31],[-4.19,9.31],[-4.18,9.31],[-4.18,9.31],[-4.18,9.3],[-4.18,9.3],[-4.17,9.3],[-4.17,9.29],[-4.17,9.29],[-4.17,9.29],[-4.17,9.29],[-4.17,9.28],[-4.18,9.28],[-4.18,9.28],[-4.18,9.28],[-4.18,9.28],[-4.19,9.28],[-4.19,9.27],[-4.19,9.27],[-4.2,9.27],[-4.2,9.26],[-4.2,9.26],[-4.2,9.26],[-4.2,9.26],[-4.19,9.25],[-4.19,9.25],[-4.19,9.25],[-4.18,9.24],[-4.18,9.24],[-4.17,9.23],[-4.17,9.23],[-4.17,9.23],[-4.16,9.23],[-4.16,9.23],[-4.16,9.23],[-4.16,9.24],[-4.16,9.24],[-4.15,9.24],[-4.15,9.24],[-4.15,9.24],[-4.14,9.25],[-4.14,9.25],[-4.14,9.25],[-4.13,9.25],[-4.13,9.26],[-4.13,9.26],[-4.13,9.26],[-4.12,9.26],[-4.12,9.26],[-4.12,9.26],[-4.12,9.26],[-4.11,9.26],[-4.1,9.26],[-4.1,9.26],[-4.1,9.26],[-4.09,9.26],[-4.09,9.26],[-4.09,9.26],[-4.08,9.26],[-4.08,9.26],[-4.08,9.26],[-4.07,9.26],[-4.07,9.26],[-4.07,9.26],[-4.07,9.25],[-4.07,9.25],[-4.07,9.24],[-4.07,9.24],[-4.06,9.24],[-4.06,9.24],[-4.05,9.24],[-4.05,9.24],[-4.05,9.24],[-4.04,9.23],[-4.04,9.23],[-4.04,9.23],[-4.04,9.23],[-4.04,9.22],[-4.04,9.22],[-4.03,9.22],[-4.03,9.22],[-4.03,9.21],[-4.03,9.21],[-4.02,9.21],[-4.02,9.21],[-4.02,9.21],[-4.01,9.22],[-4.01,9.21],[-4.01,9.21],[-4.01,9.21],[-4.0,9.21],[-4.0,9.21],[-4.0,9.21],[-4.0,9.2],[-4.0,9.2],[-3.99,9.2],[-3.99,9.2],[-3.99,9.21],[-3.99,9.21],[-3.98,9.21],[-3.98,9.21],[-3.98,9.21],[-3.97,9.21],[-3.97,9.21],[-3.97,9.21],[-3.96,9.21],[-3.96,9.21],[-3.96,9.21],[-3.95,9.2],[-3.95,9.2],[-3.95,9.2],[-3.95,9.19],[-3.95,9.19],[-3.95,9.19],[-3.95,9.19],[-3.95,9.18],[-3.94,9.18],[-3.94,9.18],[-3.94,9.18],[-3.94,9.18],[-3.94,9.17],[-3.93,9.17],[-3.93,9.17],[-3.93,9.17],[-3.92,9.17],[-3.92,9.17],[-3.92,9.17],[-3.91,9.17],[-3.91,9.17],[-3.91,9.17],[-3.9,9.17],[-3.9,9.17],[-3.9,9.17],[-3.9,9.17],[-3.9,9.17],[-3.89,9.17],[-3.89,9.17],[-3.89,9.17],[-3.88,9.17],[-3.88,9.17],[-3.89,9.17],[-3.89,9.16],[-3.89,9.16],[-3.9,9.16],[-3.9,9.16],[-3.9,9.15],[-3.9,9.15],[-3.9,9.15],[-3.91,9.14],[-3.91,9.14],[-3.91,9.14],[-3.91,9.14],[-3.91,9.13],[-3.91,9.13],[-3.91,9.13],[-3.91,9.12],[-3.9,9.12],[-3.9,9.12],[-3.9,9.11],[-3.9,9.11],[-3.9,9.11],[-3.9,9.11],[-3.89,9.11],[-3.89,9.11],[-3.89,9.11],[-3.88,9.11],[-3.88,9.11],[-3.88,9.11],[-3.87,9.11],[-3.87,9.11],[-3.87,9.11],[-3.87,9.11],[-3.87,9.12],[-3.86,9.12],[-3.86,9.12],[-3.86,9.12],[-3.86,9.12],[-3.85,9.12],[-3.85,9.12],[-3.85,9.12],[-3.85,9.12],[-3.84,9.12],[-3.84,9.12],[-3.84,9.11],[-3.85,9.11],[-3.85,9.11],[-3.85,9.1],[-3.84,9.1],[-3.84,9.1],[-3.84,9.1],[-3.84,9.09],[-3.84,9.09],[-3.84,9.09],[-3.84,9.08],[-3.85,9.08],[-3.85,9.08],[-3.85,9.08],[-3.85,9.08],[-3.85,9.08],[-3.85,9.08],[-3.86,9.08],[-3.86,9.08],[-3.86,9.09],[-3.86,9.09],[-3.86,9.09],[-3.86,9.1],[-3.87,9.1],[-3.87,9.1],[-3.87,9.1],[-3.87,9.1],[-3.88,9.1],[-3.88,9.1],[-3.88,9.1],[-3.88,9.1],[-3.88,9.09],[-3.89,9.09],[-3.89,9.09],[-3.89,9.08],[-3.89,9.08],[-3.89,9.07],[-3.89,9.07],[-3.88,9.07],[-3.88,9.07],[-3.89,9.06],[-3.89,9.06],[-3.89,9.06],[-3.9,9.06],[-3.9,9.06],[-3.9,9.06],[-3.9,9.06],[-3.9,9.05],[-3.9,9.05],[-3.9,9.05],[-3.89,9.05],[-3.89,9.05],[-3.89,9.05],[-3.88,9.05],[-3.88,9.05],[-3.88,9.05],[-3.88,9.05],[-3.87,9.05],[-3.87,9.05],[-3.87,9.05],[-3.87,9.04],[-3.87,9.04],[-3.87,9.04],[-3.86,9.04],[-3.86,9.04],[-3.86,9.03],[-3.86,9.03],[-3.85,9.03],[-3.85,9.03],[-3.85,9.03],[-3.85,9.03],[-3.84,9.03],[-3.84,9.03],[-3.83,9.03],[-3.83,9.03],[-3.83,9.03],[-3.83,9.02],[-3.82,9.02],[-3.82,9.02],[-3.82,9.02],[-3.82,9.02],[-3.81,9.02],[-3.81,9.02],[-3.81,9.01],[-3.81,9.01],[-3.81,9.01],[-3.8,9.01],[-3.8,9.01],[-3.8,9.01],[-3.8,9.0],[-3.79,9.0],[-3.79,9.0],[-3.8,9.0],[-3.8,8.99],[-3.8,8.99],[-3.8,8.99],[-3.81,8.99],[-3.81,8.99],[-3.81,8.99],[-3.81,8.99],[-3.82,8.98],[-3.82,8.98],[-3.82,8.98],[-3.82,8.98],[-3.83,8.98],[-3.83,8.98],[-3.83,8.97],[-3.83,8.98],[-3.84,8.97],[-3.84,8.97],[-3.84,8.97],[-3.85,8.97],[-3.85,8.97],[-3.85,8.97],[-3.85,8.97],[-3.85,8.96],[-3.85,8.96],[-3.86,8.96],[-3.86,8.96],[-3.86,8.95],[-3.86,8.95],[-3.87,8.95],[-3.87,8.95],[-3.87,8.95],[-3.87,8.96],[-3.88,8.96],[-3.88,8.96],[-3.88,8.96],[-3.88,8.96],[-3.9,8.95],[-3.89,8.93],[-3.89,8.93],[-3.89,8.92],[-3.88,8.92],[-3.88,8.92],[-3.87,8.92],[-3.86,8.91],[-3.86,8.91],[-3.86,8.9],[-3.85,8.88],[-3.85,8.88],[-3.84,8.88],[-3.84,8.87],[-3.83,8.87],[-3.83,8.87],[-3.83,8.86],[-3.82,8.83],[-3.82,8.83],[-3.82,8.83],[-3.82,8.83],[-3.81,8.83],[-3.81,8.83],[-3.81,8.83],[-3.81,8.83],[-3.81,8.82],[-3.81,8.78],[-3.86,8.73],[-3.87,8.7],[-3.87,8.7],[-3.87,8.7],[-3.86,8.69],[-3.87,8.69],[-3.88,8.7],[-3.88,8.7],[-3.89,8.7],[-3.89,8.69],[-3.89,8.69],[-3.9,8.69],[-3.91,8.68],[-3.91,8.68],[-3.92,8.68],[-3.92,8.68],[-3.92,8.68],[-3.92,8.69],[-3.93,8.69],[-3.93,8.68],[-3.93,8.68],[-3.94,8.68],[-3.94,8.68],[-3.94,8.67],[-3.94,8.67],[-3.94,8.67],[-3.94,8.67],[-3.94,8.66],[-3.94,8.66],[-3.94,8.65],[-3.94,8.65],[-3.94,8.65],[-3.94,8.64],[-3.94,8.64],[-3.94,8.64],[-3.94,8.64],[-3.94,8.64],[-3.94,8.63],[-3.94,8.63],[-3.94,8.63],[-3.92,8.61],[-3.92,8.61],[-3.92,8.61],[-3.92,8.61],[-3.92,8.6],[-3.92,8.6],[-3.92,8.6],[-3.91,8.6],[-3.91,8.6],[-3.91,8.6],[-3.91,8.6],[-3.91,8.59],[-3.91,8.59],[-3.91,8.59],[-3.91,8.59],[-3.91,8.59],[-3.91,8.59],[-3.91,8.59],[-3.9,8.59],[-3.9,8.58],[-3.9,8.58],[-3.9,8.58],[-3.9,8.58],[-3.9,8.58],[-3.9,8.57],[-3.9,8.57],[-3.9,8.57],[-3.9,8.57],[-3.91,8.57],[-3.91,8.57],[-3.91,8.57],[-3.91,8.57],[-3.91,8.57],[-3.91,8.57],[-3.92,8.57],[-3.92,8.57],[-3.92,8.57],[-3.92,8.57],[-3.92,8.57],[-3.92,8.56],[-3.93,8.56],[-3.93,8.56],[-3.93,8.56],[-3.93,8.56],[-3.93,8.56],[-3.94,8.55],[-3.94,8.55],[-3.94,8.55],[-3.94,8.55],[-3.94,8.55],[-3.95,8.55],[-3.95,8.55],[-3.95,8.55],[-3.96,8.55],[-3.96,8.55],[-3.96,8.54],[-3.96,8.55],[-3.96,8.54],[-3.97,8.54],[-3.97,8.54],[-3.97,8.54],[-3.98,8.54],[-3.98,8.54],[-3.98,8.54],[-3.98,8.53],[-3.98,8.53],[-3.98,8.53],[-3.98,8.53],[-3.98,8.53],[-3.98,8.52],[-3.98,8.52],[-3.98,8.51],[-3.98,8.51],[-3.98,8.51],[-3.97,8.51],[-3.97,8.51],[-3.96,8.51],[-3.95,8.51],[-3.95,8.5],[-3.94,8.5],[-3.94,8.5],[-3.94,8.5],[-3.93,8.5],[-3.93,8.5],[-3.93,8.49],[-3.93,8.49],[-3.93,8.49],[-3.93,8.49],[-3.93,8.48],[-3.93,8.48],[-3.93,8.48],[-3.93,8.48],[-3.93,8.47],[-3.93,8.47],[-3.93,8.47],[-3.93,8.47],[-3.94,8.47],[-3.94,8.46],[-3.94,8.46],[-3.94,8.46],[-3.94,8.46],[-3.94,8.45],[-3.94,8.45],[-3.94,8.45],[-3.94,8.45],[-3.94,8.45],[-3.95,8.45],[-3.95,8.44],[-3.95,8.44],[-3.94,8.44],[-3.94,8.44],[-3.94,8.44],[-3.94,8.44],[-3.94,8.43],[-3.94,8.43],[-3.94,8.43],[-3.93,8.43],[-3.93,8.42],[-3.93,8.42],[-3.93,8.42],[-3.93,8.42],[-3.92,8.41],[-3.92,8.41],[-3.92,8.41],[-3.92,8.41],[-3.92,8.41],[-3.92,8.41],[-3.91,8.41],[-3.91,8.41],[-3.91,8.41],[-3.91,8.41],[-3.9,8.4],[-3.9,8.4],[-3.9,8.4],[-3.9,8.4],[-3.9,8.4],[-3.89,8.4],[-3.89,8.4],[-3.88,8.4],[-3.88,8.4],[-3.88,8.4],[-3.88,8.4],[-3.88,8.39],[-3.88,8.39],[-3.88,8.39],[-3.88,8.38],[-3.88,8.38],[-3.88,8.38],[-3.88,8.38],[-3.88,8.38],[-3.88,8.38],[-3.88,8.37],[-3.87,8.37],[-3.87,8.37],[-3.87,8.37],[-3.87,8.36],[-3.86,8.36],[-3.86,8.36],[-3.86,8.36],[-3.85,8.36],[-3.85,8.36],[-3.85,8.36],[-3.85,8.36],[-3.85,8.36],[-3.84,8.36],[-3.84,8.36],[-3.84,8.36],[-3.83,8.35],[-3.83,8.35],[-3.83,8.35],[-3.83,8.35],[-3.83,8.34],[-3.83,8.34],[-3.83,8.34],[-3.83,8.34],[-3.83,8.33],[-3.83,8.33],[-3.83,8.33],[-3.83,8.33],[-3.83,8.33],[-3.82,8.33],[-3.82,8.33],[-3.82,8.33],[-3.82,8.32],[-3.82,8.32],[-3.82,8.32],[-3.82,8.31],[-3.82,8.31],[-3.82,8.31],[-3.82,8.31],[-3.82,8.3],[-3.82,8.3],[-3.82,8.3],[-3.82,8.3],[-3.83,8.3],[-3.83,8.29],[-3.83,8.29],[-3.83,8.29],[-3.83,8.29],[-3.83,8.28],[-3.82,8.28],[-3.82,8.28],[-3.82,8.28],[-3.82,8.28],[-3.82,8.27],[-3.82,8.28],[-3.82,8.28],[-3.82,8.28],[-3.81,8.28],[-3.81,8.28],[-3.81,8.28],[-3.81,8.28],[-3.81,8.28],[-3.8,8.28],[-3.8,8.28],[-3.8,8.28],[-3.8,8.28],[-3.79,8.28],[-3.79,8.28],[-3.79,8.28],[-3.79,8.28],[-3.79,8.28],[-3.79,8.29],[-3.78,8.28],[-3.78,8.28],[-3.78,8.28],[-3.78,8.28],[-3.77,8.28],[-3.77,8.28],[-3.77,8.28],[-3.77,8.28],[-3.77,8.28],[-3.76,8.28],[-3.76,8.28],[-3.76,8.28],[-3.76,8.28],[-3.75,8.28],[-3.75,8.28],[-3.75,8.28],[-3.75,8.28],[-3.74,8.28],[-3.74,8.28],[-3.74,8.27],[-3.73,8.27],[-3.73,8.27],[-3.73,8.27],[-3.73,8.27],[-3.73,8.27],[-3.72,8.27],[-3.72,8.27],[-3.72,8.27],[-3.72,8.27],[-3.72,8.27],[-3.71,8.27],[-3.71,8.27],[-3.71,8.28],[-3.71,8.28],[-3.71,8.28],[-3.71,8.28],[-3.7,8.28],[-3.7,8.28],[-3.7,8.28],[-3.7,8.29],[-3.7,8.29],[-3.7,8.29],[-3.7,8.29],[-3.7,8.29],[-3.7,8.3],[-3.7,8.3],[-3.69,8.3],[-3.69,8.3],[-3.69,8.3],[-3.69,8.3],[-3.69,8.3],[-3.69,8.3],[-3.69,8.31],[-3.69,8.31],[-3.68,8.31],[-3.68,8.31],[-3.68,8.31],[-3.68,8.31],[-3.68,8.32],[-3.67,8.32],[-3.67,8.32],[-3.67,8.32],[-3.67,8.32],[-3.67,8.32],[-3.66,8.32],[-3.66,8.32],[-3.66,8.32],[-3.66,8.32],[-3.66,8.32],[-3.65,8.32],[-3.65,8.32],[-3.65,8.32],[-3.65,8.32],[-3.64,8.31],[-3.64,8.31],[-3.64,8.31],[-3.64,8.31],[-3.64,8.31],[-3.64,8.3],[-3.63,8.3],[-3.63,8.3],[-3.63,8.3],[-3.63,8.3],[-3.63,8.3],[-3.63,8.29],[-3.62,8.29],[-3.62,8.29],[-3.62,8.29],[-3.62,8.29],[-3.62,8.29],[-3.61,8.29],[-3.61,8.29],[-3.61,8.29],[-3.61,8.28],[-3.61,8.28],[-3.61,8.28],[-3.61,8.28],[-3.61,8.27],[-3.61,8.27],[-3.61,8.27],[-3.6,8.27],[-3.6,8.27],[-3.6,8.26],[-3.6,8.26],[-3.6,8.26],[-3.6,8.26],[-3.6,8.26],[-3.59,8.26],[-3.59,8.25],[-3.59,8.25],[-3.6,8.25],[-3.6,8.25],[-3.6,8.24],[-3.6,8.24],[-3.6,8.24],[-3.6,8.24],[-3.59,8.24],[-3.59,8.24],[-3.59,8.23],[-3.59,8.23],[-3.59,8.23],[-3.59,8.23],[-3.6,8.23],[-3.59,8.23],[-3.59,8.22],[-3.59,8.22],[-3.59,8.22],[-3.59,8.22],[-3.59,8.21],[-3.59,8.21],[-3.59,8.21],[-3.59,8.21],[-3.58,8.21],[-3.58,8.21],[-3.58,8.21],[-3.58,8.2],[-3.58,8.2],[-3.58,8.2],[-3.58,8.2],[-3.58,8.2],[-3.57,8.2],[-3.57,8.2],[-3.57,8.2],[-3.57,8.2],[-3.56,8.2],[-3.56,8.2],[-3.56,8.2],[-3.56,8.21],[-3.56,8.21],[-3.56,8.21],[-3.56,8.21],[-3.56,8.21],[-3.56,8.21],[-3.56,8.21],[-3.56,8.21],[-3.56,8.22],[-3.56,8.22],[-3.56,8.22],[-3.56,8.22],[-3.56,8.22],[-3.55,8.22],[-3.55,8.22],[-3.55,8.22],[-3.55,8.22],[-3.55,8.22],[-3.55,8.22],[-3.54,8.22],[-3.54,8.22],[-3.54,8.22],[-3.54,8.22],[-3.54,8.22],[-3.54,8.23],[-3.54,8.23],[-3.54,8.23],[-3.53,8.23],[-3.53,8.23],[-3.53,8.23],[-3.53,8.23],[-3.53,8.23],[-3.53,8.23],[-3.52,8.23],[-3.52,8.23],[-3.52,8.23],[-3.52,8.23],[-3.52,8.23],[-3.52,8.23],[-3.51,8.23],[-3.51,8.23],[-3.51,8.23],[-3.51,8.24],[-3.51,8.24],[-3.5,8.24],[-3.5,8.24],[-3.5,8.24],[-3.5,8.24],[-3.5,8.24],[-3.5,8.24],[-3.5,8.24],[-3.5,8.24],[-3.49,8.24],[-3.49,8.24],[-3.49,8.24],[-3.49,8.24],[-3.49,8.25],[-3.49,8.25],[-3.49,8.25],[-3.48,8.25],[-3.48,8.25],[-3.48,8.25],[-3.48,8.25],[-3.48,8.25],[-3.47,8.25],[-3.47,8.25],[-3.47,8.25],[-3.47,8.25],[-3.47,8.25],[-3.47,8.25],[-3.46,8.25],[-3.46,8.25],[-3.46,8.25],[-3.46,8.25],[-3.46,8.25],[-3.46,8.25],[-3.46,8.26],[-3.46,8.26],[-3.45,8.26],[-3.45,8.26],[-3.45,8.26],[-3.45,8.26],[-3.45,8.26],[-3.45,8.26],[-3.44,8.26],[-3.44,8.26],[-3.44,8.26],[-3.44,8.26],[-3.44,8.26],[-3.44,8.26],[-3.43,8.26],[-3.43,8.26],[-3.43,8.26],[-3.43,8.27],[-3.43,8.27],[-3.43,8.28],[-3.42,8.28],[-3.42,8.28],[-3.42,8.28],[-3.42,8.28],[-3.42,8.28],[-3.42,8.28],[-3.42,8.28],[-3.42,8.29],[-3.42,8.29],[-3.42,8.29],[-3.42,8.29],[-3.42,8.29],[-3.41,8.29],[-3.41,8.29],[-3.41,8.29],[-3.41,8.29],[-3.41,8.3],[-3.41,8.3],[-3.41,8.3],[-3.4,8.3],[-3.4,8.3],[-3.4,8.3],[-3.4,8.3],[-3.4,8.3],[-3.39,8.3],[-3.39,8.3],[-3.39,8.3],[-3.39,8.3],[-3.38,8.3],[-3.38,8.3],[-3.38,8.3],[-3.38,8.3],[-3.38,8.3],[-3.38,8.3],[-3.37,8.3],[-3.37,8.3],[-3.37,8.3],[-3.37,8.3],[-3.37,8.3],[-3.37,8.3],[-3.36,8.3],[-3.36,8.3],[-3.36,8.3],[-3.36,8.3],[-3.36,8.3],[-3.35,8.3],[-3.35,8.3],[-3.35,8.3],[-3.35,8.3],[-3.35,8.3],[-3.35,8.31],[-3.35,8.31],[-3.34,8.31],[-3.34,8.31],[-3.34,8.31],[-3.34,8.31],[-3.34,8.31],[-3.34,8.32],[-3.34,8.32],[-3.34,8.32],[-3.34,8.32],[-3.34,8.33],[-3.34,8.33],[-3.34,8.33],[-3.34,8.34],[-3.34,8.34],[-3.34,8.34],[-3.34,8.34],[-3.34,8.35],[-3.33,8.37],[-3.33,8.37],[-3.33,8.37],[-3.33,8.37],[-3.33,8.38],[-3.31,8.39],[-3.31,8.39],[-3.31,8.39],[-3.31,8.39],[-3.31,8.4],[-3.31,8.4],[-3.31,8.4],[-3.31,8.4],[-3.31,8.41],[-3.31,8.41],[-3.31,8.41],[-3.31,8.41],[-3.31,8.42],[-3.31,8.42],[-3.31,8.42],[-3.31,8.42],[-3.31,8.43],[-3.31,8.43],[-3.31,8.43],[-3.31,8.43],[-3.31,8.44],[-3.31,8.44],[-3.31,8.44],[-3.31,8.44],[-3.32,8.44],[-3.32,8.44],[-3.32,8.45],[-3.32,8.45],[-3.32,8.45],[-3.32,8.45],[-3.32,8.45],[-3.32,8.45],[-3.32,8.45],[-3.32,8.46],[-3.32,8.46],[-3.31,8.46],[-3.31,8.46],[-3.31,8.46],[-3.31,8.45],[-3.31,8.45],[-3.3,8.46],[-3.3,8.46],[-3.3,8.46],[-3.3,8.46],[-3.3,8.46],[-3.3,8.46],[-3.29,8.46],[-3.29,8.46],[-3.29,8.46],[-3.29,8.47],[-3.29,8.47],[-3.29,8.47],[-3.29,8.47],[-3.29,8.47],[-3.29,8.47],[-3.28,8.47],[-3.28,8.47],[-3.28,8.48],[-3.28,8.48],[-3.28,8.48],[-3.28,8.48],[-3.28,8.48],[-3.28,8.48],[-3.28,8.48],[-3.27,8.48],[-3.27,8.48],[-3.27,8.48],[-3.27,8.49],[-3.27,8.49],[-3.27,8.49],[-3.27,8.49],[-3.26,8.49],[-3.26,8.49],[-3.26,8.49],[-3.26,8.49],[-3.26,8.49],[-3.25,8.49],[-3.25,8.49],[-3.24,8.49],[-3.24,8.49],[-3.24,8.5],[-3.24,8.5],[-3.24,8.5],[-3.23,8.5],[-3.23,8.51],[-3.23,8.51],[-3.23,8.51],[-3.23,8.51],[-3.22,8.51],[-3.22,8.51],[-3.22,8.51],[-3.21,8.51],[-3.21,8.51],[-3.21,8.51],[-3.21,8.51],[-3.21,8.51],[-3.2,8.51],[-3.2,8.51],[-3.2,8.51],[-3.2,8.51],[-3.2,8.51],[-3.19,8.52],[-3.19,8.52],[-3.19,8.52],[-3.19,8.52],[-3.19,8.52],[-3.19,8.52],[-3.19,8.52],[-3.19,8.52],[-3.19,8.54],[-3.19,8.54],[-3.18,8.54],[-3.17,8.56],[-3.17,8.55],[-3.16,8.55],[-3.16,8.55],[-3.16,8.56],[-3.15,8.55],[-3.15,8.55],[-3.15,8.55],[-3.15,8.55],[-3.14,8.55],[-3.14,8.55],[-3.14,8.55],[-3.13,8.55],[-3.13,8.55],[-3.13,8.55],[-3.13,8.55],[-3.12,8.55],[-3.12,8.55],[-3.12,8.55],[-3.12,8.55],[-3.12,8.55],[-3.11,8.54],[-3.11,8.54],[-3.11,8.54],[-3.11,8.54],[-3.1,8.54],[-3.1,8.54],[-3.1,8.54],[-3.1,8.54],[-3.1,8.54],[-3.09,8.54],[-3.09,8.54],[-3.09,8.54],[-3.09,8.54],[-3.09,8.54],[-3.08,8.54],[-3.08,8.53],[-3.08,8.53],[-3.08,8.53],[-3.08,8.53],[-3.08,8.54],[-3.07,8.54],[-3.07,8.54],[-3.07,8.54],[-3.07,8.54],[-3.06,8.54],[-3.06,8.54],[-3.06,8.54],[-3.05,8.55],[-3.05,8.55],[-3.05,8.55],[-3.04,8.55],[-3.04,8.56],[-3.04,8.56],[-3.04,8.56],[-3.04,8.56],[-3.04,8.56],[-3.04,8.56],[-3.04,8.56],[-3.04,8.56],[-3.04,8.57],[-3.04,8.57],[-3.04,8.57],[-3.04,8.57],[-3.04,8.57],[-3.04,8.57],[-3.04,8.57],[-3.04,8.57],[-3.04,8.58],[-3.04,8.58],[-3.04,8.58],[-3.04,8.58],[-3.04,8.58],[-3.04,8.58],[-3.04,8.59],[-3.04,8.59],[-3.04,8.59],[-3.04,8.59],[-3.04,8.59],[-3.04,8.6],[-3.04,8.6],[-3.04,8.6],[-3.04,8.6],[-3.04,8.6],[-3.04,8.6],[-3.04,8.6],[-3.04,8.61],[-3.04,8.61],[-3.04,8.61],[-3.04,8.61],[-3.04,8.61],[-3.04,8.61],[-3.04,8.61],[-3.05,8.61],[-3.05,8.61],[-3.05,8.62],[-3.05,8.62],[-3.05,8.62],[-3.05,8.62],[-3.04,8.62],[-3.04,8.63],[-3.04,8.63],[-3.04,8.63],[-3.04,8.63],[-3.04,8.63],[-3.04,8.63],[-3.04,8.63],[-3.04,8.63],[-3.04,8.63],[-3.03,8.63],[-3.03,8.64],[-3.03,8.64],[-3.03,8.64],[-3.03,8.64],[-3.03,8.64],[-3.03,8.64],[-3.02,8.64],[-3.02,8.64],[-3.02,8.65],[-3.02,8.65],[-3.02,8.65],[-3.01,8.65],[-3.01,8.65],[-3.0,8.65],[-3.0,8.65],[-3.0,8.65],[-3.0,8.65],[-2.99,8.65],[-2.99,8.65],[-2.99,8.65],[-2.98,8.64],[-2.98,8.64],[-2.98,8.64],[-2.97,8.64],[-2.97,8.64],[-2.97,8.64],[-2.96,8.64],[-2.96,8.64],[-2.96,8.64],[-2.95,8.64],[-2.94,8.64],[-2.94,8.64],[-2.94,8.64],[-2.94,8.64],[-2.81,8.68],[-2.79,8.69],[-2.72,8.73],[-2.63,8.79],[-2.63,8.79],[-2.63,8.79],[-2.63,8.79],[-2.63,8.79],[-2.63,8.79],[-2.63,8.8],[-2.63,8.8],[-2.63,8.8],[-2.63,8.8],[-2.62,8.8],[-2.62,8.81],[-2.62,8.81],[-2.62,8.81],[-2.62,8.81],[-2.62,8.81],[-2.61,8.81],[-2.61,8.81],[-2.61,8.81],[-2.61,8.81],[-2.61,8.81],[-2.6,8.82],[-2.6,8.82],[-2.6,8.82],[-2.6,8.82],[-2.6,8.82],[-2.6,8.82],[-2.6,8.82],[-2.6,8.82],[-2.6,8.83],[-2.6,8.83],[-2.6,8.83],[-2.6,8.83],[-2.6,8.84],[-2.6,8.84],[-2.6,8.84],[-2.6,8.84],[-2.6,8.84],[-2.61,8.85],[-2.61,8.85],[-2.61,8.85],[-2.61,8.85],[-2.61,8.85],[-2.61,8.86],[-2.61,8.86],[-2.61,8.86],[-2.61,8.86],[-2.62,8.86],[-2.62,8.86],[-2.62,8.87],[-2.62,8.87],[-2.62,8.87],[-2.62,8.87],[-2.62,8.87],[-2.62,8.87],[-2.62,8.88],[-2.62,8.88],[-2.62,8.88],[-2.62,8.88],[-2.62,8.88],[-2.62,8.89],[-2.62,8.89],[-2.62,8.89],[-2.62,8.89],[-2.62,8.89],[-2.62,8.9],[-2.62,8.9],[-2.62,8.9],[-2.62,8.9],[-2.62,8.9],[-2.62,8.91],[-2.62,8.91],[-2.62,8.91],[-2.62,8.91],[-2.62,8.91],[-2.62,8.92],[-2.62,8.92],[-2.62,8.92],[-2.62,8.92],[-2.62,8.92],[-2.62,8.93],[-2.63,8.93],[-2.63,8.93],[-2.63,8.93],[-2.63,8.93],[-2.63,8.93],[-2.63,8.93],[-2.64,8.93],[-2.64,8.93],[-2.64,8.93],[-2.64,8.93],[-2.64,8.94],[-2.65,8.94],[-2.65,8.94],[-2.65,8.94],[-2.65,8.94],[-2.65,8.94],[-2.65,8.94],[-2.65,8.95],[-2.65,8.95],[-2.65,8.95],[-2.65,8.95],[-2.65,8.96],[-2.65,8.96],[-2.65,8.96],[-2.65,8.96],[-2.65,8.96],[-2.65,8.97],[-2.66,8.97],[-2.66,8.97],[-2.66,8.97],[-2.66,8.97],[-2.66,8.98],[-2.66,8.98],[-2.66,8.98],[-2.66,8.98],[-2.66,8.98],[-2.66,8.99],[-2.66,8.99],[-2.66,8.99],[-2.66,8.99],[-2.66,8.99],[-2.66,9.0],[-2.66,9.0],[-2.66,9.0],[-2.66,9.0],[-2.66,9.01],[-2.66,9.01],[-2.66,9.01],[-2.66,9.01],[-2.66,9.01],[-2.66,9.01],[-2.67,9.02],[-2.67,9.02],[-2.67,9.02],[-2.67,9.02],[-2.67,9.02],[-2.67,9.02],[-2.68,9.02],[-2.68,9.02],[-2.68,9.02],[-2.68,9.02],[-2.68,9.02],[-2.69,9.02],[-2.69,9.02],[-2.69,9.02],[-2.69,9.02],[-2.69,9.02],[-2.7,9.02],[-2.7,9.02],[-2.7,9.02],[-2.7,9.02],[-2.71,9.02],[-2.71,9.03],[-2.71,9.03],[-2.71,9.03],[-2.71,9.03],[-2.71,9.03],[-2.72,9.03],[-2.72,9.03],[-2.72,9.03],[-2.72,9.03],[-2.72,9.03],[-2.73,9.03],[-2.73,9.03],[-2.73,9.03],[-2.73,9.03],[-2.73,9.03],[-2.74,9.03],[-2.74,9.03],[-2.74,9.03],[-2.75,9.03],[-2.75,9.03],[-2.75,9.03],[-2.75,9.03],[-2.75,9.03],[-2.75,9.03],[-2.76,9.03],[-2.76,9.03],[-2.76,9.03],[-2.76,9.03],[-2.76,9.03],[-2.77,9.04],[-2.77,9.04],[-2.77,9.04],[-2.77,9.04],[-2.77,9.04],[-2.77,9.04],[-2.77,9.04],[-2.78,9.05],[-2.78,9.05],[-2.78,9.05],[-2.78,9.05],[-2.78,9.05],[-2.78,9.05],[-2.78,9.06],[-2.78,9.06],[-2.78,9.06],[-2.78,9.06],[-2.78,9.06],[-2.78,9.07],[-2.78,9.07],[-2.77,9.07],[-2.77,9.07],[-2.77,9.07],[-2.77,9.07],[-2.77,9.07],[-2.77,9.07],[-2.77,9.08],[-2.77,9.08],[-2.77,9.08],[-2.77,9.08],[-2.76,9.09],[-2.76,9.09],[-2.76,9.09],[-2.76,9.09],[-2.76,9.09],[-2.76,9.1],[-2.76,9.1],[-2.76,9.1],[-2.77,9.1],[-2.77,9.1],[-2.77,9.11],[-2.77,9.11],[-2.77,9.11],[-2.77,9.11],[-2.77,9.11],[-2.77,9.12],[-2.77,9.12],[-2.77,9.12],[-2.77,9.12],[-2.77,9.12],[-2.77,9.12],[-2.77,9.13],[-2.77,9.13],[-2.77,9.13],[-2.77,9.13],[-2.78,9.13],[-2.78,9.13],[-2.78,9.14],[-2.78,9.14],[-2.77,9.14],[-2.77,9.14],[-2.77,9.14],[-2.77,9.15],[-2.77,9.15],[-2.77,9.15],[-2.77,9.15],[-2.76,9.15],[-2.76,9.15],[-2.76,9.15],[-2.76,9.15],[-2.75,9.15],[-2.75,9.15],[-2.75,9.15],[-2.75,9.15],[-2.75,9.15],[-2.75,9.15],[-2.74,9.15],[-2.74,9.15],[-2.74,9.15],[-2.74,9.15],[-2.74,9.16],[-2.73,9.16],[-2.73,9.16],[-2.73,9.16],[-2.73,9.16],[-2.73,9.16],[-2.73,9.17],[-2.73,9.17],[-2.73,9.17],[-2.73,9.17],[-2.72,9.17],[-2.72,9.17],[-2.72,9.18],[-2.72,9.18],[-2.72,9.18],[-2.72,9.18],[-2.72,9.19],[-2.72,9.19],[-2.72,9.19],[-2.72,9.19],[-2.72,9.19],[-2.72,9.2],[-2.72,9.2],[-2.72,9.2],[-2.72,9.2],[-2.72,9.2],[-2.71,9.2],[-2.71,9.21],[-2.71,9.21],[-2.71,9.21],[-2.71,9.21],[-2.71,9.21],[-2.71,9.21],[-2.7,9.21],[-2.7,9.21],[-2.7,9.22],[-2.7,9.22],[-2.7,9.22],[-2.7,9.22],[-2.7,9.22],[-2.69,9.22],[-2.69,9.23],[-2.69,9.23],[-2.69,9.23],[-2.69,9.23],[-2.69,9.23],[-2.68,9.23],[-2.68,9.23],[-2.68,9.23],[-2.68,9.23],[-2.68,9.23],[-2.67,9.23],[-2.67,9.23],[-2.67,9.23],[-2.67,9.24],[-2.67,9.24],[-2.67,9.24],[-2.66,9.24],[-2.66,9.24],[-2.66,9.24],[-2.66,9.25],[-2.66,9.25],[-2.66,9.25],[-2.66,9.25],[-2.66,9.25],[-2.66,9.26],[-2.66,9.26],[-2.66,9.26],[-2.66,9.26],[-2.67,9.26],[-2.67,9.26],[-2.67,9.27],[-2.67,9.27],[-2.67,9.27],[-2.67,9.27],[-2.67,9.27],[-2.67,9.27],[-2.67,9.28],[-2.68,9.28],[-2.68,9.28],[-2.68,9.28],[-2.68,9.28],[-2.68,9.28],[-2.69,9.28],[-2.69,9.28],[-2.69,9.28],[-2.69,9.28],[-2.69,9.28],[-2.7,9.28],[-2.7,9.28],[-2.7,9.28],[-2.7,9.28],[-2.7,9.28],[-2.71,9.28],[-2.71,9.28],[-2.71,9.29],[-2.71,9.29],[-2.71,9.29],[-2.71,9.29],[-2.71,9.29],[-2.72,9.29],[-2.72,9.29],[-2.72,9.3],[-2.72,9.3],[-2.72,9.3],[-2.72,9.3],[-2.72,9.3],[-2.72,9.31],[-2.72,9.31],[-2.72,9.31],[-2.72,9.31],[-2.72,9.31],[-2.72,9.32],[-2.72,9.32],[-2.72,9.32],[-2.73,9.32],[-2.72,9.32],[-2.72,9.33],[-2.72,9.33],[-2.72,9.33],[-2.72,9.33],[-2.72,9.33],[-2.72,9.33],[-2.71,9.34],[-2.71,9.34],[-2.71,9.34],[-2.71,9.34],[-2.71,9.34],[-2.71,9.34],[-2.7,9.34],[-2.7,9.34],[-2.7,9.34],[-2.7,9.34],[-2.7,9.35],[-2.7,9.35],[-2.7,9.35],[-2.7,9.35],[-2.69,9.35],[-2.69,9.35],[-2.69,9.35],[-2.69,9.35],[-2.69,9.36],[-2.69,9.36],[-2.68,9.36],[-2.68,9.36],[-2.68,9.36],[-2.68,9.36],[-2.68,9.36],[-2.68,9.37],[-2.68,9.37],[-2.68,9.37],[-2.68,9.37],[-2.68,9.37],[-2.68,9.38],[-2.67,9.38],[-2.67,9.38],[-2.67,9.38],[-2.67,9.38],[-2.67,9.38],[-2.67,9.39],[-2.67,9.39],[-2.67,9.39],[-2.68,9.39],[-2.68,9.4],[-2.68,9.4],[-2.68,9.4],[-2.68,9.4],[-2.68,9.4],[-2.68,9.41],[-2.68,9.41],[-2.68,9.41],[-2.68,9.41],[-2.68,9.41],[-2.68,9.41],[-2.68,9.42],[-2.69,9.42],[-2.69,9.42],[-2.69,9.42],[-2.69,9.42],[-2.69,9.43],[-2.69,9.43],[-2.69,9.43],[-2.69,9.43],[-2.69,9.43],[-2.69,9.44],[-2.69,9.44],[-2.69,9.44],[-2.69,9.44],[-2.69,9.44],[-2.69,9.45],[-2.69,9.45],[-2.69,9.45],[-2.69,9.45],[-2.69,9.45],[-2.69,9.46],[-2.69,9.46],[-2.69,9.46],[-2.69,9.46],[-2.69,9.46],[-2.69,9.47],[-2.69,9.47],[-2.69,9.47],[-2.69,9.47],[-2.68,9.47],[-2.68,9.48],[-2.68,9.48],[-2.68,9.48],[-2.68,9.48],[-2.68,9.48],[-2.68,9.49],[-2.69,9.48],[-2.71,9.47],[-2.73,9.45],[-2.75,9.42],[-2.76,9.41],[-2.77,9.41],[-2.79,9.42],[-2.8,9.43],[-2.82,9.45],[-2.83,9.45],[-2.84,9.46],[-2.86,9.48],[-2.87,9.51],[-2.89,9.53],[-2.9,9.53],[-2.92,9.56],[-2.93,9.57],[-2.94,9.58],[-2.94,9.59],[-2.94,9.6],[-2.95,9.62],[-2.95,9.63],[-2.96,9.64],[-2.97,9.65],[-2.97,9.66],[-2.98,9.68],[-2.98,9.7],[-3.0,9.72],[-3.0,9.74],[-3.01,9.74],[-3.04,9.73],[-3.04,9.73],[-3.05,9.72],[-3.06,9.72],[-3.06,9.73],[-3.07,9.74],[-3.07,9.75],[-3.08,9.76],[-3.09,9.77],[-3.09,9.78],[-3.09,9.79],[-3.09,9.81],[-3.09,9.81],[-3.11,9.83],[-3.14,9.85],[-3.15,9.85],[-3.15,9.85],[-3.17,9.83],[-3.18,9.84],[-3.18,9.84],[-3.18,9.86],[-3.19,9.87],[-3.19,9.87],[-3.19,9.88],[-3.19,9.88],[-3.19,9.88],[-3.19,9.88],[-3.19,9.88],[-3.19,9.88],[-3.19,9.89],[-3.19,9.89],[-3.19,9.89],[-3.19,9.89],[-3.19,9.89],[-3.19,9.9],[-3.19,9.9],[-3.19,9.9],[-3.19,9.9],[-3.19,9.91],[-3.19,9.91],[-3.19,9.91],[-3.19,9.91],[-3.19,9.91],[-3.19,9.92],[-3.19,9.92],[-3.19,9.92],[-3.19,9.92],[-3.19,9.92],[-3.19,9.93],[-3.19,9.93],[-3.19,9.93],[-3.19,9.93],[-3.19,9.94],[-3.19,9.94],[-3.19,9.94],[-3.19,9.94],[-3.19,9.94],[-3.2,9.93],[-3.2,9.93],[-3.2,9.93],[-3.2,9.93],[-3.2,9.93],[-3.2,9.92],[-3.2,9.92],[-3.2,9.92],[-3.21,9.92],[-3.21,9.92],[-3.21,9.91],[-3.21,9.91],[-3.21,9.91],[-3.21,9.91],[-3.21,9.91],[-3.21,9.91],[-3.21,9.9],[-3.21,9.9],[-3.22,9.9],[-3.22,9.9],[-3.22,9.9],[-3.22,9.9],[-3.22,9.9],[-3.23,9.9],[-3.23,9.9],[-3.23,9.89],[-3.23,9.89],[-3.23,9.89],[-3.23,9.89],[-3.23,9.89],[-3.24,9.89],[-3.24,9.89],[-3.24,9.88],[-3.24,9.88],[-3.24,9.88],[-3.24,9.88],[-3.24,9.88],[-3.25,9.87],[-3.25,9.87],[-3.25,9.87],[-3.25,9.87],[-3.25,9.87],[-3.25,9.87],[-3.26,9.87],[-3.26,9.87],[-3.26,9.86],[-3.26,9.86],[-3.26,9.86],[-3.26,9.86],[-3.26,9.86],[-3.27,9.86],[-3.27,9.85],[-3.27,9.85],[-3.27,9.85],[-3.27,9.85],[-3.27,9.85],[-3.27,9.85],[-3.27,9.85],[-3.28,9.85],[-3.28,9.85],[-3.28,9.85],[-3.28,9.85],[-3.28,9.86],[-3.3,9.87],[-3.31,9.87],[-3.31,9.89],[-3.31,9.91],[-3.31,9.91],[-3.32,9.91],[-3.33,9.9],[-3.35,9.9],[-3.36,9.91],[-3.37,9.91],[-3.38,9.92],[-3.39,9.93],[-3.41,9.93],[-3.42,9.93],[-3.43,9.92],[-3.43,9.92],[-3.44,9.93],[-3.44,9.93],[-3.47,9.94],[-3.47,9.93],[-3.48,9.93],[-3.5,9.93],[-3.53,9.93],[-3.55,9.94],[-3.56,9.94],[-3.57,9.94],[-3.58,9.94],[-3.59,9.94],[-3.61,9.96]]]}},{"type":"Feature","properties":{"name":"Cavally","code":"CI09","level":"region","status":"waiting","schools":580,"students":101308,"girls":47999,"boys":53309,"district":"Montagnes"},"geometry":{"type":"Polygon","coordinates":[[[-7.99,6.98],[-7.99,6.98],[-8.0,6.98],[-8.0,6.98],[-8.0,6.98],[-8.0,6.98],[-8.0,6.98],[-7.99,6.98],[-7.99,6.98],[-7.99,6.98],[-7.99,6.97],[-7.99,6.97],[-7.99,6.97],[-7.99,6.97],[-7.99,6.97],[-7.99,6.97],[-8.0,6.97],[-8.0,6.97],[-8.0,6.97],[-8.0,6.97],[-8.0,6.97],[-8.0,6.97],[-8.0,6.97],[-8.0,6.96],[-8.0,6.96],[-8.0,6.96],[-8.0,6.96],[-8.0,6.96],[-8.01,6.96],[-8.01,6.96],[-8.01,6.96],[-8.01,6.96],[-8.01,6.96],[-8.01,6.96],[-8.01,6.96],[-8.01,6.96],[-8.01,6.96],[-8.02,6.96],[-8.02,6.96],[-8.02,6.96],[-8.02,6.95],[-8.02,6.95],[-8.02,6.95],[-8.02,6.95],[-8.01,6.95],[-8.02,6.95],[-8.02,6.95],[-8.02,6.95],[-8.02,6.94],[-8.02,6.94],[-8.02,6.94],[-8.03,6.94],[-8.03,6.94],[-8.03,6.94],[-8.03,6.94],[-8.03,6.94],[-8.04,6.94],[-8.03,6.93],[-8.03,6.93],[-8.03,6.93],[-8.04,6.93],[-8.04,6.93],[-8.04,6.93],[-8.04,6.93],[-8.05,6.93],[-8.05,6.93],[-8.04,6.92],[-8.04,6.92],[-8.04,6.92],[-8.05,6.92],[-8.05,6.92],[-8.05,6.92],[-8.05,6.92],[-8.06,6.92],[-8.06,6.92],[-8.06,6.91],[-8.06,6.91],[-8.06,6.91],[-8.06,6.91],[-8.06,6.91],[-8.06,6.92],[-8.06,6.92],[-8.06,6.92],[-8.06,6.92],[-8.06,6.92],[-8.07,6.92],[-8.07,6.92],[-8.07,6.92],[-8.07,6.92],[-8.07,6.92],[-8.07,6.92],[-8.07,6.91],[-8.07,6.91],[-8.07,6.91],[-8.08,6.91],[-8.08,6.91],[-8.08,6.9],[-8.08,6.9],[-8.08,6.9],[-8.08,6.9],[-8.08,6.9],[-8.08,6.89],[-8.08,6.89],[-8.08,6.89],[-8.08,6.89],[-8.08,6.9],[-8.08,6.9],[-8.09,6.9],[-8.09,6.9],[-8.09,6.9],[-8.09,6.9],[-8.09,6.89],[-8.1,6.89],[-8.1,6.89],[-8.1,6.89],[-8.1,6.89],[-8.1,6.89],[-8.1,6.89],[-8.1,6.89],[-8.1,6.89],[-8.1,6.89],[-8.1,6.89],[-8.1,6.89],[-8.1,6.88],[-8.1,6.88],[-8.1,6.88],[-8.09,6.88],[-8.09,6.88],[-8.09,6.88],[-8.09,6.88],[-8.09,6.88],[-8.09,6.88],[-8.09,6.88],[-8.09,6.87],[-8.09,6.88],[-8.09,6.88],[-8.09,6.88],[-8.1,6.88],[-8.09,6.87],[-8.1,6.87],[-8.1,6.87],[-8.1,6.87],[-8.1,6.87],[-8.09,6.86],[-8.09,6.86],[-8.09,6.86],[-8.09,6.86],[-8.09,6.86],[-8.09,6.86],[-8.09,6.86],[-8.09,6.86],[-8.09,6.86],[-8.1,6.86],[-8.1,6.86],[-8.1,6.86],[-8.1,6.86],[-8.1,6.86],[-8.1,6.85],[-8.11,6.85],[-8.11,6.85],[-8.11,6.85],[-8.11,6.85],[-8.11,6.85],[-8.11,6.84],[-8.11,6.84],[-8.11,6.84],[-8.11,6.84],[-8.11,6.84],[-8.11,6.84],[-8.11,6.83],[-8.11,6.83],[-8.11,6.83],[-8.1,6.83],[-8.1,6.83],[-8.1,6.84],[-8.1,6.84],[-8.1,6.84],[-8.1,6.84],[-8.1,6.84],[-8.1,6.84],[-8.1,6.84],[-8.09,6.84],[-8.09,6.84],[-8.09,6.83],[-8.1,6.83],[-8.1,6.83],[-8.1,6.83],[-8.1,6.83],[-8.1,6.83],[-8.1,6.83],[-8.1,6.83],[-8.09,6.83],[-8.09,6.82],[-8.09,6.82],[-8.09,6.82],[-8.09,6.82],[-8.09,6.82],[-8.09,6.82],[-8.09,6.82],[-8.09,6.81],[-8.09,6.81],[-8.09,6.81],[-8.09,6.81],[-8.09,6.81],[-8.09,6.81],[-8.09,6.81],[-8.09,6.81],[-8.09,6.81],[-8.08,6.81],[-8.08,6.81],[-8.09,6.8],[-8.09,6.8],[-8.09,6.8],[-8.09,6.8],[-8.1,6.8],[-8.1,6.81],[-8.1,6.81],[-8.1,6.81],[-8.1,6.81],[-8.1,6.8],[-8.1,6.8],[-8.1,6.8],[-8.1,6.8],[-8.11,6.8],[-8.11,6.8],[-8.11,6.8],[-8.11,6.8],[-8.11,6.8],[-8.11,6.8],[-8.12,6.8],[-8.11,6.8],[-8.11,6.79],[-8.11,6.79],[-8.11,6.79],[-8.11,6.79],[-8.12,6.79],[-8.12,6.79],[-8.12,6.79],[-8.12,6.79],[-8.12,6.79],[-8.12,6.78],[-8.12,6.78],[-8.12,6.78],[-8.13,6.79],[-8.13,6.79],[-8.13,6.79],[-8.13,6.79],[-8.13,6.79],[-8.14,6.78],[-8.14,6.78],[-8.14,6.78],[-8.14,6.78],[-8.14,6.78],[-8.14,6.78],[-8.14,6.77],[-8.14,6.77],[-8.14,6.77],[-8.15,6.76],[-8.15,6.76],[-8.15,6.76],[-8.15,6.76],[-8.15,6.76],[-8.16,6.77],[-8.16,6.77],[-8.16,6.76],[-8.16,6.76],[-8.16,6.76],[-8.17,6.76],[-8.16,6.76],[-8.16,6.76],[-8.16,6.75],[-8.16,6.75],[-8.16,6.75],[-8.16,6.75],[-8.16,6.75],[-8.16,6.75],[-8.16,6.74],[-8.16,6.74],[-8.16,6.74],[-8.16,6.74],[-8.16,6.74],[-8.16,6.73],[-8.16,6.73],[-8.16,6.73],[-8.16,6.73],[-8.16,6.73],[-8.16,6.72],[-8.16,6.72],[-8.16,6.72],[-8.17,6.72],[-8.17,6.72],[-8.16,6.72],[-8.16,6.72],[-8.16,6.72],[-8.16,6.72],[-8.16,6.72],[-8.17,6.72],[-8.17,6.72],[-8.17,6.72],[-8.17,6.72],[-8.18,6.71],[-8.18,6.71],[-8.18,6.71],[-8.18,6.71],[-8.18,6.71],[-8.18,6.71],[-8.19,6.71],[-8.19,6.71],[-8.19,6.71],[-8.2,6.71],[-8.2,6.71],[-8.2,6.71],[-8.19,6.71],[-8.19,6.71],[-8.19,6.71],[-8.19,6.72],[-8.19,6.72],[-8.19,6.72],[-8.2,6.73],[-8.2,6.73],[-8.2,6.73],[-8.2,6.73],[-8.21,6.73],[-8.21,6.73],[-8.21,6.73],[-8.21,6.73],[-8.21,6.72],[-8.21,6.72],[-8.21,6.72],[-8.21,6.71],[-8.21,6.71],[-8.21,6.71],[-8.22,6.71],[-8.22,6.71],[-8.22,6.71],[-8.22,6.71],[-8.22,6.71],[-8.22,6.71],[-8.22,6.7],[-8.22,6.7],[-8.22,6.7],[-8.23,6.7],[-8.23,6.7],[-8.23,6.7],[-8.23,6.7],[-8.23,6.69],[-8.23,6.69],[-8.22,6.69],[-8.22,6.69],[-8.22,6.69],[-8.22,6.69],[-8.22,6.68],[-8.22,6.68],[-8.22,6.68],[-8.22,6.68],[-8.21,6.68],[-8.22,6.68],[-8.22,6.68],[-8.22,6.68],[-8.22,6.68],[-8.22,6.68],[-8.22,6.67],[-8.22,6.67],[-8.22,6.67],[-8.23,6.67],[-8.23,6.67],[-8.23,6.67],[-8.23,6.67],[-8.23,6.67],[-8.24,6.67],[-8.24,6.67],[-8.23,6.67],[-8.23,6.67],[-8.23,6.66],[-8.24,6.66],[-8.24,6.66],[-8.24,6.67],[-8.24,6.67],[-8.24,6.67],[-8.24,6.67],[-8.25,6.67],[-8.25,6.67],[-8.25,6.67],[-8.25,6.67],[-8.25,6.67],[-8.25,6.67],[-8.25,6.66],[-8.24,6.66],[-8.24,6.66],[-8.24,6.66],[-8.24,6.66],[-8.24,6.66],[-8.24,6.65],[-8.24,6.65],[-8.24,6.65],[-8.24,6.65],[-8.24,6.65],[-8.25,6.65],[-8.25,6.65],[-8.25,6.65],[-8.25,6.64],[-8.25,6.64],[-8.25,6.64],[-8.25,6.64],[-8.25,6.64],[-8.24,6.64],[-8.24,6.64],[-8.25,6.64],[-8.25,6.64],[-8.25,6.63],[-8.24,6.63],[-8.24,6.63],[-8.24,6.62],[-8.24,6.62],[-8.24,6.62],[-8.25,6.62],[-8.25,6.62],[-8.25,6.62],[-8.25,6.62],[-8.25,6.62],[-8.26,6.62],[-8.26,6.62],[-8.26,6.62],[-8.26,6.62],[-8.27,6.62],[-8.27,6.62],[-8.27,6.62],[-8.27,6.62],[-8.27,6.62],[-8.27,6.62],[-8.28,6.62],[-8.28,6.61],[-8.28,6.61],[-8.28,6.61],[-8.28,6.61],[-8.28,6.61],[-8.28,6.6],[-8.28,6.6],[-8.29,6.6],[-8.29,6.6],[-8.29,6.6],[-8.29,6.6],[-8.29,6.6],[-8.29,6.6],[-8.29,6.6],[-8.3,6.6],[-8.3,6.6],[-8.3,6.6],[-8.3,6.6],[-8.3,6.6],[-8.31,6.6],[-8.31,6.6],[-8.31,6.59],[-8.31,6.59],[-8.31,6.59],[-8.31,6.59],[-8.31,6.59],[-8.31,6.59],[-8.32,6.58],[-8.32,6.58],[-8.32,6.58],[-8.32,6.58],[-8.44,6.66],[-8.44,6.66],[-8.44,6.66],[-8.44,6.66],[-8.44,6.66],[-8.44,6.66],[-8.45,6.66],[-8.45,6.66],[-8.45,6.66],[-8.45,6.65],[-8.45,6.64],[-8.45,6.64],[-8.46,6.64],[-8.46,6.64],[-8.46,6.64],[-8.46,6.63],[-8.46,6.63],[-8.47,6.63],[-8.47,6.64],[-8.47,6.64],[-8.47,6.63],[-8.47,6.63],[-8.48,6.63],[-8.48,6.63],[-8.48,6.63],[-8.49,6.62],[-8.48,6.62],[-8.48,6.62],[-8.49,6.61],[-8.49,6.62],[-8.49,6.62],[-8.5,6.62],[-8.5,6.61],[-8.51,6.61],[-8.5,6.6],[-8.5,6.6],[-8.5,6.6],[-8.51,6.6],[-8.51,6.6],[-8.52,6.6],[-8.52,6.6],[-8.52,6.6],[-8.52,6.61],[-8.52,6.61],[-8.53,6.61],[-8.53,6.61],[-8.53,6.61],[-8.53,6.6],[-8.53,6.6],[-8.53,6.59],[-8.53,6.58],[-8.53,6.58],[-8.53,6.58],[-8.53,6.57],[-8.53,6.56],[-8.54,6.56],[-8.54,6.56],[-8.55,6.57],[-8.55,6.57],[-8.56,6.57],[-8.56,6.57],[-8.56,6.56],[-8.57,6.56],[-8.56,6.55],[-8.56,6.55],[-8.56,6.55],[-8.55,6.55],[-8.55,6.55],[-8.56,6.55],[-8.56,6.54],[-8.56,6.54],[-8.57,6.53],[-8.57,6.52],[-8.57,6.52],[-8.57,6.53],[-8.57,6.53],[-8.58,6.52],[-8.58,6.52],[-8.58,6.51],[-8.58,6.5],[-8.58,6.5],[-8.57,6.5],[-8.56,6.5],[-8.56,6.5],[-8.56,6.5],[-8.55,6.5],[-8.54,6.5],[-8.54,6.49],[-8.53,6.49],[-8.53,6.48],[-8.52,6.47],[-8.52,6.46],[-8.51,6.46],[-8.51,6.45],[-8.5,6.44],[-8.49,6.43],[-8.48,6.43],[-8.47,6.44],[-8.47,6.45],[-8.47,6.45],[-8.46,6.46],[-8.46,6.46],[-8.45,6.47],[-8.46,6.49],[-8.46,6.5],[-8.46,6.5],[-8.44,6.5],[-8.44,6.49],[-8.44,6.48],[-8.44,6.47],[-8.43,6.47],[-8.43,6.46],[-8.41,6.45],[-8.4,6.45],[-8.4,6.45],[-8.4,6.44],[-8.4,6.44],[-8.4,6.44],[-8.4,6.44],[-8.41,6.43],[-8.41,6.43],[-8.4,6.42],[-8.4,6.43],[-8.4,6.42],[-8.39,6.41],[-8.39,6.4],[-8.38,6.38],[-8.38,6.38],[-8.39,6.38],[-8.4,6.38],[-8.4,6.38],[-8.4,6.37],[-8.41,6.37],[-8.41,6.37],[-8.41,6.37],[-8.4,6.37],[-8.4,6.36],[-8.4,6.36],[-8.4,6.35],[-8.4,6.35],[-8.39,6.35],[-8.39,6.35],[-8.39,6.35],[-8.38,6.35],[-8.38,6.36],[-8.38,6.36],[-8.38,6.36],[-8.37,6.36],[-8.37,6.36],[-8.37,6.36],[-8.37,6.36],[-8.36,6.36],[-8.36,6.36],[-8.35,6.36],[-8.35,6.37],[-8.34,6.37],[-8.34,6.38],[-8.34,6.37],[-8.33,6.37],[-8.33,6.37],[-8.32,6.36],[-8.32,6.36],[-8.31,6.36],[-8.31,6.35],[-8.31,6.35],[-8.3,6.35],[-8.3,6.35],[-8.29,6.35],[-8.28,6.35],[-8.28,6.34],[-8.29,6.34],[-8.28,6.34],[-8.28,6.34],[-8.28,6.34],[-8.27,6.34],[-8.27,6.33],[-8.27,6.33],[-8.28,6.33],[-8.28,6.33],[-8.28,6.33],[-8.28,6.32],[-8.28,6.32],[-8.28,6.32],[-8.27,6.32],[-8.27,6.32],[-8.26,6.32],[-8.26,6.32],[-8.26,6.32],[-8.26,6.32],[-8.25,6.32],[-8.25,6.32],[-8.24,6.32],[-8.24,6.32],[-8.24,6.32],[-8.24,6.32],[-8.23,6.31],[-8.23,6.31],[-8.22,6.31],[-8.22,6.31],[-8.22,6.3],[-8.22,6.3],[-8.22,6.3],[-8.21,6.3],[-8.21,6.31],[-8.21,6.3],[-8.21,6.3],[-8.21,6.3],[-8.2,6.3],[-8.2,6.3],[-8.2,6.3],[-8.2,6.3],[-8.19,6.3],[-8.19,6.3],[-8.19,6.29],[-8.19,6.29],[-8.18,6.29],[-8.18,6.28],[-8.18,6.28],[-8.17,6.27],[-8.17,6.28],[-8.16,6.28],[-8.16,6.28],[-8.15,6.28],[-8.14,6.28],[-8.14,6.28],[-8.13,6.28],[-8.12,6.28],[-8.11,6.29],[-8.11,6.29],[-8.11,6.29],[-8.1,6.29],[-8.1,6.29],[-8.1,6.3],[-8.09,6.3],[-8.09,6.3],[-8.08,6.3],[-8.08,6.3],[-8.07,6.3],[-8.07,6.3],[-8.07,6.3],[-8.06,6.31],[-8.06,6.31],[-8.05,6.3],[-8.05,6.3],[-8.05,6.3],[-8.04,6.31],[-8.04,6.31],[-8.04,6.31],[-8.03,6.32],[-8.03,6.32],[-8.02,6.32],[-8.01,6.32],[-8.01,6.32],[-8.0,6.32],[-8.0,6.31],[-8.0,6.31],[-8.0,6.3],[-8.0,6.3],[-7.99,6.29],[-7.99,6.29],[-7.99,6.3],[-7.98,6.3],[-7.98,6.3],[-7.98,6.29],[-7.98,6.29],[-7.97,6.3],[-7.97,6.3],[-7.97,6.3],[-7.97,6.29],[-7.97,6.29],[-7.96,6.29],[-7.96,6.29],[-7.96,6.29],[-7.95,6.29],[-7.95,6.29],[-7.95,6.3],[-7.95,6.3],[-7.94,6.29],[-7.93,6.28],[-7.93,6.28],[-7.92,6.28],[-7.92,6.29],[-7.92,6.29],[-7.92,6.29],[-7.92,6.28],[-7.92,6.28],[-7.91,6.27],[-7.91,6.27],[-7.91,6.28],[-7.91,6.28],[-7.91,6.29],[-7.9,6.29],[-7.9,6.28],[-7.9,6.28],[-7.9,6.27],[-7.9,6.27],[-7.9,6.26],[-7.89,6.26],[-7.89,6.25],[-7.88,6.25],[-7.88,6.25],[-7.87,6.25],[-7.87,6.24],[-7.86,6.23],[-7.85,6.23],[-7.85,6.22],[-7.84,6.22],[-7.84,6.21],[-7.83,6.21],[-7.82,6.2],[-7.83,6.2],[-7.83,6.2],[-7.83,6.2],[-7.84,6.2],[-7.84,6.2],[-7.85,6.19],[-7.84,6.19],[-7.84,6.18],[-7.84,6.18],[-7.84,6.18],[-7.84,6.17],[-7.84,6.17],[-7.84,6.17],[-7.84,6.17],[-7.85,6.16],[-7.85,6.16],[-7.85,6.15],[-7.85,6.14],[-7.85,6.14],[-7.85,6.13],[-7.85,6.13],[-7.85,6.11],[-7.85,6.1],[-7.86,6.1],[-7.85,6.09],[-7.85,6.09],[-7.85,6.09],[-7.85,6.08],[-7.85,6.08],[-7.84,6.08],[-7.84,6.08],[-7.84,6.08],[-7.83,6.08],[-7.83,6.09],[-7.83,6.09],[-7.83,6.09],[-7.83,6.1],[-7.82,6.09],[-7.82,6.09],[-7.81,6.09],[-7.81,6.09],[-7.81,6.1],[-7.8,6.09],[-7.8,6.09],[-7.8,6.08],[-7.79,6.08],[-7.79,6.08],[-7.8,6.07],[-7.8,6.07],[-7.8,6.06],[-7.8,6.06],[-7.8,6.05],[-7.79,6.05],[-7.79,6.05],[-7.79,6.05],[-7.78,6.04],[-7.77,6.04],[-7.77,6.04],[-7.78,6.03],[-7.78,6.03],[-7.78,6.03],[-7.79,6.03],[-7.79,6.02],[-7.79,6.02],[-7.79,6.01],[-7.79,6.01],[-7.79,6.01],[-7.79,6.01],[-7.79,6.01],[-7.79,6.01],[-7.79,6.0],[-7.8,6.0],[-7.79,5.99],[-7.79,5.98],[-7.79,5.98],[-7.78,5.98],[-7.76,5.97],[-7.77,5.97],[-7.77,5.97],[-7.77,5.96],[-7.77,5.95],[-7.75,5.95],[-7.75,5.94],[-7.75,5.94],[-7.74,5.93],[-7.74,5.93],[-7.74,5.93],[-7.73,5.93],[-7.72,5.92],[-7.72,5.92],[-7.72,5.92],[-7.71,5.91],[-7.71,5.91],[-7.71,5.9],[-7.7,5.9],[-7.69,5.89],[-7.68,5.89],[-7.67,5.91],[-7.68,5.91],[-7.68,5.92],[-7.69,5.93],[-7.68,5.93],[-7.68,5.93],[-7.67,5.94],[-7.67,5.94],[-7.67,5.95],[-7.67,5.95],[-7.67,5.94],[-7.67,5.94],[-7.66,5.94],[-7.66,5.93],[-7.66,5.93],[-7.67,5.93],[-7.67,5.92],[-7.67,5.91],[-7.66,5.91],[-7.66,5.91],[-7.65,5.92],[-7.65,5.91],[-7.65,5.91],[-7.65,5.91],[-7.64,5.9],[-7.64,5.91],[-7.63,5.9],[-7.63,5.91],[-7.62,5.9],[-7.62,5.9],[-7.62,5.89],[-7.62,5.89],[-7.61,5.89],[-7.61,5.89],[-7.61,5.89],[-7.6,5.88],[-7.6,5.88],[-7.6,5.89],[-7.6,5.89],[-7.6,5.89],[-7.59,5.9],[-7.59,5.9],[-7.58,5.89],[-7.57,5.88],[-7.57,5.88],[-7.56,5.87],[-7.57,5.87],[-7.57,5.87],[-7.58,5.87],[-7.58,5.87],[-7.58,5.86],[-7.57,5.86],[-7.57,5.86],[-7.56,5.86],[-7.56,5.85],[-7.56,5.85],[-7.56,5.84],[-7.55,5.84],[-7.55,5.83],[-7.55,5.83],[-7.54,5.83],[-7.54,5.83],[-7.54,5.84],[-7.54,5.84],[-7.54,5.84],[-7.54,5.84],[-7.53,5.85],[-7.53,5.85],[-7.52,5.85],[-7.52,5.85],[-7.52,5.85],[-7.51,5.84],[-7.52,5.84],[-7.53,5.84],[-7.53,5.84],[-7.52,5.83],[-7.52,5.83],[-7.52,5.83],[-7.51,5.83],[-7.51,5.83],[-7.51,5.83],[-7.51,5.83],[-7.5,5.82],[-7.5,5.82],[-7.5,5.82],[-7.5,5.82],[-7.49,5.82],[-7.49,5.81],[-7.49,5.81],[-7.48,5.81],[-7.47,5.81],[-7.48,5.82],[-7.47,5.82],[-7.47,5.82],[-7.47,5.83],[-7.47,5.83],[-7.47,5.84],[-7.47,5.84],[-7.47,5.84],[-7.47,5.85],[-7.47,5.85],[-7.47,5.85],[-7.47,5.86],[-7.46,5.86],[-7.46,5.86],[-7.46,5.86],[-7.45,5.85],[-7.45,5.85],[-7.45,5.85],[-7.45,5.85],[-7.44,5.84],[-7.44,5.84],[-7.43,5.84],[-7.44,5.84],[-7.43,5.83],[-7.43,5.82],[-7.44,5.82],[-7.44,5.82],[-7.44,5.81],[-7.44,5.8],[-7.45,5.8],[-7.45,5.8],[-7.45,5.79],[-7.44,5.79],[-7.45,5.79],[-7.44,5.78],[-7.44,5.78],[-7.44,5.78],[-7.44,5.78],[-7.43,5.77],[-7.43,5.77],[-7.43,5.77],[-7.44,5.76],[-7.44,5.76],[-7.45,5.76],[-7.45,5.75],[-7.45,5.75],[-7.44,5.75],[-7.44,5.74],[-7.44,5.74],[-7.44,5.73],[-7.44,5.73],[-7.44,5.72],[-7.44,5.72],[-7.44,5.71],[-7.44,5.71],[-7.43,5.71],[-7.44,5.71],[-7.44,5.7],[-7.43,5.7],[-7.43,5.69],[-7.42,5.69],[-7.42,5.69],[-7.42,5.68],[-7.42,5.68],[-7.42,5.67],[-7.42,5.67],[-7.42,5.67],[-7.42,5.66],[-7.42,5.66],[-7.41,5.65],[-7.41,5.64],[-7.4,5.64],[-7.4,5.63],[-7.4,5.62],[-7.4,5.62],[-7.39,5.62],[-7.39,5.62],[-7.38,5.62],[-7.38,5.62],[-7.38,5.62],[-7.37,5.62],[-7.37,5.62],[-7.37,5.62],[-7.37,5.62],[-7.37,5.62],[-7.36,5.62],[-7.36,5.62],[-7.36,5.62],[-7.36,5.62],[-7.35,5.62],[-7.35,5.62],[-7.35,5.62],[-7.35,5.62],[-7.35,5.62],[-7.34,5.63],[-7.34,5.63],[-7.34,5.63],[-7.34,5.62],[-7.33,5.62],[-7.33,5.62],[-7.33,5.62],[-7.33,5.62],[-7.33,5.62],[-7.32,5.62],[-7.32,5.62],[-7.32,5.62],[-7.32,5.62],[-7.31,5.62],[-7.31,5.62],[-7.31,5.62],[-7.31,5.63],[-7.3,5.63],[-7.3,5.63],[-7.3,5.63],[-7.3,5.63],[-7.29,5.62],[-7.29,5.62],[-7.29,5.62],[-7.29,5.62],[-7.28,5.62],[-7.28,5.62],[-7.28,5.62],[-7.28,5.62],[-7.27,5.62],[-7.27,5.62],[-7.27,5.62],[-7.27,5.62],[-7.27,5.63],[-7.27,5.63],[-7.27,5.63],[-7.26,5.63],[-7.26,5.64],[-7.26,5.64],[-7.26,5.64],[-7.26,5.64],[-7.26,5.64],[-7.26,5.64],[-7.25,5.64],[-7.09,5.67],[-7.09,5.67],[-7.09,5.89],[-7.09,5.99],[-7.09,5.99],[-7.08,6.05],[-7.08,6.06],[-7.08,6.06],[-7.1,6.14],[-7.11,6.14],[-7.11,6.14],[-7.11,6.14],[-7.11,6.14],[-7.11,6.15],[-7.11,6.15],[-7.11,6.15],[-7.11,6.15],[-7.11,6.16],[-7.11,6.16],[-7.12,6.16],[-7.12,6.16],[-7.12,6.16],[-7.12,6.16],[-7.12,6.16],[-7.12,6.16],[-7.12,6.16],[-7.12,6.17],[-7.12,6.17],[-7.12,6.17],[-7.12,6.17],[-7.13,6.17],[-7.13,6.17],[-7.13,6.18],[-7.13,6.18],[-7.13,6.18],[-7.14,6.18],[-7.14,6.18],[-7.14,6.18],[-7.14,6.18],[-7.14,6.18],[-7.14,6.18],[-7.15,6.18],[-7.15,6.18],[-7.15,6.18],[-7.15,6.18],[-7.15,6.18],[-7.16,6.18],[-7.16,6.18],[-7.16,6.18],[-7.16,6.18],[-7.16,6.18],[-7.16,6.18],[-7.17,6.18],[-7.17,6.18],[-7.17,6.18],[-7.17,6.18],[-7.17,6.18],[-7.18,6.18],[-7.18,6.18],[-7.18,6.18],[-7.18,6.18],[-7.18,6.18],[-7.18,6.18],[-7.19,6.18],[-7.19,6.18],[-7.19,6.19],[-7.19,6.19],[-7.19,6.19],[-7.19,6.19],[-7.19,6.19],[-7.2,6.19],[-7.2,6.2],[-7.2,6.2],[-7.2,6.2],[-7.21,6.2],[-7.21,6.2],[-7.21,6.21],[-7.21,6.21],[-7.21,6.21],[-7.21,6.21],[-7.21,6.21],[-7.21,6.22],[-7.21,6.22],[-7.21,6.22],[-7.2,6.22],[-7.2,6.22],[-7.2,6.22],[-7.2,6.23],[-7.2,6.23],[-7.2,6.23],[-7.2,6.23],[-7.2,6.23],[-7.2,6.24],[-7.19,6.24],[-7.19,6.24],[-7.19,6.24],[-7.19,6.24],[-7.19,6.25],[-7.19,6.25],[-7.19,6.25],[-7.19,6.25],[-7.18,6.25],[-7.18,6.25],[-7.18,6.25],[-7.18,6.26],[-7.18,6.26],[-7.18,6.26],[-7.17,6.26],[-7.17,6.26],[-7.17,6.26],[-7.17,6.27],[-7.17,6.27],[-7.17,6.27],[-7.17,6.27],[-7.17,6.28],[-7.17,6.28],[-7.17,6.29],[-7.17,6.29],[-7.17,6.29],[-7.17,6.29],[-7.17,6.29],[-7.17,6.29],[-7.17,6.3],[-7.17,6.3],[-7.17,6.3],[-7.17,6.3],[-7.17,6.3],[-7.17,6.3],[-7.18,6.3],[-7.18,6.3],[-7.18,6.31],[-7.18,6.31],[-7.18,6.31],[-7.18,6.31],[-7.18,6.31],[-7.18,6.32],[-7.18,6.32],[-7.18,6.32],[-7.18,6.32],[-7.18,6.32],[-7.18,6.32],[-7.18,6.32],[-7.18,6.33],[-7.18,6.33],[-7.18,6.33],[-7.18,6.33],[-7.2,6.4],[-7.2,6.4],[-7.21,6.41],[-7.22,6.43],[-7.25,6.46],[-7.26,6.47],[-7.29,6.5],[-7.32,6.53],[-7.36,6.57],[-7.4,6.59],[-7.5,6.64],[-7.55,6.67],[-7.54,6.67],[-7.54,6.67],[-7.54,6.68],[-7.54,6.68],[-7.54,6.68],[-7.54,6.68],[-7.54,6.68],[-7.54,6.68],[-7.54,6.69],[-7.54,6.69],[-7.54,6.69],[-7.54,6.69],[-7.54,6.69],[-7.54,6.69],[-7.55,6.69],[-7.55,6.7],[-7.55,6.7],[-7.55,6.7],[-7.55,6.7],[-7.56,6.7],[-7.56,6.7],[-7.56,6.7],[-7.56,6.7],[-7.56,6.7],[-7.56,6.7],[-7.56,6.7],[-7.56,6.7],[-7.55,6.7],[-7.55,6.71],[-7.55,6.71],[-7.56,6.71],[-7.56,6.71],[-7.56,6.71],[-7.56,6.71],[-7.56,6.72],[-7.56,6.72],[-7.56,6.72],[-7.56,6.72],[-7.56,6.72],[-7.56,6.72],[-7.56,6.73],[-7.56,6.73],[-7.56,6.73],[-7.56,6.73],[-7.56,6.73],[-7.56,6.73],[-7.56,6.73],[-7.57,6.73],[-7.57,6.73],[-7.57,6.73],[-7.57,6.73],[-7.57,6.73],[-7.57,6.73],[-7.58,6.73],[-7.58,6.73],[-7.58,6.73],[-7.57,6.73],[-7.57,6.74],[-7.58,6.74],[-7.58,6.74],[-7.58,6.74],[-7.58,6.74],[-7.58,6.74],[-7.58,6.74],[-7.58,6.75],[-7.58,6.75],[-7.58,6.75],[-7.58,6.75],[-7.58,6.75],[-7.58,6.75],[-7.58,6.76],[-7.58,6.76],[-7.58,6.76],[-7.58,6.76],[-7.58,6.76],[-7.58,6.77],[-7.58,6.77],[-7.58,6.77],[-7.57,6.77],[-7.57,6.77],[-7.57,6.77],[-7.57,6.78],[-7.57,6.78],[-7.57,6.78],[-7.57,6.78],[-7.57,6.78],[-7.57,6.79],[-7.57,6.79],[-7.57,6.79],[-7.57,6.79],[-7.57,6.79],[-7.57,6.79],[-7.57,6.8],[-7.57,6.8],[-7.58,6.8],[-7.58,6.8],[-7.58,6.8],[-7.58,6.79],[-7.58,6.79],[-7.58,6.79],[-7.58,6.79],[-7.58,6.79],[-7.59,6.79],[-7.59,6.79],[-7.59,6.79],[-7.59,6.8],[-7.59,6.8],[-7.59,6.8],[-7.59,6.8],[-7.59,6.8],[-7.59,6.8],[-7.59,6.8],[-7.59,6.81],[-7.6,6.8],[-7.6,6.8],[-7.6,6.8],[-7.6,6.8],[-7.6,6.8],[-7.6,6.8],[-7.6,6.8],[-7.6,6.81],[-7.6,6.81],[-7.6,6.81],[-7.6,6.81],[-7.61,6.83],[-7.61,6.83],[-7.61,6.84],[-7.61,6.84],[-7.61,6.84],[-7.61,6.84],[-7.61,6.84],[-7.61,6.85],[-7.61,6.85],[-7.61,6.85],[-7.62,6.85],[-7.62,6.85],[-7.62,6.85],[-7.62,6.85],[-7.62,6.85],[-7.62,6.85],[-7.62,6.85],[-7.62,6.85],[-7.63,6.85],[-7.63,6.86],[-7.63,6.86],[-7.63,6.86],[-7.63,6.85],[-7.63,6.86],[-7.64,6.86],[-7.64,6.86],[-7.63,6.86],[-7.63,6.86],[-7.63,6.86],[-7.63,6.86],[-7.63,6.86],[-7.74,6.87],[-7.84,6.87],[-7.88,6.93],[-7.88,6.93],[-7.88,6.93],[-7.88,6.94],[-7.88,6.94],[-7.88,6.94],[-7.88,6.94],[-7.88,6.94],[-7.88,6.95],[-7.89,6.95],[-7.89,6.95],[-7.89,6.95],[-7.89,6.95],[-7.89,6.95],[-7.91,6.96],[-7.93,6.97],[-7.93,6.97],[-7.93,6.96],[-7.93,6.96],[-7.93,6.96],[-7.94,6.96],[-7.94,6.96],[-7.94,6.96],[-7.94,6.96],[-7.94,6.96],[-7.94,6.96],[-7.95,6.96],[-7.95,6.96],[-7.95,6.96],[-7.95,6.96],[-7.95,6.96],[-7.96,6.96],[-7.96,6.96],[-7.96,6.96],[-7.96,6.96],[-7.96,6.97],[-7.97,6.97],[-7.97,6.97],[-7.97,6.97],[-7.97,6.97],[-7.97,6.97],[-7.98,6.97],[-7.98,6.97],[-7.98,6.97],[-7.98,6.97],[-7.99,6.98]]]}},{"type":"Feature","properties":{"name":"District Autonome D'Abidjan","code":"CI01","level":"region","status":"collected","schools":304,"students":86170,"girls":41603,"boys":44567,"district":""},"geometry":{"type":"Polygon","coordinates":[[[-4.17,5.6],[-4.17,5.6],[-4.17,5.6],[-4.17,5.6],[-4.17,5.6],[-4.17,5.6],[-4.18,5.6],[-4.18,5.6],[-4.18,5.61],[-4.18,5.61],[-4.18,5.61],[-4.18,5.61],[-4.18,5.6],[-4.18,5.6],[-4.18,5.6],[-4.18,5.6],[-4.18,5.6],[-4.19,5.6],[-4.19,5.6],[-4.19,5.6],[-4.19,5.6],[-4.19,5.6],[-4.19,5.6],[-4.19,5.6],[-4.19,5.6],[-4.19,5.6],[-4.2,5.59],[-4.2,5.59],[-4.2,5.59],[-4.2,5.59],[-4.2,5.59],[-4.2,5.59],[-4.2,5.6],[-4.2,5.6],[-4.2,5.6],[-4.2,5.6],[-4.2,5.6],[-4.21,5.6],[-4.21,5.6],[-4.21,5.6],[-4.21,5.6],[-4.21,5.6],[-4.21,5.6],[-4.21,5.6],[-4.21,5.6],[-4.22,5.6],[-4.22,5.6],[-4.22,5.6],[-4.22,5.6],[-4.22,5.6],[-4.22,5.6],[-4.22,5.6],[-4.22,5.6],[-4.22,5.6],[-4.22,5.6],[-4.23,5.6],[-4.23,5.6],[-4.23,5.6],[-4.23,5.6],[-4.23,5.6],[-4.23,5.6],[-4.23,5.6],[-4.23,5.6],[-4.23,5.6],[-4.23,5.6],[-4.23,5.6],[-4.24,5.6],[-4.24,5.6],[-4.24,5.6],[-4.24,5.6],[-4.24,5.6],[-4.24,5.6],[-4.24,5.6],[-4.24,5.6],[-4.24,5.6],[-4.24,5.6],[-4.25,5.6],[-4.25,5.6],[-4.25,5.6],[-4.25,5.6],[-4.25,5.6],[-4.25,5.6],[-4.25,5.6],[-4.25,5.6],[-4.25,5.6],[-4.26,5.6],[-4.26,5.6],[-4.26,5.59],[-4.36,5.58],[-4.39,5.6],[-4.46,5.53],[-4.46,5.53],[-4.46,5.53],[-4.46,5.53],[-4.46,5.53],[-4.45,5.53],[-4.45,5.53],[-4.45,5.53],[-4.45,5.53],[-4.45,5.53],[-4.45,5.53],[-4.45,5.53],[-4.44,5.53],[-4.44,5.53],[-4.44,5.53],[-4.44,5.53],[-4.44,5.53],[-4.44,5.53],[-4.43,5.53],[-4.43,5.53],[-4.43,5.53],[-4.43,5.53],[-4.43,5.53],[-4.42,5.53],[-4.42,5.53],[-4.42,5.53],[-4.42,5.53],[-4.42,5.53],[-4.42,5.53],[-4.42,5.53],[-4.42,5.52],[-4.42,5.52],[-4.41,5.52],[-4.41,5.53],[-4.41,5.52],[-4.41,5.52],[-4.41,5.52],[-4.41,5.52],[-4.41,5.52],[-4.41,5.53],[-4.4,5.53],[-4.4,5.53],[-4.4,5.53],[-4.4,5.53],[-4.4,5.53],[-4.39,5.53],[-4.39,5.53],[-4.39,5.52],[-4.39,5.52],[-4.39,5.53],[-4.39,5.53],[-4.39,5.53],[-4.38,5.53],[-4.38,5.52],[-4.38,5.52],[-4.38,5.52],[-4.38,5.52],[-4.38,5.52],[-4.38,5.52],[-4.37,5.52],[-4.37,5.52],[-4.37,5.52],[-4.37,5.52],[-4.37,5.51],[-4.37,5.51],[-4.37,5.51],[-4.36,5.51],[-4.36,5.51],[-4.36,5.51],[-4.36,5.51],[-4.36,5.51],[-4.35,5.51],[-4.35,5.51],[-4.35,5.51],[-4.35,5.51],[-4.35,5.51],[-4.34,5.5],[-4.34,5.5],[-4.34,5.5],[-4.34,5.5],[-4.34,5.5],[-4.34,5.5],[-4.33,5.5],[-4.33,5.5],[-4.33,5.5],[-4.33,5.5],[-4.33,5.5],[-4.3,5.48],[-4.3,5.48],[-4.3,5.48],[-4.3,5.48],[-4.3,5.48],[-4.3,5.48],[-4.3,5.47],[-4.3,5.47],[-4.3,5.47],[-4.3,5.47],[-4.3,5.47],[-4.3,5.47],[-4.3,5.46],[-4.3,5.46],[-4.3,5.46],[-4.3,5.46],[-4.3,5.46],[-4.3,5.45],[-4.3,5.46],[-4.3,5.46],[-4.29,5.45],[-4.29,5.45],[-4.29,5.46],[-4.29,5.45],[-4.29,5.45],[-4.29,5.45],[-4.29,5.45],[-4.29,5.45],[-4.29,5.44],[-4.29,5.44],[-4.29,5.44],[-4.29,5.44],[-4.29,5.44],[-4.29,5.43],[-4.29,5.43],[-4.29,5.43],[-4.29,5.43],[-4.29,5.43],[-4.29,5.43],[-4.29,5.43],[-4.29,5.42],[-4.29,5.42],[-4.29,5.42],[-4.3,5.42],[-4.3,5.42],[-4.3,5.42],[-4.3,5.42],[-4.3,5.42],[-4.31,5.42],[-4.31,5.42],[-4.31,5.42],[-4.31,5.42],[-4.31,5.42],[-4.31,5.42],[-4.31,5.41],[-4.32,5.41],[-4.32,5.41],[-4.32,5.41],[-4.32,5.41],[-4.32,5.4],[-4.32,5.4],[-4.32,5.4],[-4.32,5.4],[-4.31,5.39],[-4.3,5.31],[-4.29,5.29],[-4.27,5.28],[-4.23,5.28],[-4.21,5.22],[-4.21,5.22],[-4.2,5.22],[-4.16,5.22],[-4.14,5.23],[-4.13,5.23],[-4.13,5.23],[-4.12,5.23],[-4.11,5.23],[-4.1,5.24],[-4.08,5.24],[-4.06,5.24],[-4.05,5.24],[-4.04,5.24],[-4.03,5.25],[-4.02,5.24],[-4.01,5.25],[-4.0,5.25],[-3.99,5.25],[-3.98,5.25],[-3.97,5.25],[-3.95,5.24],[-3.92,5.24],[-3.9,5.23],[-3.88,5.23],[-3.87,5.23],[-3.85,5.22],[-3.85,5.22],[-3.85,5.23],[-3.85,5.23],[-3.84,5.25],[-3.82,5.25],[-3.82,5.25],[-3.81,5.25],[-3.81,5.25],[-3.81,5.25],[-3.81,5.25],[-3.81,5.26],[-3.81,5.26],[-3.81,5.26],[-3.81,5.26],[-3.82,5.26],[-3.82,5.26],[-3.82,5.26],[-3.82,5.26],[-3.82,5.27],[-3.82,5.27],[-3.82,5.27],[-3.82,5.27],[-3.82,5.27],[-3.81,5.29],[-3.79,5.27],[-3.72,5.3],[-3.72,5.3],[-3.72,5.3],[-3.72,5.3],[-3.72,5.3],[-3.72,5.3],[-3.72,5.3],[-3.72,5.3],[-3.73,5.3],[-3.73,5.3],[-3.73,5.3],[-3.73,5.3],[-3.73,5.3],[-3.73,5.31],[-3.74,5.31],[-3.74,5.31],[-3.74,5.31],[-3.74,5.31],[-3.74,5.31],[-3.74,5.31],[-3.74,5.31],[-3.75,5.31],[-3.75,5.31],[-3.75,5.31],[-3.75,5.32],[-3.75,5.32],[-3.75,5.32],[-3.75,5.32],[-3.75,5.32],[-3.75,5.32],[-3.75,5.33],[-3.75,5.33],[-3.75,5.33],[-3.75,5.33],[-3.75,5.33],[-3.75,5.33],[-3.75,5.33],[-3.75,5.33],[-3.75,5.33],[-3.75,5.33],[-3.76,5.33],[-3.76,5.33],[-3.76,5.33],[-3.76,5.33],[-3.76,5.33],[-3.76,5.34],[-3.76,5.34],[-3.77,5.34],[-3.77,5.34],[-3.77,5.34],[-3.77,5.34],[-3.77,5.34],[-3.77,5.34],[-3.77,5.34],[-3.77,5.34],[-3.77,5.34],[-3.77,5.35],[-3.77,5.35],[-3.76,5.35],[-3.76,5.35],[-3.76,5.35],[-3.76,5.35],[-3.76,5.35],[-3.76,5.35],[-3.76,5.36],[-3.76,5.36],[-3.76,5.36],[-3.76,5.36],[-3.76,5.36],[-3.76,5.36],[-3.76,5.36],[-3.76,5.36],[-3.76,5.36],[-3.76,5.36],[-3.76,5.37],[-3.76,5.37],[-3.76,5.37],[-3.77,5.37],[-3.77,5.37],[-3.77,5.37],[-3.77,5.37],[-3.77,5.37],[-3.77,5.37],[-3.77,5.37],[-3.77,5.37],[-3.77,5.37],[-3.77,5.37],[-3.78,5.37],[-3.78,5.37],[-3.78,5.37],[-3.78,5.37],[-3.78,5.37],[-3.78,5.37],[-3.78,5.37],[-3.78,5.37],[-3.79,5.37],[-3.79,5.37],[-3.79,5.37],[-3.79,5.37],[-3.79,5.37],[-3.79,5.37],[-3.79,5.37],[-3.79,5.37],[-3.79,5.37],[-3.79,5.37],[-3.79,5.37],[-3.8,5.37],[-3.8,5.38],[-3.8,5.38],[-3.8,5.38],[-3.8,5.38],[-3.8,5.38],[-3.8,5.38],[-3.8,5.38],[-3.81,5.38],[-3.81,5.38],[-3.81,5.38],[-3.81,5.38],[-3.81,5.38],[-3.81,5.38],[-3.81,5.38],[-3.81,5.38],[-3.82,5.38],[-3.82,5.38],[-3.82,5.38],[-3.82,5.38],[-3.82,5.38],[-3.82,5.38],[-3.82,5.38],[-3.82,5.38],[-3.82,5.37],[-3.82,5.37],[-3.82,5.37],[-3.82,5.37],[-3.82,5.37],[-3.82,5.37],[-3.82,5.37],[-3.82,5.37],[-3.82,5.37],[-3.82,5.37],[-3.82,5.37],[-3.82,5.37],[-3.82,5.37],[-3.82,5.37],[-3.82,5.37],[-3.82,5.37],[-3.83,5.37],[-3.83,5.37],[-3.83,5.37],[-3.83,5.37],[-3.83,5.37],[-3.83,5.37],[-3.83,5.38],[-3.83,5.38],[-3.83,5.38],[-3.83,5.38],[-3.83,5.38],[-3.83,5.38],[-3.83,5.38],[-3.83,5.38],[-3.83,5.38],[-3.83,5.38],[-3.83,5.38],[-3.83,5.38],[-3.83,5.39],[-3.83,5.39],[-3.83,5.39],[-3.83,5.39],[-3.83,5.39],[-3.83,5.39],[-3.83,5.39],[-3.83,5.39],[-3.83,5.39],[-3.83,5.39],[-3.83,5.39],[-3.83,5.4],[-3.83,5.4],[-3.83,5.4],[-3.83,5.4],[-3.83,5.4],[-3.83,5.4],[-3.83,5.4],[-3.83,5.4],[-3.83,5.4],[-3.82,5.4],[-3.82,5.41],[-3.82,5.41],[-3.82,5.41],[-3.82,5.41],[-3.82,5.41],[-3.82,5.41],[-3.82,5.41],[-3.82,5.41],[-3.82,5.41],[-3.82,5.42],[-3.82,5.41],[-3.82,5.41],[-3.82,5.41],[-3.82,5.42],[-3.82,5.42],[-3.82,5.42],[-3.82,5.42],[-3.82,5.42],[-3.82,5.42],[-3.82,5.42],[-3.82,5.42],[-3.82,5.42],[-3.82,5.42],[-3.82,5.42],[-3.82,5.42],[-3.82,5.43],[-3.82,5.43],[-3.82,5.43],[-3.82,5.43],[-3.82,5.43],[-3.82,5.43],[-3.82,5.43],[-3.82,5.43],[-3.82,5.43],[-3.82,5.43],[-3.82,5.43],[-3.82,5.43],[-3.82,5.43],[-3.82,5.43],[-3.83,5.43],[-3.83,5.43],[-3.83,5.43],[-3.83,5.43],[-3.83,5.43],[-3.83,5.43],[-3.83,5.43],[-3.83,5.44],[-3.83,5.44],[-3.83,5.44],[-3.83,5.44],[-3.83,5.44],[-3.83,5.44],[-3.83,5.44],[-3.83,5.44],[-3.83,5.44],[-3.83,5.44],[-3.83,5.44],[-3.83,5.44],[-3.83,5.45],[-3.83,5.45],[-3.83,5.45],[-3.84,5.45],[-3.84,5.45],[-3.84,5.45],[-3.84,5.45],[-3.84,5.45],[-3.84,5.45],[-3.84,5.46],[-3.83,5.46],[-3.83,5.46],[-3.83,5.46],[-3.83,5.46],[-3.83,5.46],[-3.83,5.46],[-3.83,5.46],[-3.83,5.46],[-3.83,5.46],[-3.83,5.46],[-3.83,5.46],[-3.83,5.46],[-3.83,5.47],[-3.83,5.47],[-3.83,5.47],[-3.83,5.47],[-3.83,5.47],[-3.83,5.47],[-3.84,5.47],[-3.84,5.47],[-3.83,5.47],[-3.83,5.47],[-3.83,5.47],[-3.83,5.47],[-3.83,5.48],[-3.83,5.48],[-3.83,5.48],[-3.83,5.48],[-3.83,5.48],[-3.84,5.48],[-3.84,5.48],[-3.84,5.48],[-3.84,5.49],[-3.84,5.49],[-3.84,5.49],[-3.84,5.49],[-3.84,5.48],[-3.84,5.48],[-3.84,5.49],[-3.84,5.49],[-3.84,5.49],[-3.84,5.49],[-3.85,5.49],[-3.85,5.49],[-3.85,5.49],[-3.85,5.49],[-3.84,5.49],[-3.84,5.49],[-3.85,5.5],[-3.85,5.5],[-3.85,5.5],[-3.85,5.5],[-3.85,5.5],[-3.85,5.5],[-3.85,5.5],[-3.85,5.5],[-3.85,5.5],[-3.85,5.5],[-3.85,5.51],[-3.85,5.5],[-3.85,5.51],[-3.85,5.51],[-3.85,5.51],[-3.85,5.51],[-3.86,5.51],[-3.86,5.51],[-3.86,5.51],[-3.86,5.5],[-3.86,5.5],[-3.86,5.5],[-3.86,5.5],[-3.86,5.5],[-3.86,5.5],[-3.87,5.5],[-3.87,5.51],[-3.87,5.51],[-3.87,5.5],[-3.87,5.5],[-3.87,5.5],[-3.87,5.5],[-3.87,5.5],[-3.88,5.5],[-3.88,5.5],[-3.88,5.5],[-3.88,5.5],[-3.88,5.51],[-3.88,5.51],[-3.88,5.51],[-3.88,5.51],[-3.88,5.51],[-3.88,5.51],[-3.88,5.51],[-3.88,5.51],[-3.88,5.51],[-3.88,5.51],[-3.88,5.52],[-3.88,5.52],[-3.88,5.52],[-3.88,5.52],[-3.88,5.52],[-3.88,5.52],[-3.88,5.52],[-3.88,5.52],[-3.88,5.52],[-3.89,5.52],[-3.89,5.52],[-3.89,5.53],[-3.89,5.53],[-3.89,5.53],[-3.89,5.53],[-3.89,5.53],[-3.89,5.53],[-3.89,5.53],[-3.89,5.53],[-3.89,5.53],[-3.89,5.53],[-3.89,5.54],[-3.89,5.54],[-3.9,5.54],[-3.9,5.54],[-3.9,5.54],[-3.9,5.54],[-3.9,5.54],[-3.9,5.54],[-3.9,5.54],[-3.9,5.55],[-3.9,5.55],[-3.9,5.55],[-3.9,5.55],[-3.9,5.55],[-3.9,5.55],[-3.9,5.55],[-3.9,5.55],[-3.91,5.55],[-3.91,5.55],[-3.91,5.55],[-3.91,5.55],[-3.91,5.55],[-3.91,5.55],[-3.91,5.55],[-3.91,5.55],[-3.91,5.56],[-3.91,5.56],[-3.91,5.56],[-3.91,5.56],[-3.91,5.56],[-3.92,5.56],[-3.92,5.56],[-3.92,5.56],[-3.92,5.56],[-3.92,5.56],[-3.92,5.56],[-3.92,5.56],[-3.92,5.56],[-3.92,5.56],[-3.92,5.56],[-3.92,5.56],[-3.93,5.56],[-3.93,5.56],[-3.93,5.56],[-3.93,5.56],[-3.93,5.56],[-3.93,5.57],[-3.93,5.57],[-3.93,5.57],[-3.93,5.57],[-3.93,5.57],[-3.93,5.57],[-3.93,5.57],[-3.93,5.57],[-3.93,5.58],[-3.93,5.58],[-3.93,5.58],[-3.93,5.58],[-3.93,5.58],[-3.93,5.58],[-3.93,5.58],[-3.94,5.58],[-3.94,5.58],[-3.94,5.58],[-3.94,5.58],[-3.94,5.59],[-3.94,5.59],[-3.94,5.59],[-3.94,5.59],[-3.94,5.59],[-3.94,5.59],[-3.94,5.59],[-3.95,5.59],[-3.95,5.59],[-3.95,5.59],[-3.95,5.59],[-3.95,5.59],[-3.95,5.59],[-3.95,5.59],[-3.96,5.59],[-3.96,5.59],[-3.96,5.59],[-3.96,5.59],[-3.96,5.59],[-3.96,5.59],[-3.96,5.59],[-3.97,5.59],[-3.97,5.59],[-3.97,5.59],[-3.97,5.59],[-3.97,5.59],[-3.97,5.59],[-3.98,5.59],[-3.98,5.59],[-3.98,5.59],[-3.98,5.59],[-3.98,5.59],[-3.98,5.58],[-3.99,5.58],[-3.99,5.58],[-3.99,5.58],[-3.99,5.58],[-3.99,5.58],[-4.0,5.58],[-4.0,5.58],[-4.0,5.58],[-4.0,5.58],[-4.0,5.58],[-4.01,5.58],[-4.01,5.58],[-4.01,5.58],[-4.01,5.58],[-4.01,5.58],[-4.01,5.58],[-4.01,5.58],[-4.02,5.58],[-4.02,5.58],[-4.02,5.58],[-4.02,5.58],[-4.02,5.58],[-4.03,5.58],[-4.03,5.58],[-4.03,5.58],[-4.03,5.58],[-4.03,5.58],[-4.04,5.59],[-4.07,5.57],[-4.07,5.58],[-4.08,5.58],[-4.08,5.58],[-4.08,5.58],[-4.08,5.58],[-4.08,5.58],[-4.09,5.58],[-4.09,5.58],[-4.09,5.58],[-4.09,5.58],[-4.1,5.58],[-4.1,5.58],[-4.1,5.58],[-4.1,5.58],[-4.1,5.58],[-4.11,5.58],[-4.11,5.58],[-4.11,5.58],[-4.11,5.58],[-4.11,5.58],[-4.12,5.58],[-4.12,5.58],[-4.12,5.58],[-4.12,5.58],[-4.12,5.58],[-4.12,5.58],[-4.12,5.58],[-4.12,5.58],[-4.12,5.58],[-4.13,5.58],[-4.13,5.58],[-4.13,5.58],[-4.13,5.58],[-4.13,5.58],[-4.13,5.59],[-4.13,5.59],[-4.13,5.59],[-4.13,5.59],[-4.14,5.59],[-4.14,5.59],[-4.14,5.59],[-4.14,5.59],[-4.14,5.59],[-4.14,5.59],[-4.14,5.59],[-4.14,5.59],[-4.14,5.6],[-4.14,5.6],[-4.14,5.6],[-4.14,5.6],[-4.14,5.6],[-4.15,5.6],[-4.15,5.6],[-4.15,5.6],[-4.15,5.6],[-4.15,5.6],[-4.15,5.6],[-4.15,5.6],[-4.15,5.6],[-4.16,5.6],[-4.16,5.6],[-4.16,5.6],[-4.16,5.6],[-4.16,5.6],[-4.16,5.6],[-4.16,5.6],[-4.16,5.6],[-4.16,5.6],[-4.16,5.6],[-4.16,5.6],[-4.16,5.6],[-4.16,5.6],[-4.17,5.6],[-4.17,5.6],[-4.17,5.6],[-4.17,5.6]]]}},{"type":"Feature","properties":{"name":"District Autonome De Yamoussoukro","code":"CI02","level":"region","status":"pending","schools":568,"students":109123,"girls":53174,"boys":55949,"district":""},"geometry":{"type":"Polygon","coordinates":[[[-5.29,7.07],[-5.29,7.07],[-5.29,7.07],[-5.3,7.07],[-5.3,7.07],[-5.3,7.07],[-5.3,7.08],[-5.3,7.08],[-5.3,7.08],[-5.3,7.08],[-5.31,7.08],[-5.31,7.08],[-5.31,7.08],[-5.31,7.08],[-5.31,7.08],[-5.31,7.08],[-5.32,7.08],[-5.32,7.08],[-5.32,7.08],[-5.32,7.08],[-5.32,7.08],[-5.32,7.08],[-5.32,7.08],[-5.32,7.08],[-5.33,7.08],[-5.33,7.08],[-5.33,7.08],[-5.33,7.08],[-5.33,7.08],[-5.33,7.08],[-5.33,7.07],[-5.33,7.07],[-5.33,7.07],[-5.34,7.07],[-5.34,7.07],[-5.34,7.07],[-5.35,7.07],[-5.35,7.07],[-5.36,7.07],[-5.36,7.07],[-5.36,7.07],[-5.36,7.07],[-5.36,7.07],[-5.36,7.07],[-5.36,7.07],[-5.37,7.07],[-5.37,7.07],[-5.37,7.07],[-5.37,7.07],[-5.37,7.07],[-5.37,7.07],[-5.38,7.07],[-5.38,7.07],[-5.38,7.07],[-5.38,7.07],[-5.38,7.07],[-5.38,7.07],[-5.38,7.07],[-5.38,7.06],[-5.38,7.06],[-5.39,7.06],[-5.39,7.06],[-5.39,7.06],[-5.39,7.06],[-5.39,7.06],[-5.39,7.06],[-5.39,7.06],[-5.39,7.06],[-5.4,7.06],[-5.4,7.05],[-5.4,7.05],[-5.4,7.05],[-5.4,7.05],[-5.4,7.05],[-5.4,7.05],[-5.41,7.05],[-5.41,7.05],[-5.41,7.05],[-5.41,7.05],[-5.41,7.05],[-5.41,7.05],[-5.41,7.05],[-5.42,7.05],[-5.42,7.05],[-5.42,7.05],[-5.42,7.05],[-5.42,7.05],[-5.42,7.05],[-5.43,7.05],[-5.43,7.05],[-5.43,7.04],[-5.43,7.04],[-5.43,7.04],[-5.43,7.04],[-5.43,7.04],[-5.44,7.04],[-5.44,7.04],[-5.44,7.04],[-5.44,7.04],[-5.44,7.04],[-5.44,7.04],[-5.44,7.04],[-5.44,7.04],[-5.45,7.04],[-5.45,7.04],[-5.45,7.04],[-5.45,7.04],[-5.45,7.04],[-5.45,7.04],[-5.45,7.04],[-5.45,7.04],[-5.45,7.04],[-5.46,7.04],[-5.46,7.03],[-5.46,7.03],[-5.46,7.03],[-5.46,7.03],[-5.46,7.03],[-5.46,7.03],[-5.46,7.03],[-5.46,7.03],[-5.46,7.03],[-5.47,7.04],[-5.47,7.04],[-5.47,7.04],[-5.47,7.04],[-5.47,7.03],[-5.47,7.03],[-5.47,7.03],[-5.47,7.03],[-5.48,7.03],[-5.48,7.03],[-5.48,7.03],[-5.48,7.03],[-5.48,7.03],[-5.48,7.03],[-5.48,7.03],[-5.48,7.02],[-5.48,7.02],[-5.49,7.02],[-5.49,7.02],[-5.49,7.02],[-5.49,7.02],[-5.49,7.02],[-5.49,7.01],[-5.49,7.01],[-5.49,7.01],[-5.49,7.01],[-5.49,7.01],[-5.49,7.01],[-5.49,7.01],[-5.49,7.01],[-5.49,7.0],[-5.5,7.0],[-5.5,7.0],[-5.5,7.0],[-5.5,7.0],[-5.5,7.0],[-5.5,7.0],[-5.5,6.99],[-5.5,6.99],[-5.5,6.99],[-5.5,6.99],[-5.5,6.99],[-5.5,6.99],[-5.5,6.99],[-5.5,6.99],[-5.5,6.98],[-5.5,6.98],[-5.5,6.98],[-5.5,6.98],[-5.5,6.98],[-5.5,6.98],[-5.5,6.98],[-5.5,6.97],[-5.5,6.97],[-5.5,6.97],[-5.5,6.97],[-5.5,6.97],[-5.5,6.97],[-5.5,6.96],[-5.5,6.96],[-5.5,6.96],[-5.5,6.96],[-5.5,6.96],[-5.5,6.96],[-5.5,6.96],[-5.5,6.96],[-5.5,6.95],[-5.5,6.95],[-5.5,6.95],[-5.5,6.95],[-5.5,6.95],[-5.5,6.94],[-5.5,6.94],[-5.5,6.94],[-5.5,6.94],[-5.5,6.94],[-5.5,6.94],[-5.5,6.93],[-5.5,6.93],[-5.5,6.93],[-5.5,6.93],[-5.51,6.93],[-5.51,6.93],[-5.51,6.93],[-5.51,6.93],[-5.51,6.93],[-5.51,6.93],[-5.51,6.93],[-5.51,6.92],[-5.52,6.92],[-5.52,6.92],[-5.52,6.92],[-5.52,6.92],[-5.52,6.92],[-5.52,6.92],[-5.52,6.92],[-5.52,6.92],[-5.53,6.92],[-5.53,6.92],[-5.53,6.92],[-5.53,6.92],[-5.53,6.91],[-5.53,6.91],[-5.53,6.91],[-5.53,6.91],[-5.53,6.91],[-5.53,6.91],[-5.53,6.91],[-5.53,6.9],[-5.53,6.9],[-5.53,6.9],[-5.53,6.9],[-5.53,6.9],[-5.53,6.9],[-5.53,6.9],[-5.53,6.89],[-5.53,6.89],[-5.53,6.89],[-5.53,6.89],[-5.53,6.89],[-5.53,6.89],[-5.53,6.89],[-5.53,6.88],[-5.53,6.88],[-5.53,6.88],[-5.52,6.88],[-5.52,6.88],[-5.52,6.88],[-5.52,6.88],[-5.52,6.88],[-5.52,6.88],[-5.52,6.87],[-5.52,6.87],[-5.52,6.87],[-5.52,6.87],[-5.52,6.87],[-5.52,6.87],[-5.51,6.87],[-5.51,6.87],[-5.51,6.86],[-5.51,6.86],[-5.51,6.86],[-5.51,6.86],[-5.51,6.86],[-5.51,6.86],[-5.51,6.86],[-5.5,6.86],[-5.5,6.86],[-5.5,6.86],[-5.5,6.86],[-5.5,6.86],[-5.5,6.86],[-5.5,6.86],[-5.5,6.86],[-5.49,6.86],[-5.49,6.86],[-5.49,6.86],[-5.49,6.85],[-5.49,6.85],[-5.49,6.85],[-5.49,6.85],[-5.49,6.85],[-5.49,6.85],[-5.49,6.85],[-5.49,6.84],[-5.49,6.84],[-5.49,6.84],[-5.49,6.84],[-5.49,6.84],[-5.49,6.84],[-5.49,6.83],[-5.49,6.83],[-5.49,6.83],[-5.49,6.83],[-5.49,6.83],[-5.49,6.83],[-5.49,6.82],[-5.49,6.82],[-5.49,6.82],[-5.49,6.82],[-5.49,6.82],[-5.49,6.82],[-5.49,6.81],[-5.49,6.81],[-5.49,6.81],[-5.49,6.81],[-5.49,6.81],[-5.49,6.81],[-5.48,6.81],[-5.48,6.81],[-5.48,6.81],[-5.48,6.8],[-5.48,6.8],[-5.47,6.8],[-5.47,6.8],[-5.47,6.8],[-5.47,6.8],[-5.47,6.8],[-5.47,6.8],[-5.46,6.8],[-5.46,6.79],[-5.46,6.79],[-5.46,6.79],[-5.46,6.79],[-5.46,6.79],[-5.46,6.79],[-5.45,6.79],[-5.45,6.79],[-5.45,6.79],[-5.45,6.78],[-5.45,6.78],[-5.44,6.78],[-5.44,6.78],[-5.44,6.78],[-5.44,6.77],[-5.44,6.77],[-5.44,6.77],[-5.44,6.77],[-5.44,6.76],[-5.44,6.76],[-5.44,6.76],[-5.44,6.76],[-5.43,6.75],[-5.43,6.75],[-5.43,6.75],[-5.43,6.75],[-5.43,6.75],[-5.43,6.74],[-5.43,6.74],[-5.42,6.74],[-5.42,6.74],[-5.42,6.74],[-5.42,6.74],[-5.42,6.73],[-5.42,6.73],[-5.42,6.73],[-5.42,6.72],[-5.42,6.72],[-5.42,6.72],[-5.41,6.72],[-5.41,6.72],[-5.41,6.71],[-5.41,6.71],[-5.41,6.71],[-5.41,6.71],[-5.41,6.71],[-5.41,6.71],[-5.41,6.7],[-5.41,6.7],[-5.41,6.7],[-5.41,6.7],[-5.41,6.69],[-5.41,6.69],[-5.41,6.69],[-5.41,6.69],[-5.41,6.68],[-5.41,6.68],[-5.4,6.68],[-5.4,6.68],[-5.4,6.67],[-5.4,6.67],[-5.4,6.67],[-5.4,6.67],[-5.4,6.67],[-5.4,6.66],[-5.4,6.66],[-5.4,6.66],[-5.41,6.66],[-5.41,6.66],[-5.41,6.65],[-5.41,6.65],[-5.41,6.65],[-5.41,6.65],[-5.41,6.65],[-5.41,6.65],[-5.41,6.64],[-5.41,6.64],[-5.41,6.64],[-5.42,6.64],[-5.42,6.63],[-5.42,6.63],[-5.42,6.63],[-5.42,6.63],[-5.42,6.63],[-5.42,6.62],[-5.42,6.62],[-5.42,6.62],[-5.42,6.62],[-5.42,6.62],[-5.42,6.61],[-5.41,6.61],[-5.41,6.61],[-5.41,6.61],[-5.41,6.61],[-5.41,6.61],[-5.41,6.61],[-5.41,6.6],[-5.41,6.6],[-5.41,6.6],[-5.4,6.6],[-5.4,6.6],[-5.4,6.6],[-5.4,6.6],[-5.4,6.6],[-5.39,6.6],[-5.39,6.6],[-5.39,6.6],[-5.39,6.6],[-5.39,6.6],[-5.39,6.6],[-5.38,6.6],[-5.38,6.6],[-5.38,6.6],[-5.38,6.6],[-5.38,6.6],[-5.37,6.6],[-5.37,6.6],[-5.37,6.6],[-5.37,6.6],[-5.37,6.6],[-5.37,6.6],[-5.36,6.6],[-5.36,6.6],[-5.36,6.6],[-5.36,6.6],[-5.36,6.6],[-5.35,6.6],[-5.35,6.6],[-5.35,6.6],[-5.35,6.6],[-5.34,6.6],[-5.34,6.6],[-5.34,6.6],[-5.34,6.6],[-5.34,6.6],[-5.34,6.6],[-5.33,6.6],[-5.33,6.6],[-5.33,6.6],[-5.33,6.6],[-5.33,6.6],[-5.32,6.59],[-5.32,6.59],[-5.32,6.59],[-5.32,6.59],[-5.31,6.59],[-5.31,6.59],[-5.31,6.59],[-5.31,6.59],[-5.31,6.59],[-5.31,6.59],[-5.3,6.59],[-5.3,6.58],[-5.3,6.58],[-5.3,6.58],[-5.3,6.58],[-5.3,6.58],[-5.3,6.58],[-5.3,6.57],[-5.3,6.57],[-5.3,6.57],[-5.3,6.57],[-5.3,6.57],[-5.3,6.57],[-5.31,6.57],[-5.31,6.57],[-5.31,6.57],[-5.31,6.56],[-5.31,6.56],[-5.31,6.56],[-5.31,6.56],[-5.31,6.56],[-5.31,6.56],[-5.31,6.55],[-5.31,6.55],[-5.3,6.55],[-5.3,6.55],[-5.3,6.55],[-5.3,6.55],[-5.3,6.55],[-5.3,6.56],[-5.29,6.56],[-5.29,6.56],[-5.29,6.56],[-5.29,6.56],[-5.29,6.56],[-5.29,6.56],[-5.29,6.57],[-5.29,6.57],[-5.29,6.57],[-5.29,6.57],[-5.28,6.57],[-5.28,6.57],[-5.28,6.57],[-5.28,6.58],[-5.28,6.58],[-5.28,6.58],[-5.29,6.58],[-5.29,6.58],[-5.29,6.58],[-5.29,6.58],[-5.29,6.58],[-5.28,6.59],[-5.28,6.59],[-5.28,6.59],[-5.28,6.59],[-5.28,6.59],[-5.28,6.6],[-5.29,6.6],[-5.29,6.6],[-5.29,6.6],[-5.29,6.6],[-5.29,6.6],[-5.29,6.61],[-5.28,6.61],[-5.28,6.61],[-5.28,6.61],[-5.28,6.61],[-5.28,6.62],[-5.28,6.62],[-5.28,6.62],[-5.28,6.62],[-5.28,6.62],[-5.28,6.62],[-5.28,6.62],[-5.28,6.62],[-5.28,6.62],[-5.27,6.63],[-5.27,6.63],[-5.27,6.63],[-5.27,6.63],[-5.27,6.63],[-5.27,6.64],[-5.27,6.64],[-5.27,6.64],[-5.27,6.64],[-5.27,6.64],[-5.26,6.64],[-5.26,6.64],[-5.26,6.64],[-5.25,6.64],[-5.25,6.64],[-5.25,6.65],[-5.25,6.65],[-5.25,6.65],[-5.24,6.65],[-5.24,6.65],[-5.24,6.65],[-5.24,6.65],[-5.23,6.65],[-5.23,6.65],[-5.23,6.65],[-5.23,6.66],[-5.22,6.66],[-5.22,6.66],[-5.22,6.66],[-5.22,6.66],[-5.22,6.66],[-5.21,6.67],[-5.21,6.67],[-5.21,6.67],[-5.21,6.67],[-5.2,6.67],[-5.2,6.68],[-5.2,6.68],[-5.19,6.68],[-5.19,6.69],[-5.19,6.69],[-5.19,6.69],[-5.18,6.69],[-5.18,6.7],[-5.18,6.7],[-5.18,6.7],[-5.17,6.7],[-5.17,6.71],[-5.17,6.71],[-5.17,6.71],[-5.17,6.71],[-5.16,6.72],[-5.16,6.72],[-5.16,6.72],[-5.16,6.72],[-5.15,6.73],[-5.15,6.73],[-5.15,6.73],[-5.15,6.74],[-5.14,6.74],[-5.14,6.74],[-5.14,6.74],[-5.14,6.74],[-5.14,6.75],[-5.13,6.75],[-5.13,6.75],[-5.13,6.75],[-5.13,6.75],[-5.12,6.75],[-5.12,6.75],[-5.12,6.76],[-5.12,6.76],[-5.12,6.76],[-5.12,6.76],[-5.12,6.76],[-5.11,6.76],[-5.11,6.76],[-5.11,6.76],[-5.11,6.77],[-5.11,6.77],[-5.1,6.77],[-5.1,6.77],[-5.1,6.77],[-5.1,6.77],[-5.09,6.77],[-5.09,6.77],[-5.09,6.77],[-5.09,6.77],[-5.08,6.77],[-5.08,6.77],[-5.08,6.77],[-5.08,6.77],[-5.07,6.77],[-5.07,6.77],[-5.07,6.77],[-5.07,6.77],[-5.06,6.78],[-5.06,6.78],[-5.06,6.78],[-5.06,6.78],[-5.05,6.78],[-5.05,6.78],[-5.05,6.78],[-5.05,6.79],[-5.05,6.79],[-5.05,6.78],[-5.04,6.78],[-5.04,6.78],[-5.04,6.78],[-5.04,6.78],[-5.04,6.78],[-5.04,6.77],[-5.04,6.77],[-5.04,6.77],[-5.04,6.77],[-5.04,6.77],[-5.03,6.77],[-5.03,6.76],[-5.03,6.76],[-5.03,6.76],[-5.02,6.76],[-5.02,6.76],[-5.02,6.76],[-5.02,6.76],[-5.01,6.76],[-5.01,6.76],[-5.01,6.76],[-5.01,6.76],[-5.0,6.76],[-5.0,6.76],[-5.0,6.76],[-5.0,6.76],[-4.99,6.75],[-4.99,6.75],[-4.99,6.75],[-4.99,6.75],[-4.99,6.75],[-4.99,6.75],[-4.98,6.75],[-4.98,6.75],[-4.98,6.75],[-4.98,6.75],[-4.97,6.75],[-4.97,6.75],[-4.97,6.75],[-4.97,6.75],[-4.97,6.75],[-4.97,6.76],[-4.98,6.76],[-4.98,6.76],[-4.98,6.76],[-4.98,6.76],[-4.98,6.76],[-4.98,6.76],[-4.98,6.76],[-4.97,6.76],[-4.97,6.76],[-4.97,6.76],[-4.97,6.76],[-4.97,6.76],[-4.97,6.76],[-4.97,6.77],[-4.97,6.77],[-4.97,6.77],[-4.97,6.77],[-4.97,6.77],[-4.96,6.77],[-4.96,6.78],[-4.96,6.78],[-4.96,6.78],[-4.96,6.78],[-4.96,6.78],[-4.96,6.78],[-4.96,6.78],[-4.96,6.79],[-4.96,6.79],[-4.96,6.79],[-4.96,6.79],[-4.96,6.79],[-4.96,6.79],[-4.96,6.79],[-4.96,6.79],[-4.96,6.79],[-4.96,6.8],[-4.96,6.8],[-4.96,6.8],[-4.96,6.8],[-4.96,6.8],[-4.96,6.8],[-4.96,6.8],[-4.96,6.8],[-4.96,6.8],[-4.96,6.8],[-4.96,6.8],[-4.96,6.8],[-4.96,6.81],[-4.96,6.81],[-4.96,6.81],[-4.96,6.81],[-4.96,6.81],[-4.96,6.81],[-4.96,6.81],[-4.96,6.82],[-4.96,6.82],[-4.95,6.82],[-4.96,6.82],[-4.95,6.82],[-4.96,6.82],[-4.96,6.82],[-4.96,6.82],[-4.96,6.82],[-4.96,6.82],[-4.96,6.82],[-4.97,6.82],[-4.97,6.82],[-4.97,6.82],[-4.97,6.82],[-4.97,6.82],[-4.97,6.82],[-4.97,6.83],[-4.97,6.83],[-4.97,6.83],[-4.97,6.83],[-4.97,6.83],[-4.97,6.83],[-4.97,6.83],[-4.97,6.84],[-4.98,6.84],[-4.98,6.84],[-4.98,6.84],[-4.98,6.84],[-4.98,6.84],[-4.98,6.84],[-4.98,6.84],[-4.98,6.84],[-4.98,6.84],[-4.98,6.85],[-4.98,6.85],[-4.98,6.85],[-4.98,6.85],[-4.98,6.85],[-4.98,6.85],[-4.98,6.85],[-4.99,6.85],[-4.99,6.86],[-4.99,6.86],[-4.99,6.86],[-4.99,6.86],[-4.99,6.86],[-4.99,6.86],[-4.99,6.86],[-4.99,6.87],[-4.99,6.87],[-4.99,6.87],[-4.99,6.87],[-4.99,6.87],[-4.99,6.87],[-4.99,6.87],[-4.99,6.88],[-4.99,6.88],[-4.99,6.88],[-4.99,6.88],[-4.99,6.88],[-4.99,6.88],[-4.99,6.88],[-4.99,6.88],[-4.99,6.89],[-4.99,6.89],[-4.99,6.89],[-4.99,6.89],[-4.99,6.89],[-4.99,6.89],[-5.0,6.89],[-5.0,6.89],[-5.0,6.89],[-5.0,6.89],[-5.0,6.89],[-5.0,6.89],[-5.0,6.89],[-5.0,6.89],[-5.01,6.89],[-5.0,6.89],[-5.01,6.89],[-5.01,6.89],[-5.01,6.9],[-5.01,6.9],[-5.01,6.9],[-5.01,6.9],[-5.01,6.9],[-5.01,6.9],[-5.01,6.9],[-5.02,6.9],[-5.02,6.9],[-5.02,6.9],[-5.02,6.9],[-5.02,6.9],[-5.03,6.9],[-5.03,6.9],[-5.03,6.91],[-5.03,6.91],[-5.03,6.91],[-5.03,6.91],[-5.03,6.91],[-5.03,6.91],[-5.03,6.91],[-5.03,6.91],[-5.03,6.91],[-5.03,6.91],[-5.03,6.91],[-5.03,6.92],[-5.03,6.92],[-5.03,6.92],[-5.03,6.92],[-5.03,6.92],[-5.03,6.92],[-5.03,6.92],[-5.03,6.92],[-5.03,6.93],[-5.03,6.93],[-5.03,6.93],[-5.04,6.93],[-5.03,6.93],[-5.03,6.93],[-5.03,6.94],[-5.03,6.94],[-5.03,6.94],[-5.03,6.94],[-5.04,6.94],[-5.04,6.94],[-5.04,6.94],[-5.04,6.95],[-5.04,6.95],[-5.04,6.95],[-5.04,6.95],[-5.04,6.95],[-5.04,6.95],[-5.04,6.95],[-5.04,6.95],[-5.04,6.96],[-5.04,6.96],[-5.04,6.96],[-5.04,6.96],[-5.05,6.96],[-5.05,6.96],[-5.05,6.96],[-5.05,6.96],[-5.05,6.96],[-5.05,6.97],[-5.05,6.97],[-5.05,6.97],[-5.05,6.97],[-5.05,6.97],[-5.05,6.97],[-5.05,6.97],[-5.05,6.97],[-5.05,6.97],[-5.06,6.98],[-5.06,6.98],[-5.06,6.98],[-5.06,6.98],[-5.06,6.98],[-5.06,6.98],[-5.07,6.98],[-5.07,6.98],[-5.07,6.98],[-5.07,6.98],[-5.07,6.98],[-5.07,6.98],[-5.08,6.98],[-5.08,6.98],[-5.08,6.98],[-5.08,6.98],[-5.08,6.98],[-5.08,6.98],[-5.08,6.98],[-5.08,6.98],[-5.08,6.98],[-5.09,6.98],[-5.09,6.98],[-5.09,6.98],[-5.09,6.98],[-5.09,6.98],[-5.09,6.98],[-5.09,6.98],[-5.09,6.98],[-5.09,6.98],[-5.09,6.99],[-5.09,6.99],[-5.09,6.99],[-5.1,6.99],[-5.1,6.99],[-5.1,6.99],[-5.1,6.99],[-5.1,6.99],[-5.1,6.99],[-5.1,6.99],[-5.1,6.99],[-5.11,6.99],[-5.11,6.99],[-5.11,6.99],[-5.11,6.99],[-5.11,6.99],[-5.11,7.0],[-5.11,7.0],[-5.11,7.0],[-5.11,7.0],[-5.12,7.0],[-5.12,7.0],[-5.12,7.0],[-5.12,7.0],[-5.12,7.0],[-5.12,7.0],[-5.12,7.0],[-5.12,7.0],[-5.12,7.0],[-5.12,7.01],[-5.12,7.01],[-5.12,7.01],[-5.12,7.01],[-5.12,7.01],[-5.12,7.01],[-5.12,7.01],[-5.12,7.01],[-5.13,7.01],[-5.13,7.02],[-5.13,7.02],[-5.13,7.02],[-5.13,7.02],[-5.13,7.02],[-5.13,7.02],[-5.13,7.02],[-5.12,7.02],[-5.12,7.02],[-5.12,7.03],[-5.12,7.03],[-5.12,7.03],[-5.12,7.03],[-5.13,7.03],[-5.13,7.03],[-5.13,7.03],[-5.13,7.03],[-5.13,7.03],[-5.13,7.03],[-5.13,7.03],[-5.14,7.03],[-5.14,7.03],[-5.14,7.03],[-5.14,7.03],[-5.14,7.03],[-5.14,7.03],[-5.14,7.03],[-5.15,7.03],[-5.15,7.03],[-5.15,7.03],[-5.15,7.03],[-5.15,7.03],[-5.15,7.03],[-5.15,7.03],[-5.15,7.03],[-5.16,7.03],[-5.16,7.03],[-5.16,7.03],[-5.16,7.03],[-5.16,7.03],[-5.17,7.03],[-5.17,7.03],[-5.17,7.03],[-5.17,7.03],[-5.17,7.03],[-5.17,7.03],[-5.17,7.03],[-5.17,7.03],[-5.18,7.03],[-5.18,7.03],[-5.18,7.03],[-5.18,7.03],[-5.18,7.03],[-5.18,7.03],[-5.18,7.03],[-5.19,7.03],[-5.19,7.04],[-5.19,7.04],[-5.19,7.04],[-5.19,7.04],[-5.19,7.04],[-5.2,7.04],[-5.2,7.04],[-5.2,7.04],[-5.2,7.04],[-5.2,7.04],[-5.2,7.04],[-5.21,7.04],[-5.21,7.04],[-5.21,7.04],[-5.21,7.04],[-5.21,7.04],[-5.21,7.04],[-5.21,7.04],[-5.21,7.04],[-5.22,7.04],[-5.22,7.04],[-5.22,7.04],[-5.22,7.04],[-5.22,7.04],[-5.22,7.04],[-5.22,7.05],[-5.22,7.05],[-5.22,7.05],[-5.22,7.05],[-5.22,7.05],[-5.23,7.05],[-5.23,7.05],[-5.23,7.05],[-5.23,7.05],[-5.23,7.06],[-5.23,7.06],[-5.23,7.06],[-5.24,7.06],[-5.24,7.06],[-5.24,7.06],[-5.24,7.06],[-5.24,7.06],[-5.24,7.06],[-5.24,7.06],[-5.25,7.06],[-5.25,7.06],[-5.25,7.06],[-5.25,7.06],[-5.25,7.06],[-5.26,7.06],[-5.26,7.06],[-5.26,7.06],[-5.26,7.06],[-5.26,7.06],[-5.26,7.06],[-5.26,7.06],[-5.27,7.06],[-5.27,7.06],[-5.27,7.06],[-5.27,7.06],[-5.27,7.06],[-5.27,7.06],[-5.28,7.06],[-5.28,7.06],[-5.28,7.06],[-5.28,7.06],[-5.28,7.06],[-5.28,7.07],[-5.28,7.07],[-5.29,7.07],[-5.29,7.07],[-5.29,7.07],[-5.29,7.07],[-5.29,7.07],[-5.29,7.07]]]}},{"type":"Feature","properties":{"name":"Folon","code":"CI10","level":"region","status":"pending","schools":223,"students":70523,"girls":33562,"boys":36961,"district":"Denguele"},"geometry":{"type":"Polygon","coordinates":[[[-7.59,10.43],[-7.6,10.44],[-7.62,10.46],[-7.63,10.45],[-7.65,10.44],[-7.66,10.42],[-7.67,10.42],[-7.67,10.41],[-7.69,10.4],[-7.7,10.4],[-7.71,10.4],[-7.71,10.39],[-7.71,10.39],[-7.71,10.39],[-7.71,10.39],[-7.71,10.39],[-7.71,10.38],[-7.72,10.38],[-7.72,10.38],[-7.72,10.38],[-7.72,10.38],[-7.73,10.38],[-7.73,10.38],[-7.73,10.38],[-7.73,10.38],[-7.73,10.37],[-7.72,10.37],[-7.72,10.37],[-7.72,10.37],[-7.72,10.37],[-7.72,10.37],[-7.72,10.37],[-7.71,10.37],[-7.71,10.37],[-7.71,10.36],[-7.71,10.36],[-7.71,10.36],[-7.71,10.36],[-7.71,10.36],[-7.71,10.35],[-7.71,10.35],[-7.71,10.35],[-7.71,10.35],[-7.71,10.35],[-7.71,10.34],[-7.71,10.34],[-7.72,10.34],[-7.72,10.34],[-7.72,10.34],[-7.72,10.34],[-7.73,10.34],[-7.73,10.34],[-7.73,10.34],[-7.73,10.34],[-7.73,10.35],[-7.74,10.35],[-7.74,10.35],[-7.74,10.35],[-7.74,10.35],[-7.74,10.34],[-7.75,10.34],[-7.75,10.34],[-7.75,10.34],[-7.75,10.34],[-7.75,10.33],[-7.75,10.33],[-7.75,10.33],[-7.74,10.33],[-7.74,10.33],[-7.74,10.32],[-7.74,10.32],[-7.74,10.32],[-7.75,10.32],[-7.75,10.32],[-7.75,10.32],[-7.75,10.32],[-7.75,10.32],[-7.75,10.31],[-7.76,10.31],[-7.76,10.31],[-7.76,10.31],[-7.76,10.31],[-7.76,10.31],[-7.77,10.31],[-7.77,10.31],[-7.76,10.31],[-7.76,10.3],[-7.76,10.31],[-7.76,10.31],[-7.76,10.31],[-7.75,10.31],[-7.75,10.31],[-7.75,10.31],[-7.75,10.31],[-7.75,10.31],[-7.75,10.3],[-7.75,10.3],[-7.75,10.3],[-7.75,10.3],[-7.75,10.3],[-7.75,10.3],[-7.75,10.3],[-7.75,10.29],[-7.76,10.29],[-7.76,10.29],[-7.76,10.29],[-7.76,10.29],[-7.76,10.28],[-7.76,10.28],[-7.76,10.28],[-7.77,10.28],[-7.77,10.28],[-7.77,10.28],[-7.77,10.28],[-7.77,10.28],[-7.78,10.28],[-7.78,10.28],[-7.78,10.28],[-7.78,10.27],[-7.78,10.27],[-7.78,10.27],[-7.78,10.27],[-7.78,10.27],[-7.79,10.27],[-7.79,10.26],[-7.79,10.26],[-7.79,10.26],[-7.79,10.26],[-7.79,10.26],[-7.79,10.25],[-7.79,10.25],[-7.79,10.25],[-7.79,10.25],[-7.79,10.25],[-7.8,10.24],[-7.8,10.24],[-7.8,10.24],[-7.8,10.24],[-7.8,10.24],[-7.8,10.24],[-7.8,10.24],[-7.8,10.24],[-7.81,10.24],[-7.81,10.24],[-7.81,10.23],[-7.81,10.23],[-7.81,10.23],[-7.81,10.23],[-7.82,10.23],[-7.82,10.23],[-7.82,10.23],[-7.82,10.22],[-7.82,10.22],[-7.82,10.22],[-7.83,10.22],[-7.83,10.22],[-7.83,10.22],[-7.83,10.21],[-7.83,10.21],[-7.83,10.21],[-7.83,10.21],[-7.83,10.21],[-7.83,10.21],[-7.83,10.21],[-7.84,10.21],[-7.84,10.21],[-7.84,10.21],[-7.84,10.21],[-7.84,10.21],[-7.84,10.2],[-7.84,10.2],[-7.85,10.2],[-7.85,10.2],[-7.85,10.2],[-7.85,10.2],[-7.85,10.19],[-7.85,10.19],[-7.85,10.19],[-7.85,10.19],[-7.85,10.19],[-7.86,10.18],[-7.86,10.18],[-7.86,10.18],[-7.86,10.18],[-7.86,10.18],[-7.86,10.18],[-7.86,10.17],[-7.86,10.17],[-7.86,10.17],[-7.87,10.17],[-7.87,10.17],[-7.87,10.17],[-7.87,10.17],[-7.87,10.17],[-7.88,10.17],[-7.88,10.17],[-7.88,10.17],[-7.88,10.17],[-7.88,10.17],[-7.89,10.17],[-7.89,10.17],[-7.89,10.17],[-7.89,10.17],[-7.89,10.17],[-7.9,10.17],[-7.9,10.17],[-7.9,10.16],[-7.9,10.16],[-7.9,10.16],[-7.91,10.16],[-7.91,10.16],[-7.91,10.16],[-7.91,10.16],[-7.91,10.16],[-7.91,10.16],[-7.91,10.16],[-7.92,10.15],[-7.92,10.15],[-7.92,10.15],[-7.92,10.15],[-7.92,10.15],[-7.93,10.15],[-7.93,10.15],[-7.93,10.15],[-7.93,10.15],[-7.93,10.15],[-7.93,10.15],[-7.94,10.15],[-7.94,10.15],[-7.94,10.15],[-7.94,10.15],[-7.95,10.15],[-7.95,10.15],[-7.95,10.15],[-7.95,10.15],[-7.95,10.15],[-7.96,10.15],[-7.96,10.15],[-7.96,10.15],[-7.96,10.15],[-7.96,10.15],[-7.96,10.16],[-7.96,10.16],[-7.97,10.16],[-7.97,10.16],[-7.97,10.16],[-7.97,10.16],[-7.97,10.16],[-7.97,10.17],[-7.97,10.17],[-7.98,10.16],[-7.98,10.16],[-7.99,10.15],[-7.99,10.15],[-7.99,10.14],[-8.0,10.14],[-8.01,10.14],[-8.01,10.13],[-8.01,10.12],[-8.01,10.12],[-8.01,10.11],[-8.01,10.1],[-8.01,10.09],[-8.02,10.09],[-8.05,10.07],[-8.06,10.06],[-8.06,10.07],[-8.08,10.06],[-8.09,10.06],[-8.11,10.05],[-8.11,10.05],[-8.11,10.04],[-8.11,10.03],[-8.11,10.02],[-8.12,10.01],[-8.12,10.01],[-8.12,10.0],[-8.13,10.0],[-8.13,10.0],[-8.13,10.0],[-8.13,9.99],[-8.13,9.99],[-8.13,9.99],[-8.13,9.99],[-8.13,9.99],[-8.13,9.98],[-8.13,9.98],[-8.14,9.98],[-8.14,9.98],[-8.14,9.98],[-8.14,9.98],[-8.14,9.98],[-8.14,9.98],[-8.14,9.97],[-8.14,9.97],[-8.14,9.97],[-8.14,9.97],[-8.14,9.97],[-8.14,9.97],[-8.13,9.97],[-8.13,9.97],[-8.13,9.97],[-8.13,9.97],[-8.13,9.97],[-8.12,9.97],[-8.12,9.97],[-8.12,9.97],[-8.12,9.97],[-8.12,9.97],[-8.12,9.98],[-8.12,9.98],[-8.11,9.97],[-8.11,9.97],[-8.11,9.97],[-8.11,9.97],[-8.11,9.97],[-8.11,9.96],[-8.11,9.96],[-8.11,9.96],[-8.11,9.96],[-8.11,9.96],[-8.11,9.96],[-8.11,9.95],[-8.12,9.95],[-8.12,9.95],[-8.12,9.95],[-8.12,9.95],[-8.12,9.95],[-8.12,9.95],[-8.13,9.95],[-8.13,9.95],[-8.13,9.95],[-8.13,9.95],[-8.13,9.95],[-8.13,9.95],[-8.14,9.95],[-8.14,9.94],[-8.14,9.94],[-8.14,9.94],[-8.14,9.94],[-8.15,9.94],[-8.15,9.94],[-8.15,9.95],[-8.15,9.95],[-8.15,9.95],[-8.15,9.95],[-8.16,9.95],[-8.16,9.94],[-8.16,9.94],[-8.15,9.94],[-8.15,9.94],[-8.15,9.94],[-8.15,9.94],[-8.15,9.94],[-8.15,9.93],[-8.15,9.93],[-8.15,9.93],[-8.15,9.93],[-8.15,9.93],[-8.16,9.93],[-8.16,9.93],[-8.16,9.93],[-8.16,9.93],[-8.16,9.92],[-8.16,9.92],[-8.16,9.92],[-8.15,9.92],[-8.15,9.91],[-8.15,9.91],[-8.15,9.91],[-8.15,9.91],[-8.15,9.91],[-8.15,9.91],[-8.15,9.91],[-8.14,9.91],[-8.14,9.91],[-8.14,9.91],[-8.14,9.91],[-8.14,9.91],[-8.13,9.91],[-8.13,9.91],[-8.13,9.91],[-8.13,9.91],[-8.13,9.91],[-8.13,9.91],[-8.13,9.91],[-8.13,9.9],[-8.13,9.9],[-8.12,9.9],[-8.12,9.9],[-8.12,9.9],[-8.12,9.9],[-8.12,9.9],[-8.12,9.9],[-8.12,9.89],[-8.12,9.89],[-8.12,9.89],[-8.12,9.89],[-8.12,9.89],[-8.12,9.89],[-8.12,9.88],[-8.12,9.88],[-8.12,9.88],[-8.13,9.88],[-8.13,9.88],[-8.13,9.88],[-8.13,9.88],[-8.13,9.88],[-8.14,9.88],[-8.14,9.88],[-8.14,9.87],[-8.14,9.87],[-8.14,9.87],[-8.14,9.87],[-8.14,9.87],[-8.13,9.87],[-8.13,9.86],[-8.13,9.86],[-8.13,9.86],[-8.13,9.86],[-8.12,9.86],[-8.12,9.87],[-8.12,9.87],[-8.12,9.87],[-8.12,9.87],[-8.12,9.87],[-8.11,9.87],[-8.11,9.87],[-8.11,9.87],[-8.11,9.87],[-8.1,9.87],[-8.1,9.87],[-8.1,9.87],[-8.1,9.87],[-7.85,9.9],[-7.76,9.91],[-7.76,9.91],[-7.76,9.91],[-7.76,9.91],[-7.76,9.91],[-7.75,9.91],[-7.75,9.92],[-7.75,9.92],[-7.75,9.92],[-7.75,9.92],[-7.74,9.92],[-7.74,9.92],[-7.74,9.92],[-7.74,9.92],[-7.74,9.92],[-7.74,9.93],[-7.74,9.93],[-7.73,9.93],[-7.73,9.93],[-7.73,9.93],[-7.73,9.93],[-7.73,9.93],[-7.73,9.94],[-7.73,9.94],[-7.73,9.94],[-7.74,9.94],[-7.73,9.94],[-7.73,9.95],[-7.73,9.95],[-7.73,9.95],[-7.73,9.95],[-7.73,9.96],[-7.73,9.96],[-7.73,9.96],[-7.72,9.96],[-7.72,9.96],[-7.72,9.97],[-7.72,9.97],[-7.72,9.97],[-7.72,9.97],[-7.72,9.97],[-7.72,9.98],[-7.72,9.98],[-7.71,9.98],[-7.71,9.98],[-7.71,9.98],[-7.71,9.98],[-7.71,9.99],[-7.71,9.99],[-7.71,9.99],[-7.7,9.99],[-7.7,9.99],[-7.7,9.99],[-7.7,10.0],[-7.7,10.0],[-7.69,10.0],[-7.69,10.0],[-7.69,10.0],[-7.69,10.0],[-7.68,10.0],[-7.68,10.0],[-7.68,10.0],[-7.68,10.0],[-7.68,9.99],[-7.68,9.99],[-7.67,9.99],[-7.67,9.99],[-7.67,9.99],[-7.67,10.0],[-7.67,10.0],[-7.67,10.0],[-7.67,10.0],[-7.66,10.0],[-7.66,10.0],[-7.66,10.0],[-7.66,10.0],[-7.66,10.0],[-7.66,10.0],[-7.65,9.99],[-7.65,9.99],[-7.65,9.99],[-7.65,9.99],[-7.65,9.99],[-7.65,9.99],[-7.64,9.99],[-7.64,9.99],[-7.64,9.99],[-7.64,9.99],[-7.64,9.99],[-7.64,9.98],[-7.63,9.98],[-7.63,9.98],[-7.63,9.98],[-7.63,9.98],[-7.63,9.98],[-7.63,9.98],[-7.63,9.98],[-7.63,9.97],[-7.63,9.97],[-7.63,9.97],[-7.63,9.97],[-7.62,9.97],[-7.62,9.97],[-7.62,9.97],[-7.62,9.97],[-7.62,9.97],[-7.62,9.97],[-7.62,9.97],[-7.61,9.97],[-7.61,9.97],[-7.61,9.97],[-7.61,9.97],[-7.61,9.97],[-7.6,9.97],[-7.6,9.97],[-7.59,9.96],[-7.58,9.96],[-7.58,9.96],[-7.58,9.96],[-7.58,9.96],[-7.58,9.96],[-7.58,9.96],[-7.58,9.95],[-7.58,9.95],[-7.58,9.95],[-7.57,9.95],[-7.57,9.95],[-7.57,9.95],[-7.57,9.95],[-7.57,9.95],[-7.57,9.95],[-7.57,9.95],[-7.57,9.94],[-7.57,9.94],[-7.57,9.94],[-7.57,9.94],[-7.57,9.94],[-7.57,9.94],[-7.57,9.93],[-7.57,9.93],[-7.58,9.93],[-7.58,9.93],[-7.57,9.93],[-7.57,9.93],[-7.57,9.93],[-7.57,9.93],[-7.57,9.94],[-7.57,9.94],[-7.57,9.94],[-7.56,9.94],[-7.56,9.94],[-7.56,9.94],[-7.56,9.94],[-7.56,9.93],[-7.56,9.93],[-7.56,9.93],[-7.56,9.93],[-7.56,9.93],[-7.56,9.93],[-7.57,9.93],[-7.57,9.93],[-7.57,9.92],[-7.56,9.92],[-7.56,9.92],[-7.56,9.92],[-7.56,9.92],[-7.56,9.91],[-7.56,9.91],[-7.56,9.91],[-7.56,9.91],[-7.56,9.91],[-7.56,9.91],[-7.56,9.91],[-7.56,9.91],[-7.55,9.91],[-7.55,9.91],[-7.55,9.91],[-7.55,9.91],[-7.55,9.9],[-7.55,9.9],[-7.55,9.9],[-7.55,9.9],[-7.55,9.9],[-7.56,9.9],[-7.56,9.9],[-7.56,9.9],[-7.56,9.9],[-7.56,9.9],[-7.56,9.9],[-7.56,9.9],[-7.56,9.9],[-7.56,9.9],[-7.56,9.9],[-7.56,9.9],[-7.56,9.89],[-7.56,9.89],[-7.56,9.89],[-7.56,9.89],[-7.56,9.89],[-7.56,9.89],[-7.56,9.89],[-7.55,9.89],[-7.55,9.88],[-7.55,9.88],[-7.56,9.88],[-7.56,9.88],[-7.56,9.88],[-7.56,9.88],[-7.56,9.88],[-7.56,9.88],[-7.56,9.88],[-7.57,9.88],[-7.57,9.88],[-7.57,9.87],[-7.57,9.87],[-7.57,9.87],[-7.57,9.87],[-7.57,9.88],[-7.56,9.87],[-7.56,9.87],[-7.56,9.87],[-7.56,9.87],[-7.57,9.87],[-7.57,9.87],[-7.57,9.87],[-7.57,9.87],[-7.57,9.86],[-7.57,9.86],[-7.57,9.86],[-7.57,9.86],[-7.57,9.86],[-7.56,9.86],[-7.56,9.86],[-7.56,9.86],[-7.56,9.86],[-7.56,9.86],[-7.56,9.86],[-7.55,9.86],[-7.55,9.86],[-7.55,9.86],[-7.55,9.86],[-7.55,9.86],[-7.55,9.86],[-7.55,9.86],[-7.55,9.85],[-7.55,9.85],[-7.55,9.85],[-7.55,9.85],[-7.55,9.84],[-7.55,9.84],[-7.55,9.84],[-7.55,9.84],[-7.54,9.84],[-7.54,9.84],[-7.54,9.84],[-7.54,9.84],[-7.54,9.84],[-7.54,9.84],[-7.54,9.84],[-7.54,9.83],[-7.54,9.83],[-7.54,9.83],[-7.54,9.83],[-7.54,9.83],[-7.54,9.83],[-7.54,9.83],[-7.54,9.83],[-7.54,9.82],[-7.54,9.82],[-7.54,9.82],[-7.54,9.82],[-7.55,9.82],[-7.55,9.82],[-7.55,9.81],[-7.55,9.81],[-7.55,9.81],[-7.55,9.81],[-7.55,9.81],[-7.55,9.8],[-7.55,9.8],[-7.55,9.8],[-7.55,9.8],[-7.55,9.8],[-7.55,9.8],[-7.55,9.8],[-7.55,9.8],[-7.55,9.79],[-7.55,9.79],[-7.55,9.79],[-7.55,9.79],[-7.55,9.79],[-7.55,9.79],[-7.55,9.79],[-7.55,9.78],[-7.55,9.78],[-7.55,9.78],[-7.56,9.78],[-7.56,9.78],[-7.56,9.78],[-7.56,9.78],[-7.56,9.78],[-7.56,9.78],[-7.56,9.78],[-7.57,9.78],[-7.57,9.78],[-7.57,9.78],[-7.57,9.78],[-7.57,9.78],[-7.57,9.78],[-7.57,9.78],[-7.57,9.78],[-7.57,9.78],[-7.57,9.78],[-7.57,9.78],[-7.57,9.77],[-7.57,9.77],[-7.57,9.77],[-7.57,9.77],[-7.57,9.77],[-7.57,9.77],[-7.58,9.77],[-7.58,9.77],[-7.58,9.77],[-7.58,9.77],[-7.58,9.77],[-7.58,9.77],[-7.58,9.76],[-7.58,9.76],[-7.59,9.76],[-7.59,9.76],[-7.59,9.76],[-7.58,9.76],[-7.58,9.75],[-7.58,9.75],[-7.57,9.75],[-7.57,9.75],[-7.57,9.75],[-7.57,9.75],[-7.57,9.75],[-7.57,9.75],[-7.56,9.75],[-7.56,9.75],[-7.56,9.75],[-7.56,9.75],[-7.56,9.75],[-7.55,9.75],[-7.55,9.74],[-7.55,9.74],[-7.55,9.75],[-7.55,9.75],[-7.54,9.75],[-7.54,9.75],[-7.54,9.75],[-7.54,9.74],[-7.54,9.74],[-7.53,9.74],[-7.53,9.74],[-7.53,9.74],[-7.53,9.74],[-7.53,9.74],[-7.52,9.74],[-7.52,9.74],[-7.52,9.74],[-7.52,9.74],[-7.52,9.73],[-7.51,9.73],[-7.51,9.73],[-7.51,9.73],[-7.51,9.73],[-7.51,9.73],[-7.51,9.73],[-7.51,9.73],[-7.5,9.73],[-7.5,9.73],[-7.5,9.73],[-7.5,9.73],[-7.5,9.73],[-7.5,9.72],[-7.5,9.72],[-7.49,9.72],[-7.49,9.72],[-7.49,9.72],[-7.49,9.72],[-7.49,9.72],[-7.48,9.72],[-7.48,9.71],[-7.48,9.71],[-7.48,9.71],[-7.48,9.71],[-7.47,9.71],[-7.47,9.71],[-7.47,9.71],[-7.47,9.71],[-7.47,9.71],[-7.46,9.71],[-7.46,9.71],[-7.46,9.71],[-7.46,9.71],[-7.46,9.71],[-7.45,9.71],[-7.45,9.71],[-7.45,9.71],[-7.45,9.71],[-7.45,9.71],[-7.44,9.71],[-7.44,9.71],[-7.44,9.71],[-7.44,9.71],[-7.44,9.71],[-7.43,9.71],[-7.43,9.72],[-7.43,9.72],[-7.43,9.72],[-7.43,9.72],[-7.42,9.72],[-7.42,9.72],[-7.42,9.72],[-7.42,9.72],[-7.42,9.72],[-7.41,9.72],[-7.41,9.71],[-7.41,9.71],[-7.41,9.71],[-7.41,9.71],[-7.4,9.71],[-7.4,9.71],[-7.4,9.71],[-7.4,9.71],[-7.4,9.71],[-7.39,9.71],[-7.39,9.71],[-7.39,9.71],[-7.39,9.71],[-7.39,9.71],[-7.38,9.71],[-7.38,9.71],[-7.38,9.71],[-7.38,9.71],[-7.38,9.71],[-7.37,9.71],[-7.37,9.71],[-7.37,9.71],[-7.37,9.71],[-7.37,9.71],[-7.37,9.71],[-7.36,9.71],[-7.36,9.71],[-7.36,9.72],[-7.36,9.72],[-7.36,9.72],[-7.36,9.72],[-7.36,9.72],[-7.36,9.73],[-7.36,9.73],[-7.36,9.73],[-7.37,9.73],[-7.37,9.73],[-7.37,9.74],[-7.37,9.74],[-7.37,9.74],[-7.37,9.74],[-7.36,9.74],[-7.36,9.74],[-7.36,9.75],[-7.36,9.75],[-7.36,9.75],[-7.36,9.75],[-7.36,9.75],[-7.36,9.75],[-7.35,9.75],[-7.35,9.75],[-7.35,9.75],[-7.35,9.75],[-7.35,9.75],[-7.34,9.76],[-7.34,9.76],[-7.34,9.76],[-7.34,9.76],[-7.34,9.76],[-7.34,9.77],[-7.33,9.78],[-7.33,9.78],[-7.33,9.78],[-7.32,9.78],[-7.32,9.78],[-7.32,9.78],[-7.32,9.78],[-7.32,9.78],[-7.31,9.78],[-7.31,9.79],[-7.31,9.79],[-7.31,9.79],[-7.31,9.79],[-7.3,9.79],[-7.3,9.79],[-7.3,9.79],[-7.3,9.79],[-7.3,9.79],[-7.29,9.79],[-7.29,9.79],[-7.29,9.8],[-7.29,9.8],[-7.29,9.8],[-7.29,9.8],[-7.29,9.8],[-7.28,9.8],[-7.28,9.8],[-7.28,9.8],[-7.28,9.81],[-7.28,9.81],[-7.27,9.81],[-7.27,9.81],[-7.27,9.81],[-7.27,9.81],[-7.27,9.81],[-7.27,9.81],[-7.26,9.81],[-7.26,9.81],[-7.26,9.81],[-7.26,9.81],[-7.26,9.82],[-7.26,9.82],[-7.26,9.82],[-7.26,9.82],[-7.26,9.82],[-7.26,9.83],[-7.25,9.83],[-7.25,9.83],[-7.25,9.83],[-7.25,9.83],[-7.24,9.83],[-7.24,9.84],[-7.24,9.84],[-7.24,9.84],[-7.24,9.84],[-7.24,9.84],[-7.24,9.85],[-7.23,9.85],[-7.23,9.85],[-7.23,9.86],[-7.23,9.86],[-7.22,9.86],[-7.22,9.86],[-7.22,9.86],[-7.22,9.86],[-7.22,9.86],[-7.21,9.86],[-7.21,9.86],[-7.21,9.86],[-7.21,9.86],[-7.21,9.86],[-7.2,9.86],[-7.2,9.86],[-7.2,9.86],[-7.2,9.86],[-7.2,9.86],[-7.2,9.86],[-7.19,9.86],[-7.19,9.86],[-7.19,9.86],[-7.19,9.86],[-7.18,9.86],[-7.18,9.86],[-7.18,9.87],[-7.18,9.87],[-7.18,9.87],[-7.17,9.87],[-7.17,9.87],[-7.17,9.87],[-7.17,9.87],[-7.17,9.88],[-7.17,9.88],[-7.17,9.88],[-7.17,9.88],[-7.16,9.88],[-7.16,9.88],[-7.16,9.88],[-7.16,9.88],[-7.16,9.88],[-7.16,9.88],[-7.16,9.89],[-7.16,9.89],[-7.15,9.89],[-7.15,9.89],[-7.15,9.89],[-7.15,9.89],[-7.15,9.89],[-7.15,9.89],[-7.14,9.89],[-7.14,9.89],[-7.14,9.9],[-7.14,9.9],[-7.14,9.9],[-7.13,9.9],[-7.13,9.9],[-7.13,9.9],[-7.13,9.9],[-7.13,9.9],[-7.13,9.9],[-7.12,9.9],[-7.12,9.9],[-7.12,9.91],[-7.12,9.9],[-7.12,9.9],[-7.12,9.9],[-7.11,9.9],[-7.11,9.91],[-7.11,9.91],[-7.11,9.91],[-7.1,9.91],[-7.1,9.91],[-7.1,9.91],[-7.1,9.91],[-7.1,9.91],[-7.1,9.91],[-7.1,9.91],[-7.1,9.91],[-7.09,9.91],[-7.09,9.92],[-7.09,9.92],[-7.1,9.92],[-7.1,9.92],[-7.1,9.93],[-7.1,9.93],[-7.1,9.93],[-7.1,9.93],[-7.1,9.93],[-7.1,9.94],[-7.1,9.94],[-7.1,9.94],[-7.1,9.94],[-7.1,9.94],[-7.09,9.94],[-7.09,9.95],[-7.09,9.95],[-7.09,9.95],[-7.1,9.95],[-7.1,9.95],[-7.1,9.95],[-7.1,9.96],[-7.1,9.96],[-7.1,9.96],[-7.1,9.96],[-7.09,9.96],[-7.09,9.96],[-7.09,9.96],[-7.09,9.97],[-7.09,9.97],[-7.09,9.97],[-7.09,9.97],[-7.08,9.97],[-7.09,9.97],[-7.09,9.98],[-7.09,9.98],[-7.08,9.98],[-7.08,9.98],[-7.08,9.98],[-7.08,9.98],[-7.08,9.98],[-7.07,9.98],[-7.07,9.98],[-7.07,9.98],[-7.07,9.97],[-7.06,9.97],[-7.06,9.97],[-7.06,9.97],[-7.06,9.97],[-7.05,9.97],[-7.05,9.97],[-7.05,9.97],[-7.05,9.97],[-7.04,9.97],[-7.04,9.97],[-7.04,9.97],[-7.04,9.97],[-7.04,9.97],[-7.04,9.97],[-7.03,9.97],[-7.03,9.97],[-7.03,9.97],[-7.03,9.97],[-7.03,9.97],[-7.02,9.97],[-7.02,9.97],[-7.02,9.97],[-7.02,9.97],[-7.02,9.97],[-7.02,9.97],[-7.01,9.97],[-7.01,9.97],[-7.01,9.97],[-7.0,9.97],[-7.0,9.97],[-7.0,9.97],[-7.0,9.97],[-7.0,9.97],[-7.0,9.97],[-6.99,9.97],[-6.99,9.97],[-6.99,9.97],[-6.99,9.97],[-6.99,9.97],[-6.98,9.97],[-6.98,9.97],[-6.98,9.97],[-6.98,9.97],[-6.98,9.97],[-6.97,9.97],[-6.97,9.97],[-6.97,9.97],[-6.97,9.97],[-6.97,9.97],[-6.97,9.97],[-6.97,9.97],[-6.97,9.97],[-6.97,9.97],[-6.97,9.98],[-6.97,9.98],[-6.96,9.98],[-6.96,9.98],[-6.96,9.98],[-6.96,9.99],[-6.96,9.99],[-6.96,9.99],[-6.96,9.99],[-6.96,9.99],[-6.95,9.99],[-6.95,9.99],[-6.95,10.0],[-6.95,10.0],[-6.95,10.0],[-6.95,10.0],[-6.95,10.0],[-6.94,10.0],[-6.94,10.0],[-6.94,10.0],[-6.94,10.01],[-6.94,10.01],[-6.94,10.01],[-6.94,10.01],[-6.94,10.01],[-6.94,10.01],[-6.94,10.02],[-6.94,10.02],[-6.93,10.02],[-6.93,10.02],[-6.93,10.02],[-6.93,10.02],[-6.93,10.03],[-6.93,10.03],[-6.93,10.03],[-6.93,10.03],[-6.93,10.04],[-6.93,10.04],[-6.93,10.04],[-6.93,10.04],[-6.93,10.04],[-6.93,10.04],[-6.93,10.05],[-6.93,10.05],[-6.93,10.05],[-6.93,10.05],[-6.93,10.05],[-6.93,10.06],[-6.93,10.06],[-6.93,10.06],[-6.93,10.06],[-6.92,10.06],[-6.92,10.07],[-6.92,10.07],[-6.92,10.07],[-6.92,10.07],[-6.92,10.07],[-6.92,10.07],[-6.91,10.07],[-6.91,10.07],[-6.91,10.07],[-6.91,10.08],[-6.91,10.08],[-6.91,10.08],[-6.91,10.08],[-6.91,10.08],[-6.91,10.08],[-6.91,10.09],[-6.91,10.09],[-6.91,10.09],[-6.91,10.09],[-6.9,10.09],[-6.9,10.09],[-6.9,10.09],[-6.9,10.1],[-6.9,10.1],[-6.9,10.1],[-6.9,10.1],[-6.9,10.1],[-6.9,10.1],[-6.9,10.1],[-6.89,10.1],[-6.89,10.1],[-6.89,10.1],[-6.89,10.1],[-6.89,10.1],[-6.88,10.11],[-6.88,10.11],[-6.88,10.11],[-6.88,10.11],[-6.88,10.11],[-6.88,10.11],[-6.88,10.12],[-6.88,10.12],[-6.88,10.12],[-6.88,10.12],[-6.87,10.12],[-6.87,10.12],[-6.87,10.12],[-6.87,10.12],[-6.87,10.12],[-6.87,10.12],[-6.87,10.12],[-6.86,10.12],[-6.86,10.13],[-6.86,10.13],[-6.86,10.13],[-6.86,10.13],[-6.86,10.13],[-6.85,10.13],[-6.85,10.13],[-6.85,10.13],[-6.85,10.13],[-6.85,10.13],[-6.84,10.13],[-6.84,10.13],[-6.84,10.13],[-6.84,10.13],[-6.84,10.13],[-6.83,10.13],[-6.83,10.13],[-6.83,10.13],[-6.83,10.13],[-6.83,10.13],[-6.83,10.14],[-6.83,10.14],[-6.83,10.14],[-6.83,10.14],[-6.83,10.13],[-6.82,10.13],[-6.82,10.13],[-6.82,10.13],[-6.82,10.13],[-6.82,10.13],[-6.82,10.13],[-6.82,10.13],[-6.81,10.13],[-6.81,10.13],[-6.81,10.13],[-6.81,10.14],[-6.81,10.13],[-6.81,10.13],[-6.81,10.13],[-6.8,10.13],[-6.8,10.13],[-6.8,10.13],[-6.8,10.13],[-6.8,10.13],[-6.79,10.13],[-6.79,10.13],[-6.79,10.13],[-6.79,10.13],[-6.79,10.13],[-6.78,10.13],[-6.78,10.13],[-6.78,10.12],[-6.77,10.12],[-6.77,10.11],[-6.77,10.11],[-6.77,10.11],[-6.77,10.11],[-6.76,10.11],[-6.76,10.11],[-6.76,10.1],[-6.76,10.1],[-6.76,10.1],[-6.75,10.1],[-6.75,10.1],[-6.75,10.1],[-6.75,10.1],[-6.74,10.1],[-6.71,10.1],[-6.71,10.1],[-6.71,10.1],[-6.7,10.1],[-6.68,10.12],[-6.68,10.12],[-6.68,10.12],[-6.68,10.12],[-6.67,10.12],[-6.67,10.12],[-6.67,10.12],[-6.61,10.14],[-6.59,10.16],[-6.59,10.16],[-6.59,10.16],[-6.59,10.16],[-6.59,10.16],[-6.59,10.17],[-6.59,10.17],[-6.59,10.17],[-6.59,10.17],[-6.59,10.17],[-6.59,10.18],[-6.59,10.18],[-6.59,10.18],[-6.59,10.18],[-6.6,10.19],[-6.6,10.19],[-6.6,10.19],[-6.6,10.19],[-6.59,10.19],[-6.59,10.23],[-6.59,10.23],[-6.59,10.23],[-6.6,10.23],[-6.6,10.23],[-6.6,10.24],[-6.6,10.24],[-6.6,10.23],[-6.6,10.24],[-6.6,10.24],[-6.61,10.24],[-6.61,10.24],[-6.61,10.24],[-6.61,10.24],[-6.61,10.24],[-6.62,10.24],[-6.62,10.24],[-6.62,10.24],[-6.62,10.24],[-6.62,10.24],[-6.62,10.24],[-6.62,10.24],[-6.63,10.24],[-6.63,10.24],[-6.63,10.24],[-6.63,10.24],[-6.63,10.25],[-6.63,10.25],[-6.63,10.25],[-6.63,10.25],[-6.63,10.25],[-6.63,10.25],[-6.63,10.25],[-6.63,10.26],[-6.63,10.25],[-6.64,10.25],[-6.64,10.26],[-6.64,10.26],[-6.63,10.26],[-6.63,10.26],[-6.63,10.26],[-6.64,10.26],[-6.64,10.27],[-6.64,10.27],[-6.64,10.27],[-6.63,10.27],[-6.63,10.27],[-6.63,10.27],[-6.63,10.27],[-6.63,10.27],[-6.63,10.28],[-6.63,10.28],[-6.64,10.28],[-6.64,10.28],[-6.64,10.28],[-6.64,10.29],[-6.64,10.29],[-6.64,10.29],[-6.63,10.29],[-6.63,10.29],[-6.63,10.29],[-6.63,10.29],[-6.63,10.29],[-6.63,10.29],[-6.63,10.29],[-6.63,10.29],[-6.63,10.29],[-6.63,10.3],[-6.63,10.3],[-6.63,10.3],[-6.63,10.3],[-6.63,10.3],[-6.63,10.3],[-6.63,10.3],[-6.63,10.31],[-6.63,10.31],[-6.63,10.31],[-6.64,10.31],[-6.64,10.31],[-6.64,10.31],[-6.64,10.31],[-6.64,10.31],[-6.64,10.31],[-6.64,10.31],[-6.64,10.31],[-6.64,10.31],[-6.65,10.31],[-6.65,10.31],[-6.64,10.31],[-6.64,10.32],[-6.65,10.32],[-6.65,10.32],[-6.65,10.32],[-6.65,10.32],[-6.65,10.33],[-6.65,10.33],[-6.65,10.33],[-6.65,10.33],[-6.65,10.33],[-6.65,10.33],[-6.65,10.34],[-6.65,10.34],[-6.65,10.34],[-6.65,10.34],[-6.65,10.34],[-6.65,10.34],[-6.66,10.35],[-6.66,10.35],[-6.66,10.35],[-6.66,10.35],[-6.66,10.35],[-6.66,10.35],[-6.66,10.35],[-6.66,10.35],[-6.66,10.36],[-6.66,10.36],[-6.67,10.36],[-6.67,10.36],[-6.67,10.36],[-6.67,10.36],[-6.67,10.35],[-6.67,10.35],[-6.67,10.35],[-6.68,10.35],[-6.68,10.35],[-6.68,10.35],[-6.68,10.35],[-6.68,10.35],[-6.68,10.34],[-6.68,10.34],[-6.69,10.35],[-6.69,10.35],[-6.69,10.35],[-6.71,10.35],[-6.72,10.35],[-6.73,10.36],[-6.74,10.36],[-6.75,10.37],[-6.77,10.37],[-6.78,10.37],[-6.79,10.37],[-6.79,10.38],[-6.81,10.39],[-6.83,10.39],[-6.83,10.39],[-6.83,10.38],[-6.83,10.38],[-6.83,10.38],[-6.83,10.38],[-6.83,10.38],[-6.83,10.37],[-6.83,10.37],[-6.83,10.37],[-6.83,10.37],[-6.83,10.37],[-6.83,10.37],[-6.83,10.37],[-6.83,10.37],[-6.84,10.36],[-6.84,10.36],[-6.84,10.36],[-6.84,10.36],[-6.84,10.36],[-6.84,10.35],[-6.84,10.36],[-6.84,10.36],[-6.84,10.36],[-6.85,10.36],[-6.85,10.36],[-6.85,10.36],[-6.85,10.36],[-6.85,10.35],[-6.86,10.35],[-6.86,10.35],[-6.86,10.35],[-6.86,10.35],[-6.86,10.35],[-6.86,10.35],[-6.86,10.35],[-6.87,10.35],[-6.87,10.35],[-6.87,10.35],[-6.87,10.35],[-6.87,10.35],[-6.88,10.35],[-6.88,10.35],[-6.88,10.35],[-6.88,10.35],[-6.88,10.35],[-6.88,10.35],[-6.89,10.35],[-6.89,10.35],[-6.89,10.35],[-6.89,10.35],[-6.89,10.35],[-6.89,10.35],[-6.9,10.35],[-6.9,10.35],[-6.9,10.35],[-6.9,10.35],[-6.91,10.35],[-6.91,10.35],[-6.91,10.35],[-6.91,10.35],[-6.91,10.35],[-6.91,10.36],[-6.91,10.36],[-6.92,10.36],[-6.92,10.36],[-6.92,10.36],[-6.92,10.36],[-6.92,10.36],[-6.93,10.36],[-6.93,10.36],[-6.93,10.36],[-6.93,10.36],[-6.93,10.36],[-6.94,10.36],[-6.94,10.36],[-6.94,10.36],[-6.94,10.36],[-6.94,10.35],[-6.94,10.35],[-6.95,10.35],[-6.95,10.35],[-6.95,10.35],[-6.95,10.35],[-6.95,10.34],[-6.95,10.34],[-6.95,10.34],[-6.95,10.34],[-6.95,10.34],[-6.95,10.34],[-6.96,10.33],[-6.96,10.33],[-6.96,10.33],[-6.96,10.33],[-6.96,10.33],[-6.96,10.33],[-6.96,10.32],[-6.96,10.32],[-6.96,10.32],[-6.96,10.32],[-6.97,10.32],[-6.97,10.31],[-6.97,10.31],[-6.97,10.31],[-6.97,10.31],[-6.97,10.31],[-6.97,10.31],[-6.97,10.3],[-6.98,10.3],[-6.98,10.3],[-6.98,10.3],[-6.98,10.3],[-6.99,10.29],[-6.99,10.29],[-7.0,10.28],[-7.0,10.28],[-7.01,10.27],[-7.02,10.26],[-7.02,10.26],[-7.01,10.24],[-6.98,10.21],[-6.99,10.2],[-6.99,10.2],[-6.99,10.17],[-7.01,10.16],[-7.03,10.15],[-7.05,10.15],[-7.06,10.15],[-7.07,10.16],[-7.08,10.16],[-7.08,10.16],[-7.09,10.17],[-7.07,10.2],[-7.08,10.21],[-7.09,10.21],[-7.11,10.21],[-7.11,10.21],[-7.12,10.23],[-7.13,10.24],[-7.14,10.25],[-7.16,10.25],[-7.18,10.25],[-7.2,10.25],[-7.23,10.26],[-7.26,10.26],[-7.27,10.26],[-7.28,10.26],[-7.3,10.25],[-7.3,10.25],[-7.31,10.25],[-7.31,10.25],[-7.33,10.24],[-7.33,10.24],[-7.34,10.24],[-7.34,10.24],[-7.34,10.24],[-7.34,10.24],[-7.34,10.24],[-7.35,10.24],[-7.35,10.24],[-7.35,10.24],[-7.35,10.24],[-7.36,10.24],[-7.36,10.24],[-7.36,10.24],[-7.36,10.24],[-7.36,10.24],[-7.37,10.24],[-7.37,10.24],[-7.37,10.24],[-7.37,10.24],[-7.37,10.25],[-7.38,10.25],[-7.38,10.25],[-7.38,10.25],[-7.38,10.25],[-7.38,10.25],[-7.38,10.25],[-7.38,10.25],[-7.38,10.26],[-7.39,10.26],[-7.39,10.26],[-7.38,10.26],[-7.37,10.26],[-7.37,10.26],[-7.36,10.27],[-7.36,10.28],[-7.36,10.31],[-7.36,10.33],[-7.37,10.34],[-7.37,10.35],[-7.38,10.35],[-7.39,10.35],[-7.4,10.35],[-7.4,10.35],[-7.41,10.35],[-7.41,10.34],[-7.41,10.34],[-7.41,10.34],[-7.41,10.34],[-7.41,10.34],[-7.41,10.34],[-7.42,10.34],[-7.42,10.34],[-7.42,10.33],[-7.42,10.33],[-7.42,10.33],[-7.43,10.34],[-7.43,10.34],[-7.43,10.34],[-7.43,10.34],[-7.43,10.34],[-7.43,10.34],[-7.42,10.34],[-7.42,10.34],[-7.42,10.35],[-7.42,10.35],[-7.42,10.35],[-7.42,10.35],[-7.42,10.35],[-7.42,10.36],[-7.43,10.36],[-7.43,10.36],[-7.43,10.36],[-7.43,10.36],[-7.43,10.36],[-7.43,10.37],[-7.43,10.37],[-7.43,10.37],[-7.44,10.37],[-7.44,10.37],[-7.44,10.37],[-7.44,10.38],[-7.44,10.38],[-7.44,10.38],[-7.44,10.38],[-7.44,10.38],[-7.44,10.38],[-7.44,10.39],[-7.44,10.39],[-7.44,10.39],[-7.44,10.39],[-7.44,10.39],[-7.44,10.4],[-7.44,10.4],[-7.45,10.4],[-7.45,10.4],[-7.45,10.4],[-7.45,10.4],[-7.45,10.41],[-7.45,10.41],[-7.44,10.41],[-7.44,10.41],[-7.44,10.41],[-7.44,10.41],[-7.44,10.42],[-7.44,10.42],[-7.44,10.42],[-7.44,10.42],[-7.44,10.42],[-7.44,10.42],[-7.44,10.43],[-7.44,10.43],[-7.44,10.43],[-7.44,10.43],[-7.44,10.43],[-7.44,10.43],[-7.44,10.44],[-7.45,10.44],[-7.45,10.44],[-7.45,10.44],[-7.45,10.44],[-7.45,10.44],[-7.45,10.44],[-7.46,10.44],[-7.46,10.44],[-7.47,10.45],[-7.5,10.46],[-7.51,10.46],[-7.52,10.45],[-7.53,10.44],[-7.54,10.43],[-7.54,10.42],[-7.54,10.41],[-7.55,10.41],[-7.56,10.42],[-7.57,10.42],[-7.58,10.42],[-7.59,10.43]]]}},{"type":"Feature","properties":{"name":"Gbeke","code":"CI11","level":"region","status":"pending","schools":611,"students":124977,"girls":59305,"boys":65672,"district":"Valle Du Bandama"},"geometry":{"type":"Polygon","coordinates":[[[-5.37,8.1],[-5.37,8.11],[-5.37,8.11],[-5.37,8.11],[-5.37,8.11],[-5.37,8.12],[-5.38,8.12],[-5.38,8.12],[-5.38,8.12],[-5.38,8.12],[-5.38,8.12],[-5.38,8.12],[-5.38,8.13],[-5.39,8.13],[-5.39,8.13],[-5.39,8.13],[-5.39,8.14],[-5.39,8.14],[-5.39,8.14],[-5.39,8.14],[-5.39,8.14],[-5.39,8.14],[-5.39,8.15],[-5.39,8.15],[-5.4,8.15],[-5.4,8.15],[-5.4,8.15],[-5.4,8.15],[-5.4,8.16],[-5.41,8.16],[-5.41,8.16],[-5.41,8.15],[-5.41,8.15],[-5.41,8.15],[-5.4,8.15],[-5.4,8.15],[-5.4,8.14],[-5.4,8.14],[-5.4,8.14],[-5.4,8.14],[-5.4,8.14],[-5.4,8.14],[-5.4,8.13],[-5.4,8.13],[-5.4,8.13],[-5.4,8.13],[-5.4,8.13],[-5.4,8.12],[-5.4,8.12],[-5.4,8.12],[-5.4,8.12],[-5.4,8.12],[-5.4,8.11],[-5.4,8.11],[-5.4,8.11],[-5.4,8.11],[-5.4,8.11],[-5.4,8.1],[-5.4,8.1],[-5.41,8.1],[-5.41,8.1],[-5.41,8.1],[-5.41,8.1],[-5.41,8.1],[-5.42,8.11],[-5.42,8.11],[-5.42,8.11],[-5.42,8.11],[-5.42,8.11],[-5.42,8.11],[-5.42,8.1],[-5.42,8.1],[-5.43,8.1],[-5.43,8.11],[-5.43,8.11],[-5.43,8.11],[-5.43,8.11],[-5.43,8.11],[-5.43,8.11],[-5.44,8.11],[-5.44,8.11],[-5.44,8.11],[-5.44,8.11],[-5.44,8.11],[-5.44,8.11],[-5.44,8.12],[-5.45,8.12],[-5.45,8.12],[-5.45,8.12],[-5.45,8.12],[-5.45,8.12],[-5.46,8.12],[-5.46,8.12],[-5.46,8.11],[-5.46,8.11],[-5.46,8.11],[-5.46,8.11],[-5.46,8.11],[-5.46,8.11],[-5.46,8.11],[-5.46,8.11],[-5.47,8.11],[-5.47,8.11],[-5.47,8.11],[-5.47,8.11],[-5.47,8.11],[-5.47,8.11],[-5.48,8.11],[-5.48,8.11],[-5.48,8.11],[-5.48,8.12],[-5.48,8.12],[-5.48,8.12],[-5.48,8.12],[-5.48,8.12],[-5.48,8.12],[-5.48,8.12],[-5.48,8.12],[-5.49,8.12],[-5.49,8.12],[-5.49,8.12],[-5.49,8.12],[-5.49,8.12],[-5.49,8.11],[-5.49,8.11],[-5.49,8.11],[-5.49,8.11],[-5.5,8.11],[-5.5,8.11],[-5.5,8.11],[-5.5,8.11],[-5.5,8.11],[-5.5,8.11],[-5.5,8.11],[-5.51,8.11],[-5.51,8.11],[-5.51,8.11],[-5.51,8.12],[-5.51,8.12],[-5.51,8.12],[-5.51,8.12],[-5.51,8.12],[-5.51,8.12],[-5.51,8.12],[-5.51,8.12],[-5.51,8.12],[-5.52,8.12],[-5.52,8.12],[-5.52,8.12],[-5.52,8.12],[-5.52,8.12],[-5.53,8.12],[-5.53,8.12],[-5.53,8.12],[-5.53,8.12],[-5.53,8.12],[-5.52,8.11],[-5.52,8.11],[-5.52,8.11],[-5.52,8.11],[-5.52,8.11],[-5.52,8.11],[-5.52,8.11],[-5.52,8.11],[-5.52,8.11],[-5.52,8.1],[-5.52,8.1],[-5.52,8.1],[-5.52,8.1],[-5.52,8.1],[-5.52,8.1],[-5.52,8.1],[-5.52,8.09],[-5.52,8.09],[-5.52,8.09],[-5.52,8.09],[-5.52,8.09],[-5.51,8.09],[-5.51,8.09],[-5.52,8.08],[-5.52,8.08],[-5.52,8.08],[-5.52,8.08],[-5.52,8.08],[-5.52,8.08],[-5.53,8.08],[-5.53,8.08],[-5.53,8.08],[-5.53,8.08],[-5.53,8.08],[-5.53,8.08],[-5.53,8.07],[-5.53,8.07],[-5.53,8.07],[-5.53,8.07],[-5.53,8.07],[-5.53,8.07],[-5.53,8.07],[-5.53,8.06],[-5.53,8.06],[-5.53,8.06],[-5.53,8.06],[-5.53,8.06],[-5.54,8.06],[-5.54,8.06],[-5.54,8.06],[-5.54,8.06],[-5.54,8.06],[-5.54,8.06],[-5.54,8.06],[-5.54,8.05],[-5.54,8.05],[-5.54,8.05],[-5.54,8.05],[-5.54,8.05],[-5.55,8.04],[-5.55,8.04],[-5.55,8.04],[-5.55,8.04],[-5.55,8.04],[-5.55,8.04],[-5.55,8.04],[-5.55,8.04],[-5.56,8.04],[-5.56,8.04],[-5.56,8.04],[-5.56,8.04],[-5.56,8.04],[-5.56,8.04],[-5.56,8.04],[-5.56,8.04],[-5.55,8.04],[-5.55,8.04],[-5.55,8.03],[-5.55,8.03],[-5.56,8.03],[-5.56,8.03],[-5.56,8.03],[-5.56,8.03],[-5.56,8.03],[-5.57,8.03],[-5.57,8.03],[-5.57,8.03],[-5.57,8.03],[-5.57,8.02],[-5.73,8.03],[-5.73,8.03],[-5.73,8.03],[-5.73,8.03],[-5.74,8.02],[-5.74,8.02],[-5.74,8.02],[-5.74,8.02],[-5.74,8.02],[-5.74,8.01],[-5.74,8.01],[-5.74,8.01],[-5.74,8.0],[-5.74,8.0],[-5.74,8.0],[-5.74,8.0],[-5.74,7.99],[-5.74,7.99],[-5.74,7.99],[-5.74,7.99],[-5.74,7.99],[-5.74,7.98],[-5.74,7.98],[-5.74,7.98],[-5.75,7.98],[-5.75,7.98],[-5.75,7.98],[-5.75,7.98],[-5.75,7.97],[-5.75,7.97],[-5.75,7.97],[-5.75,7.97],[-5.75,7.96],[-5.75,7.96],[-5.75,7.96],[-5.75,7.96],[-5.75,7.95],[-5.75,7.95],[-5.75,7.95],[-5.75,7.95],[-5.75,7.95],[-5.75,7.94],[-5.75,7.94],[-5.75,7.94],[-5.75,7.94],[-5.75,7.94],[-5.75,7.93],[-5.75,7.93],[-5.75,7.93],[-5.76,7.93],[-5.76,7.93],[-5.76,7.93],[-5.76,7.93],[-5.76,7.93],[-5.76,7.92],[-5.76,7.92],[-5.76,7.92],[-5.76,7.92],[-5.76,7.92],[-5.76,7.92],[-5.76,7.91],[-5.76,7.91],[-5.76,7.91],[-5.76,7.91],[-5.77,7.91],[-5.77,7.9],[-5.77,7.9],[-5.77,7.9],[-5.77,7.9],[-5.77,7.89],[-5.77,7.89],[-5.77,7.89],[-5.77,7.89],[-5.77,7.88],[-5.77,7.88],[-5.77,7.88],[-5.77,7.88],[-5.77,7.87],[-5.77,7.87],[-5.77,7.87],[-5.77,7.87],[-5.77,7.86],[-5.77,7.86],[-5.77,7.86],[-5.77,7.86],[-5.77,7.85],[-5.77,7.85],[-5.77,7.85],[-5.77,7.85],[-5.77,7.84],[-5.77,7.84],[-5.77,7.84],[-5.77,7.83],[-5.77,7.83],[-5.77,7.83],[-5.77,7.83],[-5.76,7.83],[-5.76,7.82],[-5.76,7.82],[-5.76,7.82],[-5.76,7.82],[-5.76,7.82],[-5.76,7.81],[-5.76,7.81],[-5.76,7.81],[-5.77,7.81],[-5.77,7.81],[-5.77,7.81],[-5.77,7.81],[-5.77,7.8],[-5.77,7.8],[-5.75,7.77],[-5.74,7.75],[-5.69,7.71],[-5.69,7.7],[-5.69,7.7],[-5.69,7.66],[-5.69,7.63],[-5.71,7.62],[-5.72,7.62],[-5.7,7.6],[-5.69,7.57],[-5.7,7.55],[-5.73,7.54],[-5.72,7.54],[-5.72,7.54],[-5.72,7.54],[-5.72,7.54],[-5.72,7.54],[-5.72,7.54],[-5.72,7.54],[-5.72,7.54],[-5.72,7.53],[-5.71,7.53],[-5.71,7.53],[-5.71,7.53],[-5.71,7.53],[-5.71,7.52],[-5.71,7.52],[-5.71,7.52],[-5.71,7.52],[-5.71,7.51],[-5.71,7.51],[-5.72,7.51],[-5.72,7.51],[-5.72,7.5],[-5.72,7.5],[-5.72,7.5],[-5.73,7.5],[-5.73,7.5],[-5.73,7.5],[-5.74,7.5],[-5.74,7.5],[-5.74,7.49],[-5.74,7.49],[-5.74,7.49],[-5.74,7.48],[-5.73,7.48],[-5.73,7.48],[-5.74,7.48],[-5.74,7.47],[-5.73,7.47],[-5.73,7.47],[-5.72,7.47],[-5.72,7.46],[-5.72,7.46],[-5.72,7.46],[-5.72,7.46],[-5.72,7.46],[-5.72,7.45],[-5.72,7.45],[-5.72,7.45],[-5.72,7.44],[-5.72,7.44],[-5.72,7.44],[-5.72,7.43],[-5.72,7.43],[-5.72,7.42],[-5.72,7.42],[-5.73,7.42],[-5.73,7.42],[-5.73,7.41],[-5.73,7.41],[-5.73,7.41],[-5.73,7.4],[-5.73,7.4],[-5.73,7.39],[-5.73,7.39],[-5.73,7.39],[-5.73,7.38],[-5.73,7.38],[-5.73,7.38],[-5.72,7.37],[-5.72,7.37],[-5.72,7.37],[-5.72,7.37],[-5.71,7.37],[-5.71,7.36],[-5.71,7.36],[-5.71,7.37],[-5.7,7.37],[-5.7,7.37],[-5.7,7.36],[-5.69,7.36],[-5.69,7.36],[-5.69,7.35],[-5.69,7.35],[-5.69,7.35],[-5.69,7.34],[-5.7,7.34],[-5.7,7.34],[-5.7,7.34],[-5.71,7.34],[-5.71,7.34],[-5.71,7.33],[-5.72,7.33],[-5.72,7.33],[-5.72,7.33],[-5.72,7.33],[-5.72,7.32],[-5.72,7.32],[-5.72,7.32],[-5.71,7.32],[-5.71,7.31],[-5.71,7.31],[-5.71,7.31],[-5.71,7.31],[-5.7,7.3],[-5.7,7.3],[-5.7,7.3],[-5.69,7.3],[-5.69,7.3],[-5.69,7.3],[-5.68,7.3],[-5.68,7.3],[-5.68,7.29],[-5.67,7.29],[-5.67,7.29],[-5.67,7.29],[-5.67,7.29],[-5.66,7.29],[-5.66,7.28],[-5.66,7.28],[-5.66,7.28],[-5.65,7.28],[-5.65,7.27],[-5.65,7.27],[-5.65,7.27],[-5.66,7.26],[-5.66,7.26],[-5.66,7.26],[-5.65,7.25],[-5.65,7.25],[-5.65,7.25],[-5.65,7.25],[-5.65,7.26],[-5.64,7.26],[-5.64,7.26],[-5.64,7.26],[-5.64,7.26],[-5.64,7.26],[-5.64,7.27],[-5.64,7.27],[-5.63,7.27],[-5.63,7.27],[-5.63,7.27],[-5.63,7.27],[-5.62,7.27],[-5.62,7.27],[-5.62,7.27],[-5.62,7.27],[-5.62,7.27],[-5.61,7.27],[-5.61,7.27],[-5.61,7.27],[-5.61,7.27],[-5.61,7.27],[-5.61,7.27],[-5.6,7.27],[-5.6,7.27],[-5.6,7.27],[-5.59,7.27],[-5.59,7.27],[-5.59,7.27],[-5.59,7.27],[-5.58,7.27],[-5.58,7.27],[-5.58,7.28],[-5.58,7.28],[-5.58,7.28],[-5.57,7.28],[-5.57,7.28],[-5.57,7.28],[-5.57,7.28],[-5.56,7.28],[-5.56,7.28],[-5.56,7.28],[-5.55,7.28],[-5.55,7.29],[-5.55,7.29],[-5.54,7.29],[-5.54,7.29],[-5.54,7.29],[-5.53,7.29],[-5.53,7.29],[-5.53,7.29],[-5.52,7.29],[-5.52,7.29],[-5.52,7.29],[-5.51,7.29],[-5.51,7.29],[-5.51,7.29],[-5.5,7.29],[-5.5,7.29],[-5.5,7.29],[-5.5,7.29],[-5.5,7.3],[-5.5,7.3],[-5.49,7.3],[-5.49,7.3],[-5.49,7.3],[-5.49,7.3],[-5.49,7.3],[-5.48,7.3],[-5.48,7.3],[-5.48,7.31],[-5.48,7.31],[-5.48,7.31],[-5.47,7.3],[-5.47,7.3],[-5.47,7.3],[-5.47,7.3],[-5.46,7.3],[-5.46,7.3],[-5.45,7.31],[-5.44,7.31],[-5.43,7.3],[-5.43,7.29],[-5.43,7.28],[-5.41,7.28],[-5.41,7.28],[-5.41,7.28],[-5.41,7.27],[-5.41,7.27],[-5.4,7.27],[-5.4,7.27],[-5.4,7.27],[-5.4,7.26],[-5.4,7.26],[-5.4,7.26],[-5.4,7.26],[-5.4,7.25],[-5.4,7.25],[-5.4,7.25],[-5.4,7.25],[-5.4,7.25],[-5.4,7.25],[-5.39,7.24],[-5.39,7.24],[-5.39,7.24],[-5.39,7.24],[-5.39,7.24],[-5.39,7.24],[-5.38,7.24],[-5.38,7.24],[-5.38,7.24],[-5.38,7.24],[-5.37,7.24],[-5.37,7.24],[-5.37,7.24],[-5.36,7.24],[-5.36,7.24],[-5.36,7.24],[-5.35,7.24],[-5.35,7.24],[-5.35,7.24],[-5.35,7.24],[-5.35,7.24],[-5.34,7.24],[-5.34,7.24],[-5.34,7.24],[-5.34,7.24],[-5.33,7.24],[-5.33,7.24],[-5.33,7.24],[-5.33,7.24],[-5.33,7.24],[-5.32,7.24],[-5.32,7.24],[-5.32,7.24],[-5.32,7.24],[-5.32,7.24],[-5.31,7.24],[-5.31,7.24],[-5.31,7.24],[-5.31,7.24],[-5.31,7.24],[-5.3,7.24],[-5.3,7.24],[-5.3,7.23],[-5.3,7.23],[-5.3,7.23],[-5.3,7.23],[-5.3,7.23],[-5.29,7.23],[-5.29,7.23],[-5.29,7.23],[-5.29,7.23],[-5.29,7.23],[-5.29,7.23],[-5.29,7.24],[-5.29,7.24],[-5.29,7.24],[-5.29,7.24],[-5.28,7.24],[-5.28,7.24],[-5.28,7.25],[-5.28,7.25],[-5.28,7.25],[-5.28,7.25],[-5.28,7.25],[-5.28,7.25],[-5.28,7.26],[-5.27,7.26],[-5.27,7.26],[-5.27,7.26],[-5.27,7.26],[-5.27,7.26],[-5.27,7.26],[-5.27,7.26],[-5.26,7.27],[-5.26,7.27],[-5.26,7.27],[-5.26,7.27],[-5.26,7.27],[-5.26,7.27],[-5.26,7.28],[-5.25,7.28],[-5.25,7.28],[-5.25,7.28],[-5.25,7.28],[-5.25,7.29],[-5.25,7.29],[-5.24,7.29],[-5.24,7.29],[-5.24,7.28],[-5.24,7.28],[-5.24,7.28],[-5.23,7.28],[-5.23,7.28],[-5.23,7.28],[-5.21,7.29],[-5.21,7.29],[-5.21,7.29],[-5.21,7.29],[-5.21,7.29],[-5.21,7.3],[-5.21,7.3],[-5.21,7.3],[-5.21,7.3],[-5.21,7.3],[-5.21,7.31],[-5.21,7.31],[-5.21,7.31],[-5.21,7.31],[-5.2,7.32],[-5.2,7.32],[-5.2,7.32],[-5.2,7.32],[-5.2,7.32],[-5.2,7.32],[-5.2,7.33],[-5.2,7.33],[-5.2,7.33],[-5.19,7.33],[-5.19,7.33],[-5.19,7.33],[-5.19,7.33],[-5.19,7.33],[-5.18,7.33],[-5.18,7.34],[-5.18,7.34],[-5.18,7.34],[-5.18,7.34],[-5.18,7.34],[-5.17,7.34],[-5.17,7.35],[-5.17,7.35],[-5.17,7.35],[-5.17,7.34],[-5.16,7.34],[-5.16,7.34],[-5.16,7.35],[-5.16,7.35],[-5.16,7.35],[-5.15,7.35],[-5.15,7.35],[-5.15,7.35],[-5.15,7.35],[-5.14,7.35],[-5.14,7.35],[-5.14,7.35],[-5.14,7.36],[-5.14,7.36],[-5.13,7.36],[-5.13,7.36],[-5.13,7.36],[-5.13,7.36],[-5.13,7.36],[-5.12,7.37],[-5.12,7.37],[-5.12,7.37],[-5.12,7.37],[-5.12,7.37],[-5.12,7.37],[-5.12,7.37],[-5.12,7.38],[-5.12,7.38],[-5.12,7.38],[-5.12,7.38],[-5.11,7.38],[-5.11,7.39],[-5.11,7.39],[-5.11,7.39],[-5.11,7.39],[-5.12,7.4],[-5.12,7.4],[-5.12,7.4],[-5.11,7.4],[-5.11,7.4],[-5.11,7.4],[-5.11,7.4],[-5.1,7.4],[-5.1,7.4],[-5.1,7.4],[-5.1,7.41],[-5.1,7.41],[-5.09,7.41],[-5.09,7.41],[-5.09,7.41],[-5.09,7.41],[-5.09,7.41],[-5.08,7.41],[-5.08,7.41],[-5.08,7.41],[-5.08,7.41],[-5.08,7.41],[-5.07,7.41],[-5.07,7.41],[-5.07,7.41],[-5.07,7.41],[-5.06,7.41],[-5.06,7.41],[-5.06,7.41],[-5.06,7.41],[-5.06,7.41],[-5.06,7.41],[-5.05,7.42],[-5.05,7.42],[-5.05,7.43],[-5.05,7.43],[-5.05,7.43],[-5.04,7.44],[-5.04,7.44],[-5.04,7.44],[-5.04,7.44],[-5.04,7.44],[-5.04,7.44],[-5.04,7.45],[-5.03,7.45],[-5.03,7.45],[-5.03,7.45],[-5.03,7.45],[-5.03,7.45],[-5.03,7.46],[-5.02,7.46],[-5.02,7.46],[-5.0,7.47],[-5.0,7.47],[-5.0,7.47],[-5.0,7.47],[-4.99,7.47],[-4.99,7.47],[-4.99,7.46],[-4.99,7.46],[-4.99,7.46],[-4.99,7.47],[-4.99,7.47],[-4.99,7.47],[-4.99,7.47],[-4.98,7.47],[-4.98,7.48],[-4.98,7.48],[-4.98,7.48],[-4.98,7.48],[-4.98,7.48],[-4.97,7.48],[-4.97,7.49],[-4.97,7.49],[-4.97,7.49],[-4.97,7.49],[-4.97,7.49],[-4.97,7.49],[-4.97,7.49],[-4.96,7.49],[-4.96,7.49],[-4.96,7.49],[-4.96,7.49],[-4.96,7.48],[-4.96,7.48],[-4.95,7.48],[-4.95,7.48],[-4.95,7.48],[-4.95,7.48],[-4.95,7.49],[-4.94,7.49],[-4.94,7.48],[-4.94,7.48],[-4.94,7.48],[-4.93,7.48],[-4.93,7.48],[-4.93,7.48],[-4.93,7.48],[-4.93,7.48],[-4.93,7.49],[-4.93,7.5],[-4.93,7.5],[-4.93,7.5],[-4.93,7.5],[-4.93,7.5],[-4.93,7.5],[-4.93,7.51],[-4.93,7.51],[-4.93,7.51],[-4.93,7.51],[-4.93,7.51],[-4.93,7.51],[-4.93,7.52],[-4.93,7.52],[-4.93,7.52],[-4.93,7.52],[-4.93,7.52],[-4.93,7.52],[-4.93,7.52],[-4.93,7.53],[-4.93,7.53],[-4.93,7.53],[-4.92,7.53],[-4.92,7.53],[-4.92,7.53],[-4.92,7.53],[-4.92,7.53],[-4.92,7.54],[-4.92,7.54],[-4.92,7.54],[-4.92,7.54],[-4.92,7.54],[-4.92,7.54],[-4.92,7.54],[-4.91,7.55],[-4.91,7.55],[-4.91,7.55],[-4.91,7.55],[-4.91,7.55],[-4.91,7.55],[-4.91,7.55],[-4.91,7.55],[-4.91,7.56],[-4.9,7.56],[-4.9,7.56],[-4.9,7.56],[-4.9,7.56],[-4.9,7.56],[-4.9,7.57],[-4.9,7.57],[-4.9,7.57],[-4.9,7.57],[-4.9,7.57],[-4.9,7.57],[-4.9,7.57],[-4.89,7.58],[-4.88,7.61],[-4.88,7.61],[-4.88,7.61],[-4.88,7.61],[-4.88,7.61],[-4.87,7.61],[-4.87,7.61],[-4.87,7.61],[-4.86,7.61],[-4.86,7.6],[-4.86,7.6],[-4.86,7.59],[-4.86,7.59],[-4.86,7.59],[-4.85,7.59],[-4.85,7.59],[-4.85,7.58],[-4.85,7.58],[-4.85,7.58],[-4.84,7.57],[-4.84,7.57],[-4.84,7.57],[-4.83,7.57],[-4.83,7.57],[-4.83,7.57],[-4.83,7.57],[-4.83,7.57],[-4.82,7.57],[-4.82,7.57],[-4.82,7.57],[-4.82,7.57],[-4.81,7.57],[-4.81,7.57],[-4.81,7.57],[-4.81,7.57],[-4.8,7.57],[-4.8,7.57],[-4.8,7.57],[-4.79,7.57],[-4.79,7.56],[-4.79,7.57],[-4.79,7.57],[-4.78,7.58],[-4.76,7.56],[-4.76,7.56],[-4.75,7.56],[-4.75,7.55],[-4.75,7.55],[-4.75,7.55],[-4.75,7.55],[-4.74,7.55],[-4.74,7.55],[-4.74,7.54],[-4.74,7.54],[-4.74,7.54],[-4.74,7.54],[-4.74,7.54],[-4.74,7.53],[-4.74,7.53],[-4.74,7.53],[-4.74,7.53],[-4.73,7.53],[-4.73,7.53],[-4.73,7.53],[-4.73,7.53],[-4.73,7.53],[-4.73,7.53],[-4.73,7.53],[-4.72,7.53],[-4.72,7.53],[-4.72,7.53],[-4.72,7.53],[-4.72,7.53],[-4.72,7.53],[-4.72,7.53],[-4.71,7.53],[-4.71,7.53],[-4.71,7.53],[-4.71,7.53],[-4.71,7.53],[-4.71,7.52],[-4.71,7.52],[-4.7,7.52],[-4.7,7.52],[-4.7,7.52],[-4.7,7.52],[-4.7,7.52],[-4.7,7.52],[-4.69,7.52],[-4.69,7.52],[-4.69,7.52],[-4.69,7.52],[-4.69,7.52],[-4.68,7.52],[-4.68,7.52],[-4.68,7.52],[-4.68,7.52],[-4.68,7.52],[-4.67,7.52],[-4.67,7.52],[-4.67,7.53],[-4.67,7.53],[-4.67,7.53],[-4.67,7.53],[-4.67,7.53],[-4.67,7.53],[-4.66,7.53],[-4.66,7.53],[-4.66,7.53],[-4.66,7.53],[-4.66,7.53],[-4.66,7.54],[-4.66,7.54],[-4.65,7.54],[-4.65,7.54],[-4.66,7.54],[-4.66,7.54],[-4.66,7.54],[-4.66,7.55],[-4.66,7.55],[-4.66,7.55],[-4.66,7.55],[-4.66,7.55],[-4.66,7.55],[-4.65,7.55],[-4.65,7.56],[-4.65,7.56],[-4.65,7.56],[-4.65,7.56],[-4.65,7.56],[-4.65,7.56],[-4.64,7.56],[-4.64,7.56],[-4.64,7.56],[-4.64,7.56],[-4.64,7.56],[-4.63,7.56],[-4.63,7.56],[-4.63,7.56],[-4.63,7.57],[-4.63,7.57],[-4.62,7.57],[-4.62,7.57],[-4.62,7.57],[-4.62,7.57],[-4.62,7.57],[-4.62,7.57],[-4.62,7.57],[-4.61,7.57],[-4.61,7.57],[-4.61,7.57],[-4.61,7.57],[-4.61,7.57],[-4.61,7.57],[-4.61,7.58],[-4.61,7.58],[-4.61,7.58],[-4.61,7.58],[-4.6,7.58],[-4.6,7.58],[-4.6,7.58],[-4.6,7.58],[-4.6,7.58],[-4.6,7.58],[-4.6,7.58],[-4.6,7.59],[-4.6,7.59],[-4.6,7.59],[-4.6,7.59],[-4.6,7.59],[-4.6,7.59],[-4.6,7.59],[-4.6,7.6],[-4.6,7.6],[-4.6,7.6],[-4.59,7.6],[-4.59,7.6],[-4.59,7.6],[-4.59,7.6],[-4.59,7.6],[-4.59,7.61],[-4.58,7.61],[-4.58,7.61],[-4.58,7.61],[-4.58,7.61],[-4.58,7.61],[-4.58,7.61],[-4.58,7.61],[-4.58,7.61],[-4.57,7.61],[-4.57,7.62],[-4.57,7.62],[-4.57,7.62],[-4.57,7.62],[-4.57,7.62],[-4.57,7.62],[-4.57,7.62],[-4.57,7.62],[-4.56,7.62],[-4.56,7.62],[-4.56,7.62],[-4.56,7.62],[-4.56,7.62],[-4.55,7.62],[-4.55,7.62],[-4.55,7.62],[-4.55,7.62],[-4.55,7.62],[-4.54,7.62],[-4.54,7.62],[-4.54,7.62],[-4.54,7.62],[-4.54,7.62],[-4.54,7.62],[-4.54,7.62],[-4.53,7.61],[-4.53,7.61],[-4.53,7.61],[-4.53,7.61],[-4.53,7.61],[-4.53,7.61],[-4.53,7.6],[-4.53,7.6],[-4.53,7.6],[-4.53,7.6],[-4.52,7.6],[-4.52,7.6],[-4.52,7.6],[-4.52,7.6],[-4.52,7.6],[-4.52,7.6],[-4.51,7.6],[-4.51,7.61],[-4.51,7.61],[-4.51,7.61],[-4.51,7.61],[-4.51,7.61],[-4.51,7.61],[-4.51,7.61],[-4.5,7.61],[-4.5,7.61],[-4.5,7.61],[-4.5,7.61],[-4.5,7.61],[-4.5,7.61],[-4.5,7.61],[-4.5,7.62],[-4.5,7.62],[-4.5,7.62],[-4.5,7.64],[-4.5,7.65],[-4.5,7.66],[-4.5,7.66],[-4.5,7.66],[-4.5,7.66],[-4.5,7.66],[-4.5,7.66],[-4.5,7.67],[-4.5,7.67],[-4.5,7.67],[-4.5,7.67],[-4.5,7.67],[-4.51,7.67],[-4.51,7.67],[-4.51,7.67],[-4.51,7.68],[-4.51,7.68],[-4.51,7.68],[-4.51,7.68],[-4.51,7.68],[-4.51,7.68],[-4.51,7.69],[-4.51,7.69],[-4.51,7.69],[-4.51,7.69],[-4.51,7.69],[-4.51,7.7],[-4.51,7.7],[-4.51,7.7],[-4.51,7.7],[-4.51,7.7],[-4.51,7.7],[-4.51,7.7],[-4.51,7.71],[-4.51,7.71],[-4.51,7.71],[-4.51,7.71],[-4.51,7.71],[-4.51,7.71],[-4.51,7.72],[-4.51,7.72],[-4.51,7.72],[-4.51,7.72],[-4.51,7.73],[-4.51,7.73],[-4.51,7.73],[-4.51,7.73],[-4.51,7.73],[-4.51,7.73],[-4.51,7.74],[-4.52,7.74],[-4.52,7.74],[-4.52,7.74],[-4.52,7.75],[-4.52,7.75],[-4.52,7.75],[-4.52,7.75],[-4.52,7.75],[-4.52,7.75],[-4.52,7.76],[-4.53,7.76],[-4.53,7.76],[-4.53,7.76],[-4.53,7.76],[-4.53,7.76],[-4.53,7.76],[-4.53,7.77],[-4.53,7.77],[-4.53,7.77],[-4.53,7.77],[-4.54,7.77],[-4.54,7.77],[-4.54,7.77],[-4.54,7.78],[-4.54,7.78],[-4.54,7.78],[-4.54,7.78],[-4.54,7.78],[-4.54,7.78],[-4.54,7.79],[-4.54,7.79],[-4.54,7.79],[-4.54,7.79],[-4.54,7.79],[-4.54,7.8],[-4.54,7.8],[-4.54,7.8],[-4.54,7.8],[-4.54,7.8],[-4.54,7.8],[-4.54,7.8],[-4.54,7.81],[-4.54,7.81],[-4.54,7.81],[-4.53,7.81],[-4.53,7.82],[-4.53,7.82],[-4.53,7.82],[-4.53,7.82],[-4.53,7.82],[-4.53,7.82],[-4.53,7.82],[-4.53,7.82],[-4.53,7.82],[-4.54,7.82],[-4.54,7.82],[-4.54,7.82],[-4.54,7.82],[-4.54,7.82],[-4.54,7.82],[-4.55,7.82],[-4.55,7.82],[-4.55,7.83],[-4.55,7.83],[-4.55,7.83],[-4.55,7.83],[-4.55,7.83],[-4.56,7.83],[-4.56,7.83],[-4.56,7.83],[-4.56,7.83],[-4.56,7.83],[-4.57,7.82],[-4.57,7.82],[-4.57,7.82],[-4.57,7.82],[-4.57,7.82],[-4.57,7.82],[-4.57,7.82],[-4.57,7.82],[-4.57,7.82],[-4.57,7.82],[-4.57,7.83],[-4.57,7.83],[-4.57,7.83],[-4.57,7.83],[-4.57,7.83],[-4.57,7.83],[-4.57,7.84],[-4.57,7.84],[-4.57,7.84],[-4.56,7.84],[-4.56,7.84],[-4.56,7.84],[-4.56,7.84],[-4.57,7.84],[-4.57,7.84],[-4.57,7.84],[-4.57,7.85],[-4.57,7.85],[-4.57,7.85],[-4.57,7.85],[-4.57,7.85],[-4.58,7.85],[-4.58,7.85],[-4.58,7.85],[-4.58,7.85],[-4.58,7.85],[-4.59,7.85],[-4.59,7.85],[-4.59,7.85],[-4.59,7.86],[-4.59,7.86],[-4.6,7.86],[-4.6,7.86],[-4.6,7.86],[-4.6,7.86],[-4.6,7.87],[-4.6,7.87],[-4.6,7.87],[-4.61,7.87],[-4.61,7.87],[-4.61,7.87],[-4.61,7.87],[-4.61,7.87],[-4.61,7.88],[-4.61,7.88],[-4.61,7.88],[-4.61,7.88],[-4.61,7.88],[-4.61,7.91],[-4.6,7.95],[-4.6,7.95],[-4.6,7.96],[-4.61,7.96],[-4.61,7.96],[-4.62,7.96],[-4.62,7.97],[-4.62,7.97],[-4.63,7.98],[-4.63,7.98],[-4.64,7.99],[-4.64,8.0],[-4.64,8.0],[-4.65,8.02],[-4.65,8.02],[-4.65,8.02],[-4.66,8.04],[-4.66,8.04],[-4.67,8.04],[-4.67,8.04],[-4.68,8.04],[-4.68,8.05],[-4.69,8.05],[-4.69,8.05],[-4.7,8.04],[-4.7,8.04],[-4.7,8.04],[-4.71,8.04],[-4.71,8.04],[-4.72,8.04],[-4.74,8.03],[-4.74,8.03],[-4.74,8.03],[-4.74,8.03],[-4.74,8.02],[-4.74,8.02],[-4.74,8.02],[-4.74,8.02],[-4.74,8.02],[-4.74,8.02],[-4.75,8.02],[-4.78,8.02],[-4.82,8.01],[-4.82,8.01],[-4.82,8.01],[-4.82,8.01],[-4.82,8.01],[-4.83,8.01],[-4.83,8.01],[-4.83,8.01],[-4.83,8.0],[-4.83,8.0],[-4.84,8.0],[-4.93,7.97],[-4.94,7.97],[-4.94,7.97],[-4.94,7.97],[-4.94,7.97],[-4.94,7.97],[-4.94,7.97],[-4.94,7.98],[-4.95,7.98],[-4.95,7.98],[-4.95,7.98],[-4.95,7.98],[-4.95,7.98],[-4.95,7.98],[-4.95,7.98],[-4.96,7.98],[-4.96,7.99],[-4.96,7.99],[-4.96,7.99],[-4.96,7.99],[-4.96,7.99],[-4.97,7.99],[-4.97,7.99],[-4.97,7.99],[-4.99,7.99],[-5.0,7.99],[-5.0,7.99],[-5.0,7.99],[-5.0,7.99],[-5.0,7.99],[-5.0,7.99],[-5.0,7.99],[-5.0,7.98],[-5.0,7.98],[-5.0,7.98],[-5.0,7.98],[-5.01,7.98],[-5.01,7.98],[-5.01,7.98],[-5.01,7.99],[-5.01,7.99],[-5.01,7.99],[-5.01,7.99],[-5.01,7.99],[-5.01,7.99],[-5.01,7.99],[-5.02,7.99],[-5.02,7.99],[-5.02,7.99],[-5.02,7.99],[-5.02,7.99],[-5.03,7.99],[-5.03,7.99],[-5.03,7.99],[-5.03,7.99],[-5.03,7.99],[-5.03,7.99],[-5.04,7.99],[-5.04,7.99],[-5.04,7.99],[-5.04,7.99],[-5.04,7.98],[-5.04,7.98],[-5.04,7.98],[-5.04,7.98],[-5.05,7.98],[-5.05,7.98],[-5.05,7.98],[-5.05,7.97],[-5.05,7.97],[-5.05,7.97],[-5.05,7.97],[-5.06,7.97],[-5.06,7.97],[-5.06,7.97],[-5.06,7.97],[-5.06,7.97],[-5.07,7.97],[-5.08,7.97],[-5.08,7.97],[-5.08,7.97],[-5.09,7.97],[-5.09,7.97],[-5.09,7.97],[-5.1,7.97],[-5.1,7.97],[-5.11,7.97],[-5.11,7.97],[-5.11,7.97],[-5.12,7.97],[-5.12,7.97],[-5.12,7.97],[-5.12,7.97],[-5.13,7.97],[-5.13,7.97],[-5.14,7.96],[-5.14,7.96],[-5.14,7.96],[-5.14,7.96],[-5.14,7.96],[-5.15,7.95],[-5.15,7.95],[-5.15,7.95],[-5.15,7.95],[-5.16,7.95],[-5.16,7.96],[-5.16,7.96],[-5.16,7.96],[-5.17,7.96],[-5.17,7.96],[-5.17,7.97],[-5.17,7.97],[-5.18,7.97],[-5.18,7.98],[-5.18,7.98],[-5.18,7.98],[-5.19,7.99],[-5.19,7.99],[-5.19,7.99],[-5.19,7.99],[-5.2,8.0],[-5.2,8.0],[-5.2,8.0],[-5.2,8.0],[-5.2,8.01],[-5.2,8.01],[-5.2,8.01],[-5.2,8.02],[-5.2,8.02],[-5.2,8.02],[-5.2,8.03],[-5.2,8.03],[-5.2,8.03],[-5.21,8.03],[-5.21,8.03],[-5.21,8.03],[-5.21,8.03],[-5.22,8.03],[-5.22,8.03],[-5.22,8.04],[-5.22,8.04],[-5.23,8.04],[-5.23,8.04],[-5.23,8.04],[-5.23,8.04],[-5.24,8.04],[-5.24,8.04],[-5.24,8.05],[-5.24,8.05],[-5.25,8.05],[-5.25,8.05],[-5.25,8.05],[-5.25,8.05],[-5.25,8.05],[-5.26,8.05],[-5.26,8.05],[-5.26,8.06],[-5.27,8.06],[-5.27,8.06],[-5.27,8.06],[-5.28,8.06],[-5.28,8.06],[-5.28,8.06],[-5.28,8.06],[-5.28,8.06],[-5.29,8.06],[-5.29,8.06],[-5.29,8.06],[-5.29,8.07],[-5.29,8.07],[-5.29,8.07],[-5.29,8.07],[-5.29,8.07],[-5.3,8.07],[-5.3,8.08],[-5.3,8.08],[-5.3,8.08],[-5.3,8.08],[-5.3,8.08],[-5.3,8.09],[-5.31,8.09],[-5.31,8.09],[-5.31,8.09],[-5.31,8.09],[-5.31,8.09],[-5.31,8.09],[-5.32,8.09],[-5.32,8.09],[-5.32,8.09],[-5.32,8.09],[-5.32,8.1],[-5.33,8.1],[-5.33,8.1],[-5.33,8.1],[-5.33,8.1],[-5.33,8.1],[-5.34,8.1],[-5.34,8.1],[-5.34,8.1],[-5.34,8.11],[-5.34,8.11],[-5.34,8.11],[-5.34,8.11],[-5.35,8.11],[-5.35,8.11],[-5.35,8.11],[-5.35,8.11],[-5.35,8.11],[-5.36,8.11],[-5.36,8.11],[-5.36,8.1],[-5.36,8.1],[-5.37,8.1],[-5.37,8.1]]]}},{"type":"Feature","properties":{"name":"Gbokle","code":"CI12","level":"region","status":"pending","schools":604,"students":40178,"girls":18515,"boys":21663,"district":"Bas-Sassandra"},"geometry":{"type":"Polygon","coordinates":[[[-6.2,5.63],[-6.2,5.63],[-6.2,5.63],[-6.2,5.63],[-6.21,5.63],[-6.21,5.63],[-6.21,5.63],[-6.21,5.63],[-6.21,5.63],[-6.21,5.63],[-6.21,5.63],[-6.21,5.64],[-6.21,5.63],[-6.21,5.63],[-6.21,5.63],[-6.21,5.63],[-6.21,5.63],[-6.21,5.63],[-6.21,5.63],[-6.22,5.63],[-6.22,5.63],[-6.22,5.63],[-6.22,5.63],[-6.22,5.63],[-6.22,5.63],[-6.22,5.62],[-6.22,5.62],[-6.22,5.62],[-6.22,5.62],[-6.22,5.62],[-6.22,5.62],[-6.23,5.62],[-6.23,5.62],[-6.23,5.62],[-6.23,5.62],[-6.23,5.62],[-6.24,5.62],[-6.24,5.62],[-6.24,5.62],[-6.24,5.62],[-6.24,5.62],[-6.24,5.62],[-6.24,5.62],[-6.24,5.62],[-6.24,5.62],[-6.24,5.62],[-6.24,5.62],[-6.24,5.62],[-6.24,5.62],[-6.24,5.62],[-6.24,5.62],[-6.25,5.62],[-6.25,5.61],[-6.25,5.61],[-6.25,5.61],[-6.25,5.61],[-6.25,5.61],[-6.25,5.61],[-6.25,5.61],[-6.26,5.61],[-6.26,5.61],[-6.26,5.61],[-6.26,5.61],[-6.26,5.61],[-6.26,5.61],[-6.27,5.61],[-6.27,5.61],[-6.27,5.61],[-6.27,5.61],[-6.27,5.62],[-6.27,5.62],[-6.27,5.62],[-6.27,5.62],[-6.27,5.62],[-6.28,5.62],[-6.28,5.62],[-6.28,5.62],[-6.28,5.62],[-6.28,5.62],[-6.28,5.61],[-6.28,5.62],[-6.28,5.62],[-6.28,5.62],[-6.29,5.62],[-6.29,5.62],[-6.29,5.62],[-6.29,5.62],[-6.29,5.62],[-6.29,5.62],[-6.29,5.62],[-6.29,5.62],[-6.3,5.62],[-6.3,5.62],[-6.3,5.62],[-6.3,5.62],[-6.3,5.62],[-6.3,5.62],[-6.3,5.61],[-6.31,5.61],[-6.3,5.61],[-6.3,5.61],[-6.31,5.61],[-6.31,5.61],[-6.31,5.61],[-6.31,5.61],[-6.31,5.61],[-6.31,5.61],[-6.31,5.61],[-6.32,5.61],[-6.32,5.61],[-6.32,5.6],[-6.32,5.6],[-6.32,5.6],[-6.32,5.6],[-6.32,5.6],[-6.32,5.6],[-6.32,5.6],[-6.32,5.6],[-6.32,5.6],[-6.32,5.6],[-6.32,5.59],[-6.32,5.59],[-6.33,5.59],[-6.33,5.59],[-6.33,5.59],[-6.33,5.59],[-6.33,5.59],[-6.33,5.59],[-6.33,5.59],[-6.34,5.59],[-6.34,5.59],[-6.34,5.59],[-6.34,5.58],[-6.34,5.58],[-6.34,5.58],[-6.34,5.58],[-6.34,5.58],[-6.34,5.58],[-6.34,5.58],[-6.34,5.58],[-6.34,5.58],[-6.34,5.57],[-6.34,5.57],[-6.34,5.57],[-6.34,5.57],[-6.35,5.57],[-6.35,5.57],[-6.35,5.57],[-6.35,5.57],[-6.35,5.57],[-6.35,5.57],[-6.35,5.57],[-6.35,5.56],[-6.36,5.56],[-6.36,5.56],[-6.36,5.56],[-6.36,5.56],[-6.36,5.56],[-6.36,5.56],[-6.36,5.56],[-6.36,5.56],[-6.36,5.56],[-6.37,5.56],[-6.37,5.56],[-6.37,5.56],[-6.37,5.56],[-6.37,5.56],[-6.37,5.56],[-6.37,5.56],[-6.37,5.56],[-6.37,5.56],[-6.37,5.56],[-6.38,5.56],[-6.38,5.56],[-6.38,5.56],[-6.38,5.56],[-6.38,5.56],[-6.38,5.55],[-6.38,5.55],[-6.38,5.55],[-6.38,5.55],[-6.39,5.55],[-6.39,5.55],[-6.39,5.55],[-6.5,5.56],[-6.5,5.56],[-6.5,5.56],[-6.5,5.56],[-6.49,5.55],[-6.49,5.55],[-6.5,5.55],[-6.5,5.55],[-6.5,5.55],[-6.5,5.55],[-6.5,5.55],[-6.5,5.55],[-6.49,5.55],[-6.49,5.54],[-6.49,5.54],[-6.49,5.54],[-6.49,5.54],[-6.49,5.54],[-6.49,5.54],[-6.49,5.54],[-6.49,5.54],[-6.49,5.54],[-6.5,5.54],[-6.5,5.53],[-6.5,5.53],[-6.5,5.53],[-6.5,5.53],[-6.5,5.53],[-6.5,5.53],[-6.5,5.52],[-6.5,5.52],[-6.5,5.52],[-6.5,5.52],[-6.5,5.52],[-6.5,5.52],[-6.5,5.52],[-6.5,5.52],[-6.5,5.52],[-6.5,5.51],[-6.5,5.51],[-6.5,5.51],[-6.49,5.51],[-6.49,5.51],[-6.49,5.51],[-6.49,5.51],[-6.49,5.51],[-6.49,5.51],[-6.49,5.51],[-6.48,5.51],[-6.48,5.51],[-6.48,5.51],[-6.48,5.51],[-6.48,5.51],[-6.48,5.51],[-6.47,5.51],[-6.47,5.51],[-6.47,5.51],[-6.47,5.51],[-6.47,5.51],[-6.47,5.51],[-6.47,5.51],[-6.47,5.51],[-6.47,5.51],[-6.46,5.51],[-6.46,5.51],[-6.46,5.51],[-6.46,5.51],[-6.46,5.51],[-6.46,5.5],[-6.46,5.5],[-6.46,5.5],[-6.46,5.5],[-6.46,5.5],[-6.46,5.5],[-6.46,5.5],[-6.46,5.5],[-6.46,5.49],[-6.46,5.49],[-6.46,5.49],[-6.46,5.49],[-6.46,5.49],[-6.46,5.49],[-6.46,5.49],[-6.46,5.49],[-6.46,5.49],[-6.46,5.48],[-6.46,5.48],[-6.46,5.48],[-6.46,5.48],[-6.46,5.48],[-6.46,5.48],[-6.46,5.48],[-6.46,5.47],[-6.46,5.47],[-6.46,5.47],[-6.46,5.47],[-6.45,5.47],[-6.45,5.47],[-6.45,5.47],[-6.45,5.46],[-6.45,5.46],[-6.45,5.46],[-6.45,5.46],[-6.44,5.47],[-6.44,5.47],[-6.44,5.47],[-6.44,5.46],[-6.44,5.46],[-6.44,5.46],[-6.44,5.46],[-6.44,5.46],[-6.44,5.46],[-6.45,5.46],[-6.45,5.46],[-6.45,5.46],[-6.45,5.45],[-6.45,5.45],[-6.45,5.45],[-6.45,5.45],[-6.45,5.45],[-6.45,5.45],[-6.45,5.44],[-6.45,5.44],[-6.45,5.44],[-6.45,5.44],[-6.45,5.44],[-6.45,5.44],[-6.45,5.43],[-6.45,5.43],[-6.45,5.43],[-6.45,5.43],[-6.45,5.43],[-6.45,5.43],[-6.45,5.43],[-6.45,5.43],[-6.45,5.42],[-6.45,5.42],[-6.45,5.42],[-6.45,5.42],[-6.45,5.42],[-6.45,5.42],[-6.45,5.41],[-6.45,5.41],[-6.45,5.41],[-6.45,5.41],[-6.45,5.41],[-6.45,5.41],[-6.45,5.41],[-6.45,5.4],[-6.45,5.4],[-6.45,5.4],[-6.45,5.36],[-6.48,5.28],[-6.48,5.28],[-6.48,5.28],[-6.47,5.26],[-6.45,5.27],[-6.4,5.27],[-6.4,5.27],[-6.4,5.25],[-6.4,5.25],[-6.4,5.25],[-6.4,5.25],[-6.4,5.25],[-6.4,5.24],[-6.4,5.24],[-6.4,5.24],[-6.4,5.24],[-6.4,5.24],[-6.4,5.24],[-6.39,5.24],[-6.39,5.24],[-6.39,5.24],[-6.39,5.24],[-6.4,5.23],[-6.4,5.23],[-6.4,5.23],[-6.4,5.23],[-6.4,5.23],[-6.39,5.23],[-6.39,5.23],[-6.4,5.22],[-6.4,5.22],[-6.4,5.22],[-6.4,5.22],[-6.4,5.22],[-6.4,5.22],[-6.4,5.22],[-6.4,5.21],[-6.39,5.21],[-6.39,5.21],[-6.39,5.21],[-6.39,5.21],[-6.39,5.21],[-6.39,5.21],[-6.39,5.21],[-6.39,5.21],[-6.39,5.21],[-6.39,5.2],[-6.39,5.2],[-6.39,5.2],[-6.4,5.2],[-6.4,5.2],[-6.4,5.2],[-6.4,5.19],[-6.39,5.19],[-6.39,5.19],[-6.39,5.19],[-6.39,5.19],[-6.39,5.19],[-6.39,5.19],[-6.39,5.19],[-6.38,5.19],[-6.38,5.18],[-6.38,5.18],[-6.38,5.18],[-6.38,5.18],[-6.38,5.18],[-6.38,5.18],[-6.38,5.18],[-6.38,5.17],[-6.38,5.17],[-6.38,5.17],[-6.38,5.17],[-6.38,5.17],[-6.38,5.17],[-6.38,5.17],[-6.38,5.17],[-6.38,5.16],[-6.38,5.16],[-6.38,5.16],[-6.37,5.16],[-6.37,5.16],[-6.37,5.16],[-6.37,5.16],[-6.37,5.16],[-6.37,5.16],[-6.37,5.16],[-6.37,5.15],[-6.36,5.15],[-6.36,5.15],[-6.36,5.15],[-6.36,5.15],[-6.36,5.15],[-6.36,5.15],[-6.36,5.15],[-6.36,5.15],[-6.36,5.15],[-6.35,5.15],[-6.35,5.15],[-6.35,5.15],[-6.35,5.15],[-6.35,5.14],[-6.35,5.14],[-6.35,5.14],[-6.35,5.14],[-6.35,5.14],[-6.35,5.14],[-6.35,5.13],[-6.35,5.13],[-6.35,5.13],[-6.34,5.13],[-6.34,5.13],[-6.34,5.13],[-6.34,5.12],[-6.34,5.12],[-6.34,5.12],[-6.35,5.12],[-6.35,5.12],[-6.35,5.12],[-6.35,5.12],[-6.35,5.11],[-6.35,5.11],[-6.35,5.11],[-6.35,5.11],[-6.35,5.11],[-6.35,5.1],[-6.35,5.1],[-6.35,5.1],[-6.35,5.1],[-6.35,5.09],[-6.35,5.09],[-6.35,5.09],[-6.35,5.09],[-6.35,5.09],[-6.35,5.08],[-6.35,5.08],[-6.35,5.08],[-6.35,5.08],[-6.35,5.08],[-6.35,5.08],[-6.35,5.08],[-6.35,5.08],[-6.35,5.08],[-6.35,5.08],[-6.34,5.07],[-6.34,5.07],[-6.34,5.07],[-6.35,5.07],[-6.35,5.07],[-6.35,5.07],[-6.35,5.07],[-6.35,5.07],[-6.35,5.07],[-6.35,5.07],[-6.36,5.07],[-6.36,5.07],[-6.36,5.07],[-6.36,5.07],[-6.36,5.07],[-6.36,5.06],[-6.36,5.06],[-6.36,5.06],[-6.37,5.06],[-6.37,5.06],[-6.37,5.06],[-6.37,5.06],[-6.37,5.06],[-6.37,5.06],[-6.37,5.05],[-6.37,5.05],[-6.37,5.05],[-6.37,5.05],[-6.37,5.05],[-6.37,5.05],[-6.37,5.05],[-6.37,5.05],[-6.37,5.04],[-6.37,5.04],[-6.37,5.04],[-6.37,5.04],[-6.37,5.04],[-6.37,5.04],[-6.37,5.04],[-6.36,5.04],[-6.36,5.03],[-6.36,5.03],[-6.36,5.03],[-6.36,5.03],[-6.36,5.03],[-6.36,5.03],[-6.36,5.03],[-6.36,5.03],[-6.35,5.03],[-6.35,5.03],[-6.35,5.02],[-6.35,5.02],[-6.35,5.02],[-6.35,5.02],[-6.35,5.02],[-6.35,5.02],[-6.35,5.02],[-6.35,5.01],[-6.35,5.01],[-6.35,5.01],[-6.34,5.01],[-6.34,5.01],[-6.34,5.01],[-6.34,5.0],[-6.34,5.0],[-6.34,5.0],[-6.34,5.0],[-6.34,5.0],[-6.34,5.0],[-6.34,5.0],[-6.34,5.0],[-6.34,5.0],[-6.34,4.99],[-6.34,4.99],[-6.34,4.99],[-6.34,4.99],[-6.34,4.99],[-6.34,4.99],[-6.34,4.99],[-6.34,4.98],[-6.34,4.98],[-6.34,4.98],[-6.34,4.98],[-6.34,4.98],[-6.34,4.98],[-6.34,4.98],[-6.34,4.98],[-6.34,4.98],[-6.34,4.97],[-6.34,4.97],[-6.35,4.97],[-6.35,4.97],[-6.35,4.97],[-6.35,4.97],[-6.35,4.97],[-6.35,4.97],[-6.35,4.97],[-6.35,4.96],[-6.36,4.96],[-6.36,4.96],[-6.36,4.96],[-6.36,4.96],[-6.36,4.96],[-6.36,4.96],[-6.36,4.96],[-6.36,4.96],[-6.36,4.96],[-6.36,4.96],[-6.36,4.96],[-6.37,4.96],[-6.37,4.96],[-6.37,4.96],[-6.37,4.96],[-6.37,4.96],[-6.37,4.96],[-6.37,4.96],[-6.37,4.96],[-6.37,4.96],[-6.38,4.95],[-6.38,4.95],[-6.38,4.95],[-6.38,4.95],[-6.38,4.95],[-6.38,4.95],[-6.38,4.95],[-6.38,4.95],[-6.38,4.95],[-6.38,4.95],[-6.39,4.95],[-6.39,4.95],[-6.39,4.94],[-6.39,4.94],[-6.39,4.94],[-6.39,4.94],[-6.39,4.94],[-6.39,4.94],[-6.39,4.94],[-6.39,4.94],[-6.4,4.94],[-6.4,4.94],[-6.4,4.94],[-6.4,4.94],[-6.4,4.94],[-6.4,4.94],[-6.4,4.94],[-6.4,4.94],[-6.41,4.94],[-6.41,4.94],[-6.41,4.94],[-6.41,4.94],[-6.41,4.94],[-6.41,4.94],[-6.41,4.94],[-6.41,4.94],[-6.41,4.93],[-6.41,4.93],[-6.41,4.93],[-6.41,4.93],[-6.41,4.93],[-6.41,4.93],[-6.41,4.93],[-6.41,4.93],[-6.41,4.93],[-6.4,4.92],[-6.4,4.92],[-6.4,4.92],[-6.4,4.92],[-6.4,4.92],[-6.39,4.92],[-6.39,4.92],[-6.39,4.92],[-6.39,4.92],[-6.39,4.92],[-6.39,4.92],[-6.39,4.92],[-6.39,4.91],[-6.39,4.91],[-6.38,4.91],[-6.38,4.91],[-6.38,4.91],[-6.38,4.91],[-6.38,4.91],[-6.38,4.91],[-6.38,4.9],[-6.38,4.9],[-6.38,4.9],[-6.38,4.9],[-6.38,4.9],[-6.38,4.9],[-6.37,4.9],[-6.37,4.9],[-6.37,4.9],[-6.37,4.9],[-6.37,4.9],[-6.37,4.9],[-6.37,4.9],[-6.37,4.9],[-6.36,4.9],[-6.36,4.9],[-6.36,4.91],[-6.36,4.91],[-6.36,4.91],[-6.36,4.91],[-6.36,4.91],[-6.35,4.91],[-6.35,4.91],[-6.35,4.91],[-6.35,4.91],[-6.35,4.91],[-6.35,4.91],[-6.34,4.91],[-6.34,4.91],[-6.34,4.91],[-6.34,4.91],[-6.34,4.91],[-6.34,4.91],[-6.34,4.91],[-6.34,4.91],[-6.34,4.91],[-6.34,4.91],[-6.33,4.91],[-6.33,4.91],[-6.33,4.91],[-6.33,4.91],[-6.33,4.91],[-6.33,4.91],[-6.32,4.9],[-6.32,4.9],[-6.32,4.9],[-6.32,4.9],[-6.32,4.9],[-6.32,4.9],[-6.32,4.9],[-6.32,4.9],[-6.32,4.89],[-6.32,4.89],[-6.32,4.89],[-6.32,4.89],[-6.32,4.89],[-6.32,4.89],[-6.32,4.89],[-6.32,4.89],[-6.32,4.88],[-6.31,4.88],[-6.31,4.88],[-6.31,4.88],[-6.31,4.88],[-6.31,4.88],[-6.31,4.88],[-6.31,4.88],[-6.31,4.88],[-6.3,4.88],[-6.3,4.88],[-6.3,4.88],[-6.3,4.88],[-6.3,4.88],[-6.3,4.88],[-6.3,4.88],[-6.3,4.88],[-6.3,4.88],[-6.3,4.88],[-6.3,4.87],[-6.3,4.87],[-6.3,4.87],[-6.3,4.87],[-6.3,4.87],[-6.3,4.87],[-6.3,4.86],[-6.3,4.86],[-6.3,4.86],[-6.3,4.86],[-6.3,4.86],[-6.3,4.86],[-6.3,4.86],[-6.3,4.85],[-6.3,4.85],[-6.29,4.85],[-6.28,4.86],[-6.26,4.86],[-6.25,4.86],[-6.24,4.87],[-6.24,4.87],[-6.22,4.88],[-6.22,4.88],[-6.21,4.88],[-6.2,4.88],[-6.2,4.89],[-6.18,4.89],[-6.18,4.9],[-6.17,4.9],[-6.17,4.9],[-6.16,4.91],[-6.16,4.91],[-6.14,4.91],[-6.13,4.92],[-6.12,4.92],[-6.1,4.93],[-6.09,4.94],[-6.08,4.94],[-6.07,4.96],[-6.06,4.96],[-6.05,4.96],[-6.04,4.96],[-6.03,4.96],[-6.02,4.97],[-6.01,4.97],[-6.01,4.97],[-6.0,4.98],[-6.0,4.98],[-5.98,4.98],[-5.98,4.99],[-5.97,5.0],[-5.96,5.0],[-5.95,5.0],[-5.95,5.0],[-5.93,5.0],[-5.93,5.01],[-5.92,5.01],[-5.91,5.02],[-5.88,5.02],[-5.88,5.03],[-5.86,5.03],[-5.86,5.03],[-5.81,5.04],[-5.76,5.05],[-5.74,5.05],[-5.74,5.06],[-5.72,5.06],[-5.7,5.06],[-5.7,5.06],[-5.67,5.06],[-5.66,5.07],[-5.65,5.07],[-5.63,5.07],[-5.62,5.07],[-5.61,5.07],[-5.61,5.08],[-5.6,5.07],[-5.59,5.07],[-5.59,5.08],[-5.58,5.08],[-5.55,5.08],[-5.54,5.08],[-5.54,5.08],[-5.53,5.08],[-5.51,5.08],[-5.51,5.08],[-5.49,5.09],[-5.49,5.09],[-5.49,5.09],[-5.49,5.1],[-5.49,5.1],[-5.49,5.1],[-5.5,5.1],[-5.5,5.1],[-5.5,5.11],[-5.5,5.11],[-5.5,5.11],[-5.5,5.11],[-5.5,5.11],[-5.5,5.11],[-5.51,5.11],[-5.51,5.12],[-5.51,5.12],[-5.51,5.12],[-5.51,5.12],[-5.51,5.13],[-5.51,5.13],[-5.5,5.13],[-5.5,5.13],[-5.5,5.13],[-5.5,5.13],[-5.5,5.14],[-5.5,5.14],[-5.5,5.14],[-5.5,5.14],[-5.5,5.15],[-5.5,5.15],[-5.5,5.15],[-5.5,5.16],[-5.5,5.16],[-5.5,5.16],[-5.5,5.16],[-5.5,5.17],[-5.5,5.17],[-5.5,5.17],[-5.5,5.18],[-5.5,5.18],[-5.49,5.18],[-5.49,5.18],[-5.49,5.18],[-5.48,5.18],[-5.48,5.18],[-5.48,5.18],[-5.47,5.18],[-5.47,5.18],[-5.47,5.19],[-5.47,5.19],[-5.47,5.19],[-5.46,5.19],[-5.46,5.2],[-5.46,5.2],[-5.46,5.2],[-5.46,5.2],[-5.46,5.2],[-5.46,5.21],[-5.46,5.21],[-5.46,5.21],[-5.46,5.21],[-5.46,5.22],[-5.46,5.22],[-5.46,5.22],[-5.46,5.22],[-5.46,5.23],[-5.46,5.23],[-5.46,5.23],[-5.46,5.24],[-5.46,5.24],[-5.46,5.24],[-5.46,5.25],[-5.46,5.25],[-5.46,5.25],[-5.46,5.25],[-5.46,5.26],[-5.46,5.26],[-5.46,5.26],[-5.45,5.26],[-5.45,5.26],[-5.45,5.26],[-5.44,5.26],[-5.44,5.26],[-5.44,5.26],[-5.43,5.26],[-5.43,5.26],[-5.43,5.26],[-5.43,5.27],[-5.44,5.27],[-5.44,5.27],[-5.44,5.27],[-5.44,5.28],[-5.44,5.28],[-5.44,5.28],[-5.45,5.28],[-5.45,5.28],[-5.45,5.28],[-5.45,5.28],[-5.46,5.28],[-5.45,5.29],[-5.45,5.29],[-5.45,5.29],[-5.45,5.3],[-5.46,5.3],[-5.44,5.33],[-5.43,5.35],[-5.43,5.35],[-5.43,5.35],[-5.42,5.36],[-5.42,5.36],[-5.42,5.36],[-5.42,5.36],[-5.42,5.36],[-5.42,5.36],[-5.42,5.36],[-5.42,5.36],[-5.42,5.36],[-5.42,5.36],[-5.41,5.36],[-5.41,5.36],[-5.41,5.36],[-5.41,5.36],[-5.41,5.36],[-5.41,5.36],[-5.41,5.37],[-5.4,5.37],[-5.4,5.37],[-5.4,5.37],[-5.4,5.37],[-5.4,5.37],[-5.4,5.37],[-5.4,5.37],[-5.4,5.37],[-5.4,5.37],[-5.4,5.37],[-5.4,5.37],[-5.39,5.37],[-5.39,5.38],[-5.39,5.38],[-5.39,5.38],[-5.39,5.38],[-5.39,5.38],[-5.39,5.38],[-5.39,5.38],[-5.39,5.38],[-5.39,5.38],[-5.39,5.38],[-5.38,5.38],[-5.38,5.38],[-5.38,5.38],[-5.38,5.39],[-5.38,5.39],[-5.38,5.39],[-5.38,5.39],[-5.38,5.39],[-5.38,5.39],[-5.38,5.39],[-5.38,5.39],[-5.38,5.39],[-5.38,5.39],[-5.38,5.39],[-5.37,5.39],[-5.37,5.39],[-5.37,5.39],[-5.37,5.39],[-5.37,5.39],[-5.37,5.39],[-5.37,5.39],[-5.37,5.39],[-5.37,5.39],[-5.37,5.39],[-5.37,5.4],[-5.37,5.4],[-5.37,5.4],[-5.37,5.4],[-5.37,5.4],[-5.37,5.4],[-5.38,5.39],[-5.38,5.39],[-5.38,5.39],[-5.38,5.4],[-5.38,5.4],[-5.38,5.4],[-5.38,5.4],[-5.38,5.4],[-5.38,5.4],[-5.39,5.4],[-5.39,5.4],[-5.39,5.4],[-5.39,5.4],[-5.39,5.4],[-5.39,5.4],[-5.39,5.4],[-5.39,5.4],[-5.39,5.4],[-5.4,5.4],[-5.4,5.4],[-5.4,5.4],[-5.4,5.4],[-5.4,5.4],[-5.4,5.4],[-5.4,5.4],[-5.41,5.4],[-5.41,5.4],[-5.41,5.4],[-5.41,5.4],[-5.41,5.4],[-5.41,5.4],[-5.41,5.4],[-5.41,5.4],[-5.42,5.4],[-5.42,5.41],[-5.42,5.41],[-5.42,5.41],[-5.42,5.41],[-5.42,5.41],[-5.42,5.41],[-5.42,5.41],[-5.42,5.41],[-5.42,5.41],[-5.42,5.41],[-5.42,5.41],[-5.42,5.42],[-5.42,5.42],[-5.42,5.42],[-5.42,5.42],[-5.42,5.42],[-5.42,5.42],[-5.42,5.42],[-5.42,5.42],[-5.42,5.42],[-5.42,5.42],[-5.42,5.43],[-5.42,5.43],[-5.42,5.43],[-5.42,5.43],[-5.42,5.43],[-5.42,5.43],[-5.43,5.43],[-5.43,5.43],[-5.43,5.43],[-5.43,5.44],[-5.43,5.44],[-5.43,5.44],[-5.43,5.44],[-5.43,5.44],[-5.44,5.44],[-5.44,5.44],[-5.44,5.44],[-5.44,5.44],[-5.44,5.44],[-5.44,5.44],[-5.44,5.44],[-5.44,5.44],[-5.45,5.44],[-5.45,5.44],[-5.45,5.44],[-5.45,5.44],[-5.45,5.44],[-5.45,5.44],[-5.45,5.43],[-5.45,5.43],[-5.46,5.43],[-5.46,5.43],[-5.46,5.43],[-5.46,5.43],[-5.46,5.43],[-5.46,5.43],[-5.46,5.43],[-5.47,5.43],[-5.47,5.43],[-5.47,5.43],[-5.47,5.43],[-5.47,5.43],[-5.47,5.43],[-5.47,5.43],[-5.47,5.43],[-5.47,5.43],[-5.47,5.43],[-5.47,5.43],[-5.47,5.43],[-5.47,5.44],[-5.48,5.44],[-5.48,5.44],[-5.48,5.44],[-5.48,5.44],[-5.48,5.44],[-5.48,5.44],[-5.48,5.44],[-5.48,5.44],[-5.48,5.44],[-5.48,5.45],[-5.48,5.45],[-5.48,5.45],[-5.48,5.45],[-5.48,5.45],[-5.48,5.45],[-5.48,5.45],[-5.48,5.45],[-5.48,5.45],[-5.48,5.45],[-5.48,5.46],[-5.48,5.46],[-5.48,5.46],[-5.48,5.46],[-5.48,5.47],[-5.48,5.47],[-5.48,5.47],[-5.48,5.47],[-5.49,5.47],[-5.49,5.47],[-5.49,5.47],[-5.49,5.48],[-5.49,5.48],[-5.49,5.48],[-5.49,5.48],[-5.49,5.48],[-5.49,5.48],[-5.49,5.48],[-5.49,5.48],[-5.49,5.49],[-5.49,5.49],[-5.49,5.49],[-5.49,5.49],[-5.49,5.49],[-5.49,5.49],[-5.49,5.49],[-5.49,5.49],[-5.5,5.49],[-5.5,5.49],[-5.5,5.49],[-5.5,5.49],[-5.5,5.49],[-5.5,5.49],[-5.5,5.49],[-5.5,5.49],[-5.5,5.49],[-5.51,5.49],[-5.51,5.49],[-5.51,5.49],[-5.51,5.49],[-5.51,5.49],[-5.51,5.49],[-5.51,5.49],[-5.51,5.5],[-5.51,5.5],[-5.52,5.5],[-5.52,5.5],[-5.52,5.5],[-5.52,5.5],[-5.52,5.5],[-5.52,5.5],[-5.52,5.5],[-5.52,5.5],[-5.52,5.5],[-5.52,5.51],[-5.53,5.51],[-5.53,5.51],[-5.53,5.51],[-5.53,5.51],[-5.53,5.51],[-5.53,5.51],[-5.53,5.51],[-5.53,5.51],[-5.54,5.51],[-5.54,5.51],[-5.54,5.51],[-5.54,5.51],[-5.54,5.51],[-5.54,5.51],[-5.54,5.52],[-5.54,5.52],[-5.54,5.52],[-5.54,5.51],[-5.55,5.51],[-5.55,5.51],[-5.55,5.51],[-5.55,5.51],[-5.55,5.52],[-5.55,5.52],[-5.55,5.52],[-5.55,5.51],[-5.56,5.51],[-5.56,5.51],[-5.56,5.51],[-5.56,5.51],[-5.56,5.51],[-5.56,5.52],[-5.56,5.52],[-5.56,5.52],[-5.56,5.52],[-5.56,5.52],[-5.56,5.52],[-5.56,5.52],[-5.56,5.53],[-5.56,5.53],[-5.56,5.53],[-5.56,5.53],[-5.56,5.53],[-5.56,5.53],[-5.56,5.53],[-5.56,5.53],[-5.56,5.54],[-5.57,5.54],[-5.57,5.54],[-5.57,5.54],[-5.57,5.54],[-5.57,5.54],[-5.57,5.54],[-5.57,5.54],[-5.57,5.54],[-5.57,5.55],[-5.57,5.55],[-5.57,5.55],[-5.57,5.55],[-5.57,5.55],[-5.57,5.55],[-5.57,5.55],[-5.57,5.55],[-5.57,5.56],[-5.57,5.56],[-5.57,5.56],[-5.57,5.56],[-5.57,5.56],[-5.57,5.57],[-5.57,5.57],[-5.57,5.57],[-5.57,5.57],[-5.57,5.57],[-5.57,5.57],[-5.57,5.57],[-5.57,5.58],[-5.58,5.57],[-5.58,5.57],[-5.58,5.57],[-5.59,5.57],[-5.59,5.57],[-5.59,5.57],[-5.59,5.57],[-5.59,5.57],[-5.59,5.57],[-5.6,5.57],[-5.6,5.57],[-5.6,5.57],[-5.6,5.57],[-5.6,5.57],[-5.61,5.56],[-5.61,5.56],[-5.61,5.56],[-5.61,5.56],[-5.61,5.56],[-5.61,5.56],[-5.61,5.56],[-5.61,5.55],[-5.61,5.55],[-5.61,5.55],[-5.61,5.55],[-5.62,5.55],[-5.62,5.55],[-5.62,5.55],[-5.62,5.55],[-5.62,5.54],[-5.62,5.54],[-5.62,5.54],[-5.62,5.54],[-5.63,5.54],[-5.63,5.54],[-5.63,5.54],[-5.63,5.54],[-5.63,5.54],[-5.64,5.54],[-5.64,5.55],[-5.64,5.55],[-5.64,5.55],[-5.63,5.55],[-5.63,5.55],[-5.63,5.55],[-5.63,5.56],[-5.64,5.56],[-5.64,5.56],[-5.64,5.56],[-5.64,5.56],[-5.65,5.56],[-5.65,5.56],[-5.65,5.56],[-5.65,5.56],[-5.66,5.56],[-5.66,5.56],[-5.72,5.61],[-5.73,5.61],[-5.74,5.62],[-5.74,5.62],[-5.75,5.62],[-5.75,5.62],[-5.75,5.62],[-5.75,5.62],[-5.75,5.62],[-5.75,5.62],[-5.75,5.61],[-5.75,5.61],[-5.75,5.61],[-5.75,5.61],[-5.75,5.61],[-5.75,5.61],[-5.75,5.61],[-5.75,5.61],[-5.75,5.61],[-5.75,5.6],[-5.75,5.6],[-5.75,5.6],[-5.75,5.6],[-5.75,5.6],[-5.75,5.6],[-5.75,5.6],[-5.75,5.6],[-5.75,5.59],[-5.75,5.59],[-5.75,5.59],[-5.75,5.59],[-5.75,5.59],[-5.75,5.59],[-5.75,5.59],[-5.76,5.59],[-5.76,5.59],[-5.76,5.59],[-5.76,5.59],[-5.76,5.59],[-5.76,5.59],[-5.76,5.59],[-5.76,5.59],[-5.76,5.59],[-5.76,5.58],[-5.77,5.58],[-5.77,5.58],[-5.77,5.58],[-5.77,5.58],[-5.77,5.58],[-5.77,5.58],[-5.77,5.58],[-5.77,5.58],[-5.77,5.58],[-5.77,5.58],[-5.77,5.57],[-5.77,5.57],[-5.77,5.57],[-5.77,5.57],[-5.77,5.57],[-5.77,5.57],[-5.77,5.57],[-5.77,5.57],[-5.77,5.57],[-5.77,5.56],[-5.77,5.56],[-5.77,5.56],[-5.77,5.56],[-5.77,5.56],[-5.77,5.56],[-5.77,5.56],[-5.77,5.56],[-5.77,5.56],[-5.77,5.55],[-5.78,5.55],[-5.78,5.55],[-5.78,5.55],[-5.78,5.55],[-5.78,5.55],[-5.78,5.55],[-5.78,5.55],[-5.78,5.55],[-5.78,5.55],[-5.78,5.55],[-5.78,5.54],[-5.78,5.54],[-5.79,5.54],[-5.79,5.54],[-5.79,5.54],[-5.79,5.54],[-5.79,5.54],[-5.79,5.54],[-5.79,5.54],[-5.79,5.54],[-5.79,5.54],[-5.79,5.54],[-5.79,5.54],[-5.8,5.54],[-5.8,5.54],[-5.8,5.53],[-5.8,5.53],[-5.8,5.53],[-5.8,5.53],[-5.81,5.53],[-5.81,5.53],[-5.81,5.53],[-5.81,5.53],[-5.81,5.53],[-5.82,5.53],[-5.82,5.53],[-5.82,5.53],[-5.82,5.53],[-5.82,5.53],[-5.82,5.53],[-5.82,5.53],[-5.83,5.53],[-5.83,5.53],[-5.83,5.53],[-5.83,5.53],[-5.83,5.53],[-5.83,5.53],[-5.83,5.53],[-5.84,5.54],[-5.84,5.54],[-5.84,5.54],[-5.84,5.54],[-5.84,5.54],[-5.85,5.54],[-5.85,5.54],[-5.85,5.54],[-5.85,5.54],[-5.85,5.54],[-5.85,5.54],[-5.86,5.54],[-5.86,5.54],[-5.86,5.54],[-5.86,5.54],[-5.86,5.54],[-5.86,5.54],[-5.86,5.54],[-5.87,5.54],[-5.87,5.54],[-5.87,5.54],[-5.87,5.54],[-5.87,5.54],[-5.87,5.54],[-5.87,5.54],[-5.87,5.54],[-5.87,5.54],[-5.88,5.54],[-5.88,5.54],[-5.88,5.54],[-5.88,5.54],[-5.88,5.54],[-5.88,5.54],[-5.88,5.54],[-5.88,5.54],[-5.88,5.54],[-5.89,5.54],[-5.89,5.54],[-5.89,5.54],[-5.89,5.54],[-5.89,5.54],[-5.9,5.54],[-5.9,5.54],[-5.9,5.54],[-5.9,5.54],[-5.9,5.54],[-5.9,5.54],[-5.9,5.54],[-5.91,5.54],[-5.91,5.54],[-5.91,5.54],[-5.91,5.54],[-5.91,5.54],[-5.91,5.54],[-5.91,5.54],[-5.92,5.54],[-5.92,5.54],[-5.92,5.54],[-5.92,5.54],[-5.92,5.54],[-5.92,5.54],[-5.92,5.54],[-5.92,5.54],[-5.92,5.53],[-5.92,5.53],[-5.92,5.53],[-5.92,5.53],[-5.93,5.53],[-5.93,5.53],[-5.93,5.53],[-5.93,5.53],[-5.93,5.53],[-5.93,5.53],[-5.93,5.53],[-5.93,5.53],[-5.93,5.53],[-5.93,5.53],[-5.94,5.53],[-5.94,5.53],[-5.94,5.53],[-5.94,5.53],[-5.94,5.53],[-5.94,5.53],[-5.94,5.53],[-5.95,5.53],[-5.95,5.53],[-5.95,5.53],[-5.95,5.53],[-5.95,5.53],[-5.95,5.53],[-5.95,5.53],[-5.98,5.52],[-5.98,5.52],[-5.98,5.52],[-5.98,5.52],[-5.98,5.52],[-5.98,5.52],[-5.98,5.51],[-5.97,5.51],[-5.97,5.51],[-5.97,5.51],[-5.97,5.51],[-5.97,5.5],[-5.97,5.5],[-5.98,5.5],[-5.98,5.5],[-5.98,5.5],[-5.98,5.5],[-5.98,5.5],[-5.98,5.5],[-5.98,5.5],[-5.98,5.49],[-5.98,5.49],[-5.98,5.49],[-5.98,5.49],[-5.98,5.49],[-5.98,5.49],[-5.98,5.49],[-5.98,5.49],[-5.98,5.48],[-5.97,5.48],[-5.97,5.48],[-5.97,5.48],[-5.97,5.48],[-5.97,5.48],[-5.97,5.48],[-5.97,5.47],[-5.97,5.47],[-5.97,5.47],[-5.97,5.47],[-5.97,5.47],[-5.97,5.47],[-5.97,5.47],[-5.97,5.46],[-5.96,5.46],[-5.96,5.46],[-5.96,5.46],[-5.96,5.46],[-5.96,5.46],[-5.96,5.46],[-5.96,5.46],[-5.96,5.46],[-5.96,5.46],[-5.96,5.45],[-5.96,5.45],[-5.96,5.45],[-5.96,5.45],[-5.96,5.45],[-5.96,5.45],[-5.96,5.45],[-5.96,5.44],[-5.96,5.44],[-5.96,5.44],[-5.96,5.44],[-5.96,5.44],[-5.96,5.44],[-5.97,5.44],[-5.97,5.44],[-5.97,5.44],[-5.97,5.44],[-5.97,5.44],[-5.97,5.43],[-5.97,5.43],[-5.97,5.43],[-5.97,5.43],[-5.97,5.43],[-5.97,5.43],[-5.98,5.42],[-5.98,5.42],[-5.98,5.42],[-5.98,5.42],[-5.98,5.42],[-5.98,5.42],[-5.98,5.42],[-5.98,5.42],[-5.99,5.42],[-5.99,5.41],[-5.99,5.41],[-5.99,5.41],[-5.99,5.41],[-5.99,5.41],[-5.99,5.41],[-5.99,5.41],[-5.99,5.4],[-5.99,5.4],[-5.99,5.4],[-5.99,5.4],[-5.99,5.4],[-5.99,5.39],[-5.99,5.39],[-5.99,5.39],[-5.99,5.39],[-5.99,5.39],[-5.99,5.39],[-5.99,5.38],[-5.99,5.38],[-5.99,5.38],[-5.99,5.38],[-5.99,5.38],[-5.99,5.38],[-5.99,5.38],[-5.99,5.38],[-5.99,5.38],[-6.0,5.38],[-6.0,5.37],[-6.0,5.37],[-6.0,5.37],[-6.0,5.37],[-6.0,5.37],[-6.0,5.37],[-6.0,5.37],[-6.0,5.36],[-6.0,5.36],[-6.0,5.36],[-6.0,5.36],[-6.01,5.36],[-6.01,5.36],[-6.01,5.35],[-6.01,5.35],[-6.01,5.35],[-6.02,5.35],[-6.02,5.35],[-6.02,5.35],[-6.02,5.35],[-6.02,5.35],[-6.02,5.35],[-6.03,5.35],[-6.03,5.35],[-6.03,5.35],[-6.03,5.35],[-6.03,5.35],[-6.03,5.35],[-6.03,5.35],[-6.04,5.36],[-6.04,5.36],[-6.04,5.36],[-6.04,5.36],[-6.04,5.36],[-6.04,5.36],[-6.04,5.36],[-6.04,5.37],[-6.04,5.37],[-6.04,5.37],[-6.04,5.37],[-6.04,5.37],[-6.04,5.37],[-6.05,5.37],[-6.05,5.37],[-6.05,5.38],[-6.06,5.38],[-6.06,5.38],[-6.06,5.38],[-6.06,5.38],[-6.07,5.38],[-6.07,5.38],[-6.07,5.38],[-6.07,5.38],[-6.07,5.38],[-6.08,5.37],[-6.08,5.37],[-6.08,5.37],[-6.08,5.37],[-6.08,5.37],[-6.08,5.37],[-6.09,5.38],[-6.09,5.38],[-6.09,5.38],[-6.09,5.38],[-6.09,5.38],[-6.09,5.38],[-6.1,5.38],[-6.11,5.38],[-6.12,5.38],[-6.12,5.38],[-6.12,5.38],[-6.12,5.38],[-6.12,5.38],[-6.12,5.38],[-6.12,5.38],[-6.12,5.38],[-6.12,5.38],[-6.12,5.38],[-6.12,5.37],[-6.12,5.37],[-6.12,5.37],[-6.12,5.37],[-6.13,5.37],[-6.13,5.37],[-6.13,5.37],[-6.13,5.37],[-6.13,5.37],[-6.13,5.37],[-6.13,5.37],[-6.13,5.37],[-6.14,5.37],[-6.14,5.38],[-6.14,5.38],[-6.14,5.38],[-6.14,5.38],[-6.14,5.38],[-6.14,5.38],[-6.14,5.38],[-6.14,5.38],[-6.14,5.38],[-6.14,5.38],[-6.14,5.39],[-6.14,5.39],[-6.14,5.39],[-6.14,5.39],[-6.14,5.39],[-6.15,5.39],[-6.15,5.39],[-6.15,5.4],[-6.15,5.4],[-6.15,5.4],[-6.15,5.4],[-6.15,5.41],[-6.15,5.41],[-6.15,5.41],[-6.16,5.41],[-6.16,5.41],[-6.16,5.41],[-6.17,5.41],[-6.17,5.42],[-6.18,5.42],[-6.18,5.42],[-6.19,5.42],[-6.19,5.42],[-6.2,5.43],[-6.2,5.43],[-6.2,5.43],[-6.21,5.44],[-6.21,5.44],[-6.21,5.44],[-6.21,5.45],[-6.21,5.45],[-6.21,5.45],[-6.21,5.45],[-6.21,5.46],[-6.21,5.46],[-6.2,5.47],[-6.2,5.47],[-6.2,5.47],[-6.2,5.47],[-6.2,5.47],[-6.2,5.48],[-6.19,5.48],[-6.19,5.48],[-6.19,5.49],[-6.19,5.49],[-6.19,5.49],[-6.19,5.5],[-6.18,5.5],[-6.18,5.5],[-6.18,5.51],[-6.18,5.51],[-6.18,5.51],[-6.18,5.51],[-6.18,5.51],[-6.18,5.51],[-6.18,5.52],[-6.18,5.52],[-6.18,5.52],[-6.19,5.52],[-6.19,5.52],[-6.19,5.52],[-6.19,5.52],[-6.19,5.52],[-6.19,5.53],[-6.19,5.53],[-6.19,5.53],[-6.19,5.53],[-6.19,5.53],[-6.19,5.53],[-6.2,5.53],[-6.2,5.53],[-6.2,5.53],[-6.2,5.53],[-6.2,5.53],[-6.2,5.53],[-6.2,5.54],[-6.2,5.54],[-6.2,5.54],[-6.2,5.54],[-6.2,5.54],[-6.2,5.54],[-6.2,5.54],[-6.2,5.54],[-6.2,5.55],[-6.2,5.55],[-6.2,5.55],[-6.2,5.55],[-6.2,5.55],[-6.2,5.55],[-6.2,5.56],[-6.2,5.56],[-6.2,5.56],[-6.2,5.56],[-6.2,5.56],[-6.2,5.57],[-6.2,5.57],[-6.2,5.57],[-6.2,5.57],[-6.2,5.57],[-6.2,5.58],[-6.2,5.58],[-6.2,5.58],[-6.2,5.58],[-6.2,5.58],[-6.2,5.58],[-6.2,5.58],[-6.2,5.58],[-6.2,5.58],[-6.2,5.59],[-6.2,5.59],[-6.2,5.59],[-6.2,5.59],[-6.2,5.59],[-6.2,5.59],[-6.19,5.59],[-6.19,5.59],[-6.19,5.6],[-6.2,5.6],[-6.2,5.6],[-6.2,5.6],[-6.2,5.6],[-6.2,5.6],[-6.2,5.6],[-6.2,5.6],[-6.2,5.6],[-6.2,5.61],[-6.2,5.61],[-6.2,5.61],[-6.2,5.61],[-6.2,5.61],[-6.2,5.61],[-6.2,5.61],[-6.2,5.61],[-6.2,5.61],[-6.2,5.61],[-6.2,5.61],[-6.2,5.61],[-6.2,5.61],[-6.19,5.61],[-6.19,5.62],[-6.19,5.62],[-6.19,5.62],[-6.19,5.62],[-6.19,5.62],[-6.19,5.62],[-6.19,5.62],[-6.19,5.62],[-6.19,5.63],[-6.19,5.63],[-6.19,5.63],[-6.2,5.63],[-6.2,5.63],[-6.2,5.63],[-6.2,5.63]]]}},{"type":"Feature","properties":{"name":"Goh","code":"CI13","level":"region","status":"pending","schools":282,"students":150977,"girls":71924,"boys":79053,"district":"Goh-Djiboua"},"geometry":{"type":"Polygon","coordinates":[[[-5.42,6.65],[-5.43,6.65],[-5.43,6.65],[-5.43,6.65],[-5.43,6.65],[-5.44,6.65],[-5.44,6.65],[-5.44,6.65],[-5.44,6.65],[-5.44,6.65],[-5.45,6.64],[-5.45,6.64],[-5.45,6.64],[-5.45,6.64],[-5.45,6.64],[-5.45,6.64],[-5.45,6.63],[-5.45,6.63],[-5.46,6.63],[-5.46,6.63],[-5.46,6.63],[-5.46,6.63],[-5.47,6.63],[-5.47,6.63],[-5.47,6.63],[-5.47,6.63],[-5.47,6.63],[-5.47,6.63],[-5.48,6.63],[-5.48,6.62],[-5.48,6.62],[-5.48,6.62],[-5.49,6.62],[-5.49,6.62],[-5.49,6.62],[-5.49,6.62],[-5.49,6.62],[-5.49,6.62],[-5.49,6.61],[-5.49,6.61],[-5.49,6.61],[-5.49,6.61],[-5.49,6.6],[-5.49,6.6],[-5.49,6.6],[-5.49,6.6],[-5.5,6.6],[-5.5,6.6],[-5.5,6.6],[-5.5,6.59],[-5.5,6.59],[-5.5,6.59],[-5.5,6.59],[-5.51,6.59],[-5.51,6.59],[-5.51,6.6],[-5.51,6.6],[-5.51,6.6],[-5.51,6.6],[-5.51,6.6],[-5.51,6.61],[-5.51,6.61],[-5.52,6.61],[-5.52,6.61],[-5.52,6.6],[-5.52,6.6],[-5.52,6.6],[-5.52,6.6],[-5.52,6.6],[-5.52,6.6],[-5.53,6.59],[-5.53,6.59],[-5.53,6.59],[-5.53,6.59],[-5.53,6.59],[-5.54,6.6],[-5.54,6.6],[-5.54,6.6],[-5.54,6.6],[-5.54,6.6],[-5.54,6.6],[-5.55,6.6],[-5.55,6.6],[-5.55,6.6],[-5.55,6.6],[-5.55,6.59],[-5.55,6.59],[-5.56,6.59],[-5.56,6.59],[-5.56,6.59],[-5.56,6.59],[-5.56,6.59],[-5.57,6.59],[-5.57,6.59],[-5.57,6.58],[-5.57,6.59],[-5.57,6.59],[-5.58,6.59],[-5.58,6.59],[-5.58,6.59],[-5.58,6.59],[-5.58,6.58],[-5.58,6.58],[-5.58,6.58],[-5.58,6.58],[-5.58,6.58],[-5.58,6.57],[-5.58,6.57],[-5.58,6.57],[-5.58,6.57],[-5.58,6.57],[-5.57,6.57],[-5.57,6.56],[-5.57,6.56],[-5.58,6.56],[-5.58,6.56],[-5.58,6.56],[-5.58,6.56],[-5.58,6.56],[-5.59,6.56],[-5.59,6.55],[-5.59,6.55],[-5.59,6.55],[-5.59,6.55],[-5.6,6.55],[-5.6,6.55],[-5.6,6.55],[-5.6,6.55],[-5.61,6.55],[-5.61,6.55],[-5.61,6.55],[-5.61,6.55],[-5.62,6.55],[-5.62,6.55],[-5.62,6.55],[-5.62,6.55],[-5.62,6.55],[-5.62,6.55],[-5.62,6.54],[-5.63,6.54],[-5.63,6.54],[-5.63,6.54],[-5.63,6.54],[-5.63,6.54],[-5.63,6.54],[-5.64,6.54],[-5.64,6.54],[-5.64,6.54],[-5.63,6.54],[-5.63,6.53],[-5.64,6.53],[-5.64,6.53],[-5.64,6.53],[-5.64,6.53],[-5.65,6.54],[-5.65,6.54],[-5.65,6.54],[-5.66,6.54],[-5.66,6.53],[-5.66,6.53],[-5.66,6.53],[-5.66,6.53],[-5.66,6.53],[-5.67,6.53],[-5.67,6.53],[-5.67,6.53],[-5.67,6.53],[-5.67,6.53],[-5.67,6.53],[-5.68,6.53],[-5.68,6.53],[-5.68,6.53],[-5.68,6.53],[-5.68,6.53],[-5.69,6.53],[-5.69,6.53],[-5.69,6.54],[-5.69,6.54],[-5.69,6.54],[-5.69,6.54],[-5.69,6.54],[-5.69,6.54],[-5.69,6.55],[-5.69,6.55],[-5.7,6.55],[-5.7,6.55],[-5.7,6.55],[-5.7,6.55],[-5.7,6.56],[-5.7,6.56],[-5.71,6.56],[-5.71,6.56],[-5.71,6.56],[-5.71,6.56],[-5.71,6.56],[-5.72,6.55],[-5.72,6.55],[-5.72,6.55],[-5.72,6.55],[-5.72,6.55],[-5.72,6.55],[-5.73,6.55],[-5.73,6.54],[-5.73,6.54],[-5.73,6.54],[-5.73,6.54],[-5.73,6.54],[-5.73,6.53],[-5.73,6.53],[-5.73,6.53],[-5.73,6.53],[-5.73,6.52],[-5.73,6.52],[-5.73,6.52],[-5.73,6.52],[-5.74,6.52],[-5.74,6.51],[-5.74,6.51],[-5.74,6.51],[-5.74,6.51],[-5.74,6.51],[-5.74,6.51],[-5.75,6.51],[-5.75,6.51],[-5.75,6.5],[-5.75,6.5],[-5.75,6.5],[-5.75,6.5],[-5.76,6.5],[-5.76,6.5],[-5.76,6.5],[-5.77,6.5],[-5.77,6.5],[-5.78,6.5],[-5.78,6.5],[-5.79,6.5],[-5.79,6.51],[-5.79,6.51],[-5.8,6.51],[-5.8,6.51],[-5.8,6.51],[-5.81,6.51],[-5.81,6.51],[-5.81,6.51],[-5.82,6.51],[-5.82,6.51],[-5.82,6.51],[-5.83,6.51],[-5.83,6.51],[-5.83,6.51],[-5.84,6.51],[-5.84,6.51],[-5.84,6.51],[-5.84,6.51],[-5.85,6.51],[-5.85,6.51],[-5.86,6.51],[-5.86,6.52],[-5.86,6.52],[-5.87,6.52],[-5.87,6.52],[-5.87,6.52],[-5.88,6.52],[-5.88,6.52],[-5.88,6.52],[-5.89,6.52],[-5.89,6.52],[-5.89,6.52],[-5.9,6.52],[-5.9,6.52],[-5.91,6.52],[-5.91,6.52],[-5.91,6.52],[-5.91,6.52],[-5.92,6.52],[-5.92,6.52],[-5.92,6.53],[-5.93,6.53],[-5.93,6.53],[-5.94,6.53],[-5.94,6.53],[-5.94,6.53],[-5.95,6.53],[-5.95,6.53],[-5.96,6.53],[-5.96,6.53],[-5.96,6.53],[-5.97,6.53],[-5.97,6.53],[-5.98,6.53],[-5.98,6.53],[-5.99,6.53],[-5.99,6.53],[-6.0,6.53],[-6.0,6.53],[-6.0,6.53],[-6.01,6.53],[-6.01,6.53],[-6.02,6.53],[-6.02,6.53],[-6.02,6.53],[-6.03,6.53],[-6.03,6.53],[-6.04,6.53],[-6.04,6.53],[-6.04,6.53],[-6.04,6.53],[-6.04,6.53],[-6.04,6.52],[-6.04,6.52],[-6.04,6.52],[-6.04,6.52],[-6.04,6.52],[-6.04,6.51],[-6.04,6.51],[-6.04,6.51],[-6.05,6.51],[-6.06,6.5],[-6.1,6.46],[-6.21,6.34],[-6.31,6.34],[-6.32,6.34],[-6.33,6.32],[-6.33,6.31],[-6.37,6.3],[-6.37,6.3],[-6.38,6.3],[-6.41,6.3],[-6.41,6.16],[-6.4,6.13],[-6.38,6.1],[-6.36,6.03],[-6.35,6.02],[-6.32,5.98],[-6.29,5.94],[-6.29,5.93],[-6.29,5.93],[-6.29,5.93],[-6.29,5.93],[-6.29,5.92],[-6.29,5.92],[-6.29,5.92],[-6.29,5.92],[-6.29,5.92],[-6.29,5.91],[-6.29,5.91],[-6.29,5.91],[-6.29,5.91],[-6.29,5.91],[-6.29,5.91],[-6.28,5.91],[-6.28,5.9],[-6.28,5.9],[-6.28,5.9],[-6.28,5.9],[-6.28,5.9],[-6.28,5.9],[-6.28,5.9],[-6.28,5.89],[-6.28,5.89],[-6.28,5.89],[-6.28,5.89],[-6.28,5.89],[-6.28,5.88],[-6.28,5.88],[-6.28,5.88],[-6.28,5.88],[-6.28,5.88],[-6.28,5.87],[-6.28,5.87],[-6.28,5.86],[-6.27,5.86],[-6.27,5.86],[-6.27,5.86],[-6.27,5.86],[-6.27,5.85],[-6.26,5.85],[-6.26,5.85],[-6.26,5.85],[-6.26,5.85],[-6.26,5.85],[-6.26,5.85],[-6.26,5.85],[-6.26,5.85],[-6.26,5.85],[-6.25,5.85],[-6.25,5.85],[-6.25,5.85],[-6.25,5.85],[-6.25,5.84],[-6.25,5.84],[-6.25,5.84],[-6.25,5.84],[-6.25,5.84],[-6.25,5.84],[-6.25,5.84],[-6.25,5.84],[-6.25,5.83],[-6.25,5.83],[-6.25,5.83],[-6.25,5.83],[-6.25,5.83],[-6.24,5.83],[-6.24,5.83],[-6.24,5.83],[-6.24,5.83],[-6.24,5.82],[-6.24,5.82],[-6.24,5.82],[-6.24,5.82],[-6.24,5.82],[-6.24,5.82],[-6.25,5.82],[-6.25,5.81],[-6.25,5.81],[-6.25,5.81],[-6.25,5.81],[-6.25,5.81],[-6.25,5.81],[-6.25,5.8],[-6.25,5.8],[-6.24,5.8],[-6.24,5.8],[-6.24,5.8],[-6.24,5.8],[-6.24,5.8],[-6.24,5.8],[-6.24,5.79],[-6.24,5.79],[-6.24,5.79],[-6.24,5.79],[-6.24,5.79],[-6.23,5.79],[-6.23,5.79],[-6.23,5.79],[-6.23,5.79],[-6.23,5.79],[-6.23,5.79],[-6.23,5.78],[-6.23,5.78],[-6.23,5.78],[-6.23,5.78],[-6.23,5.78],[-6.23,5.78],[-6.23,5.78],[-6.23,5.78],[-6.23,5.77],[-6.23,5.77],[-6.23,5.77],[-6.23,5.77],[-6.23,5.77],[-6.23,5.77],[-6.23,5.77],[-6.23,5.77],[-6.23,5.77],[-6.23,5.77],[-6.23,5.76],[-6.23,5.76],[-6.23,5.76],[-6.23,5.76],[-6.23,5.76],[-6.23,5.76],[-6.23,5.76],[-6.23,5.76],[-6.23,5.76],[-6.22,5.76],[-6.22,5.76],[-6.22,5.76],[-6.22,5.76],[-6.22,5.76],[-6.22,5.75],[-6.22,5.75],[-6.22,5.75],[-6.22,5.75],[-6.22,5.75],[-6.22,5.75],[-6.22,5.75],[-6.22,5.75],[-6.22,5.75],[-6.22,5.75],[-6.22,5.75],[-6.22,5.75],[-6.22,5.74],[-6.22,5.74],[-6.23,5.74],[-6.23,5.74],[-6.23,5.74],[-6.23,5.74],[-6.23,5.74],[-6.23,5.74],[-6.23,5.74],[-6.23,5.74],[-6.23,5.73],[-6.23,5.73],[-6.23,5.73],[-6.23,5.73],[-6.23,5.73],[-6.23,5.73],[-6.23,5.73],[-6.23,5.72],[-6.23,5.72],[-6.23,5.72],[-6.23,5.72],[-6.23,5.72],[-6.22,5.72],[-6.22,5.72],[-6.22,5.71],[-6.22,5.71],[-6.22,5.71],[-6.22,5.71],[-6.22,5.71],[-6.22,5.71],[-6.22,5.71],[-6.22,5.71],[-6.23,5.71],[-6.23,5.71],[-6.23,5.7],[-6.23,5.7],[-6.23,5.7],[-6.23,5.7],[-6.23,5.7],[-6.23,5.7],[-6.22,5.7],[-6.19,5.77],[-6.12,5.77],[-6.11,5.77],[-6.11,5.77],[-6.1,5.77],[-6.1,5.76],[-6.11,5.76],[-6.11,5.75],[-6.1,5.75],[-6.1,5.75],[-6.1,5.75],[-6.09,5.75],[-6.09,5.75],[-6.09,5.75],[-6.08,5.75],[-6.08,5.74],[-6.08,5.74],[-6.07,5.74],[-6.07,5.74],[-6.07,5.73],[-6.07,5.73],[-6.07,5.73],[-6.07,5.73],[-6.07,5.72],[-6.08,5.72],[-6.08,5.72],[-6.08,5.71],[-6.08,5.71],[-6.07,5.71],[-6.07,5.71],[-6.07,5.7],[-6.08,5.7],[-6.08,5.7],[-6.07,5.7],[-6.07,5.7],[-6.07,5.7],[-6.07,5.71],[-6.07,5.71],[-6.07,5.71],[-6.06,5.7],[-6.06,5.7],[-6.06,5.7],[-6.06,5.69],[-6.05,5.69],[-6.06,5.68],[-6.05,5.68],[-6.05,5.68],[-6.05,5.67],[-6.04,5.67],[-6.04,5.66],[-6.04,5.66],[-6.04,5.66],[-6.03,5.65],[-6.03,5.66],[-6.03,5.66],[-5.97,5.77],[-5.96,5.77],[-5.95,5.77],[-5.91,5.82],[-5.89,5.84],[-5.86,5.88],[-5.84,5.91],[-5.79,5.94],[-5.8,6.0],[-5.79,6.03],[-5.78,6.05],[-5.78,6.05],[-5.78,6.1],[-5.78,6.16],[-5.74,6.21],[-5.74,6.21],[-5.69,6.19],[-5.68,6.19],[-5.68,6.18],[-5.68,6.18],[-5.67,6.18],[-5.67,6.18],[-5.67,6.18],[-5.66,6.18],[-5.66,6.18],[-5.65,6.18],[-5.65,6.17],[-5.65,6.17],[-5.65,6.17],[-5.64,6.16],[-5.64,6.16],[-5.64,6.16],[-5.63,6.16],[-5.63,6.16],[-5.62,6.16],[-5.62,6.16],[-5.62,6.17],[-5.61,6.17],[-5.61,6.17],[-5.61,6.16],[-5.6,6.16],[-5.6,6.16],[-5.6,6.16],[-5.6,6.16],[-5.59,6.16],[-5.59,6.16],[-5.58,6.16],[-5.58,6.16],[-5.58,6.16],[-5.57,6.16],[-5.57,6.16],[-5.57,6.17],[-5.56,6.17],[-5.56,6.17],[-5.55,6.16],[-5.55,6.16],[-5.55,6.16],[-5.54,6.16],[-5.54,6.16],[-5.53,6.15],[-5.53,6.15],[-5.53,6.15],[-5.52,6.15],[-5.52,6.15],[-5.52,6.15],[-5.52,6.17],[-5.5,6.16],[-5.49,6.16],[-5.49,6.16],[-5.49,6.16],[-5.49,6.16],[-5.49,6.16],[-5.49,6.16],[-5.48,6.16],[-5.48,6.16],[-5.48,6.16],[-5.48,6.16],[-5.46,6.17],[-5.45,6.17],[-5.44,6.21],[-5.38,6.25],[-5.37,6.26],[-5.37,6.26],[-5.37,6.26],[-5.37,6.26],[-5.36,6.26],[-5.36,6.26],[-5.36,6.26],[-5.36,6.26],[-5.36,6.26],[-5.35,6.26],[-5.35,6.26],[-5.35,6.26],[-5.35,6.25],[-5.35,6.25],[-5.35,6.25],[-5.34,6.25],[-5.34,6.25],[-5.34,6.25],[-5.34,6.25],[-5.34,6.25],[-5.33,6.25],[-5.33,6.25],[-5.33,6.26],[-5.33,6.26],[-5.33,6.26],[-5.33,6.26],[-5.32,6.26],[-5.32,6.26],[-5.32,6.26],[-5.32,6.26],[-5.32,6.27],[-5.31,6.27],[-5.31,6.27],[-5.31,6.27],[-5.31,6.27],[-5.3,6.27],[-5.3,6.27],[-5.3,6.27],[-5.3,6.27],[-5.29,6.27],[-5.24,6.24],[-5.2,6.37],[-5.2,6.37],[-5.21,6.37],[-5.21,6.38],[-5.21,6.38],[-5.21,6.38],[-5.21,6.38],[-5.21,6.38],[-5.22,6.38],[-5.22,6.38],[-5.22,6.38],[-5.22,6.38],[-5.22,6.38],[-5.23,6.38],[-5.23,6.38],[-5.23,6.38],[-5.23,6.38],[-5.23,6.38],[-5.24,6.38],[-5.24,6.37],[-5.24,6.37],[-5.24,6.37],[-5.25,6.37],[-5.25,6.37],[-5.25,6.37],[-5.25,6.37],[-5.25,6.37],[-5.25,6.37],[-5.25,6.37],[-5.25,6.36],[-5.26,6.36],[-5.26,6.36],[-5.26,6.36],[-5.26,6.36],[-5.26,6.36],[-5.27,6.36],[-5.27,6.36],[-5.27,6.36],[-5.27,6.36],[-5.27,6.36],[-5.28,6.36],[-5.28,6.36],[-5.28,6.36],[-5.28,6.36],[-5.28,6.36],[-5.29,6.36],[-5.29,6.36],[-5.29,6.36],[-5.29,6.36],[-5.29,6.36],[-5.29,6.36],[-5.3,6.36],[-5.3,6.36],[-5.3,6.36],[-5.3,6.36],[-5.3,6.36],[-5.3,6.36],[-5.3,6.36],[-5.3,6.37],[-5.3,6.37],[-5.3,6.37],[-5.3,6.37],[-5.3,6.37],[-5.3,6.38],[-5.31,6.38],[-5.31,6.38],[-5.31,6.38],[-5.31,6.38],[-5.31,6.38],[-5.31,6.38],[-5.31,6.39],[-5.31,6.39],[-5.31,6.39],[-5.31,6.39],[-5.31,6.39],[-5.31,6.39],[-5.31,6.4],[-5.31,6.4],[-5.32,6.4],[-5.32,6.4],[-5.32,6.4],[-5.32,6.41],[-5.32,6.41],[-5.32,6.41],[-5.32,6.41],[-5.32,6.41],[-5.32,6.42],[-5.32,6.42],[-5.32,6.42],[-5.32,6.42],[-5.32,6.42],[-5.32,6.43],[-5.31,6.43],[-5.31,6.43],[-5.31,6.43],[-5.31,6.43],[-5.31,6.44],[-5.31,6.44],[-5.31,6.44],[-5.31,6.44],[-5.31,6.44],[-5.31,6.44],[-5.31,6.45],[-5.32,6.45],[-5.32,6.45],[-5.32,6.45],[-5.32,6.45],[-5.32,6.45],[-5.32,6.46],[-5.32,6.46],[-5.32,6.46],[-5.32,6.46],[-5.32,6.46],[-5.32,6.46],[-5.32,6.47],[-5.32,6.47],[-5.31,6.47],[-5.31,6.47],[-5.31,6.47],[-5.31,6.47],[-5.31,6.48],[-5.3,6.48],[-5.3,6.48],[-5.3,6.48],[-5.3,6.49],[-5.3,6.49],[-5.3,6.49],[-5.3,6.49],[-5.3,6.5],[-5.3,6.5],[-5.3,6.5],[-5.3,6.5],[-5.3,6.5],[-5.3,6.5],[-5.31,6.5],[-5.31,6.5],[-5.31,6.5],[-5.31,6.51],[-5.31,6.51],[-5.32,6.51],[-5.32,6.51],[-5.32,6.51],[-5.32,6.51],[-5.32,6.51],[-5.33,6.51],[-5.33,6.51],[-5.33,6.51],[-5.33,6.52],[-5.33,6.52],[-5.33,6.52],[-5.33,6.52],[-5.33,6.53],[-5.33,6.53],[-5.33,6.53],[-5.33,6.53],[-5.33,6.53],[-5.32,6.53],[-5.32,6.54],[-5.32,6.54],[-5.32,6.54],[-5.32,6.54],[-5.31,6.54],[-5.31,6.54],[-5.31,6.54],[-5.31,6.54],[-5.31,6.54],[-5.3,6.54],[-5.3,6.55],[-5.3,6.55],[-5.3,6.55],[-5.31,6.55],[-5.31,6.55],[-5.31,6.56],[-5.31,6.56],[-5.31,6.56],[-5.31,6.56],[-5.31,6.56],[-5.31,6.56],[-5.31,6.57],[-5.31,6.57],[-5.31,6.57],[-5.3,6.57],[-5.3,6.57],[-5.3,6.57],[-5.3,6.57],[-5.3,6.57],[-5.3,6.57],[-5.3,6.58],[-5.3,6.58],[-5.3,6.58],[-5.3,6.58],[-5.3,6.58],[-5.3,6.58],[-5.3,6.59],[-5.31,6.59],[-5.31,6.59],[-5.31,6.59],[-5.31,6.59],[-5.31,6.59],[-5.31,6.59],[-5.32,6.59],[-5.32,6.59],[-5.32,6.59],[-5.32,6.59],[-5.33,6.6],[-5.33,6.6],[-5.33,6.6],[-5.33,6.6],[-5.33,6.6],[-5.34,6.6],[-5.34,6.6],[-5.34,6.6],[-5.34,6.6],[-5.34,6.6],[-5.34,6.6],[-5.35,6.6],[-5.35,6.6],[-5.35,6.6],[-5.35,6.6],[-5.36,6.6],[-5.36,6.6],[-5.36,6.6],[-5.36,6.6],[-5.36,6.6],[-5.37,6.6],[-5.37,6.6],[-5.37,6.6],[-5.37,6.6],[-5.37,6.6],[-5.37,6.6],[-5.38,6.6],[-5.38,6.6],[-5.38,6.6],[-5.38,6.6],[-5.38,6.6],[-5.39,6.6],[-5.39,6.6],[-5.39,6.6],[-5.39,6.6],[-5.39,6.6],[-5.39,6.6],[-5.4,6.6],[-5.4,6.6],[-5.4,6.6],[-5.4,6.6],[-5.4,6.6],[-5.41,6.6],[-5.41,6.6],[-5.41,6.6],[-5.41,6.61],[-5.41,6.61],[-5.41,6.61],[-5.41,6.61],[-5.41,6.61],[-5.41,6.61],[-5.42,6.61],[-5.42,6.62],[-5.42,6.62],[-5.42,6.62],[-5.42,6.62],[-5.42,6.62],[-5.42,6.63],[-5.42,6.63],[-5.42,6.63],[-5.42,6.63],[-5.42,6.63],[-5.42,6.64],[-5.41,6.64],[-5.41,6.64],[-5.41,6.64],[-5.41,6.65],[-5.41,6.65],[-5.41,6.65],[-5.41,6.65],[-5.42,6.65],[-5.42,6.65],[-5.42,6.65],[-5.42,6.65],[-5.42,6.65]]]}},{"type":"Feature","properties":{"name":"Gontougo","code":"CI14","level":"region","status":"waiting","schools":583,"students":104550,"girls":52492,"boys":52058,"district":"Zanzan"},"geometry":{"type":"Polygon","coordinates":[[[-2.58,8.78],[-2.58,8.79],[-2.59,8.79],[-2.59,8.79],[-2.59,8.79],[-2.59,8.79],[-2.6,8.79],[-2.6,8.79],[-2.6,8.78],[-2.6,8.78],[-2.6,8.78],[-2.6,8.78],[-2.61,8.78],[-2.61,8.78],[-2.61,8.78],[-2.61,8.78],[-2.62,8.78],[-2.62,8.78],[-2.62,8.78],[-2.62,8.78],[-2.62,8.78],[-2.63,8.79],[-2.72,8.73],[-2.79,8.69],[-2.81,8.68],[-2.94,8.64],[-2.94,8.64],[-2.94,8.64],[-2.94,8.64],[-2.95,8.64],[-2.96,8.64],[-2.96,8.64],[-2.96,8.64],[-2.97,8.64],[-2.97,8.64],[-2.97,8.64],[-2.98,8.64],[-2.98,8.64],[-2.98,8.64],[-2.99,8.65],[-2.99,8.65],[-2.99,8.65],[-3.0,8.65],[-3.0,8.65],[-3.0,8.65],[-3.0,8.65],[-3.01,8.65],[-3.01,8.65],[-3.02,8.65],[-3.02,8.65],[-3.02,8.65],[-3.02,8.64],[-3.02,8.64],[-3.03,8.64],[-3.03,8.64],[-3.03,8.64],[-3.03,8.64],[-3.03,8.64],[-3.03,8.64],[-3.03,8.63],[-3.04,8.63],[-3.04,8.63],[-3.04,8.63],[-3.04,8.63],[-3.04,8.63],[-3.04,8.63],[-3.04,8.63],[-3.04,8.63],[-3.04,8.63],[-3.04,8.62],[-3.05,8.62],[-3.05,8.62],[-3.05,8.62],[-3.05,8.62],[-3.05,8.61],[-3.05,8.61],[-3.04,8.61],[-3.04,8.61],[-3.04,8.61],[-3.04,8.61],[-3.04,8.61],[-3.04,8.61],[-3.04,8.61],[-3.04,8.6],[-3.04,8.6],[-3.04,8.6],[-3.04,8.6],[-3.04,8.6],[-3.04,8.6],[-3.04,8.6],[-3.04,8.59],[-3.04,8.59],[-3.04,8.59],[-3.04,8.59],[-3.04,8.59],[-3.04,8.58],[-3.04,8.58],[-3.04,8.58],[-3.04,8.58],[-3.04,8.58],[-3.04,8.58],[-3.04,8.57],[-3.04,8.57],[-3.04,8.57],[-3.04,8.57],[-3.04,8.57],[-3.04,8.57],[-3.04,8.57],[-3.04,8.57],[-3.04,8.56],[-3.04,8.56],[-3.04,8.56],[-3.04,8.56],[-3.04,8.56],[-3.04,8.56],[-3.04,8.56],[-3.04,8.56],[-3.04,8.55],[-3.05,8.55],[-3.05,8.55],[-3.05,8.55],[-3.06,8.54],[-3.06,8.54],[-3.06,8.54],[-3.07,8.54],[-3.07,8.54],[-3.07,8.54],[-3.07,8.54],[-3.08,8.54],[-3.08,8.53],[-3.08,8.53],[-3.08,8.53],[-3.08,8.53],[-3.08,8.54],[-3.09,8.54],[-3.09,8.54],[-3.09,8.54],[-3.09,8.54],[-3.09,8.54],[-3.1,8.54],[-3.1,8.54],[-3.1,8.54],[-3.1,8.54],[-3.1,8.54],[-3.11,8.54],[-3.11,8.54],[-3.11,8.54],[-3.11,8.54],[-3.12,8.55],[-3.12,8.55],[-3.12,8.55],[-3.12,8.55],[-3.12,8.55],[-3.13,8.55],[-3.13,8.55],[-3.13,8.55],[-3.13,8.55],[-3.14,8.55],[-3.14,8.55],[-3.14,8.55],[-3.15,8.55],[-3.15,8.55],[-3.15,8.55],[-3.15,8.55],[-3.16,8.56],[-3.16,8.55],[-3.16,8.55],[-3.17,8.55],[-3.17,8.56],[-3.18,8.54],[-3.19,8.54],[-3.19,8.54],[-3.19,8.52],[-3.19,8.52],[-3.19,8.52],[-3.19,8.52],[-3.19,8.52],[-3.19,8.52],[-3.19,8.52],[-3.19,8.52],[-3.2,8.51],[-3.2,8.51],[-3.2,8.51],[-3.2,8.51],[-3.2,8.51],[-3.21,8.51],[-3.21,8.51],[-3.21,8.51],[-3.21,8.51],[-3.21,8.51],[-3.22,8.51],[-3.22,8.51],[-3.22,8.51],[-3.23,8.51],[-3.23,8.51],[-3.23,8.51],[-3.23,8.51],[-3.23,8.5],[-3.24,8.5],[-3.24,8.5],[-3.24,8.5],[-3.24,8.49],[-3.24,8.49],[-3.25,8.49],[-3.25,8.49],[-3.26,8.49],[-3.26,8.49],[-3.26,8.49],[-3.26,8.49],[-3.26,8.49],[-3.27,8.49],[-3.27,8.49],[-3.27,8.49],[-3.27,8.49],[-3.27,8.48],[-3.27,8.48],[-3.27,8.48],[-3.28,8.48],[-3.28,8.48],[-3.28,8.48],[-3.28,8.48],[-3.28,8.48],[-3.28,8.48],[-3.28,8.48],[-3.28,8.47],[-3.28,8.47],[-3.29,8.47],[-3.29,8.47],[-3.29,8.47],[-3.29,8.47],[-3.29,8.47],[-3.29,8.47],[-3.29,8.46],[-3.29,8.46],[-3.29,8.46],[-3.3,8.46],[-3.3,8.46],[-3.3,8.46],[-3.3,8.46],[-3.3,8.46],[-3.3,8.46],[-3.31,8.45],[-3.31,8.45],[-3.31,8.46],[-3.31,8.46],[-3.31,8.46],[-3.32,8.46],[-3.32,8.46],[-3.32,8.45],[-3.32,8.45],[-3.32,8.45],[-3.32,8.45],[-3.32,8.45],[-3.32,8.45],[-3.32,8.45],[-3.32,8.44],[-3.32,8.44],[-3.31,8.44],[-3.31,8.44],[-3.31,8.44],[-3.31,8.44],[-3.31,8.43],[-3.31,8.43],[-3.31,8.43],[-3.31,8.43],[-3.31,8.42],[-3.31,8.42],[-3.31,8.42],[-3.31,8.42],[-3.31,8.41],[-3.31,8.41],[-3.31,8.41],[-3.31,8.41],[-3.31,8.4],[-3.31,8.4],[-3.31,8.4],[-3.31,8.4],[-3.31,8.39],[-3.31,8.39],[-3.31,8.39],[-3.31,8.39],[-3.33,8.38],[-3.33,8.37],[-3.33,8.37],[-3.33,8.37],[-3.33,8.37],[-3.34,8.35],[-3.34,8.34],[-3.34,8.34],[-3.34,8.34],[-3.34,8.34],[-3.34,8.33],[-3.34,8.33],[-3.34,8.33],[-3.34,8.32],[-3.34,8.32],[-3.34,8.32],[-3.34,8.32],[-3.34,8.31],[-3.34,8.31],[-3.34,8.31],[-3.34,8.31],[-3.34,8.31],[-3.35,8.31],[-3.35,8.31],[-3.35,8.3],[-3.35,8.3],[-3.35,8.3],[-3.35,8.3],[-3.35,8.3],[-3.36,8.3],[-3.36,8.3],[-3.36,8.3],[-3.36,8.3],[-3.36,8.3],[-3.37,8.3],[-3.37,8.3],[-3.37,8.3],[-3.37,8.3],[-3.37,8.3],[-3.37,8.3],[-3.38,8.3],[-3.38,8.3],[-3.38,8.3],[-3.38,8.3],[-3.38,8.3],[-3.38,8.3],[-3.39,8.3],[-3.39,8.3],[-3.39,8.3],[-3.39,8.3],[-3.4,8.3],[-3.4,8.3],[-3.4,8.3],[-3.4,8.3],[-3.4,8.3],[-3.41,8.3],[-3.41,8.3],[-3.41,8.3],[-3.41,8.29],[-3.41,8.29],[-3.41,8.29],[-3.41,8.29],[-3.42,8.29],[-3.42,8.29],[-3.42,8.29],[-3.42,8.29],[-3.42,8.29],[-3.42,8.28],[-3.42,8.28],[-3.42,8.28],[-3.42,8.28],[-3.42,8.28],[-3.42,8.28],[-3.42,8.28],[-3.43,8.28],[-3.43,8.27],[-3.43,8.27],[-3.43,8.26],[-3.43,8.26],[-3.43,8.26],[-3.44,8.26],[-3.44,8.26],[-3.44,8.26],[-3.44,8.26],[-3.44,8.26],[-3.44,8.26],[-3.45,8.26],[-3.45,8.26],[-3.45,8.26],[-3.45,8.26],[-3.45,8.26],[-3.45,8.26],[-3.46,8.26],[-3.46,8.26],[-3.46,8.25],[-3.46,8.25],[-3.46,8.25],[-3.46,8.25],[-3.46,8.25],[-3.46,8.25],[-3.47,8.25],[-3.47,8.25],[-3.47,8.25],[-3.47,8.25],[-3.47,8.25],[-3.47,8.25],[-3.48,8.25],[-3.48,8.25],[-3.48,8.25],[-3.48,8.25],[-3.48,8.25],[-3.49,8.25],[-3.49,8.25],[-3.49,8.25],[-3.49,8.24],[-3.49,8.24],[-3.49,8.24],[-3.49,8.24],[-3.5,8.24],[-3.5,8.24],[-3.5,8.24],[-3.5,8.24],[-3.5,8.24],[-3.5,8.24],[-3.5,8.24],[-3.5,8.24],[-3.51,8.24],[-3.51,8.24],[-3.51,8.23],[-3.51,8.23],[-3.51,8.23],[-3.52,8.23],[-3.52,8.23],[-3.52,8.23],[-3.52,8.23],[-3.52,8.23],[-3.52,8.23],[-3.53,8.23],[-3.53,8.23],[-3.53,8.23],[-3.53,8.23],[-3.53,8.23],[-3.53,8.23],[-3.54,8.23],[-3.54,8.23],[-3.54,8.23],[-3.54,8.22],[-3.54,8.22],[-3.54,8.22],[-3.54,8.22],[-3.54,8.22],[-3.55,8.22],[-3.55,8.22],[-3.55,8.22],[-3.55,8.22],[-3.55,8.22],[-3.55,8.22],[-3.56,8.22],[-3.56,8.22],[-3.56,8.22],[-3.56,8.22],[-3.56,8.22],[-3.56,8.21],[-3.56,8.21],[-3.56,8.21],[-3.56,8.21],[-3.56,8.21],[-3.56,8.21],[-3.56,8.21],[-3.56,8.21],[-3.56,8.2],[-3.56,8.2],[-3.56,8.2],[-3.57,8.2],[-3.57,8.2],[-3.57,8.2],[-3.57,8.2],[-3.58,8.2],[-3.58,8.2],[-3.58,8.2],[-3.58,8.2],[-3.58,8.2],[-3.58,8.21],[-3.58,8.21],[-3.58,8.21],[-3.59,8.21],[-3.59,8.21],[-3.59,8.21],[-3.59,8.21],[-3.59,8.22],[-3.59,8.22],[-3.59,8.22],[-3.59,8.22],[-3.59,8.23],[-3.6,8.23],[-3.59,8.23],[-3.59,8.23],[-3.59,8.23],[-3.59,8.23],[-3.59,8.24],[-3.59,8.24],[-3.6,8.24],[-3.6,8.24],[-3.6,8.24],[-3.6,8.24],[-3.6,8.25],[-3.6,8.25],[-3.59,8.25],[-3.59,8.25],[-3.59,8.26],[-3.6,8.26],[-3.6,8.26],[-3.6,8.26],[-3.6,8.26],[-3.6,8.26],[-3.6,8.27],[-3.6,8.27],[-3.61,8.27],[-3.61,8.27],[-3.61,8.27],[-3.61,8.28],[-3.61,8.28],[-3.61,8.28],[-3.61,8.28],[-3.61,8.29],[-3.61,8.29],[-3.61,8.29],[-3.62,8.29],[-3.62,8.29],[-3.62,8.29],[-3.62,8.29],[-3.62,8.29],[-3.63,8.29],[-3.63,8.3],[-3.63,8.3],[-3.63,8.3],[-3.63,8.3],[-3.63,8.3],[-3.64,8.3],[-3.64,8.31],[-3.64,8.31],[-3.64,8.31],[-3.64,8.31],[-3.64,8.31],[-3.65,8.32],[-3.65,8.32],[-3.65,8.32],[-3.65,8.32],[-3.66,8.32],[-3.66,8.32],[-3.66,8.32],[-3.66,8.32],[-3.66,8.32],[-3.67,8.32],[-3.67,8.32],[-3.67,8.32],[-3.67,8.32],[-3.67,8.32],[-3.68,8.32],[-3.68,8.31],[-3.68,8.31],[-3.68,8.31],[-3.68,8.31],[-3.69,8.31],[-3.69,8.31],[-3.69,8.3],[-3.69,8.3],[-3.69,8.3],[-3.69,8.3],[-3.69,8.3],[-3.69,8.3],[-3.7,8.3],[-3.7,8.3],[-3.7,8.29],[-3.7,8.29],[-3.7,8.29],[-3.7,8.29],[-3.7,8.29],[-3.7,8.28],[-3.7,8.28],[-3.7,8.28],[-3.71,8.28],[-3.71,8.28],[-3.71,8.28],[-3.71,8.28],[-3.71,8.27],[-3.71,8.27],[-3.72,8.27],[-3.72,8.27],[-3.72,8.27],[-3.72,8.27],[-3.72,8.27],[-3.73,8.27],[-3.73,8.27],[-3.73,8.27],[-3.73,8.27],[-3.73,8.27],[-3.74,8.27],[-3.74,8.28],[-3.74,8.28],[-3.75,8.28],[-3.75,8.28],[-3.75,8.28],[-3.75,8.28],[-3.76,8.28],[-3.76,8.28],[-3.76,8.28],[-3.76,8.28],[-3.77,8.28],[-3.77,8.28],[-3.77,8.28],[-3.77,8.28],[-3.77,8.28],[-3.78,8.28],[-3.78,8.28],[-3.78,8.28],[-3.78,8.28],[-3.79,8.29],[-3.79,8.28],[-3.79,8.28],[-3.79,8.28],[-3.79,8.28],[-3.79,8.28],[-3.8,8.28],[-3.8,8.28],[-3.8,8.28],[-3.8,8.28],[-3.81,8.28],[-3.81,8.28],[-3.81,8.28],[-3.81,8.28],[-3.81,8.28],[-3.82,8.28],[-3.82,8.28],[-3.82,8.28],[-3.82,8.27],[-3.82,8.28],[-3.82,8.28],[-3.82,8.28],[-3.82,8.28],[-3.83,8.28],[-3.83,8.29],[-3.83,8.29],[-3.83,8.29],[-3.83,8.29],[-3.83,8.3],[-3.82,8.3],[-3.82,8.3],[-3.82,8.3],[-3.82,8.3],[-3.82,8.31],[-3.82,8.31],[-3.82,8.31],[-3.82,8.31],[-3.82,8.32],[-3.82,8.32],[-3.82,8.32],[-3.82,8.33],[-3.82,8.33],[-3.82,8.33],[-3.83,8.33],[-3.83,8.33],[-3.83,8.33],[-3.83,8.33],[-3.83,8.33],[-3.83,8.34],[-3.83,8.34],[-3.83,8.34],[-3.83,8.34],[-3.83,8.35],[-3.83,8.35],[-3.83,8.35],[-3.83,8.35],[-3.84,8.36],[-3.84,8.36],[-3.84,8.36],[-3.85,8.36],[-3.85,8.36],[-3.85,8.36],[-3.85,8.36],[-3.85,8.36],[-3.86,8.36],[-3.86,8.36],[-3.86,8.36],[-3.87,8.36],[-3.87,8.37],[-3.87,8.37],[-3.87,8.37],[-3.88,8.37],[-3.88,8.38],[-3.88,8.38],[-3.88,8.38],[-3.88,8.38],[-3.88,8.38],[-3.88,8.38],[-3.88,8.39],[-3.88,8.39],[-3.88,8.39],[-3.88,8.4],[-3.88,8.4],[-3.88,8.4],[-3.88,8.4],[-3.89,8.4],[-3.89,8.4],[-3.9,8.4],[-3.9,8.4],[-3.9,8.4],[-3.9,8.4],[-3.9,8.4],[-3.91,8.41],[-3.91,8.41],[-3.91,8.41],[-3.91,8.41],[-3.92,8.41],[-3.92,8.41],[-3.92,8.41],[-3.92,8.41],[-3.92,8.41],[-3.92,8.41],[-3.93,8.42],[-3.93,8.42],[-3.93,8.42],[-3.93,8.42],[-3.93,8.43],[-3.94,8.43],[-3.94,8.43],[-3.94,8.43],[-3.94,8.44],[-3.94,8.44],[-3.94,8.44],[-3.94,8.44],[-3.95,8.44],[-3.95,8.44],[-3.95,8.45],[-3.95,8.44],[-3.96,8.44],[-3.96,8.44],[-3.96,8.44],[-3.96,8.44],[-3.96,8.44],[-3.97,8.43],[-3.97,8.43],[-3.97,8.43],[-3.98,8.43],[-3.98,8.43],[-3.98,8.43],[-3.98,8.43],[-3.98,8.43],[-3.99,8.43],[-3.99,8.43],[-3.99,8.43],[-3.99,8.43],[-4.0,8.43],[-4.0,8.43],[-4.0,8.43],[-4.0,8.43],[-4.0,8.43],[-4.0,8.43],[-4.01,8.43],[-4.01,8.43],[-4.0,8.42],[-4.0,8.42],[-4.0,8.42],[-4.0,8.41],[-4.0,8.41],[-4.0,8.41],[-4.0,8.41],[-4.0,8.41],[-4.0,8.4],[-4.0,8.4],[-3.99,8.4],[-3.99,8.4],[-3.99,8.4],[-3.99,8.4],[-3.98,8.4],[-3.98,8.4],[-3.98,8.4],[-3.98,8.4],[-3.98,8.4],[-3.97,8.4],[-3.97,8.4],[-3.97,8.4],[-3.97,8.4],[-3.96,8.4],[-3.96,8.4],[-3.96,8.4],[-3.96,8.39],[-3.96,8.39],[-3.96,8.39],[-3.96,8.38],[-3.96,8.38],[-3.96,8.38],[-3.97,8.38],[-3.97,8.38],[-3.97,8.38],[-3.98,8.37],[-3.98,8.37],[-3.98,8.37],[-3.98,8.37],[-3.99,8.37],[-3.99,8.37],[-3.99,8.37],[-3.99,8.37],[-3.99,8.37],[-3.99,8.36],[-3.99,8.36],[-3.99,8.36],[-3.98,8.36],[-3.98,8.36],[-3.98,8.36],[-3.98,8.35],[-3.98,8.35],[-3.98,8.35],[-3.97,8.35],[-3.97,8.35],[-3.97,8.35],[-3.97,8.35],[-3.97,8.35],[-3.96,8.35],[-3.96,8.35],[-3.96,8.35],[-3.96,8.34],[-3.96,8.34],[-3.96,8.34],[-3.96,8.34],[-3.96,8.33],[-3.96,8.33],[-3.97,8.33],[-3.97,8.33],[-3.97,8.32],[-3.97,8.32],[-3.97,8.32],[-3.97,8.31],[-3.97,8.31],[-3.97,8.31],[-3.97,8.31],[-3.97,8.3],[-3.97,8.3],[-3.97,8.3],[-3.97,8.3],[-3.98,8.3],[-3.98,8.3],[-3.98,8.3],[-3.98,8.3],[-3.98,8.3],[-3.99,8.3],[-3.99,8.3],[-3.99,8.3],[-3.99,8.3],[-4.0,8.3],[-4.0,8.3],[-4.0,8.3],[-4.0,8.3],[-4.0,8.3],[-4.01,8.3],[-4.01,8.3],[-4.01,8.3],[-4.01,8.3],[-4.02,8.3],[-4.02,8.3],[-4.02,8.3],[-4.02,8.3],[-4.03,8.31],[-4.03,8.31],[-4.03,8.31],[-4.03,8.31],[-4.03,8.31],[-4.04,8.31],[-4.04,8.31],[-4.04,8.31],[-4.04,8.31],[-4.04,8.31],[-4.05,8.31],[-4.05,8.31],[-4.05,8.31],[-4.05,8.3],[-4.05,8.3],[-4.05,8.3],[-4.06,8.3],[-4.06,8.3],[-4.06,8.3],[-4.06,8.3],[-4.06,8.29],[-4.06,8.29],[-4.06,8.29],[-4.06,8.28],[-4.06,8.28],[-4.05,8.28],[-4.05,8.28],[-4.05,8.28],[-4.05,8.28],[-4.05,8.27],[-4.05,8.27],[-4.04,8.27],[-4.04,8.27],[-4.04,8.26],[-4.04,8.26],[-4.04,8.26],[-4.04,8.26],[-4.04,8.26],[-4.03,8.26],[-4.03,8.26],[-4.03,8.26],[-4.03,8.25],[-4.03,8.25],[-4.02,8.25],[-4.02,8.25],[-4.02,8.25],[-4.02,8.24],[-4.02,8.24],[-4.02,8.24],[-4.01,8.24],[-4.01,8.24],[-4.01,8.24],[-4.01,8.23],[-4.01,8.23],[-4.01,8.23],[-4.01,8.22],[-4.01,8.22],[-4.01,8.22],[-4.01,8.22],[-4.02,8.22],[-4.02,8.21],[-4.02,8.21],[-4.02,8.21],[-4.02,8.21],[-4.03,8.21],[-4.03,8.21],[-4.03,8.2],[-4.03,8.2],[-4.03,8.2],[-4.03,8.2],[-4.04,8.2],[-4.04,8.19],[-4.04,8.19],[-4.04,8.19],[-4.04,8.19],[-4.03,8.19],[-4.03,8.18],[-4.03,8.18],[-4.03,8.18],[-4.03,8.18],[-4.03,8.18],[-4.03,8.18],[-4.03,8.18],[-4.03,8.17],[-4.03,8.17],[-4.03,8.17],[-4.02,8.17],[-4.02,8.17],[-4.02,8.17],[-4.02,8.17],[-4.02,8.17],[-4.01,8.17],[-4.01,8.17],[-4.01,8.17],[-4.01,8.17],[-4.01,8.17],[-4.01,8.17],[-4.01,8.17],[-4.0,8.17],[-4.0,8.17],[-4.0,8.17],[-4.0,8.17],[-4.0,8.17],[-4.0,8.17],[-4.0,8.17],[-4.0,8.17],[-3.99,8.17],[-3.99,8.17],[-3.99,8.17],[-3.99,8.17],[-3.99,8.17],[-3.98,8.17],[-3.98,8.17],[-3.98,8.16],[-3.98,8.16],[-3.98,8.16],[-3.98,8.16],[-3.98,8.16],[-3.98,8.16],[-3.98,8.15],[-3.98,8.15],[-3.98,8.15],[-3.97,8.15],[-3.97,8.15],[-3.97,8.15],[-3.97,8.15],[-3.97,8.15],[-3.97,8.14],[-3.97,8.14],[-3.97,8.14],[-3.96,8.14],[-3.96,8.14],[-3.96,8.14],[-3.96,8.14],[-3.96,8.14],[-3.96,8.13],[-3.96,8.13],[-3.96,8.13],[-3.96,8.13],[-3.96,8.13],[-3.95,8.13],[-3.95,8.13],[-3.95,8.13],[-3.95,8.13],[-3.95,8.12],[-3.95,8.12],[-3.95,8.12],[-3.95,8.12],[-3.95,8.12],[-3.94,8.12],[-3.94,8.12],[-3.94,8.12],[-3.94,8.12],[-3.94,8.12],[-3.94,8.12],[-3.94,8.12],[-3.93,8.12],[-3.93,8.12],[-3.93,8.12],[-3.93,8.12],[-3.93,8.11],[-3.93,8.11],[-3.93,8.11],[-3.93,8.11],[-3.93,8.11],[-3.93,8.11],[-3.94,8.11],[-3.94,8.1],[-3.94,8.1],[-3.94,8.1],[-3.94,8.1],[-3.94,8.11],[-3.95,8.11],[-3.95,8.11],[-3.95,8.1],[-3.95,8.1],[-3.95,8.1],[-3.96,8.1],[-3.96,8.1],[-3.96,8.1],[-3.96,8.1],[-3.96,8.11],[-3.96,8.11],[-3.97,8.11],[-3.97,8.11],[-3.97,8.11],[-3.97,8.11],[-3.97,8.11],[-3.98,8.11],[-3.98,8.11],[-3.98,8.11],[-3.98,8.11],[-3.98,8.11],[-3.98,8.11],[-3.98,8.11],[-3.99,8.11],[-3.99,8.11],[-3.99,8.11],[-4.0,8.11],[-4.0,8.11],[-4.0,8.1],[-4.0,8.1],[-4.0,8.1],[-4.0,8.1],[-4.0,8.1],[-4.01,8.1],[-4.01,8.09],[-4.01,8.09],[-4.01,8.09],[-4.01,8.09],[-4.0,8.09],[-4.0,8.09],[-4.0,8.08],[-4.0,8.08],[-4.0,8.08],[-4.0,8.08],[-4.01,8.08],[-4.01,8.08],[-4.01,8.07],[-4.01,8.07],[-4.01,8.07],[-4.01,8.07],[-4.01,8.07],[-4.01,8.07],[-4.01,8.07],[-4.01,8.07],[-4.01,8.06],[-4.02,8.06],[-4.02,8.06],[-4.02,8.06],[-4.02,8.06],[-4.02,8.06],[-4.02,8.06],[-4.02,8.05],[-4.02,8.05],[-4.02,8.05],[-4.02,8.05],[-4.02,8.05],[-4.02,8.05],[-4.01,8.04],[-4.01,8.04],[-4.01,8.04],[-4.01,8.04],[-4.01,8.04],[-4.01,8.04],[-4.01,8.04],[-4.01,8.04],[-4.01,8.04],[-4.0,8.04],[-4.0,8.04],[-4.0,8.03],[-4.0,8.03],[-4.0,8.03],[-4.0,8.03],[-4.0,8.03],[-4.0,8.03],[-4.0,8.03],[-3.99,8.03],[-3.99,8.03],[-3.99,8.03],[-3.99,8.03],[-3.99,8.02],[-3.98,8.03],[-3.98,8.03],[-3.98,8.03],[-3.98,8.03],[-3.98,8.02],[-3.98,8.02],[-3.98,8.02],[-3.98,8.02],[-3.97,8.02],[-3.97,8.02],[-3.97,8.02],[-3.97,8.02],[-3.97,8.02],[-3.98,8.01],[-3.98,8.01],[-3.98,8.01],[-3.98,8.01],[-3.98,8.01],[-3.98,8.01],[-3.98,8.01],[-3.98,8.01],[-3.99,8.01],[-3.99,8.01],[-3.99,8.01],[-3.99,8.01],[-3.99,8.01],[-3.99,8.01],[-4.0,8.01],[-4.0,8.01],[-4.0,8.01],[-4.0,8.0],[-4.0,8.0],[-4.0,8.0],[-4.0,8.0],[-4.0,8.0],[-4.0,8.0],[-4.0,8.0],[-4.01,7.99],[-4.01,7.99],[-4.01,7.99],[-4.01,7.99],[-4.01,7.99],[-4.01,7.99],[-4.01,7.99],[-4.01,7.99],[-4.02,7.99],[-4.02,7.99],[-4.02,7.99],[-4.02,7.99],[-4.02,7.98],[-4.02,7.98],[-4.02,7.98],[-4.02,7.98],[-4.02,7.98],[-4.02,7.97],[-4.02,7.97],[-4.02,7.97],[-4.02,7.97],[-4.02,7.97],[-4.02,7.97],[-4.02,7.97],[-4.02,7.96],[-4.02,7.96],[-4.02,7.96],[-4.02,7.96],[-4.02,7.96],[-4.02,7.96],[-4.02,7.96],[-4.02,7.95],[-4.01,7.95],[-4.01,7.95],[-4.01,7.95],[-4.01,7.95],[-4.01,7.95],[-4.01,7.95],[-4.01,7.95],[-4.0,7.95],[-4.0,7.95],[-4.0,7.95],[-4.0,7.95],[-4.0,7.96],[-4.0,7.96],[-4.0,7.96],[-4.0,7.96],[-4.0,7.96],[-3.99,7.96],[-3.99,7.96],[-3.99,7.96],[-3.99,7.97],[-3.99,7.97],[-3.99,7.97],[-3.98,7.97],[-3.98,7.97],[-3.98,7.97],[-3.98,7.97],[-3.98,7.97],[-3.97,7.97],[-3.97,7.97],[-3.97,7.97],[-3.97,7.97],[-3.96,7.97],[-3.96,7.97],[-3.96,7.97],[-3.96,7.97],[-3.96,7.97],[-3.96,7.97],[-3.96,7.97],[-3.95,7.97],[-3.95,7.97],[-3.95,7.97],[-3.95,7.97],[-3.95,7.97],[-3.95,7.97],[-3.94,7.97],[-3.94,7.97],[-3.94,7.97],[-3.94,7.97],[-3.94,7.97],[-3.94,7.97],[-3.94,7.98],[-3.94,7.98],[-3.93,7.98],[-3.93,7.97],[-3.93,7.97],[-3.93,7.97],[-3.93,7.97],[-3.93,7.97],[-3.93,7.97],[-3.93,7.97],[-3.93,7.97],[-3.93,7.96],[-3.93,7.96],[-3.92,7.96],[-3.92,7.96],[-3.92,7.96],[-3.93,7.96],[-3.93,7.95],[-3.93,7.95],[-3.93,7.95],[-3.93,7.95],[-3.93,7.95],[-3.93,7.95],[-3.93,7.95],[-3.93,7.94],[-3.94,7.94],[-3.94,7.94],[-3.94,7.94],[-3.94,7.94],[-3.94,7.94],[-3.94,7.94],[-3.95,7.93],[-3.95,7.93],[-3.95,7.93],[-3.95,7.93],[-3.95,7.93],[-3.95,7.93],[-3.95,7.93],[-3.95,7.92],[-3.95,7.92],[-3.95,7.92],[-3.95,7.92],[-3.95,7.92],[-3.95,7.92],[-3.95,7.92],[-3.96,7.92],[-3.96,7.92],[-3.96,7.92],[-3.96,7.92],[-3.96,7.92],[-3.96,7.92],[-3.96,7.92],[-3.97,7.92],[-3.97,7.92],[-3.97,7.92],[-3.97,7.92],[-3.97,7.92],[-3.98,7.92],[-3.98,7.91],[-3.98,7.91],[-3.98,7.91],[-3.98,7.91],[-3.98,7.91],[-3.98,7.91],[-3.99,7.91],[-3.99,7.91],[-3.99,7.91],[-3.99,7.91],[-4.0,7.91],[-4.0,7.91],[-4.0,7.91],[-4.0,7.91],[-4.0,7.91],[-4.0,7.9],[-4.0,7.9],[-4.0,7.9],[-4.0,7.9],[-4.0,7.9],[-4.0,7.9],[-3.99,7.9],[-3.99,7.9],[-3.99,7.9],[-3.99,7.9],[-3.99,7.9],[-3.98,7.9],[-3.98,7.9],[-3.98,7.89],[-3.98,7.89],[-3.98,7.89],[-3.98,7.89],[-3.98,7.89],[-3.97,7.89],[-3.97,7.89],[-3.97,7.89],[-3.97,7.89],[-3.97,7.89],[-3.96,7.89],[-3.96,7.89],[-3.96,7.89],[-3.96,7.89],[-3.95,7.89],[-3.95,7.89],[-3.95,7.89],[-3.95,7.89],[-3.95,7.89],[-3.95,7.89],[-3.94,7.89],[-3.94,7.89],[-3.94,7.89],[-3.94,7.89],[-3.94,7.89],[-3.94,7.89],[-3.94,7.89],[-3.93,7.88],[-3.93,7.88],[-3.93,7.88],[-3.93,7.88],[-3.93,7.88],[-3.93,7.88],[-3.92,7.88],[-3.92,7.88],[-3.92,7.88],[-3.92,7.88],[-3.92,7.88],[-3.92,7.88],[-3.91,7.88],[-3.91,7.88],[-3.91,7.88],[-3.91,7.88],[-3.91,7.88],[-3.91,7.88],[-3.9,7.88],[-3.9,7.88],[-3.9,7.88],[-3.9,7.88],[-3.9,7.88],[-3.89,7.88],[-3.89,7.88],[-3.89,7.88],[-3.89,7.88],[-3.89,7.88],[-3.88,7.88],[-3.88,7.88],[-3.88,7.88],[-3.88,7.87],[-3.88,7.87],[-3.88,7.87],[-3.88,7.87],[-3.88,7.87],[-3.88,7.87],[-3.88,7.86],[-3.88,7.86],[-3.87,7.86],[-3.87,7.86],[-3.87,7.86],[-3.87,7.86],[-3.87,7.86],[-3.87,7.85],[-3.87,7.85],[-3.87,7.85],[-3.87,7.85],[-3.87,7.85],[-3.87,7.85],[-3.87,7.84],[-3.87,7.84],[-3.87,7.84],[-3.87,7.84],[-3.87,7.84],[-3.87,7.84],[-3.87,7.84],[-3.87,7.84],[-3.87,7.83],[-3.87,7.83],[-3.87,7.83],[-3.87,7.83],[-3.88,7.83],[-3.88,7.83],[-3.88,7.83],[-3.88,7.83],[-3.88,7.82],[-3.88,7.82],[-3.88,7.82],[-3.88,7.82],[-3.88,7.82],[-3.88,7.82],[-3.88,7.81],[-3.88,7.81],[-3.88,7.81],[-3.88,7.81],[-3.88,7.81],[-3.87,7.81],[-3.87,7.81],[-3.87,7.81],[-3.87,7.81],[-3.87,7.8],[-3.87,7.8],[-3.86,7.8],[-3.86,7.8],[-3.86,7.8],[-3.86,7.8],[-3.86,7.8],[-3.86,7.8],[-3.86,7.79],[-3.86,7.79],[-3.86,7.79],[-3.86,7.79],[-3.87,7.79],[-3.87,7.79],[-3.87,7.78],[-3.87,7.78],[-3.87,7.78],[-3.88,7.78],[-3.88,7.77],[-3.88,7.77],[-3.88,7.77],[-3.87,7.77],[-3.87,7.77],[-3.87,7.77],[-3.87,7.77],[-3.86,7.77],[-3.86,7.77],[-3.86,7.77],[-3.86,7.77],[-3.86,7.77],[-3.86,7.77],[-3.85,7.77],[-3.85,7.77],[-3.85,7.77],[-3.85,7.77],[-3.84,7.77],[-3.84,7.77],[-3.84,7.77],[-3.84,7.77],[-3.83,7.77],[-3.83,7.77],[-3.83,7.76],[-3.83,7.76],[-3.83,7.76],[-3.83,7.76],[-3.83,7.76],[-3.83,7.76],[-3.83,7.75],[-3.83,7.75],[-3.83,7.75],[-3.83,7.75],[-3.83,7.75],[-3.83,7.75],[-3.83,7.74],[-3.83,7.74],[-3.83,7.74],[-3.83,7.74],[-3.82,7.74],[-3.82,7.74],[-3.82,7.74],[-3.82,7.74],[-3.82,7.74],[-3.81,7.74],[-3.81,7.74],[-3.81,7.74],[-3.81,7.74],[-3.81,7.74],[-3.8,7.74],[-3.8,7.74],[-3.8,7.74],[-3.8,7.74],[-3.79,7.74],[-3.79,7.74],[-3.79,7.74],[-3.79,7.74],[-3.79,7.74],[-3.79,7.74],[-3.78,7.74],[-3.78,7.74],[-3.78,7.74],[-3.78,7.74],[-3.77,7.74],[-3.77,7.74],[-3.77,7.74],[-3.77,7.74],[-3.76,7.74],[-3.76,7.74],[-3.76,7.73],[-3.76,7.73],[-3.76,7.73],[-3.76,7.73],[-3.75,7.73],[-3.75,7.73],[-3.75,7.73],[-3.75,7.73],[-3.75,7.73],[-3.75,7.73],[-3.74,7.74],[-3.74,7.74],[-3.74,7.74],[-3.74,7.74],[-3.74,7.74],[-3.74,7.74],[-3.74,7.74],[-3.74,7.73],[-3.73,7.73],[-3.73,7.73],[-3.73,7.73],[-3.73,7.73],[-3.73,7.72],[-3.73,7.72],[-3.73,7.72],[-3.73,7.72],[-3.73,7.72],[-3.73,7.72],[-3.73,7.71],[-3.73,7.71],[-3.73,7.71],[-3.73,7.71],[-3.73,7.71],[-3.73,7.7],[-3.73,7.7],[-3.73,7.7],[-3.73,7.7],[-3.73,7.7],[-3.74,7.7],[-3.74,7.69],[-3.74,7.69],[-3.74,7.69],[-3.74,7.68],[-3.74,7.68],[-3.74,7.68],[-3.74,7.68],[-3.74,7.68],[-3.74,7.67],[-3.74,7.67],[-3.73,7.67],[-3.73,7.67],[-3.73,7.67],[-3.73,7.66],[-3.73,7.66],[-3.73,7.66],[-3.73,7.66],[-3.73,7.66],[-3.73,7.66],[-3.73,7.66],[-3.72,7.66],[-3.72,7.66],[-3.72,7.65],[-3.72,7.65],[-3.71,7.65],[-3.71,7.65],[-3.71,7.65],[-3.71,7.65],[-3.71,7.65],[-3.71,7.65],[-3.7,7.65],[-3.7,7.65],[-3.7,7.65],[-3.69,7.65],[-3.69,7.65],[-3.69,7.64],[-3.69,7.64],[-3.69,7.64],[-3.69,7.64],[-3.68,7.64],[-3.68,7.63],[-3.68,7.63],[-3.68,7.63],[-3.69,7.63],[-3.69,7.63],[-3.68,7.63],[-3.68,7.62],[-3.68,7.62],[-3.68,7.62],[-3.68,7.62],[-3.68,7.62],[-3.68,7.62],[-3.68,7.61],[-3.67,7.61],[-3.67,7.61],[-3.67,7.61],[-3.67,7.61],[-3.67,7.6],[-3.67,7.6],[-3.67,7.6],[-3.67,7.6],[-3.66,7.6],[-3.66,7.59],[-3.66,7.59],[-3.66,7.59],[-3.66,7.59],[-3.66,7.59],[-3.66,7.58],[-3.66,7.58],[-3.66,7.58],[-3.66,7.58],[-3.65,7.58],[-3.65,7.58],[-3.65,7.58],[-3.65,7.57],[-3.65,7.57],[-3.65,7.58],[-3.64,7.58],[-3.64,7.58],[-3.64,7.58],[-3.64,7.58],[-3.63,7.58],[-3.63,7.58],[-3.63,7.58],[-3.63,7.58],[-3.63,7.59],[-3.63,7.59],[-3.62,7.59],[-3.62,7.59],[-3.62,7.59],[-3.62,7.59],[-3.62,7.59],[-3.61,7.59],[-3.61,7.59],[-3.61,7.59],[-3.61,7.59],[-3.6,7.59],[-3.6,7.59],[-3.6,7.59],[-3.6,7.59],[-3.6,7.59],[-3.59,7.59],[-3.59,7.59],[-3.59,7.59],[-3.59,7.59],[-3.58,7.58],[-3.58,7.58],[-3.58,7.58],[-3.58,7.58],[-3.58,7.58],[-3.58,7.57],[-3.58,7.57],[-3.58,7.57],[-3.58,7.57],[-3.58,7.56],[-3.58,7.56],[-3.58,7.56],[-3.58,7.56],[-3.58,7.55],[-3.58,7.55],[-3.58,7.55],[-3.58,7.55],[-3.58,7.55],[-3.58,7.54],[-3.58,7.54],[-3.58,7.54],[-3.58,7.54],[-3.59,7.54],[-3.59,7.54],[-3.59,7.54],[-3.59,7.54],[-3.59,7.54],[-3.6,7.53],[-3.6,7.53],[-3.6,7.53],[-3.6,7.53],[-3.6,7.53],[-3.6,7.53],[-3.6,7.53],[-3.6,7.52],[-3.6,7.52],[-3.6,7.52],[-3.6,7.52],[-3.6,7.52],[-3.59,7.51],[-3.59,7.51],[-3.59,7.51],[-3.59,7.51],[-3.59,7.51],[-3.58,7.51],[-3.58,7.51],[-3.58,7.5],[-3.58,7.5],[-3.58,7.5],[-3.58,7.5],[-3.58,7.5],[-3.57,7.5],[-3.57,7.5],[-3.57,7.49],[-3.56,7.49],[-3.56,7.49],[-3.56,7.49],[-3.56,7.49],[-3.55,7.49],[-3.55,7.49],[-3.55,7.49],[-3.55,7.49],[-3.54,7.49],[-3.54,7.49],[-3.54,7.49],[-3.54,7.49],[-3.54,7.49],[-3.53,7.48],[-3.53,7.48],[-3.53,7.48],[-3.53,7.48],[-3.53,7.47],[-3.53,7.47],[-3.53,7.47],[-3.53,7.47],[-3.53,7.47],[-3.53,7.46],[-3.53,7.46],[-3.52,7.46],[-3.52,7.46],[-3.52,7.46],[-3.52,7.45],[-3.52,7.45],[-3.52,7.45],[-3.52,7.45],[-3.51,7.45],[-3.51,7.45],[-3.51,7.44],[-3.51,7.44],[-3.5,7.44],[-3.5,7.44],[-3.5,7.43],[-3.5,7.43],[-3.5,7.43],[-3.5,7.43],[-3.5,7.43],[-3.5,7.42],[-3.5,7.42],[-3.5,7.42],[-3.5,7.41],[-3.5,7.41],[-3.5,7.41],[-3.5,7.41],[-3.5,7.41],[-3.5,7.4],[-3.5,7.4],[-3.5,7.4],[-3.5,7.39],[-3.5,7.39],[-3.5,7.39],[-3.5,7.39],[-3.5,7.39],[-3.5,7.39],[-3.5,7.38],[-3.5,7.38],[-3.5,7.38],[-3.51,7.38],[-3.51,7.38],[-3.51,7.38],[-3.51,7.38],[-3.51,7.38],[-3.51,7.37],[-3.52,7.37],[-3.52,7.37],[-3.52,7.37],[-3.52,7.37],[-3.52,7.37],[-3.52,7.36],[-3.52,7.36],[-3.51,7.36],[-3.51,7.36],[-3.52,7.36],[-3.52,7.36],[-3.52,7.35],[-3.51,7.35],[-3.51,7.35],[-3.51,7.35],[-3.5,7.35],[-3.5,7.35],[-3.5,7.35],[-3.5,7.35],[-3.5,7.35],[-3.5,7.35],[-3.5,7.35],[-3.5,7.35],[-3.49,7.35],[-3.49,7.35],[-3.49,7.35],[-3.49,7.35],[-3.48,7.34],[-3.48,7.34],[-3.48,7.34],[-3.48,7.34],[-3.48,7.35],[-3.48,7.35],[-3.48,7.35],[-3.48,7.35],[-3.48,7.35],[-3.48,7.36],[-3.48,7.36],[-3.48,7.36],[-3.48,7.36],[-3.48,7.35],[-3.48,7.35],[-3.48,7.35],[-3.48,7.35],[-3.48,7.35],[-3.47,7.35],[-3.47,7.34],[-3.47,7.34],[-3.47,7.35],[-3.47,7.35],[-3.47,7.35],[-3.47,7.35],[-3.47,7.35],[-3.47,7.35],[-3.47,7.35],[-3.47,7.35],[-3.47,7.35],[-3.47,7.35],[-3.47,7.34],[-3.47,7.34],[-3.46,7.34],[-3.46,7.34],[-3.46,7.34],[-3.46,7.34],[-3.46,7.34],[-3.46,7.35],[-3.46,7.35],[-3.46,7.35],[-3.46,7.35],[-3.46,7.35],[-3.46,7.35],[-3.46,7.35],[-3.46,7.35],[-3.46,7.35],[-3.46,7.35],[-3.45,7.35],[-3.45,7.35],[-3.45,7.35],[-3.46,7.34],[-3.46,7.34],[-3.46,7.34],[-3.45,7.34],[-3.45,7.34],[-3.45,7.34],[-3.45,7.34],[-3.45,7.34],[-3.45,7.34],[-3.45,7.34],[-3.44,7.34],[-3.44,7.34],[-3.44,7.34],[-3.44,7.34],[-3.44,7.34],[-3.44,7.34],[-3.44,7.33],[-3.44,7.33],[-3.44,7.33],[-3.44,7.33],[-3.44,7.33],[-3.44,7.33],[-3.44,7.33],[-3.44,7.33],[-3.43,7.33],[-3.43,7.32],[-3.43,7.32],[-3.43,7.32],[-3.43,7.32],[-3.43,7.32],[-3.43,7.31],[-3.43,7.31],[-3.43,7.31],[-3.43,7.31],[-3.43,7.31],[-3.43,7.3],[-3.43,7.3],[-3.43,7.3],[-3.42,7.3],[-3.42,7.3],[-3.42,7.3],[-3.42,7.3],[-3.42,7.3],[-3.42,7.3],[-3.42,7.3],[-3.42,7.3],[-3.41,7.3],[-3.41,7.29],[-3.41,7.29],[-3.41,7.29],[-3.4,7.29],[-3.4,7.29],[-3.4,7.29],[-3.4,7.29],[-3.4,7.29],[-3.4,7.29],[-3.4,7.29],[-3.4,7.28],[-3.4,7.28],[-3.4,7.28],[-3.39,7.28],[-3.39,7.28],[-3.39,7.27],[-3.39,7.27],[-3.39,7.27],[-3.39,7.27],[-3.39,7.27],[-3.39,7.27],[-3.39,7.26],[-3.39,7.26],[-3.39,7.26],[-3.39,7.26],[-3.38,7.26],[-3.38,7.26],[-3.38,7.26],[-3.38,7.25],[-3.38,7.25],[-3.38,7.25],[-3.38,7.25],[-3.38,7.25],[-3.36,7.26],[-3.35,7.26],[-3.35,7.26],[-3.35,7.26],[-3.35,7.26],[-3.35,7.27],[-3.35,7.27],[-3.35,7.27],[-3.35,7.27],[-3.35,7.27],[-3.34,7.27],[-3.34,7.27],[-3.34,7.28],[-3.34,7.28],[-3.33,7.28],[-3.33,7.28],[-3.33,7.28],[-3.33,7.27],[-3.33,7.27],[-3.33,7.28],[-3.33,7.28],[-3.32,7.28],[-3.32,7.28],[-3.32,7.28],[-3.32,7.28],[-3.32,7.28],[-3.32,7.28],[-3.32,7.28],[-3.32,7.28],[-3.31,7.28],[-3.31,7.28],[-3.31,7.28],[-3.31,7.28],[-3.31,7.28],[-3.31,7.28],[-3.3,7.28],[-3.3,7.28],[-3.3,7.28],[-3.3,7.29],[-3.3,7.29],[-3.3,7.29],[-3.3,7.29],[-3.3,7.29],[-3.3,7.29],[-3.3,7.29],[-3.3,7.29],[-3.3,7.3],[-3.3,7.3],[-3.3,7.3],[-3.3,7.3],[-3.3,7.3],[-3.3,7.3],[-3.3,7.31],[-3.3,7.31],[-3.3,7.31],[-3.3,7.31],[-3.3,7.31],[-3.3,7.31],[-3.31,7.31],[-3.31,7.32],[-3.31,7.32],[-3.31,7.32],[-3.31,7.32],[-3.31,7.32],[-3.31,7.32],[-3.31,7.32],[-3.31,7.32],[-3.31,7.33],[-3.31,7.33],[-3.31,7.33],[-3.31,7.33],[-3.31,7.33],[-3.31,7.33],[-3.31,7.33],[-3.31,7.33],[-3.3,7.33],[-3.3,7.33],[-3.3,7.33],[-3.3,7.33],[-3.3,7.33],[-3.29,7.33],[-3.29,7.33],[-3.29,7.33],[-3.29,7.33],[-3.29,7.33],[-3.29,7.33],[-3.28,7.33],[-3.28,7.33],[-3.28,7.33],[-3.28,7.33],[-3.28,7.33],[-3.28,7.33],[-3.27,7.33],[-3.27,7.33],[-3.27,7.33],[-3.27,7.33],[-3.27,7.33],[-3.26,7.33],[-3.26,7.33],[-3.26,7.33],[-3.26,7.33],[-3.26,7.33],[-3.25,7.33],[-3.25,7.32],[-3.25,7.32],[-3.25,7.32],[-3.25,7.32],[-3.25,7.32],[-3.25,7.32],[-3.25,7.32],[-3.25,7.31],[-3.25,7.31],[-3.25,7.31],[-3.25,7.31],[-3.25,7.3],[-3.25,7.3],[-3.25,7.3],[-3.25,7.3],[-3.25,7.29],[-3.25,7.29],[-3.25,7.29],[-3.25,7.29],[-3.25,7.28],[-3.25,7.28],[-3.25,7.28],[-3.25,7.27],[-3.25,7.27],[-3.25,7.27],[-3.25,7.26],[-3.25,7.26],[-3.25,7.26],[-3.25,7.26],[-3.25,7.25],[-3.25,7.25],[-3.25,7.25],[-3.25,7.25],[-3.25,7.25],[-3.25,7.25],[-3.25,7.24],[-3.25,7.24],[-3.25,7.24],[-3.25,7.24],[-3.24,7.24],[-3.24,7.23],[-3.24,7.23],[-3.24,7.23],[-3.24,7.23],[-3.24,7.23],[-3.24,7.23],[-3.24,7.22],[-3.23,7.22],[-3.23,7.22],[-3.23,7.22],[-3.23,7.22],[-3.23,7.22],[-3.23,7.22],[-3.23,7.22],[-3.22,7.21],[-3.22,7.21],[-3.22,7.21],[-3.22,7.21],[-3.22,7.21],[-3.22,7.21],[-3.22,7.2],[-3.22,7.2],[-3.22,7.18],[-3.22,7.18],[-3.22,7.18],[-3.22,7.19],[-3.22,7.19],[-3.21,7.19],[-3.21,7.19],[-3.21,7.19],[-3.21,7.18],[-3.2,7.18],[-3.2,7.18],[-3.2,7.18],[-3.2,7.18],[-3.2,7.18],[-3.2,7.17],[-3.2,7.17],[-3.19,7.17],[-3.18,7.17],[-3.16,7.15],[-3.16,7.14],[-3.15,7.14],[-3.15,7.14],[-3.15,7.14],[-3.15,7.14],[-3.15,7.14],[-3.14,7.13],[-3.14,7.13],[-3.14,7.13],[-3.14,7.13],[-3.14,7.13],[-3.14,7.13],[-3.13,7.12],[-3.13,7.12],[-3.13,7.12],[-3.13,7.12],[-3.13,7.12],[-3.13,7.12],[-3.13,7.12],[-3.13,7.12],[-3.13,7.11],[-3.13,7.11],[-3.13,7.11],[-3.12,7.11],[-3.12,7.11],[-3.12,7.11],[-3.12,7.1],[-3.12,7.1],[-3.12,7.1],[-3.12,7.1],[-3.12,7.1],[-3.12,7.09],[-3.11,7.09],[-3.08,7.06],[-3.07,7.06],[-3.05,7.07],[-3.04,7.08],[-3.03,7.14],[-2.98,7.2],[-2.96,7.23],[-2.98,7.27],[-2.98,7.33],[-2.98,7.33],[-2.97,7.34],[-2.97,7.37],[-2.96,7.38],[-2.96,7.4],[-2.95,7.45],[-2.95,7.45],[-2.94,7.48],[-2.93,7.5],[-2.94,7.55],[-2.93,7.62],[-2.93,7.62],[-2.89,7.7],[-2.85,7.77],[-2.85,7.78],[-2.83,7.8],[-2.83,7.82],[-2.83,7.82],[-2.79,7.87],[-2.78,7.95],[-2.78,7.95],[-2.77,7.95],[-2.75,7.92],[-2.75,7.92],[-2.75,7.92],[-2.75,7.92],[-2.75,7.92],[-2.75,7.92],[-2.74,7.92],[-2.74,7.92],[-2.74,7.93],[-2.74,7.93],[-2.74,7.93],[-2.74,7.93],[-2.74,7.93],[-2.74,7.93],[-2.74,7.94],[-2.74,7.94],[-2.74,7.94],[-2.74,7.94],[-2.73,7.95],[-2.73,7.95],[-2.73,7.95],[-2.73,7.95],[-2.73,7.95],[-2.73,7.96],[-2.73,7.96],[-2.73,7.96],[-2.73,7.96],[-2.72,7.96],[-2.72,7.96],[-2.72,7.96],[-2.72,7.97],[-2.72,7.97],[-2.72,7.97],[-2.72,7.97],[-2.72,7.97],[-2.71,7.97],[-2.71,7.98],[-2.71,7.98],[-2.71,7.98],[-2.71,7.98],[-2.71,7.98],[-2.71,7.98],[-2.7,7.99],[-2.7,7.99],[-2.7,7.99],[-2.7,7.99],[-2.7,7.99],[-2.7,7.99],[-2.69,7.99],[-2.69,7.99],[-2.69,8.0],[-2.69,8.0],[-2.69,8.0],[-2.69,8.0],[-2.69,8.01],[-2.68,8.02],[-2.67,8.02],[-2.66,8.03],[-2.64,8.03],[-2.62,8.03],[-2.61,8.03],[-2.6,8.03],[-2.59,8.05],[-2.6,8.06],[-2.6,8.07],[-2.62,8.09],[-2.62,8.1],[-2.62,8.11],[-2.62,8.12],[-2.62,8.13],[-2.61,8.15],[-2.6,8.15],[-2.59,8.15],[-2.57,8.15],[-2.56,8.15],[-2.55,8.15],[-2.53,8.17],[-2.5,8.2],[-2.49,8.2],[-2.49,8.21],[-2.49,8.23],[-2.5,8.26],[-2.51,8.3],[-2.51,8.34],[-2.52,8.37],[-2.52,8.42],[-2.53,8.43],[-2.53,8.46],[-2.54,8.5],[-2.55,8.6],[-2.56,8.63],[-2.56,8.68],[-2.58,8.74],[-2.58,8.76],[-2.58,8.78]]]}},{"type":"Feature","properties":{"name":"Grands Ponts","code":"CI15","level":"region","status":"collected","schools":402,"students":126254,"girls":62592,"boys":63662,"district":"Lagunes"},"geometry":{"type":"Polygon","coordinates":[[[-4.92,5.77],[-4.92,5.77],[-4.92,5.77],[-4.92,5.77],[-4.92,5.77],[-4.92,5.77],[-4.93,5.78],[-4.93,5.78],[-4.93,5.78],[-4.93,5.78],[-4.93,5.78],[-4.93,5.79],[-4.93,5.79],[-4.93,5.79],[-4.93,5.79],[-4.93,5.79],[-4.93,5.79],[-4.93,5.79],[-4.93,5.79],[-4.93,5.8],[-4.93,5.8],[-4.93,5.8],[-4.93,5.8],[-4.93,5.8],[-4.93,5.8],[-4.93,5.8],[-4.93,5.81],[-4.93,5.81],[-4.93,5.81],[-4.93,5.81],[-4.94,5.81],[-4.94,5.82],[-4.94,5.82],[-4.94,5.82],[-4.94,5.82],[-4.95,5.82],[-4.95,5.82],[-4.95,5.81],[-4.95,5.81],[-4.95,5.81],[-4.95,5.81],[-4.95,5.81],[-4.95,5.81],[-4.95,5.81],[-4.96,5.81],[-4.96,5.81],[-4.96,5.8],[-4.96,5.8],[-4.96,5.8],[-4.96,5.8],[-4.96,5.8],[-4.96,5.8],[-4.96,5.79],[-4.96,5.79],[-4.96,5.79],[-4.96,5.79],[-4.96,5.79],[-4.96,5.78],[-4.96,5.78],[-4.96,5.78],[-4.96,5.78],[-4.96,5.78],[-4.96,5.78],[-4.96,5.78],[-4.96,5.78],[-4.96,5.77],[-4.96,5.77],[-4.96,5.77],[-4.97,5.77],[-4.97,5.77],[-4.97,5.77],[-4.97,5.77],[-4.97,5.77],[-4.97,5.77],[-4.97,5.76],[-4.97,5.76],[-4.97,5.76],[-4.97,5.76],[-4.97,5.76],[-4.97,5.76],[-4.97,5.76],[-4.97,5.75],[-4.97,5.75],[-4.97,5.75],[-4.97,5.75],[-4.97,5.75],[-4.97,5.75],[-4.97,5.74],[-4.97,5.74],[-4.97,5.74],[-4.97,5.74],[-4.97,5.73],[-4.97,5.73],[-4.97,5.73],[-4.97,5.73],[-4.97,5.73],[-4.97,5.72],[-4.97,5.72],[-4.97,5.72],[-4.97,5.72],[-4.97,5.72],[-4.96,5.71],[-4.96,5.71],[-4.96,5.71],[-4.96,5.71],[-4.96,5.71],[-4.96,5.71],[-4.96,5.7],[-4.96,5.7],[-4.96,5.7],[-4.96,5.7],[-4.95,5.7],[-4.95,5.7],[-4.95,5.7],[-4.95,5.69],[-4.95,5.69],[-4.95,5.69],[-4.95,5.69],[-4.95,5.69],[-4.95,5.69],[-4.95,5.68],[-4.94,5.68],[-4.94,5.68],[-4.94,5.68],[-4.94,5.68],[-4.94,5.68],[-4.94,5.68],[-4.94,5.68],[-4.94,5.68],[-4.94,5.67],[-4.94,5.67],[-4.94,5.67],[-4.95,5.67],[-4.95,5.67],[-4.95,5.67],[-4.95,5.67],[-4.95,5.67],[-4.95,5.67],[-4.95,5.67],[-4.95,5.66],[-4.95,5.66],[-4.95,5.66],[-4.95,5.66],[-4.95,5.66],[-4.95,5.66],[-4.95,5.66],[-4.96,5.66],[-4.96,5.66],[-4.96,5.65],[-4.96,5.65],[-4.96,5.65],[-4.96,5.65],[-4.96,5.64],[-4.96,5.64],[-4.96,5.64],[-4.97,5.64],[-4.97,5.64],[-4.97,5.64],[-4.97,5.64],[-4.97,5.64],[-4.97,5.64],[-4.98,5.64],[-4.98,5.64],[-4.98,5.64],[-4.98,5.64],[-4.98,5.64],[-4.99,5.64],[-4.99,5.64],[-4.99,5.63],[-4.99,5.63],[-4.99,5.63],[-4.99,5.64],[-4.99,5.64],[-5.0,5.63],[-5.0,5.63],[-5.0,5.63],[-5.0,5.63],[-5.0,5.63],[-5.0,5.63],[-5.0,5.63],[-5.0,5.63],[-5.0,5.63],[-5.0,5.62],[-5.0,5.62],[-5.0,5.62],[-5.0,5.62],[-5.0,5.62],[-5.0,5.62],[-5.0,5.62],[-5.01,5.61],[-5.01,5.61],[-5.01,5.61],[-5.01,5.61],[-5.01,5.61],[-5.01,5.61],[-5.01,5.6],[-5.01,5.6],[-5.01,5.6],[-5.01,5.6],[-5.01,5.6],[-5.01,5.59],[-5.02,5.59],[-5.02,5.59],[-5.02,5.59],[-5.02,5.59],[-5.02,5.59],[-5.02,5.59],[-5.03,5.59],[-5.03,5.59],[-5.03,5.59],[-5.03,5.58],[-5.03,5.58],[-5.03,5.58],[-5.03,5.58],[-5.03,5.58],[-5.03,5.58],[-5.04,5.58],[-5.04,5.58],[-5.04,5.57],[-5.04,5.57],[-5.03,5.57],[-5.03,5.57],[-5.03,5.57],[-5.03,5.57],[-5.03,5.57],[-5.03,5.57],[-5.03,5.57],[-5.03,5.56],[-5.03,5.56],[-5.03,5.56],[-5.03,5.56],[-5.02,5.56],[-5.02,5.56],[-5.02,5.56],[-5.02,5.56],[-5.02,5.56],[-5.02,5.56],[-5.02,5.56],[-5.02,5.55],[-5.02,5.55],[-5.02,5.55],[-5.02,5.55],[-5.02,5.55],[-5.02,5.55],[-5.02,5.54],[-5.02,5.54],[-5.01,5.54],[-5.01,5.54],[-5.01,5.54],[-5.01,5.54],[-5.01,5.54],[-5.01,5.53],[-5.01,5.53],[-5.02,5.53],[-5.02,5.53],[-5.01,5.53],[-5.01,5.53],[-5.01,5.53],[-5.01,5.53],[-5.01,5.52],[-5.01,5.52],[-5.01,5.52],[-5.01,5.52],[-5.01,5.52],[-5.01,5.52],[-5.01,5.51],[-5.01,5.51],[-5.01,5.51],[-5.01,5.51],[-5.01,5.51],[-5.01,5.51],[-5.01,5.51],[-5.01,5.5],[-5.01,5.5],[-5.01,5.5],[-5.01,5.5],[-5.01,5.5],[-5.01,5.5],[-5.01,5.5],[-5.01,5.5],[-5.01,5.5],[-5.01,5.49],[-5.01,5.49],[-5.01,5.49],[-5.01,5.49],[-5.02,5.49],[-5.02,5.49],[-5.02,5.49],[-5.02,5.49],[-5.02,5.49],[-5.02,5.48],[-5.02,5.48],[-5.02,5.48],[-5.02,5.48],[-5.02,5.48],[-5.02,5.47],[-5.02,5.47],[-5.02,5.47],[-5.02,5.47],[-5.02,5.47],[-5.02,5.47],[-5.02,5.47],[-5.02,5.47],[-5.02,5.46],[-5.02,5.46],[-5.02,5.46],[-5.02,5.46],[-5.03,5.46],[-5.03,5.46],[-5.03,5.46],[-5.03,5.46],[-5.03,5.46],[-5.03,5.45],[-5.03,5.45],[-5.03,5.45],[-5.03,5.45],[-5.03,5.45],[-5.03,5.45],[-5.03,5.45],[-5.03,5.44],[-5.03,5.44],[-5.03,5.44],[-5.03,5.44],[-5.03,5.44],[-5.03,5.44],[-5.03,5.44],[-5.03,5.44],[-5.04,5.44],[-5.04,5.43],[-5.04,5.43],[-5.04,5.43],[-5.04,5.43],[-5.04,5.43],[-5.04,5.43],[-5.04,5.43],[-5.04,5.43],[-5.04,5.42],[-5.04,5.42],[-5.04,5.42],[-5.04,5.42],[-5.04,5.42],[-5.04,5.42],[-5.04,5.42],[-5.04,5.41],[-5.04,5.41],[-5.04,5.41],[-5.05,5.41],[-5.05,5.41],[-5.05,5.41],[-5.05,5.4],[-5.05,5.4],[-5.05,5.4],[-5.05,5.4],[-5.05,5.4],[-5.05,5.4],[-5.05,5.4],[-5.05,5.39],[-5.05,5.39],[-5.05,5.39],[-5.05,5.39],[-5.05,5.39],[-5.05,5.39],[-5.05,5.39],[-5.05,5.38],[-5.05,5.38],[-5.05,5.38],[-5.05,5.38],[-5.05,5.38],[-5.05,5.38],[-5.05,5.38],[-5.05,5.38],[-5.06,5.37],[-5.06,5.37],[-5.06,5.37],[-5.06,5.37],[-5.06,5.37],[-5.06,5.37],[-5.06,5.37],[-5.06,5.37],[-5.06,5.37],[-5.06,5.36],[-5.06,5.36],[-5.06,5.36],[-5.06,5.36],[-5.06,5.36],[-5.06,5.36],[-5.06,5.36],[-5.06,5.35],[-5.06,5.35],[-5.06,5.35],[-5.06,5.35],[-5.06,5.35],[-5.06,5.35],[-5.06,5.35],[-5.06,5.34],[-5.06,5.34],[-5.06,5.34],[-5.06,5.34],[-5.06,5.34],[-5.06,5.34],[-5.06,5.34],[-5.06,5.34],[-5.06,5.33],[-5.06,5.33],[-5.06,5.33],[-5.06,5.33],[-5.06,5.33],[-5.06,5.33],[-5.06,5.33],[-5.06,5.33],[-5.06,5.33],[-5.06,5.33],[-5.06,5.33],[-5.07,5.33],[-5.07,5.32],[-5.07,5.32],[-5.07,5.32],[-5.07,5.32],[-5.07,5.32],[-5.07,5.32],[-5.06,5.32],[-5.06,5.32],[-5.06,5.31],[-5.06,5.31],[-5.06,5.31],[-5.04,5.29],[-5.04,5.28],[-5.03,5.28],[-5.03,5.28],[-5.03,5.28],[-5.03,5.27],[-5.03,5.27],[-5.03,5.27],[-5.03,5.27],[-5.03,5.27],[-5.03,5.27],[-5.03,5.26],[-5.03,5.26],[-5.03,5.26],[-5.04,5.26],[-5.04,5.26],[-5.04,5.26],[-5.04,5.26],[-5.04,5.26],[-5.04,5.26],[-5.04,5.25],[-5.05,5.25],[-5.05,5.25],[-5.05,5.25],[-5.05,5.25],[-5.05,5.25],[-5.05,5.25],[-5.05,5.24],[-5.05,5.24],[-5.05,5.24],[-5.05,5.24],[-5.05,5.24],[-5.05,5.24],[-5.06,5.24],[-5.06,5.24],[-5.06,5.24],[-5.06,5.24],[-5.06,5.24],[-5.07,5.24],[-5.07,5.23],[-5.07,5.19],[-5.11,5.17],[-5.13,5.19],[-5.13,5.2],[-5.13,5.21],[-5.13,5.21],[-5.13,5.21],[-5.13,5.21],[-5.13,5.21],[-5.13,5.22],[-5.13,5.22],[-5.13,5.22],[-5.13,5.22],[-5.13,5.23],[-5.13,5.23],[-5.13,5.23],[-5.13,5.23],[-5.13,5.24],[-5.13,5.24],[-5.16,5.23],[-5.19,5.23],[-5.19,5.23],[-5.19,5.23],[-5.19,5.22],[-5.19,5.22],[-5.19,5.22],[-5.19,5.22],[-5.19,5.22],[-5.19,5.21],[-5.19,5.21],[-5.2,5.21],[-5.23,5.18],[-5.28,5.18],[-5.31,5.16],[-5.37,5.22],[-5.37,5.22],[-5.38,5.22],[-5.38,5.22],[-5.38,5.22],[-5.38,5.22],[-5.38,5.22],[-5.39,5.22],[-5.39,5.22],[-5.39,5.22],[-5.39,5.22],[-5.4,5.22],[-5.4,5.22],[-5.4,5.22],[-5.41,5.22],[-5.41,5.22],[-5.41,5.23],[-5.4,5.23],[-5.4,5.23],[-5.4,5.24],[-5.4,5.24],[-5.4,5.24],[-5.4,5.24],[-5.4,5.25],[-5.4,5.25],[-5.4,5.25],[-5.4,5.26],[-5.4,5.26],[-5.4,5.26],[-5.41,5.26],[-5.41,5.26],[-5.41,5.26],[-5.42,5.27],[-5.42,5.27],[-5.42,5.27],[-5.42,5.27],[-5.43,5.27],[-5.43,5.27],[-5.43,5.27],[-5.43,5.27],[-5.43,5.26],[-5.43,5.26],[-5.43,5.26],[-5.44,5.26],[-5.44,5.26],[-5.44,5.26],[-5.45,5.26],[-5.45,5.26],[-5.45,5.26],[-5.46,5.26],[-5.46,5.26],[-5.46,5.26],[-5.46,5.25],[-5.46,5.25],[-5.46,5.25],[-5.46,5.25],[-5.46,5.24],[-5.46,5.24],[-5.46,5.24],[-5.46,5.23],[-5.46,5.23],[-5.46,5.23],[-5.46,5.22],[-5.46,5.22],[-5.46,5.22],[-5.46,5.22],[-5.46,5.21],[-5.46,5.21],[-5.46,5.21],[-5.46,5.21],[-5.46,5.2],[-5.46,5.2],[-5.46,5.2],[-5.46,5.2],[-5.46,5.2],[-5.46,5.19],[-5.47,5.19],[-5.47,5.19],[-5.47,5.19],[-5.47,5.18],[-5.47,5.18],[-5.48,5.18],[-5.48,5.18],[-5.48,5.18],[-5.49,5.18],[-5.49,5.18],[-5.49,5.18],[-5.5,5.18],[-5.5,5.18],[-5.5,5.17],[-5.5,5.17],[-5.5,5.17],[-5.5,5.16],[-5.5,5.16],[-5.5,5.16],[-5.5,5.16],[-5.5,5.15],[-5.5,5.15],[-5.5,5.15],[-5.5,5.14],[-5.5,5.14],[-5.5,5.14],[-5.5,5.14],[-5.5,5.13],[-5.5,5.13],[-5.5,5.13],[-5.5,5.13],[-5.51,5.13],[-5.51,5.13],[-5.51,5.12],[-5.51,5.12],[-5.51,5.12],[-5.51,5.12],[-5.51,5.11],[-5.5,5.11],[-5.5,5.11],[-5.5,5.11],[-5.5,5.11],[-5.5,5.11],[-5.5,5.11],[-5.5,5.1],[-5.5,5.1],[-5.49,5.1],[-5.49,5.1],[-5.49,5.1],[-5.49,5.09],[-5.49,5.09],[-5.46,5.09],[-5.44,5.1],[-5.42,5.1],[-5.42,5.1],[-5.4,5.1],[-5.38,5.11],[-5.37,5.11],[-5.35,5.11],[-5.34,5.11],[-5.33,5.11],[-5.29,5.12],[-5.27,5.12],[-5.24,5.12],[-5.23,5.12],[-5.19,5.12],[-5.18,5.12],[-5.16,5.13],[-5.14,5.13],[-5.13,5.13],[-5.13,5.13],[-5.12,5.13],[-5.11,5.13],[-5.1,5.13],[-5.09,5.13],[-5.08,5.13],[-5.06,5.13],[-5.01,5.13],[-5.01,5.13],[-5.0,5.13],[-5.0,5.13],[-4.99,5.13],[-4.96,5.13],[-4.96,5.13],[-4.96,5.13],[-4.92,5.14],[-4.91,5.14],[-4.91,5.14],[-4.89,5.14],[-4.88,5.14],[-4.87,5.14],[-4.87,5.14],[-4.86,5.14],[-4.85,5.14],[-4.83,5.15],[-4.79,5.15],[-4.78,5.15],[-4.76,5.15],[-4.74,5.15],[-4.73,5.16],[-4.72,5.16],[-4.71,5.16],[-4.7,5.16],[-4.68,5.17],[-4.67,5.17],[-4.66,5.17],[-4.65,5.17],[-4.65,5.17],[-4.59,5.18],[-4.54,5.18],[-4.47,5.19],[-4.45,5.19],[-4.45,5.2],[-4.41,5.2],[-4.4,5.2],[-4.38,5.2],[-4.36,5.21],[-4.34,5.21],[-4.32,5.21],[-4.3,5.21],[-4.27,5.21],[-4.24,5.22],[-4.22,5.22],[-4.21,5.22],[-4.23,5.28],[-4.27,5.28],[-4.29,5.29],[-4.3,5.31],[-4.31,5.39],[-4.32,5.4],[-4.32,5.4],[-4.32,5.4],[-4.32,5.4],[-4.32,5.41],[-4.32,5.41],[-4.32,5.41],[-4.32,5.41],[-4.31,5.41],[-4.31,5.42],[-4.31,5.42],[-4.31,5.42],[-4.31,5.42],[-4.31,5.42],[-4.31,5.42],[-4.3,5.42],[-4.3,5.42],[-4.3,5.42],[-4.3,5.42],[-4.3,5.42],[-4.29,5.42],[-4.29,5.42],[-4.29,5.42],[-4.29,5.43],[-4.29,5.43],[-4.29,5.43],[-4.29,5.43],[-4.29,5.43],[-4.29,5.43],[-4.29,5.43],[-4.29,5.44],[-4.29,5.44],[-4.29,5.44],[-4.29,5.44],[-4.29,5.44],[-4.29,5.45],[-4.29,5.45],[-4.29,5.45],[-4.29,5.45],[-4.29,5.45],[-4.29,5.46],[-4.29,5.45],[-4.29,5.45],[-4.3,5.46],[-4.3,5.46],[-4.3,5.45],[-4.3,5.46],[-4.3,5.46],[-4.3,5.46],[-4.3,5.46],[-4.3,5.46],[-4.3,5.47],[-4.3,5.47],[-4.3,5.47],[-4.3,5.47],[-4.3,5.47],[-4.3,5.47],[-4.3,5.48],[-4.3,5.48],[-4.3,5.48],[-4.3,5.48],[-4.3,5.48],[-4.3,5.48],[-4.33,5.5],[-4.33,5.5],[-4.33,5.5],[-4.33,5.5],[-4.33,5.5],[-4.34,5.5],[-4.34,5.5],[-4.34,5.5],[-4.34,5.5],[-4.34,5.5],[-4.34,5.5],[-4.35,5.51],[-4.35,5.51],[-4.35,5.51],[-4.35,5.51],[-4.35,5.51],[-4.36,5.51],[-4.36,5.51],[-4.36,5.51],[-4.36,5.51],[-4.36,5.51],[-4.37,5.51],[-4.37,5.51],[-4.37,5.51],[-4.37,5.52],[-4.37,5.52],[-4.37,5.52],[-4.37,5.52],[-4.38,5.52],[-4.38,5.52],[-4.38,5.52],[-4.38,5.52],[-4.38,5.52],[-4.38,5.52],[-4.38,5.53],[-4.39,5.53],[-4.39,5.53],[-4.39,5.53],[-4.39,5.52],[-4.39,5.52],[-4.39,5.53],[-4.39,5.53],[-4.4,5.53],[-4.4,5.53],[-4.4,5.53],[-4.4,5.53],[-4.4,5.53],[-4.41,5.53],[-4.41,5.52],[-4.41,5.52],[-4.41,5.52],[-4.41,5.52],[-4.41,5.52],[-4.41,5.53],[-4.41,5.52],[-4.42,5.52],[-4.42,5.52],[-4.42,5.53],[-4.42,5.53],[-4.42,5.53],[-4.42,5.53],[-4.42,5.53],[-4.42,5.53],[-4.42,5.53],[-4.43,5.53],[-4.43,5.53],[-4.43,5.53],[-4.43,5.53],[-4.43,5.53],[-4.44,5.53],[-4.44,5.53],[-4.44,5.53],[-4.44,5.53],[-4.44,5.53],[-4.44,5.53],[-4.45,5.53],[-4.45,5.53],[-4.45,5.53],[-4.45,5.53],[-4.45,5.53],[-4.45,5.53],[-4.45,5.53],[-4.46,5.53],[-4.46,5.53],[-4.46,5.53],[-4.46,5.53],[-4.46,5.53],[-4.47,5.53],[-4.47,5.53],[-4.47,5.54],[-4.47,5.54],[-4.47,5.54],[-4.47,5.54],[-4.48,5.54],[-4.48,5.54],[-4.48,5.54],[-4.48,5.54],[-4.49,5.54],[-4.49,5.54],[-4.49,5.54],[-4.49,5.54],[-4.5,5.54],[-4.5,5.54],[-4.5,5.54],[-4.5,5.54],[-4.5,5.54],[-4.5,5.54],[-4.51,5.54],[-4.51,5.54],[-4.51,5.54],[-4.52,5.54],[-4.52,5.54],[-4.52,5.54],[-4.52,5.54],[-4.53,5.54],[-4.53,5.54],[-4.53,5.54],[-4.53,5.54],[-4.54,5.54],[-4.54,5.54],[-4.54,5.54],[-4.54,5.54],[-4.54,5.53],[-4.55,5.53],[-4.55,5.53],[-4.57,5.54],[-4.57,5.54],[-4.58,5.54],[-4.58,5.54],[-4.58,5.54],[-4.58,5.54],[-4.58,5.54],[-4.59,5.54],[-4.59,5.54],[-4.59,5.54],[-4.6,5.54],[-4.65,5.55],[-4.71,5.56],[-4.7,5.6],[-4.71,5.6],[-4.71,5.6],[-4.71,5.6],[-4.71,5.6],[-4.71,5.6],[-4.72,5.6],[-4.72,5.6],[-4.72,5.6],[-4.72,5.6],[-4.72,5.6],[-4.72,5.6],[-4.73,5.6],[-4.73,5.59],[-4.73,5.59],[-4.73,5.59],[-4.74,5.59],[-4.74,5.59],[-4.74,5.59],[-4.74,5.59],[-4.74,5.59],[-4.74,5.59],[-4.75,5.59],[-4.75,5.59],[-4.75,5.59],[-4.75,5.59],[-4.75,5.59],[-4.75,5.59],[-4.75,5.58],[-4.76,5.58],[-4.76,5.58],[-4.76,5.58],[-4.77,5.58],[-4.77,5.58],[-4.77,5.58],[-4.84,5.56],[-4.84,5.56],[-4.84,5.56],[-4.84,5.57],[-4.84,5.57],[-4.83,5.57],[-4.83,5.57],[-4.84,5.57],[-4.84,5.58],[-4.84,5.58],[-4.84,5.58],[-4.84,5.58],[-4.84,5.58],[-4.84,5.58],[-4.84,5.58],[-4.84,5.58],[-4.84,5.59],[-4.84,5.59],[-4.84,5.59],[-4.84,5.59],[-4.84,5.59],[-4.84,5.59],[-4.85,5.59],[-4.85,5.6],[-4.85,5.6],[-4.85,5.6],[-4.85,5.6],[-4.85,5.6],[-4.85,5.6],[-4.85,5.61],[-4.85,5.61],[-4.86,5.61],[-4.86,5.61],[-4.86,5.61],[-4.86,5.62],[-4.85,5.62],[-4.85,5.61],[-4.85,5.61],[-4.85,5.61],[-4.85,5.61],[-4.84,5.61],[-4.84,5.61],[-4.84,5.61],[-4.84,5.61],[-4.84,5.61],[-4.83,5.62],[-4.83,5.62],[-4.83,5.62],[-4.83,5.62],[-4.83,5.62],[-4.83,5.62],[-4.83,5.63],[-4.83,5.63],[-4.82,5.63],[-4.82,5.63],[-4.82,5.64],[-4.82,5.64],[-4.82,5.64],[-4.82,5.64],[-4.81,5.64],[-4.81,5.64],[-4.81,5.64],[-4.81,5.65],[-4.81,5.65],[-4.8,5.65],[-4.8,5.65],[-4.8,5.65],[-4.8,5.65],[-4.8,5.65],[-4.8,5.65],[-4.8,5.65],[-4.79,5.66],[-4.79,5.66],[-4.79,5.66],[-4.79,5.66],[-4.79,5.67],[-4.79,5.67],[-4.79,5.67],[-4.79,5.67],[-4.79,5.67],[-4.79,5.68],[-4.79,5.68],[-4.8,5.68],[-4.8,5.68],[-4.8,5.68],[-4.8,5.69],[-4.8,5.69],[-4.8,5.69],[-4.8,5.69],[-4.81,5.69],[-4.81,5.7],[-4.81,5.7],[-4.81,5.7],[-4.82,5.7],[-4.82,5.7],[-4.82,5.7],[-4.82,5.71],[-4.82,5.71],[-4.82,5.71],[-4.83,5.71],[-4.83,5.71],[-4.83,5.71],[-4.83,5.72],[-4.83,5.72],[-4.83,5.72],[-4.83,5.72],[-4.83,5.72],[-4.83,5.72],[-4.83,5.73],[-4.83,5.73],[-4.83,5.73],[-4.83,5.73],[-4.83,5.74],[-4.83,5.74],[-4.83,5.74],[-4.83,5.74],[-4.83,5.74],[-4.83,5.74],[-4.84,5.74],[-4.84,5.74],[-4.84,5.75],[-4.84,5.75],[-4.84,5.75],[-4.84,5.75],[-4.84,5.75],[-4.84,5.75],[-4.84,5.75],[-4.84,5.75],[-4.84,5.75],[-4.85,5.75],[-4.85,5.75],[-4.85,5.75],[-4.85,5.75],[-4.85,5.75],[-4.86,5.75],[-4.86,5.75],[-4.86,5.75],[-4.86,5.75],[-4.86,5.75],[-4.87,5.75],[-4.87,5.75],[-4.87,5.75],[-4.87,5.75],[-4.88,5.75],[-4.88,5.75],[-4.88,5.75],[-4.88,5.75],[-4.88,5.75],[-4.88,5.76],[-4.89,5.76],[-4.89,5.76],[-4.89,5.76],[-4.89,5.76],[-4.9,5.76],[-4.9,5.76],[-4.9,5.76],[-4.9,5.76],[-4.91,5.76],[-4.91,5.76],[-4.91,5.76],[-4.91,5.76],[-4.91,5.76],[-4.92,5.77]]]}},{"type":"Feature","properties":{"name":"Guemon","code":"CI16","level":"region","status":"collected","schools":324,"students":128954,"girls":59084,"boys":69870,"district":"Montagnes"},"geometry":{"type":"Polygon","coordinates":[[[-7.12,7.72],[-7.12,7.72],[-7.12,7.72],[-7.12,7.72],[-7.12,7.72],[-7.13,7.73],[-7.13,7.73],[-7.13,7.72],[-7.13,7.72],[-7.13,7.72],[-7.14,7.72],[-7.14,7.72],[-7.14,7.72],[-7.14,7.72],[-7.15,7.72],[-7.15,7.72],[-7.15,7.72],[-7.15,7.72],[-7.15,7.72],[-7.15,7.71],[-7.16,7.71],[-7.16,7.71],[-7.16,7.71],[-7.16,7.71],[-7.16,7.7],[-7.17,7.7],[-7.17,7.7],[-7.17,7.7],[-7.17,7.7],[-7.17,7.7],[-7.17,7.69],[-7.17,7.69],[-7.17,7.69],[-7.17,7.68],[-7.17,7.68],[-7.17,7.68],[-7.17,7.68],[-7.17,7.68],[-7.18,7.67],[-7.18,7.67],[-7.18,7.67],[-7.18,7.67],[-7.18,7.67],[-7.18,7.67],[-7.18,7.67],[-7.19,7.66],[-7.19,7.66],[-7.19,7.66],[-7.19,7.66],[-7.2,7.66],[-7.2,7.66],[-7.2,7.66],[-7.2,7.66],[-7.2,7.66],[-7.21,7.66],[-7.21,7.66],[-7.21,7.66],[-7.21,7.66],[-7.22,7.66],[-7.22,7.66],[-7.22,7.66],[-7.22,7.66],[-7.23,7.66],[-7.23,7.66],[-7.23,7.66],[-7.23,7.66],[-7.23,7.66],[-7.23,7.65],[-7.23,7.65],[-7.24,7.65],[-7.24,7.65],[-7.24,7.65],[-7.24,7.65],[-7.24,7.65],[-7.25,7.65],[-7.25,7.64],[-7.25,7.64],[-7.25,7.64],[-7.25,7.64],[-7.25,7.64],[-7.25,7.63],[-7.25,7.63],[-7.25,7.63],[-7.25,7.63],[-7.25,7.63],[-7.25,7.62],[-7.25,7.62],[-7.25,7.62],[-7.25,7.62],[-7.25,7.62],[-7.26,7.62],[-7.26,7.61],[-7.26,7.61],[-7.26,7.61],[-7.26,7.61],[-7.26,7.6],[-7.26,7.6],[-7.27,7.6],[-7.27,7.6],[-7.27,7.59],[-7.27,7.59],[-7.27,7.59],[-7.27,7.59],[-7.28,7.59],[-7.28,7.59],[-7.28,7.59],[-7.28,7.58],[-7.28,7.58],[-7.28,7.58],[-7.28,7.58],[-7.28,7.57],[-7.28,7.57],[-7.28,7.57],[-7.28,7.57],[-7.28,7.57],[-7.29,7.56],[-7.29,7.56],[-7.29,7.56],[-7.29,7.56],[-7.29,7.56],[-7.29,7.55],[-7.29,7.55],[-7.29,7.55],[-7.29,7.55],[-7.29,7.55],[-7.29,7.55],[-7.29,7.55],[-7.29,7.55],[-7.29,7.54],[-7.29,7.54],[-7.29,7.54],[-7.29,7.54],[-7.29,7.54],[-7.29,7.54],[-7.29,7.54],[-7.29,7.53],[-7.29,7.53],[-7.28,7.53],[-7.28,7.53],[-7.28,7.53],[-7.28,7.52],[-7.28,7.52],[-7.28,7.52],[-7.28,7.52],[-7.28,7.51],[-7.28,7.51],[-7.28,7.51],[-7.28,7.51],[-7.28,7.51],[-7.29,7.5],[-7.29,7.5],[-7.29,7.5],[-7.29,7.5],[-7.29,7.5],[-7.29,7.5],[-7.29,7.5],[-7.29,7.5],[-7.29,7.5],[-7.29,7.5],[-7.3,7.5],[-7.3,7.5],[-7.3,7.49],[-7.3,7.49],[-7.3,7.49],[-7.3,7.49],[-7.31,7.49],[-7.31,7.49],[-7.31,7.49],[-7.31,7.49],[-7.31,7.49],[-7.32,7.49],[-7.32,7.49],[-7.32,7.49],[-7.32,7.49],[-7.32,7.49],[-7.32,7.49],[-7.33,7.49],[-7.33,7.49],[-7.33,7.49],[-7.33,7.49],[-7.33,7.49],[-7.33,7.49],[-7.34,7.49],[-7.34,7.49],[-7.34,7.49],[-7.34,7.49],[-7.34,7.48],[-7.34,7.48],[-7.34,7.48],[-7.34,7.48],[-7.34,7.48],[-7.35,7.48],[-7.35,7.48],[-7.35,7.48],[-7.35,7.48],[-7.35,7.48],[-7.35,7.47],[-7.36,7.47],[-7.36,7.47],[-7.36,7.47],[-7.36,7.47],[-7.36,7.47],[-7.36,7.47],[-7.36,7.47],[-7.37,7.47],[-7.37,7.47],[-7.37,7.47],[-7.37,7.47],[-7.37,7.47],[-7.37,7.47],[-7.38,7.46],[-7.38,7.46],[-7.38,7.46],[-7.38,7.46],[-7.38,7.46],[-7.38,7.46],[-7.38,7.46],[-7.38,7.45],[-7.38,7.45],[-7.38,7.45],[-7.38,7.45],[-7.38,7.45],[-7.38,7.45],[-7.39,7.45],[-7.39,7.45],[-7.39,7.45],[-7.39,7.45],[-7.39,7.45],[-7.39,7.45],[-7.4,7.44],[-7.4,7.44],[-7.4,7.44],[-7.4,7.44],[-7.4,7.44],[-7.4,7.44],[-7.41,7.44],[-7.41,7.44],[-7.41,7.44],[-7.41,7.44],[-7.42,7.44],[-7.42,7.44],[-7.42,7.44],[-7.42,7.44],[-7.42,7.43],[-7.42,7.43],[-7.43,7.43],[-7.43,7.43],[-7.43,7.43],[-7.43,7.42],[-7.43,7.42],[-7.43,7.42],[-7.43,7.42],[-7.43,7.42],[-7.44,7.42],[-7.44,7.42],[-7.44,7.42],[-7.44,7.42],[-7.45,7.42],[-7.45,7.42],[-7.45,7.42],[-7.45,7.42],[-7.45,7.42],[-7.45,7.41],[-7.46,7.41],[-7.46,7.41],[-7.46,7.41],[-7.46,7.41],[-7.46,7.4],[-7.46,7.4],[-7.46,7.4],[-7.46,7.4],[-7.46,7.39],[-7.46,7.39],[-7.47,7.39],[-7.47,7.39],[-7.47,7.39],[-7.47,7.39],[-7.47,7.39],[-7.48,7.39],[-7.48,7.39],[-7.48,7.38],[-7.48,7.38],[-7.48,7.38],[-7.48,7.38],[-7.48,7.38],[-7.48,7.38],[-7.48,7.37],[-7.49,7.37],[-7.49,7.37],[-7.49,7.37],[-7.49,7.36],[-7.49,7.36],[-7.49,7.36],[-7.49,7.36],[-7.49,7.35],[-7.49,7.35],[-7.48,7.35],[-7.48,7.35],[-7.48,7.34],[-7.48,7.34],[-7.49,7.34],[-7.49,7.34],[-7.49,7.34],[-7.49,7.34],[-7.49,7.33],[-7.49,7.33],[-7.49,7.33],[-7.49,7.33],[-7.49,7.33],[-7.49,7.33],[-7.49,7.33],[-7.5,7.33],[-7.5,7.33],[-7.5,7.33],[-7.5,7.33],[-7.5,7.33],[-7.5,7.33],[-7.5,7.33],[-7.5,7.33],[-7.5,7.33],[-7.5,7.33],[-7.5,7.33],[-7.51,7.33],[-7.51,7.33],[-7.51,7.33],[-7.51,7.33],[-7.51,7.33],[-7.51,7.33],[-7.51,7.32],[-7.51,7.32],[-7.5,7.32],[-7.5,7.32],[-7.5,7.32],[-7.5,7.32],[-7.5,7.32],[-7.5,7.32],[-7.5,7.32],[-7.5,7.32],[-7.5,7.31],[-7.5,7.31],[-7.5,7.31],[-7.5,7.31],[-7.5,7.31],[-7.5,7.31],[-7.5,7.31],[-7.51,7.3],[-7.51,7.3],[-7.51,7.3],[-7.51,7.3],[-7.51,7.3],[-7.51,7.3],[-7.51,7.3],[-7.51,7.3],[-7.51,7.3],[-7.51,7.29],[-7.51,7.29],[-7.51,7.29],[-7.51,7.29],[-7.51,7.29],[-7.51,7.29],[-7.51,7.29],[-7.51,7.29],[-7.51,7.28],[-7.51,7.28],[-7.52,7.28],[-7.51,7.28],[-7.51,7.28],[-7.51,7.28],[-7.52,7.28],[-7.52,7.28],[-7.52,7.28],[-7.52,7.28],[-7.52,7.27],[-7.52,7.27],[-7.52,7.27],[-7.52,7.27],[-7.52,7.27],[-7.52,7.27],[-7.52,7.27],[-7.52,7.27],[-7.52,7.27],[-7.52,7.27],[-7.52,7.27],[-7.52,7.27],[-7.52,7.27],[-7.52,7.27],[-7.52,7.27],[-7.52,7.27],[-7.52,7.27],[-7.52,7.26],[-7.52,7.26],[-7.52,7.26],[-7.52,7.26],[-7.52,7.26],[-7.52,7.26],[-7.52,7.26],[-7.52,7.26],[-7.52,7.26],[-7.51,7.26],[-7.51,7.26],[-7.51,7.25],[-7.51,7.25],[-7.51,7.25],[-7.51,7.25],[-7.51,7.25],[-7.51,7.25],[-7.51,7.25],[-7.51,7.25],[-7.51,7.25],[-7.51,7.25],[-7.51,7.25],[-7.51,7.24],[-7.51,7.25],[-7.51,7.25],[-7.51,7.25],[-7.51,7.25],[-7.51,7.25],[-7.51,7.25],[-7.51,7.24],[-7.51,7.24],[-7.5,7.24],[-7.5,7.24],[-7.5,7.24],[-7.5,7.24],[-7.5,7.25],[-7.5,7.25],[-7.5,7.25],[-7.5,7.25],[-7.5,7.25],[-7.5,7.24],[-7.5,7.24],[-7.5,7.24],[-7.5,7.24],[-7.5,7.24],[-7.5,7.24],[-7.5,7.24],[-7.5,7.24],[-7.5,7.24],[-7.5,7.24],[-7.5,7.23],[-7.5,7.23],[-7.5,7.23],[-7.49,7.23],[-7.49,7.23],[-7.49,7.23],[-7.5,7.23],[-7.5,7.23],[-7.49,7.23],[-7.49,7.23],[-7.49,7.23],[-7.49,7.23],[-7.5,7.23],[-7.5,7.22],[-7.5,7.22],[-7.5,7.22],[-7.49,7.22],[-7.49,7.22],[-7.49,7.22],[-7.5,7.22],[-7.5,7.22],[-7.49,7.22],[-7.49,7.22],[-7.49,7.22],[-7.49,7.22],[-7.49,7.22],[-7.49,7.22],[-7.49,7.21],[-7.49,7.21],[-7.49,7.21],[-7.49,7.21],[-7.49,7.21],[-7.49,7.21],[-7.49,7.21],[-7.49,7.21],[-7.49,7.21],[-7.49,7.21],[-7.49,7.21],[-7.49,7.21],[-7.48,7.21],[-7.48,7.21],[-7.48,7.2],[-7.48,7.2],[-7.49,7.2],[-7.49,7.2],[-7.49,7.2],[-7.49,7.2],[-7.49,7.2],[-7.49,7.2],[-7.49,7.2],[-7.49,7.2],[-7.49,7.2],[-7.48,7.19],[-7.48,7.19],[-7.48,7.19],[-7.48,7.19],[-7.48,7.19],[-7.48,7.19],[-7.48,7.2],[-7.48,7.2],[-7.48,7.19],[-7.48,7.19],[-7.48,7.19],[-7.48,7.19],[-7.48,7.19],[-7.47,7.19],[-7.47,7.19],[-7.47,7.19],[-7.47,7.19],[-7.47,7.18],[-7.47,7.18],[-7.47,7.18],[-7.47,7.18],[-7.47,7.18],[-7.47,7.18],[-7.47,7.18],[-7.47,7.18],[-7.47,7.18],[-7.47,7.18],[-7.47,7.18],[-7.47,7.18],[-7.47,7.18],[-7.47,7.17],[-7.47,7.17],[-7.47,7.17],[-7.47,7.17],[-7.47,7.17],[-7.47,7.17],[-7.47,7.17],[-7.47,7.17],[-7.47,7.17],[-7.47,7.16],[-7.47,7.17],[-7.47,7.17],[-7.47,7.17],[-7.47,7.17],[-7.47,7.17],[-7.48,7.17],[-7.48,7.17],[-7.48,7.17],[-7.48,7.17],[-7.48,7.17],[-7.48,7.17],[-7.48,7.17],[-7.48,7.17],[-7.48,7.17],[-7.48,7.17],[-7.48,7.16],[-7.48,7.16],[-7.48,7.16],[-7.48,7.16],[-7.48,7.16],[-7.48,7.16],[-7.48,7.16],[-7.49,7.16],[-7.49,7.16],[-7.49,7.16],[-7.49,7.15],[-7.49,7.15],[-7.49,7.15],[-7.49,7.15],[-7.49,7.15],[-7.48,7.15],[-7.48,7.15],[-7.48,7.15],[-7.49,7.15],[-7.49,7.15],[-7.49,7.15],[-7.49,7.14],[-7.49,7.14],[-7.49,7.14],[-7.49,7.14],[-7.49,7.14],[-7.5,7.14],[-7.5,7.14],[-7.49,7.14],[-7.5,7.14],[-7.5,7.14],[-7.5,7.14],[-7.5,7.14],[-7.5,7.14],[-7.5,7.13],[-7.5,7.13],[-7.5,7.13],[-7.5,7.13],[-7.5,7.13],[-7.51,7.13],[-7.51,7.13],[-7.51,7.13],[-7.51,7.13],[-7.51,7.13],[-7.51,7.12],[-7.51,7.12],[-7.51,7.12],[-7.51,7.12],[-7.51,7.12],[-7.51,7.12],[-7.52,7.12],[-7.52,7.12],[-7.52,7.12],[-7.52,7.12],[-7.52,7.12],[-7.52,7.12],[-7.52,7.11],[-7.52,7.11],[-7.52,7.11],[-7.52,7.11],[-7.53,7.11],[-7.53,7.11],[-7.53,7.11],[-7.53,7.1],[-7.53,7.1],[-7.53,7.1],[-7.52,7.1],[-7.52,7.1],[-7.52,7.1],[-7.52,7.09],[-7.52,7.09],[-7.52,7.09],[-7.52,7.09],[-7.52,7.09],[-7.52,7.09],[-7.52,7.08],[-7.51,7.08],[-7.51,7.08],[-7.51,7.08],[-7.51,7.08],[-7.51,7.08],[-7.51,7.08],[-7.51,7.07],[-7.51,7.07],[-7.51,7.07],[-7.51,7.07],[-7.51,7.07],[-7.51,7.07],[-7.51,7.07],[-7.51,7.06],[-7.51,7.06],[-7.51,7.06],[-7.51,7.06],[-7.51,7.06],[-7.51,7.06],[-7.56,7.05],[-7.57,7.06],[-7.58,7.06],[-7.58,7.06],[-7.58,7.06],[-7.58,7.05],[-7.58,7.05],[-7.58,7.05],[-7.58,7.05],[-7.57,7.05],[-7.57,7.05],[-7.57,7.05],[-7.57,7.05],[-7.57,7.04],[-7.57,7.04],[-7.57,7.04],[-7.58,7.04],[-7.58,7.04],[-7.58,7.04],[-7.58,7.04],[-7.58,7.04],[-7.58,7.04],[-7.58,7.04],[-7.58,7.04],[-7.58,7.04],[-7.59,7.04],[-7.59,7.04],[-7.59,7.04],[-7.59,7.04],[-7.59,7.04],[-7.59,7.04],[-7.59,7.04],[-7.59,7.05],[-7.6,7.05],[-7.6,7.05],[-7.6,7.05],[-7.61,7.05],[-7.61,7.05],[-7.61,7.04],[-7.61,7.05],[-7.62,7.05],[-7.62,7.05],[-7.62,7.05],[-7.63,7.05],[-7.63,7.06],[-7.64,7.06],[-7.64,7.06],[-7.64,7.07],[-7.64,7.07],[-7.64,7.07],[-7.64,7.07],[-7.65,7.07],[-7.65,7.07],[-7.65,7.07],[-7.65,7.07],[-7.66,7.07],[-7.66,7.07],[-7.66,7.07],[-7.66,7.07],[-7.66,7.07],[-7.67,7.07],[-7.67,7.07],[-7.67,7.07],[-7.67,7.07],[-7.67,7.07],[-7.67,7.07],[-7.68,7.08],[-7.68,7.08],[-7.68,7.08],[-7.68,7.08],[-7.68,7.08],[-7.68,7.08],[-7.68,7.08],[-7.68,7.08],[-7.69,7.08],[-7.69,7.08],[-7.69,7.08],[-7.69,7.08],[-7.69,7.08],[-7.69,7.08],[-7.7,7.07],[-7.7,7.07],[-7.7,7.07],[-7.7,7.07],[-7.71,7.06],[-7.71,7.06],[-7.71,7.06],[-7.71,7.06],[-7.71,7.05],[-7.71,7.05],[-7.72,7.05],[-7.72,7.05],[-7.72,7.05],[-7.72,7.05],[-7.72,7.05],[-7.72,7.05],[-7.72,7.04],[-7.72,7.04],[-7.72,7.04],[-7.72,7.04],[-7.72,7.04],[-7.72,7.04],[-7.72,7.04],[-7.72,7.03],[-7.72,7.03],[-7.72,7.03],[-7.72,7.03],[-7.72,7.03],[-7.73,7.02],[-7.73,7.02],[-7.73,7.02],[-7.73,7.01],[-7.73,7.01],[-7.73,7.01],[-7.73,7.01],[-7.73,7.01],[-7.75,7.01],[-7.78,7.04],[-7.82,7.05],[-7.86,7.08],[-7.89,7.09],[-7.89,7.09],[-7.89,7.09],[-7.89,7.09],[-7.89,7.09],[-7.89,7.09],[-7.9,7.09],[-7.9,7.09],[-7.9,7.1],[-7.9,7.1],[-7.9,7.09],[-7.91,7.08],[-7.91,7.08],[-7.91,7.08],[-7.91,7.08],[-7.91,7.08],[-7.91,7.08],[-7.91,7.08],[-7.91,7.07],[-7.91,7.07],[-7.91,7.07],[-7.92,7.07],[-7.92,7.07],[-7.92,7.07],[-7.92,7.07],[-7.92,7.07],[-7.92,7.07],[-7.92,7.07],[-7.92,7.07],[-7.92,7.07],[-7.92,7.07],[-7.92,7.07],[-7.93,7.07],[-7.93,7.07],[-7.93,7.07],[-7.93,7.07],[-7.93,7.06],[-7.92,7.06],[-7.92,7.06],[-7.92,7.06],[-7.93,7.06],[-7.93,7.06],[-7.93,7.06],[-7.93,7.06],[-7.93,7.05],[-7.93,7.05],[-7.93,7.05],[-7.93,7.05],[-7.93,7.05],[-7.93,7.05],[-7.93,7.05],[-7.93,7.05],[-7.94,7.05],[-7.94,7.05],[-7.94,7.05],[-7.94,7.05],[-7.94,7.04],[-7.94,7.04],[-7.94,7.04],[-7.95,7.04],[-7.94,7.04],[-7.94,7.04],[-7.95,7.04],[-7.95,7.04],[-7.95,7.04],[-7.95,7.04],[-7.95,7.04],[-7.95,7.04],[-7.95,7.04],[-7.95,7.03],[-7.96,7.03],[-7.96,7.03],[-7.96,7.03],[-7.96,7.03],[-7.96,7.03],[-7.96,7.03],[-7.96,7.03],[-7.96,7.03],[-7.96,7.03],[-7.96,7.03],[-7.96,7.03],[-7.97,7.03],[-7.97,7.03],[-7.97,7.03],[-7.97,7.02],[-7.97,7.02],[-7.97,7.02],[-7.97,7.02],[-7.97,7.02],[-7.97,7.02],[-7.97,7.02],[-7.97,7.02],[-7.97,7.01],[-7.97,7.01],[-7.97,7.01],[-7.98,7.01],[-7.98,7.01],[-7.98,7.01],[-7.98,7.01],[-7.98,7.01],[-7.98,7.01],[-7.98,7.01],[-7.98,7.0],[-7.98,7.0],[-7.98,7.0],[-7.98,7.0],[-7.98,7.0],[-7.98,7.0],[-7.98,7.0],[-7.99,7.0],[-7.99,7.0],[-7.99,7.0],[-7.99,6.99],[-7.99,6.99],[-7.99,6.99],[-7.99,6.99],[-7.99,6.99],[-7.99,6.99],[-7.99,6.99],[-7.99,6.99],[-7.99,6.99],[-7.99,6.99],[-7.99,6.99],[-7.99,6.98],[-7.99,6.98],[-7.99,6.98],[-7.99,6.98],[-7.99,6.98],[-7.99,6.98],[-7.99,6.98],[-7.98,6.97],[-7.98,6.97],[-7.98,6.97],[-7.98,6.97],[-7.97,6.97],[-7.97,6.97],[-7.97,6.97],[-7.97,6.97],[-7.97,6.97],[-7.96,6.97],[-7.96,6.96],[-7.96,6.96],[-7.96,6.96],[-7.96,6.96],[-7.95,6.96],[-7.95,6.96],[-7.95,6.96],[-7.95,6.96],[-7.95,6.96],[-7.94,6.96],[-7.94,6.96],[-7.94,6.96],[-7.94,6.96],[-7.94,6.96],[-7.94,6.96],[-7.93,6.96],[-7.93,6.96],[-7.93,6.96],[-7.93,6.97],[-7.93,6.97],[-7.91,6.96],[-7.89,6.95],[-7.89,6.95],[-7.89,6.95],[-7.89,6.95],[-7.89,6.95],[-7.88,6.95],[-7.88,6.94],[-7.88,6.94],[-7.88,6.94],[-7.88,6.94],[-7.88,6.94],[-7.88,6.93],[-7.88,6.93],[-7.88,6.93],[-7.84,6.87],[-7.74,6.87],[-7.63,6.86],[-7.63,6.86],[-7.63,6.86],[-7.63,6.86],[-7.63,6.86],[-7.64,6.86],[-7.64,6.86],[-7.63,6.86],[-7.63,6.85],[-7.63,6.86],[-7.63,6.86],[-7.63,6.86],[-7.63,6.85],[-7.62,6.85],[-7.62,6.85],[-7.62,6.85],[-7.62,6.85],[-7.62,6.85],[-7.62,6.85],[-7.62,6.85],[-7.62,6.85],[-7.61,6.85],[-7.61,6.85],[-7.61,6.85],[-7.61,6.84],[-7.61,6.84],[-7.61,6.84],[-7.61,6.84],[-7.61,6.84],[-7.61,6.83],[-7.61,6.83],[-7.6,6.81],[-7.6,6.81],[-7.6,6.81],[-7.6,6.81],[-7.6,6.8],[-7.6,6.8],[-7.6,6.8],[-7.6,6.8],[-7.6,6.8],[-7.6,6.8],[-7.6,6.8],[-7.59,6.81],[-7.59,6.8],[-7.59,6.8],[-7.59,6.8],[-7.59,6.8],[-7.59,6.8],[-7.59,6.8],[-7.59,6.8],[-7.59,6.79],[-7.59,6.79],[-7.59,6.79],[-7.58,6.79],[-7.58,6.79],[-7.58,6.79],[-7.58,6.79],[-7.58,6.79],[-7.58,6.8],[-7.58,6.8],[-7.58,6.8],[-7.57,6.8],[-7.57,6.8],[-7.57,6.79],[-7.57,6.79],[-7.57,6.79],[-7.57,6.79],[-7.57,6.79],[-7.57,6.79],[-7.57,6.78],[-7.57,6.78],[-7.57,6.78],[-7.57,6.78],[-7.57,6.78],[-7.57,6.77],[-7.57,6.77],[-7.57,6.77],[-7.58,6.77],[-7.58,6.77],[-7.58,6.77],[-7.58,6.76],[-7.58,6.76],[-7.58,6.76],[-7.58,6.76],[-7.58,6.76],[-7.58,6.75],[-7.58,6.75],[-7.58,6.75],[-7.58,6.75],[-7.58,6.75],[-7.58,6.75],[-7.58,6.74],[-7.58,6.74],[-7.58,6.74],[-7.58,6.74],[-7.58,6.74],[-7.58,6.74],[-7.57,6.74],[-7.57,6.73],[-7.58,6.73],[-7.58,6.73],[-7.58,6.73],[-7.57,6.73],[-7.57,6.73],[-7.57,6.73],[-7.57,6.73],[-7.57,6.73],[-7.57,6.73],[-7.56,6.73],[-7.56,6.73],[-7.56,6.73],[-7.56,6.73],[-7.56,6.73],[-7.56,6.73],[-7.56,6.73],[-7.56,6.72],[-7.56,6.72],[-7.56,6.72],[-7.56,6.72],[-7.56,6.72],[-7.56,6.72],[-7.56,6.71],[-7.56,6.71],[-7.56,6.71],[-7.56,6.71],[-7.55,6.71],[-7.55,6.71],[-7.55,6.7],[-7.56,6.7],[-7.56,6.7],[-7.56,6.7],[-7.56,6.7],[-7.56,6.7],[-7.56,6.7],[-7.56,6.7],[-7.56,6.7],[-7.55,6.7],[-7.55,6.7],[-7.55,6.7],[-7.55,6.7],[-7.55,6.69],[-7.54,6.69],[-7.54,6.69],[-7.54,6.69],[-7.54,6.69],[-7.54,6.69],[-7.54,6.69],[-7.54,6.68],[-7.54,6.68],[-7.54,6.68],[-7.54,6.68],[-7.54,6.68],[-7.54,6.68],[-7.54,6.67],[-7.54,6.67],[-7.55,6.67],[-7.5,6.64],[-7.4,6.59],[-7.36,6.57],[-7.32,6.53],[-7.29,6.5],[-7.26,6.47],[-7.25,6.46],[-7.22,6.43],[-7.21,6.41],[-7.2,6.4],[-7.2,6.4],[-7.18,6.33],[-7.18,6.33],[-7.18,6.34],[-7.18,6.34],[-7.18,6.34],[-7.18,6.34],[-7.18,6.35],[-7.18,6.35],[-7.18,6.35],[-7.17,6.35],[-7.18,6.35],[-7.18,6.36],[-7.17,6.36],[-7.17,6.36],[-7.17,6.36],[-7.17,6.36],[-7.17,6.36],[-7.17,6.37],[-7.17,6.37],[-7.17,6.37],[-7.17,6.37],[-7.17,6.37],[-7.17,6.38],[-7.17,6.38],[-7.16,6.38],[-7.16,6.38],[-7.16,6.38],[-7.16,6.38],[-7.16,6.38],[-7.16,6.39],[-7.16,6.39],[-7.16,6.39],[-7.16,6.39],[-7.15,6.4],[-7.15,6.4],[-7.15,6.4],[-7.15,6.4],[-7.15,6.4],[-7.14,6.4],[-7.14,6.4],[-7.14,6.4],[-7.14,6.4],[-7.14,6.4],[-7.13,6.4],[-7.13,6.4],[-7.13,6.4],[-7.13,6.41],[-7.13,6.41],[-7.13,6.41],[-7.13,6.41],[-7.13,6.41],[-7.14,6.41],[-7.14,6.42],[-7.14,6.42],[-7.14,6.42],[-7.14,6.42],[-7.14,6.42],[-7.14,6.42],[-7.15,6.42],[-7.15,6.42],[-7.15,6.42],[-7.15,6.43],[-7.15,6.43],[-7.15,6.43],[-7.16,6.43],[-7.16,6.43],[-7.16,6.43],[-7.16,6.43],[-7.15,6.44],[-7.15,6.44],[-7.15,6.44],[-7.16,6.44],[-7.16,6.45],[-7.16,6.45],[-7.16,6.45],[-7.16,6.45],[-7.16,6.46],[-7.15,6.46],[-7.15,6.46],[-7.15,6.46],[-7.15,6.46],[-7.15,6.46],[-7.13,6.46],[-7.13,6.46],[-7.09,6.49],[-7.0,6.55],[-7.0,6.56],[-7.0,6.56],[-7.0,6.56],[-7.0,6.56],[-7.0,6.57],[-7.0,6.57],[-7.0,6.57],[-7.01,6.57],[-7.01,6.57],[-7.01,6.57],[-7.02,6.57],[-7.02,6.57],[-7.02,6.58],[-7.02,6.58],[-7.02,6.58],[-7.02,6.58],[-7.02,6.58],[-7.02,6.59],[-7.02,6.59],[-7.02,6.59],[-7.02,6.59],[-7.01,6.6],[-7.01,6.6],[-7.01,6.6],[-7.01,6.6],[-7.0,6.61],[-7.0,6.61],[-7.0,6.61],[-7.0,6.61],[-6.99,6.61],[-6.99,6.62],[-6.99,6.62],[-6.99,6.62],[-6.99,6.62],[-6.99,6.63],[-6.99,6.63],[-6.99,6.63],[-6.99,6.63],[-6.99,6.63],[-6.99,6.64],[-6.99,6.64],[-6.99,6.64],[-6.99,6.64],[-6.98,6.64],[-6.98,6.64],[-6.98,6.65],[-6.98,6.65],[-6.98,6.65],[-6.98,6.65],[-6.98,6.65],[-6.98,6.65],[-6.98,6.66],[-6.98,6.66],[-6.98,6.66],[-6.98,6.66],[-6.99,6.66],[-6.99,6.67],[-6.99,6.67],[-6.99,6.67],[-6.99,6.67],[-6.99,6.67],[-6.99,6.67],[-6.99,6.68],[-6.99,6.68],[-6.99,6.68],[-6.99,6.68],[-6.99,6.68],[-6.99,6.68],[-6.99,6.69],[-6.99,6.69],[-6.99,6.69],[-6.99,6.69],[-6.99,6.69],[-6.98,6.69],[-6.98,6.69],[-6.98,6.7],[-6.98,6.7],[-6.98,6.7],[-6.98,6.7],[-6.98,6.7],[-6.98,6.7],[-6.97,6.71],[-6.97,6.71],[-6.97,6.71],[-6.97,6.71],[-6.97,6.71],[-6.97,6.71],[-6.97,6.71],[-6.98,6.72],[-6.98,6.72],[-6.98,6.72],[-6.98,6.72],[-6.98,6.72],[-6.98,6.72],[-6.99,6.72],[-6.99,6.72],[-6.99,6.72],[-6.99,6.72],[-6.99,6.72],[-6.99,6.73],[-6.99,6.73],[-6.99,6.73],[-6.99,6.73],[-6.99,6.73],[-6.98,6.73],[-6.98,6.73],[-6.98,6.74],[-6.98,6.74],[-6.98,6.74],[-6.98,6.74],[-6.98,6.74],[-6.98,6.75],[-6.98,6.75],[-6.98,6.75],[-6.98,6.75],[-6.98,6.75],[-6.98,6.75],[-6.99,6.75],[-6.99,6.76],[-6.99,6.76],[-6.99,6.76],[-6.99,6.76],[-6.99,6.77],[-6.99,6.77],[-6.99,6.77],[-6.99,6.77],[-6.99,6.77],[-6.99,6.77],[-7.0,6.77],[-7.0,6.78],[-7.0,6.78],[-7.0,6.78],[-7.0,6.78],[-7.0,6.78],[-6.99,6.78],[-6.99,6.78],[-6.99,6.79],[-6.99,6.79],[-6.99,6.79],[-6.99,6.79],[-6.99,6.79],[-6.99,6.79],[-6.99,6.79],[-6.99,6.8],[-7.0,6.8],[-7.0,6.8],[-6.99,6.8],[-6.99,6.8],[-7.0,6.81],[-7.0,6.81],[-7.0,6.81],[-7.0,6.81],[-7.0,6.81],[-7.0,6.81],[-7.0,6.82],[-7.0,6.82],[-7.0,6.82],[-7.0,6.82],[-7.0,6.82],[-7.0,6.82],[-7.0,6.83],[-7.0,6.83],[-7.0,6.83],[-7.0,6.83],[-7.01,6.83],[-7.01,6.83],[-7.01,6.83],[-7.01,6.83],[-7.01,6.83],[-7.01,6.83],[-7.01,6.83],[-7.02,6.83],[-7.02,6.83],[-7.02,6.83],[-7.02,6.83],[-7.02,6.83],[-7.02,6.83],[-7.03,6.83],[-7.03,6.84],[-7.03,6.83],[-7.03,6.83],[-7.03,6.83],[-7.03,6.83],[-7.04,6.83],[-7.04,6.83],[-7.04,6.83],[-7.04,6.83],[-7.04,6.83],[-7.04,6.83],[-7.05,6.84],[-7.05,6.84],[-7.05,6.84],[-7.05,6.84],[-7.05,6.84],[-7.05,6.84],[-7.05,6.84],[-7.06,6.84],[-7.06,6.84],[-7.06,6.84],[-7.06,6.84],[-7.06,6.85],[-7.06,6.85],[-7.06,6.85],[-7.06,6.85],[-7.06,6.85],[-7.06,6.86],[-7.06,6.86],[-7.06,6.86],[-7.06,6.86],[-7.06,6.86],[-7.06,6.86],[-7.06,6.86],[-7.06,6.87],[-7.06,6.87],[-7.06,6.87],[-7.06,6.87],[-7.06,6.87],[-7.06,6.87],[-7.06,6.88],[-7.06,6.88],[-7.06,6.88],[-7.06,6.88],[-7.06,6.88],[-7.06,6.88],[-7.06,6.89],[-7.05,6.89],[-7.05,6.89],[-7.05,6.89],[-7.05,6.89],[-7.05,6.89],[-7.05,6.89],[-7.05,6.89],[-7.04,6.89],[-7.04,6.89],[-7.04,6.9],[-7.04,6.9],[-7.04,6.9],[-7.04,6.9],[-7.04,6.91],[-7.04,6.91],[-7.04,6.91],[-7.04,6.91],[-7.04,6.91],[-7.04,6.91],[-7.04,6.92],[-7.04,6.92],[-7.04,6.92],[-7.04,6.92],[-7.04,6.92],[-7.04,6.92],[-7.05,6.92],[-7.05,6.92],[-7.05,6.92],[-7.05,6.93],[-7.06,6.93],[-7.06,6.93],[-7.06,6.93],[-7.06,6.93],[-7.06,6.93],[-7.06,6.94],[-7.06,6.94],[-7.06,6.94],[-7.06,6.94],[-7.06,6.95],[-7.06,6.95],[-7.06,6.95],[-7.06,6.95],[-7.06,6.95],[-7.06,6.96],[-7.06,6.96],[-7.06,6.96],[-7.06,6.96],[-7.06,6.97],[-7.06,6.97],[-7.06,6.97],[-7.06,6.97],[-7.06,6.97],[-7.06,6.97],[-7.06,6.98],[-7.06,6.98],[-7.06,6.98],[-7.06,6.98],[-7.06,6.99],[-7.06,6.99],[-7.06,6.99],[-7.06,6.99],[-7.06,7.0],[-7.06,7.0],[-7.06,7.0],[-7.06,7.0],[-7.06,7.0],[-7.06,7.01],[-7.06,7.01],[-7.06,7.01],[-7.06,7.01],[-7.06,7.01],[-7.06,7.02],[-7.06,7.02],[-7.06,7.02],[-7.06,7.02],[-7.06,7.02],[-7.06,7.02],[-7.06,7.03],[-7.06,7.03],[-7.06,7.03],[-7.06,7.03],[-7.05,7.03],[-7.05,7.04],[-7.06,7.04],[-7.06,7.04],[-7.06,7.04],[-7.06,7.05],[-7.06,7.05],[-7.05,7.05],[-7.05,7.05],[-7.05,7.05],[-7.05,7.05],[-7.05,7.05],[-7.05,7.06],[-7.05,7.06],[-7.05,7.06],[-7.05,7.06],[-7.05,7.07],[-7.05,7.07],[-7.05,7.07],[-7.05,7.07],[-7.05,7.07],[-7.05,7.08],[-7.05,7.08],[-7.05,7.08],[-7.05,7.08],[-7.05,7.08],[-7.04,7.09],[-7.04,7.09],[-7.04,7.09],[-7.04,7.09],[-7.04,7.09],[-7.04,7.1],[-7.04,7.1],[-7.05,7.1],[-7.05,7.1],[-7.05,7.1],[-7.05,7.1],[-7.05,7.1],[-7.05,7.11],[-7.05,7.11],[-7.05,7.11],[-7.05,7.11],[-7.05,7.11],[-7.06,7.11],[-7.06,7.11],[-7.06,7.11],[-7.06,7.11],[-7.06,7.11],[-7.06,7.12],[-7.06,7.12],[-7.06,7.12],[-7.06,7.12],[-7.06,7.12],[-7.06,7.12],[-7.06,7.13],[-7.06,7.13],[-7.06,7.13],[-7.06,7.13],[-7.06,7.14],[-7.06,7.14],[-7.06,7.14],[-7.06,7.14],[-7.06,7.14],[-7.05,7.14],[-7.05,7.15],[-7.05,7.15],[-7.05,7.15],[-7.05,7.15],[-7.05,7.15],[-7.06,7.15],[-7.06,7.16],[-7.06,7.16],[-7.06,7.16],[-7.06,7.16],[-7.06,7.16],[-7.06,7.16],[-7.06,7.17],[-7.07,7.17],[-7.07,7.17],[-7.07,7.17],[-7.07,7.17],[-7.07,7.17],[-7.08,7.17],[-7.08,7.17],[-7.08,7.17],[-7.08,7.17],[-7.08,7.17],[-7.08,7.18],[-7.08,7.18],[-7.08,7.18],[-7.09,7.18],[-7.09,7.18],[-7.09,7.18],[-7.09,7.19],[-7.08,7.19],[-7.08,7.19],[-7.08,7.19],[-7.08,7.19],[-7.08,7.19],[-7.08,7.19],[-7.08,7.19],[-7.08,7.19],[-7.08,7.19],[-7.08,7.19],[-7.08,7.19],[-7.08,7.19],[-7.08,7.19],[-7.07,7.19],[-7.07,7.19],[-7.07,7.2],[-7.07,7.2],[-7.07,7.2],[-7.07,7.2],[-7.07,7.2],[-7.07,7.2],[-7.07,7.2],[-7.06,7.2],[-7.06,7.2],[-7.06,7.2],[-7.06,7.2],[-7.06,7.2],[-7.06,7.2],[-7.06,7.2],[-7.06,7.2],[-7.06,7.21],[-7.06,7.21],[-7.06,7.21],[-7.07,7.21],[-7.07,7.21],[-7.07,7.21],[-7.07,7.21],[-7.07,7.21],[-7.07,7.21],[-7.07,7.21],[-7.07,7.21],[-7.07,7.21],[-7.07,7.22],[-7.07,7.22],[-7.07,7.22],[-7.07,7.22],[-7.07,7.22],[-7.07,7.22],[-7.07,7.22],[-7.07,7.22],[-7.07,7.22],[-7.07,7.23],[-7.07,7.23],[-7.07,7.23],[-7.07,7.23],[-7.07,7.23],[-7.07,7.23],[-7.07,7.24],[-7.07,7.24],[-7.07,7.24],[-7.07,7.24],[-7.07,7.24],[-7.07,7.24],[-7.07,7.24],[-7.07,7.24],[-7.07,7.25],[-7.07,7.25],[-7.07,7.25],[-7.07,7.25],[-7.07,7.25],[-7.07,7.25],[-7.07,7.25],[-7.07,7.26],[-7.07,7.26],[-7.07,7.26],[-7.07,7.26],[-7.07,7.26],[-7.07,7.26],[-7.07,7.27],[-7.07,7.27],[-7.07,7.27],[-7.07,7.27],[-7.07,7.27],[-7.07,7.27],[-7.07,7.27],[-7.07,7.27],[-7.07,7.28],[-7.06,7.28],[-7.06,7.28],[-7.06,7.28],[-7.06,7.28],[-7.06,7.28],[-7.06,7.28],[-7.06,7.29],[-7.06,7.29],[-7.06,7.29],[-7.06,7.29],[-7.06,7.29],[-7.06,7.29],[-7.06,7.29],[-7.06,7.29],[-7.07,7.29],[-7.07,7.3],[-7.07,7.3],[-7.07,7.3],[-7.07,7.3],[-7.07,7.3],[-7.07,7.3],[-7.07,7.3],[-7.07,7.3],[-7.07,7.31],[-7.07,7.31],[-7.07,7.31],[-7.07,7.31],[-7.07,7.31],[-7.07,7.31],[-7.07,7.31],[-7.07,7.32],[-7.07,7.32],[-7.06,7.32],[-7.06,7.32],[-7.06,7.32],[-7.06,7.32],[-7.06,7.32],[-7.06,7.32],[-7.06,7.32],[-7.06,7.33],[-7.06,7.33],[-7.06,7.33],[-7.06,7.33],[-7.06,7.33],[-7.06,7.33],[-7.06,7.33],[-7.06,7.33],[-7.06,7.33],[-7.06,7.34],[-7.06,7.34],[-7.06,7.34],[-7.06,7.34],[-7.06,7.34],[-7.06,7.34],[-7.06,7.34],[-7.06,7.34],[-7.07,7.35],[-7.07,7.35],[-7.07,7.35],[-7.07,7.35],[-7.07,7.35],[-7.07,7.35],[-7.07,7.35],[-7.07,7.36],[-7.07,7.36],[-7.07,7.36],[-7.07,7.36],[-7.07,7.36],[-7.07,7.36],[-7.07,7.36],[-7.07,7.36],[-7.08,7.36],[-7.08,7.36],[-7.08,7.37],[-7.08,7.37],[-7.08,7.37],[-7.08,7.37],[-7.08,7.37],[-7.08,7.37],[-7.08,7.37],[-7.08,7.37],[-7.08,7.38],[-7.08,7.38],[-7.08,7.38],[-7.08,7.38],[-7.08,7.38],[-7.08,7.38],[-7.08,7.38],[-7.08,7.38],[-7.07,7.38],[-7.07,7.38],[-7.07,7.38],[-7.07,7.38],[-7.07,7.38],[-7.07,7.38],[-7.07,7.38],[-7.07,7.38],[-7.07,7.38],[-7.06,7.38],[-7.06,7.38],[-7.06,7.38],[-7.06,7.38],[-7.06,7.38],[-7.06,7.39],[-7.06,7.39],[-7.06,7.39],[-7.06,7.39],[-7.06,7.39],[-7.06,7.39],[-7.06,7.39],[-7.05,7.39],[-7.05,7.4],[-7.05,7.4],[-7.05,7.4],[-7.05,7.4],[-7.05,7.4],[-7.05,7.4],[-7.05,7.4],[-7.04,7.4],[-7.04,7.4],[-7.04,7.4],[-7.04,7.4],[-7.04,7.4],[-7.04,7.4],[-7.04,7.41],[-7.04,7.41],[-7.04,7.41],[-7.04,7.41],[-7.05,7.41],[-7.05,7.41],[-7.05,7.41],[-7.05,7.41],[-7.05,7.41],[-7.05,7.41],[-7.05,7.42],[-7.05,7.42],[-7.05,7.42],[-7.05,7.42],[-7.05,7.42],[-7.04,7.42],[-7.04,7.42],[-7.04,7.42],[-7.04,7.42],[-7.04,7.42],[-7.03,7.42],[-7.03,7.42],[-7.03,7.42],[-7.03,7.42],[-7.03,7.42],[-7.02,7.42],[-7.02,7.42],[-7.02,7.42],[-7.02,7.43],[-7.02,7.43],[-7.01,7.43],[-7.01,7.43],[-7.01,7.43],[-7.01,7.43],[-7.01,7.44],[-7.01,7.44],[-7.0,7.44],[-7.0,7.44],[-7.0,7.44],[-7.0,7.45],[-7.0,7.45],[-7.0,7.45],[-7.0,7.45],[-7.0,7.46],[-7.0,7.46],[-7.0,7.46],[-7.0,7.46],[-7.01,7.46],[-7.01,7.46],[-7.01,7.46],[-7.01,7.46],[-7.01,7.47],[-7.01,7.47],[-7.02,7.47],[-7.02,7.47],[-7.02,7.47],[-7.02,7.47],[-7.02,7.48],[-7.02,7.48],[-7.02,7.48],[-7.03,7.48],[-7.03,7.49],[-7.03,7.49],[-7.03,7.49],[-7.03,7.49],[-7.03,7.49],[-7.03,7.5],[-7.03,7.5],[-7.03,7.5],[-7.02,7.5],[-7.02,7.51],[-7.02,7.51],[-7.02,7.51],[-7.02,7.51],[-7.03,7.51],[-7.03,7.52],[-7.03,7.52],[-7.03,7.52],[-7.03,7.52],[-7.04,7.52],[-7.04,7.53],[-7.04,7.53],[-7.04,7.53],[-7.04,7.53],[-7.04,7.53],[-7.04,7.54],[-7.04,7.54],[-7.04,7.54],[-7.04,7.54],[-7.04,7.54],[-7.04,7.54],[-7.04,7.54],[-7.03,7.55],[-7.03,7.55],[-7.03,7.55],[-7.03,7.55],[-7.03,7.55],[-7.02,7.55],[-7.02,7.55],[-7.02,7.55],[-7.02,7.55],[-7.02,7.56],[-7.01,7.56],[-7.01,7.56],[-7.01,7.56],[-7.01,7.56],[-7.01,7.56],[-7.0,7.56],[-7.0,7.55],[-7.0,7.55],[-7.0,7.55],[-7.0,7.55],[-6.99,7.55],[-6.99,7.55],[-6.99,7.55],[-6.99,7.55],[-6.98,7.56],[-6.98,7.56],[-6.98,7.56],[-6.99,7.56],[-6.99,7.57],[-6.99,7.57],[-6.99,7.57],[-6.99,7.57],[-6.99,7.58],[-6.99,7.58],[-6.99,7.58],[-6.99,7.58],[-6.99,7.58],[-6.99,7.59],[-6.99,7.59],[-7.0,7.59],[-7.0,7.59],[-7.0,7.59],[-7.0,7.59],[-7.0,7.59],[-7.0,7.59],[-7.0,7.59],[-7.0,7.6],[-7.01,7.6],[-7.01,7.6],[-7.01,7.6],[-7.01,7.6],[-7.01,7.61],[-7.01,7.61],[-7.01,7.61],[-7.01,7.61],[-7.02,7.61],[-7.02,7.62],[-7.02,7.62],[-7.02,7.62],[-7.03,7.62],[-7.03,7.61],[-7.03,7.61],[-7.03,7.61],[-7.04,7.61],[-7.04,7.61],[-7.04,7.61],[-7.04,7.61],[-7.04,7.61],[-7.04,7.61],[-7.04,7.62],[-7.04,7.62],[-7.04,7.62],[-7.05,7.62],[-7.05,7.62],[-7.05,7.62],[-7.05,7.63],[-7.05,7.63],[-7.05,7.63],[-7.06,7.63],[-7.06,7.63],[-7.06,7.63],[-7.06,7.63],[-7.06,7.63],[-7.06,7.64],[-7.07,7.64],[-7.07,7.64],[-7.07,7.64],[-7.07,7.64],[-7.07,7.65],[-7.07,7.65],[-7.07,7.65],[-7.07,7.65],[-7.07,7.66],[-7.07,7.66],[-7.07,7.66],[-7.07,7.66],[-7.07,7.66],[-7.07,7.67],[-7.07,7.67],[-7.07,7.67],[-7.08,7.67],[-7.08,7.67],[-7.08,7.68],[-7.08,7.68],[-7.08,7.68],[-7.08,7.68],[-7.08,7.69],[-7.08,7.69],[-7.08,7.69],[-7.08,7.69],[-7.07,7.69],[-7.07,7.69],[-7.07,7.7],[-7.07,7.7],[-7.07,7.7],[-7.07,7.7],[-7.07,7.71],[-7.07,7.71],[-7.07,7.71],[-7.07,7.71],[-7.07,7.71],[-7.07,7.72],[-7.07,7.72],[-7.08,7.72],[-7.08,7.72],[-7.08,7.72],[-7.08,7.72],[-7.08,7.72],[-7.08,7.72],[-7.08,7.72],[-7.09,7.72],[-7.09,7.72],[-7.09,7.72],[-7.09,7.72],[-7.1,7.72],[-7.1,7.71],[-7.1,7.71],[-7.1,7.72],[-7.1,7.72],[-7.11,7.72],[-7.11,7.72],[-7.11,7.72],[-7.11,7.72],[-7.11,7.72],[-7.12,7.72],[-7.12,7.72]]]}},{"type":"Feature","properties":{"name":"Hambol","code":"CI17","level":"region","status":"collected","schools":572,"students":120401,"girls":54552,"boys":65849,"district":"Valle Du Bandama"},"geometry":{"type":"Polygon","coordinates":[[[-5.19,9.41],[-5.19,9.41],[-5.19,9.41],[-5.19,9.42],[-5.19,9.42],[-5.19,9.42],[-5.2,9.42],[-5.2,9.42],[-5.2,9.42],[-5.2,9.42],[-5.2,9.42],[-5.2,9.43],[-5.2,9.43],[-5.2,9.43],[-5.2,9.43],[-5.21,9.42],[-5.21,9.42],[-5.21,9.42],[-5.21,9.42],[-5.21,9.41],[-5.21,9.41],[-5.21,9.41],[-5.21,9.41],[-5.22,9.41],[-5.22,9.41],[-5.22,9.41],[-5.23,9.41],[-5.23,9.41],[-5.23,9.41],[-5.23,9.41],[-5.24,9.41],[-5.24,9.41],[-5.24,9.41],[-5.24,9.41],[-5.25,9.4],[-5.25,9.4],[-5.25,9.4],[-5.25,9.4],[-5.25,9.4],[-5.26,9.4],[-5.26,9.4],[-5.26,9.4],[-5.26,9.4],[-5.27,9.4],[-5.27,9.4],[-5.27,9.4],[-5.28,9.4],[-5.28,9.4],[-5.28,9.4],[-5.28,9.4],[-5.28,9.4],[-5.29,9.4],[-5.29,9.39],[-5.29,9.39],[-5.29,9.39],[-5.29,9.39],[-5.29,9.39],[-5.3,9.39],[-5.3,9.39],[-5.3,9.39],[-5.31,9.39],[-5.31,9.39],[-5.31,9.39],[-5.31,9.39],[-5.32,9.39],[-5.32,9.39],[-5.32,9.39],[-5.32,9.39],[-5.32,9.39],[-5.33,9.39],[-5.34,9.39],[-5.34,9.39],[-5.34,9.39],[-5.34,9.39],[-5.34,9.38],[-5.34,9.38],[-5.34,9.37],[-5.34,9.37],[-5.33,9.37],[-5.33,9.37],[-5.33,9.36],[-5.33,9.36],[-5.33,9.36],[-5.33,9.36],[-5.33,9.36],[-5.33,9.35],[-5.34,9.35],[-5.34,9.35],[-5.34,9.35],[-5.34,9.35],[-5.34,9.35],[-5.34,9.35],[-5.34,9.35],[-5.35,9.34],[-5.35,9.34],[-5.35,9.34],[-5.36,9.34],[-5.35,9.34],[-5.35,9.34],[-5.35,9.34],[-5.35,9.34],[-5.34,9.34],[-5.34,9.33],[-5.35,9.33],[-5.35,9.33],[-5.35,9.33],[-5.36,9.33],[-5.36,9.33],[-5.36,9.33],[-5.36,9.32],[-5.36,9.32],[-5.35,9.32],[-5.35,9.32],[-5.35,9.32],[-5.35,9.31],[-5.36,9.31],[-5.36,9.31],[-5.36,9.31],[-5.36,9.31],[-5.36,9.31],[-5.36,9.31],[-5.36,9.3],[-5.36,9.3],[-5.37,9.3],[-5.37,9.3],[-5.37,9.3],[-5.37,9.3],[-5.37,9.3],[-5.37,9.3],[-5.38,9.3],[-5.38,9.3],[-5.38,9.3],[-5.38,9.3],[-5.38,9.3],[-5.38,9.3],[-5.39,9.3],[-5.39,9.3],[-5.39,9.3],[-5.39,9.3],[-5.39,9.3],[-5.39,9.29],[-5.38,9.29],[-5.38,9.29],[-5.38,9.29],[-5.38,9.29],[-5.38,9.29],[-5.38,9.29],[-5.38,9.28],[-5.38,9.28],[-5.38,9.28],[-5.38,9.28],[-5.38,9.28],[-5.38,9.28],[-5.39,9.28],[-5.39,9.27],[-5.39,9.27],[-5.39,9.27],[-5.38,9.27],[-5.38,9.27],[-5.38,9.27],[-5.38,9.26],[-5.38,9.26],[-5.39,9.26],[-5.39,9.26],[-5.39,9.25],[-5.39,9.25],[-5.39,9.25],[-5.39,9.25],[-5.39,9.25],[-5.39,9.24],[-5.4,9.24],[-5.4,9.24],[-5.4,9.24],[-5.4,9.24],[-5.4,9.23],[-5.4,9.23],[-5.4,9.23],[-5.4,9.23],[-5.4,9.23],[-5.4,9.23],[-5.4,9.23],[-5.4,9.22],[-5.4,9.22],[-5.4,9.22],[-5.4,9.22],[-5.4,9.22],[-5.4,9.22],[-5.4,9.21],[-5.4,9.21],[-5.4,9.21],[-5.4,9.21],[-5.41,9.21],[-5.41,9.21],[-5.41,9.21],[-5.41,9.2],[-5.41,9.2],[-5.41,9.2],[-5.41,9.2],[-5.41,9.2],[-5.42,9.2],[-5.42,9.2],[-5.42,9.19],[-5.42,9.19],[-5.42,9.2],[-5.43,9.2],[-5.43,9.2],[-5.43,9.2],[-5.43,9.2],[-5.43,9.2],[-5.44,9.2],[-5.44,9.2],[-5.44,9.2],[-5.44,9.2],[-5.44,9.2],[-5.44,9.2],[-5.44,9.2],[-5.44,9.19],[-5.43,9.19],[-5.43,9.19],[-5.43,9.19],[-5.42,9.19],[-5.42,9.19],[-5.42,9.19],[-5.43,9.19],[-5.43,9.19],[-5.43,9.19],[-5.43,9.19],[-5.44,9.19],[-5.44,9.18],[-5.44,9.18],[-5.44,9.18],[-5.43,9.18],[-5.43,9.18],[-5.43,9.18],[-5.43,9.17],[-5.43,9.17],[-5.43,9.17],[-5.43,9.17],[-5.43,9.17],[-5.43,9.16],[-5.43,9.16],[-5.43,9.16],[-5.44,9.16],[-5.44,9.16],[-5.44,9.16],[-5.44,9.16],[-5.44,9.16],[-5.45,9.16],[-5.45,9.15],[-5.44,9.15],[-5.44,9.15],[-5.44,9.15],[-5.44,9.15],[-5.44,9.15],[-5.44,9.15],[-5.44,9.14],[-5.44,9.14],[-5.44,9.14],[-5.44,9.14],[-5.44,9.14],[-5.44,9.14],[-5.45,9.13],[-5.45,9.13],[-5.45,9.13],[-5.45,9.13],[-5.45,9.13],[-5.45,9.13],[-5.46,9.13],[-5.46,9.13],[-5.46,9.12],[-5.46,9.12],[-5.46,9.12],[-5.46,9.12],[-5.46,9.12],[-5.46,9.12],[-5.46,9.12],[-5.46,9.11],[-5.45,9.11],[-5.45,9.11],[-5.45,9.11],[-5.45,9.1],[-5.45,9.1],[-5.45,9.1],[-5.45,9.1],[-5.46,9.1],[-5.46,9.09],[-5.46,9.09],[-5.46,9.09],[-5.46,9.09],[-5.47,9.09],[-5.47,9.09],[-5.47,9.09],[-5.47,9.09],[-5.47,9.09],[-5.48,9.09],[-5.48,9.09],[-5.48,9.09],[-5.48,9.09],[-5.49,9.09],[-5.49,9.09],[-5.49,9.09],[-5.49,9.09],[-5.49,9.09],[-5.49,9.09],[-5.5,9.09],[-5.49,9.08],[-5.49,9.08],[-5.49,9.08],[-5.49,9.08],[-5.49,9.07],[-5.5,9.07],[-5.5,9.07],[-5.5,9.07],[-5.5,9.07],[-5.5,9.07],[-5.5,9.07],[-5.5,9.06],[-5.5,9.06],[-5.5,9.06],[-5.5,9.06],[-5.5,9.05],[-5.5,9.05],[-5.5,9.05],[-5.5,9.05],[-5.49,9.05],[-5.49,9.05],[-5.49,9.04],[-5.49,9.04],[-5.49,9.04],[-5.48,9.04],[-5.48,9.04],[-5.48,9.04],[-5.48,9.04],[-5.47,9.04],[-5.47,9.04],[-5.47,9.04],[-5.47,9.04],[-5.46,9.04],[-5.46,9.04],[-5.46,9.04],[-5.45,9.03],[-5.45,9.03],[-5.45,9.03],[-5.45,9.03],[-5.45,9.03],[-5.44,9.03],[-5.44,9.03],[-5.44,9.02],[-5.44,9.02],[-5.43,9.02],[-5.43,9.02],[-5.43,9.02],[-5.43,9.01],[-5.43,9.01],[-5.43,9.01],[-5.43,9.01],[-5.42,9.01],[-5.42,9.0],[-5.42,9.0],[-5.42,9.0],[-5.42,9.0],[-5.42,8.99],[-5.42,8.99],[-5.42,8.99],[-5.42,8.99],[-5.42,8.99],[-5.42,8.98],[-5.42,8.98],[-5.42,8.98],[-5.42,8.98],[-5.42,8.98],[-5.42,8.98],[-5.42,8.98],[-5.43,8.98],[-5.43,8.98],[-5.43,8.98],[-5.43,8.99],[-5.43,8.99],[-5.43,8.99],[-5.44,8.99],[-5.44,8.99],[-5.44,8.99],[-5.44,8.99],[-5.44,8.99],[-5.45,8.99],[-5.45,8.99],[-5.45,8.99],[-5.45,8.99],[-5.45,8.99],[-5.46,8.99],[-5.46,8.99],[-5.46,8.99],[-5.46,8.99],[-5.46,8.99],[-5.46,8.99],[-5.46,8.98],[-5.46,8.98],[-5.46,8.98],[-5.46,8.98],[-5.46,8.98],[-5.46,8.98],[-5.46,8.98],[-5.45,8.98],[-5.45,8.98],[-5.45,8.98],[-5.45,8.98],[-5.45,8.98],[-5.45,8.98],[-5.45,8.97],[-5.44,8.97],[-5.44,8.97],[-5.44,8.97],[-5.44,8.97],[-5.45,8.97],[-5.45,8.96],[-5.45,8.96],[-5.45,8.96],[-5.45,8.96],[-5.45,8.96],[-5.45,8.96],[-5.45,8.96],[-5.45,8.96],[-5.46,8.96],[-5.46,8.96],[-5.46,8.96],[-5.46,8.96],[-5.46,8.97],[-5.46,8.97],[-5.46,8.97],[-5.46,8.97],[-5.47,8.97],[-5.47,8.97],[-5.47,8.97],[-5.47,8.97],[-5.47,8.97],[-5.47,8.97],[-5.47,8.97],[-5.47,8.97],[-5.47,8.96],[-5.47,8.96],[-5.47,8.96],[-5.47,8.96],[-5.47,8.96],[-5.47,8.96],[-5.47,8.95],[-5.47,8.95],[-5.47,8.95],[-5.47,8.95],[-5.47,8.94],[-5.47,8.94],[-5.47,8.94],[-5.48,8.94],[-5.48,8.94],[-5.48,8.94],[-5.48,8.93],[-5.48,8.93],[-5.47,8.93],[-5.47,8.93],[-5.47,8.93],[-5.47,8.93],[-5.47,8.93],[-5.46,8.93],[-5.46,8.92],[-5.46,8.92],[-5.46,8.92],[-5.46,8.92],[-5.46,8.92],[-5.46,8.92],[-5.46,8.91],[-5.46,8.91],[-5.46,8.91],[-5.46,8.91],[-5.46,8.9],[-5.46,8.9],[-5.46,8.9],[-5.46,8.9],[-5.46,8.9],[-5.46,8.9],[-5.47,8.9],[-5.47,8.9],[-5.47,8.9],[-5.47,8.9],[-5.47,8.9],[-5.47,8.9],[-5.48,8.9],[-5.48,8.91],[-5.48,8.91],[-5.48,8.91],[-5.49,8.91],[-5.49,8.91],[-5.49,8.91],[-5.49,8.91],[-5.49,8.91],[-5.49,8.91],[-5.49,8.91],[-5.49,8.9],[-5.49,8.9],[-5.49,8.9],[-5.49,8.9],[-5.49,8.9],[-5.49,8.89],[-5.49,8.89],[-5.48,8.89],[-5.48,8.89],[-5.48,8.89],[-5.48,8.89],[-5.48,8.89],[-5.47,8.89],[-5.47,8.89],[-5.47,8.89],[-5.47,8.89],[-5.47,8.89],[-5.46,8.89],[-5.46,8.88],[-5.46,8.88],[-5.46,8.88],[-5.46,8.88],[-5.46,8.88],[-5.45,8.88],[-5.45,8.88],[-5.45,8.88],[-5.45,8.88],[-5.45,8.87],[-5.45,8.87],[-5.45,8.87],[-5.45,8.87],[-5.45,8.87],[-5.46,8.87],[-5.46,8.87],[-5.46,8.87],[-5.46,8.86],[-5.46,8.86],[-5.46,8.86],[-5.47,8.86],[-5.47,8.86],[-5.47,8.86],[-5.47,8.86],[-5.47,8.86],[-5.48,8.86],[-5.48,8.86],[-5.48,8.86],[-5.48,8.86],[-5.48,8.86],[-5.48,8.86],[-5.49,8.87],[-5.49,8.87],[-5.49,8.87],[-5.49,8.87],[-5.49,8.87],[-5.49,8.87],[-5.5,8.87],[-5.5,8.87],[-5.5,8.87],[-5.5,8.87],[-5.5,8.87],[-5.5,8.87],[-5.5,8.87],[-5.51,8.87],[-5.51,8.87],[-5.51,8.87],[-5.51,8.87],[-5.51,8.87],[-5.52,8.87],[-5.52,8.87],[-5.52,8.87],[-5.52,8.87],[-5.52,8.87],[-5.53,8.87],[-5.53,8.87],[-5.53,8.87],[-5.53,8.87],[-5.53,8.87],[-5.54,8.87],[-5.54,8.87],[-5.54,8.87],[-5.54,8.87],[-5.55,8.87],[-5.55,8.87],[-5.55,8.87],[-5.55,8.87],[-5.55,8.87],[-5.56,8.87],[-5.56,8.87],[-5.56,8.87],[-5.56,8.87],[-5.56,8.87],[-5.56,8.87],[-5.57,8.87],[-5.57,8.87],[-5.57,8.87],[-5.57,8.87],[-5.57,8.87],[-5.58,8.87],[-5.58,8.87],[-5.58,8.87],[-5.58,8.87],[-5.58,8.87],[-5.59,8.87],[-5.59,8.87],[-5.59,8.86],[-5.59,8.86],[-5.59,8.86],[-5.59,8.86],[-5.59,8.86],[-5.59,8.85],[-5.59,8.85],[-5.59,8.85],[-5.59,8.85],[-5.6,8.85],[-5.6,8.84],[-5.6,8.84],[-5.6,8.84],[-5.6,8.84],[-5.61,8.84],[-5.61,8.84],[-5.61,8.84],[-5.61,8.84],[-5.62,8.84],[-5.62,8.84],[-5.62,8.84],[-5.62,8.84],[-5.63,8.83],[-5.63,8.83],[-5.63,8.83],[-5.63,8.83],[-5.64,8.83],[-5.64,8.83],[-5.64,8.83],[-5.64,8.83],[-5.64,8.83],[-5.65,8.83],[-5.65,8.83],[-5.65,8.83],[-5.65,8.83],[-5.65,8.83],[-5.65,8.83],[-5.65,8.83],[-5.65,8.83],[-5.66,8.83],[-5.66,8.84],[-5.66,8.84],[-5.66,8.84],[-5.66,8.84],[-5.66,8.83],[-5.67,8.83],[-5.67,8.83],[-5.67,8.83],[-5.67,8.83],[-5.67,8.83],[-5.67,8.83],[-5.67,8.83],[-5.68,8.83],[-5.68,8.83],[-5.68,8.83],[-5.68,8.84],[-5.68,8.84],[-5.68,8.84],[-5.68,8.84],[-5.69,8.84],[-5.69,8.84],[-5.69,8.84],[-5.69,8.84],[-5.69,8.84],[-5.7,8.84],[-5.7,8.85],[-5.7,8.85],[-5.7,8.85],[-5.7,8.84],[-5.7,8.84],[-5.71,8.84],[-5.7,8.84],[-5.7,8.84],[-5.7,8.84],[-5.71,8.83],[-5.71,8.83],[-5.71,8.83],[-5.7,8.82],[-5.71,8.82],[-5.71,8.82],[-5.71,8.82],[-5.71,8.81],[-5.71,8.81],[-5.72,8.81],[-5.72,8.81],[-5.72,8.8],[-5.72,8.8],[-5.72,8.8],[-5.72,8.79],[-5.72,8.79],[-5.72,8.79],[-5.72,8.78],[-5.72,8.78],[-5.73,8.78],[-5.73,8.78],[-5.73,8.77],[-5.73,8.77],[-5.72,8.77],[-5.72,8.77],[-5.72,8.77],[-5.71,8.77],[-5.71,8.77],[-5.71,8.78],[-5.71,8.77],[-5.71,8.77],[-5.7,8.77],[-5.7,8.77],[-5.7,8.77],[-5.7,8.77],[-5.69,8.77],[-5.69,8.76],[-5.69,8.76],[-5.69,8.76],[-5.69,8.76],[-5.7,8.76],[-5.7,8.75],[-5.7,8.75],[-5.7,8.75],[-5.7,8.75],[-5.69,8.75],[-5.69,8.74],[-5.69,8.74],[-5.69,8.74],[-5.68,8.74],[-5.68,8.74],[-5.68,8.74],[-5.67,8.74],[-5.67,8.74],[-5.67,8.73],[-5.67,8.73],[-5.67,8.73],[-5.68,8.73],[-5.68,8.73],[-5.68,8.73],[-5.69,8.73],[-5.69,8.73],[-5.69,8.73],[-5.7,8.73],[-5.7,8.73],[-5.7,8.73],[-5.71,8.73],[-5.71,8.72],[-5.71,8.72],[-5.71,8.72],[-5.7,8.72],[-5.7,8.72],[-5.7,8.72],[-5.7,8.72],[-5.69,8.72],[-5.69,8.71],[-5.69,8.71],[-5.69,8.71],[-5.68,8.71],[-5.68,8.71],[-5.68,8.71],[-5.68,8.7],[-5.68,8.7],[-5.68,8.7],[-5.69,8.7],[-5.68,8.69],[-5.69,8.69],[-5.69,8.69],[-5.69,8.69],[-5.69,8.68],[-5.69,8.68],[-5.69,8.68],[-5.69,8.68],[-5.69,8.68],[-5.7,8.67],[-5.7,8.67],[-5.69,8.67],[-5.69,8.67],[-5.69,8.66],[-5.69,8.66],[-5.69,8.66],[-5.7,8.66],[-5.7,8.66],[-5.7,8.66],[-5.71,8.66],[-5.71,8.66],[-5.71,8.66],[-5.71,8.65],[-5.71,8.65],[-5.71,8.65],[-5.71,8.65],[-5.71,8.64],[-5.71,8.64],[-5.71,8.64],[-5.7,8.64],[-5.7,8.63],[-5.7,8.63],[-5.71,8.63],[-5.71,8.63],[-5.71,8.62],[-5.71,8.62],[-5.71,8.62],[-5.7,8.62],[-5.7,8.62],[-5.7,8.62],[-5.7,8.62],[-5.69,8.61],[-5.69,8.61],[-5.69,8.61],[-5.69,8.6],[-5.69,8.6],[-5.68,8.6],[-5.68,8.6],[-5.68,8.6],[-5.68,8.6],[-5.68,8.61],[-5.68,8.61],[-5.67,8.61],[-5.67,8.61],[-5.67,8.62],[-5.67,8.62],[-5.67,8.62],[-5.66,8.62],[-5.66,8.61],[-5.66,8.61],[-5.66,8.61],[-5.65,8.61],[-5.65,8.61],[-5.65,8.61],[-5.65,8.61],[-5.64,8.61],[-5.64,8.61],[-5.64,8.61],[-5.64,8.61],[-5.64,8.6],[-5.64,8.6],[-5.63,8.6],[-5.63,8.6],[-5.63,8.59],[-5.63,8.59],[-5.64,8.59],[-5.64,8.59],[-5.64,8.59],[-5.64,8.59],[-5.65,8.6],[-5.65,8.59],[-5.65,8.59],[-5.65,8.59],[-5.65,8.59],[-5.65,8.58],[-5.64,8.58],[-5.64,8.58],[-5.64,8.57],[-5.64,8.57],[-5.65,8.57],[-5.65,8.57],[-5.65,8.57],[-5.64,8.57],[-5.64,8.56],[-5.64,8.56],[-5.64,8.56],[-5.64,8.56],[-5.64,8.56],[-5.65,8.56],[-5.65,8.56],[-5.65,8.55],[-5.65,8.55],[-5.65,8.55],[-5.64,8.55],[-5.64,8.54],[-5.64,8.54],[-5.63,8.54],[-5.63,8.54],[-5.63,8.54],[-5.63,8.54],[-5.62,8.54],[-5.62,8.54],[-5.62,8.54],[-5.62,8.55],[-5.62,8.55],[-5.62,8.54],[-5.61,8.54],[-5.61,8.54],[-5.61,8.54],[-5.6,8.54],[-5.61,8.54],[-5.61,8.53],[-5.61,8.53],[-5.6,8.53],[-5.6,8.53],[-5.6,8.53],[-5.6,8.53],[-5.6,8.52],[-5.59,8.52],[-5.59,8.52],[-5.59,8.52],[-5.59,8.52],[-5.59,8.5],[-5.59,8.5],[-5.59,8.5],[-5.59,8.49],[-5.59,8.49],[-5.58,8.49],[-5.58,8.49],[-5.58,8.49],[-5.58,8.49],[-5.58,8.49],[-5.57,8.49],[-5.57,8.49],[-5.57,8.48],[-5.56,8.48],[-5.56,8.48],[-5.56,8.48],[-5.56,8.48],[-5.55,8.48],[-5.55,8.48],[-5.55,8.48],[-5.55,8.48],[-5.55,8.48],[-5.54,8.48],[-5.54,8.47],[-5.54,8.47],[-5.54,8.47],[-5.54,8.47],[-5.54,8.47],[-5.53,8.47],[-5.53,8.47],[-5.53,8.47],[-5.53,8.47],[-5.53,8.47],[-5.52,8.47],[-5.52,8.47],[-5.52,8.46],[-5.52,8.46],[-5.52,8.46],[-5.52,8.46],[-5.53,8.46],[-5.53,8.46],[-5.53,8.46],[-5.53,8.46],[-5.53,8.46],[-5.53,8.45],[-5.54,8.45],[-5.54,8.45],[-5.54,8.45],[-5.54,8.45],[-5.54,8.45],[-5.54,8.45],[-5.55,8.45],[-5.55,8.45],[-5.55,8.45],[-5.56,8.45],[-5.56,8.45],[-5.56,8.45],[-5.57,8.45],[-5.57,8.45],[-5.57,8.46],[-5.57,8.46],[-5.57,8.46],[-5.58,8.46],[-5.58,8.46],[-5.58,8.46],[-5.58,8.46],[-5.59,8.46],[-5.59,8.46],[-5.59,8.46],[-5.59,8.46],[-5.59,8.46],[-5.6,8.46],[-5.6,8.46],[-5.6,8.46],[-5.61,8.46],[-5.61,8.46],[-5.61,8.46],[-5.61,8.46],[-5.61,8.46],[-5.61,8.45],[-5.61,8.45],[-5.62,8.45],[-5.62,8.45],[-5.62,8.45],[-5.62,8.45],[-5.63,8.45],[-5.63,8.45],[-5.63,8.45],[-5.63,8.45],[-5.63,8.45],[-5.63,8.45],[-5.63,8.44],[-5.63,8.44],[-5.63,8.44],[-5.63,8.44],[-5.63,8.44],[-5.62,8.43],[-5.62,8.43],[-5.62,8.43],[-5.62,8.43],[-5.62,8.43],[-5.61,8.43],[-5.61,8.43],[-5.61,8.43],[-5.61,8.42],[-5.6,8.42],[-5.6,8.42],[-5.6,8.42],[-5.59,8.42],[-5.59,8.42],[-5.59,8.42],[-5.59,8.42],[-5.58,8.41],[-5.58,8.41],[-5.58,8.41],[-5.58,8.41],[-5.57,8.41],[-5.57,8.41],[-5.57,8.4],[-5.57,8.4],[-5.57,8.4],[-5.57,8.4],[-5.57,8.4],[-5.57,8.39],[-5.56,8.39],[-5.56,8.39],[-5.56,8.39],[-5.56,8.39],[-5.56,8.39],[-5.56,8.38],[-5.55,8.38],[-5.55,8.38],[-5.55,8.38],[-5.55,8.38],[-5.54,8.38],[-5.54,8.38],[-5.54,8.38],[-5.54,8.38],[-5.54,8.38],[-5.53,8.38],[-5.53,8.38],[-5.53,8.38],[-5.53,8.38],[-5.53,8.38],[-5.52,8.38],[-5.52,8.38],[-5.52,8.38],[-5.51,8.38],[-5.51,8.38],[-5.51,8.38],[-5.51,8.38],[-5.51,8.38],[-5.51,8.38],[-5.5,8.38],[-5.5,8.38],[-5.5,8.38],[-5.5,8.38],[-5.5,8.37],[-5.5,8.37],[-5.5,8.37],[-5.5,8.37],[-5.5,8.37],[-5.5,8.36],[-5.5,8.36],[-5.5,8.36],[-5.5,8.36],[-5.49,8.36],[-5.49,8.36],[-5.49,8.36],[-5.49,8.36],[-5.49,8.36],[-5.48,8.36],[-5.48,8.36],[-5.48,8.36],[-5.48,8.36],[-5.48,8.36],[-5.48,8.36],[-5.47,8.35],[-5.47,8.35],[-5.47,8.35],[-5.47,8.35],[-5.47,8.35],[-5.47,8.35],[-5.46,8.35],[-5.46,8.35],[-5.46,8.35],[-5.46,8.35],[-5.46,8.35],[-5.45,8.35],[-5.45,8.34],[-5.45,8.34],[-5.45,8.34],[-5.45,8.34],[-5.44,8.34],[-5.44,8.34],[-5.44,8.34],[-5.44,8.34],[-5.43,8.33],[-5.43,8.33],[-5.43,8.33],[-5.43,8.33],[-5.43,8.33],[-5.43,8.33],[-5.43,8.32],[-5.43,8.32],[-5.43,8.32],[-5.42,8.32],[-5.42,8.32],[-5.42,8.31],[-5.42,8.31],[-5.42,8.31],[-5.42,8.31],[-5.41,8.31],[-5.41,8.31],[-5.41,8.31],[-5.41,8.31],[-5.41,8.31],[-5.4,8.31],[-5.4,8.3],[-5.4,8.31],[-5.39,8.3],[-5.39,8.3],[-5.39,8.3],[-5.39,8.3],[-5.39,8.3],[-5.39,8.29],[-5.39,8.29],[-5.39,8.29],[-5.39,8.29],[-5.39,8.29],[-5.39,8.29],[-5.39,8.28],[-5.39,8.28],[-5.39,8.28],[-5.39,8.28],[-5.39,8.28],[-5.39,8.28],[-5.38,8.28],[-5.38,8.28],[-5.38,8.28],[-5.38,8.28],[-5.37,8.28],[-5.37,8.28],[-5.37,8.27],[-5.37,8.27],[-5.37,8.27],[-5.36,8.27],[-5.36,8.27],[-5.36,8.27],[-5.36,8.27],[-5.36,8.27],[-5.35,8.27],[-5.35,8.27],[-5.35,8.27],[-5.35,8.26],[-5.34,8.26],[-5.34,8.26],[-5.34,8.26],[-5.34,8.26],[-5.34,8.25],[-5.34,8.25],[-5.34,8.25],[-5.34,8.25],[-5.34,8.25],[-5.34,8.25],[-5.34,8.25],[-5.35,8.25],[-5.35,8.25],[-5.35,8.25],[-5.36,8.26],[-5.36,8.26],[-5.36,8.26],[-5.36,8.26],[-5.37,8.26],[-5.38,8.26],[-5.37,8.26],[-5.37,8.25],[-5.37,8.25],[-5.37,8.25],[-5.37,8.25],[-5.37,8.24],[-5.37,8.24],[-5.37,8.24],[-5.37,8.24],[-5.37,8.24],[-5.37,8.23],[-5.36,8.23],[-5.36,8.23],[-5.36,8.23],[-5.36,8.23],[-5.36,8.23],[-5.36,8.23],[-5.36,8.22],[-5.35,8.22],[-5.35,8.22],[-5.35,8.22],[-5.35,8.22],[-5.35,8.22],[-5.35,8.22],[-5.35,8.22],[-5.35,8.21],[-5.35,8.21],[-5.35,8.21],[-5.35,8.21],[-5.35,8.21],[-5.36,8.21],[-5.36,8.2],[-5.36,8.2],[-5.36,8.2],[-5.36,8.2],[-5.36,8.2],[-5.36,8.19],[-5.36,8.19],[-5.36,8.19],[-5.36,8.19],[-5.36,8.19],[-5.35,8.18],[-5.35,8.18],[-5.35,8.18],[-5.35,8.18],[-5.35,8.18],[-5.35,8.18],[-5.35,8.18],[-5.36,8.17],[-5.36,8.17],[-5.36,8.17],[-5.36,8.17],[-5.36,8.17],[-5.36,8.17],[-5.36,8.17],[-5.38,8.17],[-5.38,8.17],[-5.38,8.17],[-5.38,8.17],[-5.39,8.17],[-5.39,8.17],[-5.39,8.17],[-5.39,8.17],[-5.4,8.17],[-5.4,8.17],[-5.4,8.17],[-5.4,8.17],[-5.4,8.17],[-5.4,8.17],[-5.41,8.17],[-5.41,8.17],[-5.41,8.17],[-5.4,8.16],[-5.41,8.16],[-5.4,8.16],[-5.4,8.15],[-5.4,8.15],[-5.4,8.15],[-5.4,8.15],[-5.39,8.15],[-5.39,8.15],[-5.39,8.14],[-5.39,8.14],[-5.39,8.14],[-5.39,8.14],[-5.39,8.14],[-5.39,8.14],[-5.39,8.13],[-5.39,8.13],[-5.39,8.13],[-5.38,8.13],[-5.38,8.12],[-5.38,8.12],[-5.38,8.12],[-5.38,8.12],[-5.38,8.12],[-5.38,8.12],[-5.37,8.12],[-5.37,8.11],[-5.37,8.11],[-5.37,8.11],[-5.37,8.11],[-5.37,8.1],[-5.37,8.1],[-5.36,8.1],[-5.36,8.1],[-5.36,8.11],[-5.36,8.11],[-5.35,8.11],[-5.35,8.11],[-5.35,8.11],[-5.35,8.11],[-5.35,8.11],[-5.34,8.11],[-5.34,8.11],[-5.34,8.11],[-5.34,8.11],[-5.34,8.1],[-5.34,8.1],[-5.34,8.1],[-5.33,8.1],[-5.33,8.1],[-5.33,8.1],[-5.33,8.1],[-5.33,8.1],[-5.32,8.1],[-5.32,8.09],[-5.32,8.09],[-5.32,8.09],[-5.32,8.09],[-5.31,8.09],[-5.31,8.09],[-5.31,8.09],[-5.31,8.09],[-5.31,8.09],[-5.31,8.09],[-5.3,8.09],[-5.3,8.08],[-5.3,8.08],[-5.3,8.08],[-5.3,8.08],[-5.3,8.08],[-5.3,8.07],[-5.29,8.07],[-5.29,8.07],[-5.29,8.07],[-5.29,8.07],[-5.29,8.07],[-5.29,8.06],[-5.29,8.06],[-5.29,8.06],[-5.28,8.06],[-5.28,8.06],[-5.28,8.06],[-5.28,8.06],[-5.28,8.06],[-5.27,8.06],[-5.27,8.06],[-5.27,8.06],[-5.26,8.06],[-5.26,8.05],[-5.26,8.05],[-5.25,8.05],[-5.25,8.05],[-5.25,8.05],[-5.25,8.05],[-5.25,8.05],[-5.24,8.05],[-5.24,8.05],[-5.24,8.04],[-5.24,8.04],[-5.23,8.04],[-5.23,8.04],[-5.23,8.04],[-5.23,8.04],[-5.22,8.04],[-5.22,8.04],[-5.22,8.03],[-5.22,8.03],[-5.21,8.03],[-5.21,8.03],[-5.21,8.03],[-5.21,8.03],[-5.2,8.03],[-5.2,8.03],[-5.2,8.03],[-5.2,8.02],[-5.2,8.02],[-5.2,8.02],[-5.2,8.01],[-5.2,8.01],[-5.2,8.01],[-5.2,8.0],[-5.2,8.0],[-5.2,8.0],[-5.2,8.0],[-5.19,7.99],[-5.19,7.99],[-5.19,7.99],[-5.19,7.99],[-5.18,7.98],[-5.18,7.98],[-5.18,7.98],[-5.18,7.97],[-5.17,7.97],[-5.17,7.97],[-5.17,7.96],[-5.17,7.96],[-5.16,7.96],[-5.16,7.96],[-5.16,7.96],[-5.16,7.95],[-5.15,7.95],[-5.15,7.95],[-5.15,7.95],[-5.15,7.95],[-5.14,7.96],[-5.14,7.96],[-5.14,7.96],[-5.14,7.96],[-5.14,7.96],[-5.13,7.97],[-5.13,7.97],[-5.12,7.97],[-5.12,7.97],[-5.12,7.97],[-5.12,7.97],[-5.11,7.97],[-5.11,7.97],[-5.11,7.97],[-5.1,7.97],[-5.1,7.97],[-5.09,7.97],[-5.09,7.97],[-5.09,7.97],[-5.08,7.97],[-5.08,7.97],[-5.08,7.97],[-5.07,7.97],[-5.06,7.97],[-5.06,7.97],[-5.06,7.97],[-5.06,7.97],[-5.06,7.97],[-5.05,7.97],[-5.05,7.97],[-5.05,7.97],[-5.05,7.97],[-5.05,7.98],[-5.05,7.98],[-5.05,7.98],[-5.04,7.98],[-5.04,7.98],[-5.04,7.98],[-5.04,7.98],[-5.04,7.99],[-5.04,7.99],[-5.04,7.99],[-5.04,7.99],[-5.03,7.99],[-5.03,7.99],[-5.03,7.99],[-5.03,7.99],[-5.03,7.99],[-5.03,7.99],[-5.02,7.99],[-5.02,7.99],[-5.02,7.99],[-5.02,7.99],[-5.02,7.99],[-5.01,7.99],[-5.01,7.99],[-5.01,7.99],[-5.01,7.99],[-5.01,7.99],[-5.01,7.99],[-5.01,7.99],[-5.01,7.98],[-5.01,7.98],[-5.01,7.98],[-5.0,7.98],[-5.0,7.98],[-5.0,7.98],[-5.0,7.98],[-5.0,7.99],[-5.0,7.99],[-5.0,7.99],[-5.0,7.99],[-5.0,7.99],[-5.0,7.99],[-5.0,7.99],[-4.99,7.99],[-4.97,7.99],[-4.97,7.99],[-4.97,7.99],[-4.96,7.99],[-4.96,7.99],[-4.96,7.99],[-4.96,7.99],[-4.96,7.99],[-4.96,7.98],[-4.95,7.98],[-4.95,7.98],[-4.95,7.98],[-4.95,7.98],[-4.95,7.98],[-4.95,7.98],[-4.95,7.98],[-4.94,7.98],[-4.94,7.97],[-4.94,7.97],[-4.94,7.97],[-4.94,7.97],[-4.94,7.97],[-4.94,7.97],[-4.93,7.97],[-4.84,8.0],[-4.83,8.0],[-4.83,8.0],[-4.83,8.01],[-4.83,8.01],[-4.83,8.01],[-4.82,8.01],[-4.82,8.01],[-4.82,8.01],[-4.82,8.01],[-4.82,8.01],[-4.78,8.02],[-4.75,8.02],[-4.74,8.02],[-4.74,8.02],[-4.74,8.02],[-4.74,8.02],[-4.74,8.02],[-4.74,8.02],[-4.74,8.03],[-4.74,8.03],[-4.74,8.03],[-4.74,8.03],[-4.72,8.04],[-4.71,8.04],[-4.71,8.04],[-4.7,8.04],[-4.7,8.04],[-4.7,8.04],[-4.69,8.05],[-4.69,8.05],[-4.68,8.05],[-4.68,8.04],[-4.67,8.04],[-4.67,8.04],[-4.66,8.04],[-4.66,8.04],[-4.65,8.02],[-4.65,8.02],[-4.65,8.02],[-4.64,8.0],[-4.64,8.0],[-4.64,7.99],[-4.63,7.98],[-4.63,7.98],[-4.62,7.97],[-4.62,7.97],[-4.62,7.96],[-4.61,7.96],[-4.61,7.96],[-4.6,7.96],[-4.6,7.95],[-4.6,7.95],[-4.61,7.91],[-4.61,7.88],[-4.61,7.88],[-4.61,7.88],[-4.61,7.88],[-4.61,7.88],[-4.61,7.87],[-4.61,7.87],[-4.61,7.87],[-4.61,7.87],[-4.61,7.87],[-4.6,7.87],[-4.6,7.87],[-4.6,7.87],[-4.6,7.86],[-4.6,7.86],[-4.6,7.86],[-4.6,7.86],[-4.59,7.86],[-4.59,7.86],[-4.59,7.85],[-4.59,7.85],[-4.59,7.85],[-4.58,7.85],[-4.58,7.85],[-4.58,7.85],[-4.58,7.85],[-4.58,7.85],[-4.57,7.85],[-4.57,7.85],[-4.57,7.85],[-4.57,7.85],[-4.57,7.85],[-4.57,7.84],[-4.57,7.84],[-4.57,7.84],[-4.56,7.84],[-4.56,7.84],[-4.56,7.84],[-4.56,7.84],[-4.57,7.84],[-4.57,7.84],[-4.57,7.84],[-4.57,7.83],[-4.57,7.83],[-4.57,7.83],[-4.57,7.83],[-4.57,7.83],[-4.57,7.83],[-4.57,7.82],[-4.57,7.82],[-4.57,7.82],[-4.57,7.82],[-4.57,7.82],[-4.57,7.82],[-4.57,7.82],[-4.57,7.82],[-4.57,7.82],[-4.57,7.82],[-4.56,7.83],[-4.56,7.83],[-4.56,7.83],[-4.56,7.83],[-4.56,7.83],[-4.55,7.83],[-4.55,7.83],[-4.55,7.83],[-4.55,7.83],[-4.55,7.83],[-4.55,7.82],[-4.55,7.82],[-4.54,7.82],[-4.54,7.82],[-4.54,7.82],[-4.54,7.82],[-4.54,7.82],[-4.54,7.82],[-4.53,7.82],[-4.53,7.82],[-4.53,7.82],[-4.53,7.82],[-4.53,7.83],[-4.53,7.83],[-4.53,7.83],[-4.53,7.83],[-4.52,7.82],[-4.52,7.82],[-4.52,7.82],[-4.52,7.82],[-4.52,7.82],[-4.52,7.82],[-4.51,7.82],[-4.51,7.82],[-4.51,7.82],[-4.51,7.82],[-4.5,7.82],[-4.5,7.82],[-4.45,7.83],[-4.45,7.83],[-4.38,7.84],[-4.35,7.84],[-4.34,7.85],[-4.32,7.87],[-4.32,7.87],[-4.31,7.87],[-4.31,7.87],[-4.3,7.88],[-4.31,7.9],[-4.3,7.9],[-4.3,7.9],[-4.29,7.9],[-4.29,7.9],[-4.29,7.9],[-4.29,7.9],[-4.28,7.9],[-4.28,7.91],[-4.27,7.91],[-4.27,7.92],[-4.26,7.92],[-4.26,7.92],[-4.25,7.92],[-4.25,7.92],[-4.25,7.92],[-4.24,7.92],[-4.24,7.92],[-4.24,7.91],[-4.24,7.91],[-4.24,7.9],[-4.24,7.9],[-4.23,7.9],[-4.23,7.9],[-4.23,7.9],[-4.23,7.9],[-4.23,7.9],[-4.22,7.91],[-4.22,7.9],[-4.22,7.9],[-4.22,7.9],[-4.22,7.9],[-4.22,7.9],[-4.22,7.9],[-4.21,7.89],[-4.21,7.89],[-4.21,7.89],[-4.21,7.89],[-4.21,7.89],[-4.21,7.89],[-4.2,7.89],[-4.2,7.89],[-4.2,7.89],[-4.2,7.89],[-4.19,7.88],[-4.19,7.89],[-4.19,7.89],[-4.19,7.89],[-4.18,7.89],[-4.18,7.89],[-4.18,7.89],[-4.18,7.89],[-4.18,7.89],[-4.17,7.89],[-4.17,7.89],[-4.17,7.89],[-4.17,7.89],[-4.17,7.89],[-4.16,7.89],[-4.16,7.89],[-4.16,7.89],[-4.16,7.89],[-4.16,7.89],[-4.15,7.89],[-4.15,7.89],[-4.15,7.9],[-4.15,7.9],[-4.15,7.9],[-4.15,7.9],[-4.15,7.9],[-4.15,7.9],[-4.14,7.9],[-4.14,7.9],[-4.14,7.9],[-4.14,7.91],[-4.14,7.91],[-4.13,7.91],[-4.13,7.91],[-4.13,7.91],[-4.13,7.91],[-4.13,7.91],[-4.12,7.91],[-4.12,7.91],[-4.12,7.91],[-4.12,7.92],[-4.12,7.92],[-4.12,7.92],[-4.11,7.92],[-4.11,7.92],[-4.11,7.92],[-4.11,7.92],[-4.1,7.92],[-4.1,7.92],[-4.1,7.92],[-4.1,7.92],[-4.1,7.92],[-4.09,7.92],[-4.09,7.92],[-4.09,7.92],[-4.09,7.92],[-4.09,7.92],[-4.09,7.92],[-4.08,7.92],[-4.08,7.92],[-4.08,7.92],[-4.08,7.92],[-4.08,7.93],[-4.08,7.93],[-4.08,7.93],[-4.08,7.93],[-4.08,7.93],[-4.07,7.93],[-4.07,7.94],[-4.07,7.94],[-4.07,7.94],[-4.07,7.94],[-4.07,7.94],[-4.07,7.95],[-4.07,7.95],[-4.07,7.95],[-4.07,7.95],[-4.07,7.95],[-4.07,7.96],[-4.07,7.96],[-4.07,7.96],[-4.07,7.96],[-4.07,7.96],[-4.07,7.97],[-4.07,7.97],[-4.06,7.97],[-4.07,7.97],[-4.07,7.97],[-4.07,7.97],[-4.07,7.97],[-4.07,7.97],[-4.08,7.97],[-4.08,7.97],[-4.08,7.97],[-4.08,7.98],[-4.08,7.98],[-4.08,7.98],[-4.08,7.98],[-4.09,7.98],[-4.09,7.99],[-4.09,7.99],[-4.09,7.99],[-4.09,7.99],[-4.09,7.99],[-4.09,7.99],[-4.1,8.0],[-4.1,8.0],[-4.1,8.0],[-4.1,8.0],[-4.1,8.0],[-4.09,8.01],[-4.09,8.01],[-4.09,8.01],[-4.09,8.01],[-4.08,8.01],[-4.08,8.01],[-4.08,8.01],[-4.08,8.01],[-4.08,8.01],[-4.08,8.02],[-4.08,8.02],[-4.07,8.02],[-4.07,8.02],[-4.07,8.02],[-4.07,8.02],[-4.07,8.02],[-4.06,8.02],[-4.06,8.03],[-4.06,8.03],[-4.06,8.03],[-4.05,8.03],[-4.05,8.03],[-4.05,8.03],[-4.05,8.03],[-4.05,8.03],[-4.04,8.03],[-4.04,8.03],[-4.04,8.03],[-4.04,8.03],[-4.03,8.03],[-4.03,8.04],[-4.03,8.04],[-4.03,8.04],[-4.03,8.04],[-4.03,8.04],[-4.02,8.04],[-4.02,8.04],[-4.02,8.05],[-4.02,8.05],[-4.02,8.05],[-4.02,8.05],[-4.02,8.05],[-4.02,8.06],[-4.02,8.06],[-4.02,8.06],[-4.02,8.06],[-4.02,8.06],[-4.02,8.06],[-4.01,8.06],[-4.01,8.07],[-4.01,8.07],[-4.01,8.07],[-4.01,8.07],[-4.01,8.07],[-4.01,8.07],[-4.01,8.07],[-4.01,8.07],[-4.01,8.08],[-4.01,8.08],[-4.0,8.08],[-4.0,8.08],[-4.0,8.08],[-4.0,8.08],[-4.0,8.09],[-4.0,8.09],[-4.01,8.09],[-4.01,8.09],[-4.01,8.09],[-4.01,8.09],[-4.01,8.1],[-4.0,8.1],[-4.0,8.1],[-4.0,8.1],[-4.0,8.1],[-4.0,8.1],[-4.0,8.11],[-4.0,8.11],[-3.99,8.11],[-3.99,8.11],[-3.99,8.11],[-3.98,8.11],[-3.98,8.11],[-3.98,8.11],[-3.98,8.11],[-3.98,8.11],[-3.98,8.11],[-3.98,8.11],[-3.97,8.11],[-3.97,8.11],[-3.97,8.11],[-3.97,8.11],[-3.97,8.11],[-3.96,8.11],[-3.96,8.11],[-3.96,8.1],[-3.96,8.1],[-3.96,8.1],[-3.96,8.1],[-3.95,8.1],[-3.95,8.1],[-3.95,8.1],[-3.95,8.11],[-3.95,8.11],[-3.94,8.11],[-3.94,8.1],[-3.94,8.1],[-3.94,8.1],[-3.94,8.1],[-3.94,8.11],[-3.93,8.11],[-3.93,8.11],[-3.93,8.11],[-3.93,8.11],[-3.93,8.11],[-3.93,8.11],[-3.93,8.12],[-3.93,8.12],[-3.93,8.12],[-3.93,8.12],[-3.94,8.12],[-3.94,8.12],[-3.94,8.12],[-3.94,8.12],[-3.94,8.12],[-3.94,8.12],[-3.94,8.12],[-3.95,8.12],[-3.95,8.12],[-3.95,8.12],[-3.95,8.12],[-3.95,8.12],[-3.95,8.13],[-3.95,8.13],[-3.95,8.13],[-3.95,8.13],[-3.96,8.13],[-3.96,8.13],[-3.96,8.13],[-3.96,8.13],[-3.96,8.13],[-3.96,8.14],[-3.96,8.14],[-3.96,8.14],[-3.96,8.14],[-3.96,8.14],[-3.97,8.14],[-3.97,8.14],[-3.97,8.14],[-3.97,8.15],[-3.97,8.15],[-3.97,8.15],[-3.97,8.15],[-3.97,8.15],[-3.98,8.15],[-3.98,8.15],[-3.98,8.15],[-3.98,8.16],[-3.98,8.16],[-3.98,8.16],[-3.98,8.16],[-3.98,8.16],[-3.98,8.16],[-3.98,8.17],[-3.98,8.17],[-3.99,8.17],[-3.99,8.17],[-3.99,8.17],[-3.99,8.17],[-3.99,8.17],[-4.0,8.17],[-4.0,8.17],[-4.0,8.17],[-4.0,8.17],[-4.0,8.17],[-4.0,8.17],[-4.0,8.17],[-4.0,8.17],[-4.01,8.17],[-4.01,8.17],[-4.01,8.17],[-4.01,8.17],[-4.01,8.17],[-4.01,8.17],[-4.01,8.17],[-4.02,8.17],[-4.02,8.17],[-4.02,8.17],[-4.02,8.17],[-4.02,8.17],[-4.03,8.17],[-4.03,8.17],[-4.03,8.17],[-4.03,8.18],[-4.03,8.18],[-4.03,8.18],[-4.03,8.18],[-4.03,8.18],[-4.03,8.18],[-4.03,8.18],[-4.03,8.19],[-4.04,8.19],[-4.04,8.19],[-4.04,8.19],[-4.04,8.19],[-4.04,8.2],[-4.03,8.2],[-4.03,8.2],[-4.03,8.2],[-4.03,8.2],[-4.03,8.21],[-4.03,8.21],[-4.02,8.21],[-4.02,8.21],[-4.02,8.21],[-4.02,8.21],[-4.02,8.22],[-4.01,8.22],[-4.01,8.22],[-4.01,8.22],[-4.01,8.22],[-4.01,8.23],[-4.01,8.23],[-4.01,8.23],[-4.01,8.24],[-4.01,8.24],[-4.01,8.24],[-4.02,8.24],[-4.02,8.24],[-4.02,8.24],[-4.02,8.25],[-4.02,8.25],[-4.02,8.25],[-4.03,8.25],[-4.03,8.25],[-4.03,8.26],[-4.03,8.26],[-4.03,8.26],[-4.04,8.26],[-4.04,8.26],[-4.04,8.26],[-4.04,8.26],[-4.04,8.26],[-4.04,8.27],[-4.04,8.27],[-4.05,8.27],[-4.05,8.27],[-4.05,8.28],[-4.05,8.28],[-4.05,8.28],[-4.05,8.28],[-4.06,8.28],[-4.06,8.28],[-4.06,8.29],[-4.06,8.29],[-4.06,8.29],[-4.06,8.3],[-4.06,8.3],[-4.06,8.3],[-4.06,8.3],[-4.05,8.3],[-4.05,8.3],[-4.05,8.3],[-4.05,8.31],[-4.05,8.31],[-4.05,8.31],[-4.04,8.31],[-4.04,8.31],[-4.04,8.31],[-4.04,8.31],[-4.04,8.31],[-4.03,8.31],[-4.03,8.31],[-4.03,8.31],[-4.03,8.31],[-4.03,8.31],[-4.02,8.3],[-4.02,8.3],[-4.02,8.3],[-4.02,8.3],[-4.01,8.3],[-4.01,8.3],[-4.01,8.3],[-4.01,8.3],[-4.0,8.3],[-4.0,8.3],[-4.0,8.3],[-4.0,8.3],[-4.0,8.3],[-3.99,8.3],[-3.99,8.3],[-3.99,8.3],[-3.99,8.3],[-3.98,8.3],[-3.98,8.3],[-3.98,8.3],[-3.98,8.3],[-3.98,8.3],[-3.97,8.3],[-3.97,8.3],[-3.97,8.3],[-3.97,8.3],[-3.97,8.31],[-3.97,8.31],[-3.97,8.31],[-3.97,8.31],[-3.97,8.32],[-3.97,8.32],[-3.97,8.32],[-3.97,8.33],[-3.97,8.33],[-3.96,8.33],[-3.96,8.33],[-3.96,8.34],[-3.96,8.34],[-3.96,8.34],[-3.96,8.34],[-3.96,8.35],[-3.96,8.35],[-3.96,8.35],[-3.97,8.35],[-3.97,8.35],[-3.97,8.35],[-3.97,8.35],[-3.97,8.35],[-3.98,8.35],[-3.98,8.35],[-3.98,8.35],[-3.98,8.36],[-3.98,8.36],[-3.98,8.36],[-3.99,8.36],[-3.99,8.36],[-3.99,8.36],[-3.99,8.37],[-3.99,8.37],[-3.99,8.37],[-3.99,8.37],[-3.99,8.37],[-3.98,8.37],[-3.98,8.37],[-3.98,8.37],[-3.98,8.37],[-3.97,8.38],[-3.97,8.38],[-3.97,8.38],[-3.96,8.38],[-3.96,8.38],[-3.96,8.38],[-3.96,8.39],[-3.96,8.39],[-3.96,8.39],[-3.96,8.4],[-3.96,8.4],[-3.96,8.4],[-3.97,8.4],[-3.97,8.4],[-3.97,8.4],[-3.97,8.4],[-3.98,8.4],[-3.98,8.4],[-3.98,8.4],[-3.98,8.4],[-3.98,8.4],[-3.99,8.4],[-3.99,8.4],[-3.99,8.4],[-3.99,8.4],[-4.0,8.4],[-4.0,8.4],[-4.0,8.41],[-4.0,8.41],[-4.0,8.41],[-4.0,8.41],[-4.0,8.41],[-4.0,8.42],[-4.0,8.42],[-4.0,8.42],[-4.01,8.43],[-4.01,8.43],[-4.0,8.43],[-4.0,8.43],[-4.0,8.43],[-4.0,8.43],[-4.0,8.43],[-4.0,8.43],[-3.99,8.43],[-3.99,8.43],[-3.99,8.43],[-3.99,8.43],[-3.98,8.43],[-3.98,8.43],[-3.98,8.43],[-3.98,8.43],[-3.98,8.43],[-3.97,8.43],[-3.97,8.43],[-3.97,8.43],[-3.96,8.44],[-3.96,8.44],[-3.96,8.44],[-3.96,8.44],[-3.96,8.44],[-3.95,8.44],[-3.95,8.45],[-3.94,8.45],[-3.94,8.45],[-3.94,8.45],[-3.94,8.45],[-3.94,8.45],[-3.94,8.46],[-3.94,8.46],[-3.94,8.46],[-3.94,8.46],[-3.94,8.47],[-3.93,8.47],[-3.93,8.47],[-3.93,8.47],[-3.93,8.47],[-3.93,8.48],[-3.93,8.48],[-3.93,8.48],[-3.93,8.48],[-3.93,8.49],[-3.93,8.49],[-3.93,8.49],[-3.93,8.49],[-3.93,8.5],[-3.93,8.5],[-3.94,8.5],[-3.94,8.5],[-3.94,8.5],[-3.95,8.5],[-3.95,8.51],[-3.96,8.51],[-3.97,8.51],[-3.97,8.51],[-3.98,8.51],[-3.98,8.51],[-3.98,8.51],[-3.98,8.52],[-3.98,8.52],[-3.98,8.53],[-3.98,8.53],[-3.98,8.53],[-3.98,8.53],[-3.98,8.53],[-3.98,8.54],[-3.98,8.54],[-3.98,8.54],[-3.97,8.54],[-3.97,8.54],[-3.97,8.54],[-3.96,8.54],[-3.96,8.55],[-3.96,8.54],[-3.96,8.55],[-3.96,8.55],[-3.95,8.55],[-3.95,8.55],[-3.95,8.55],[-3.94,8.55],[-3.94,8.55],[-3.94,8.55],[-3.94,8.55],[-3.94,8.55],[-3.93,8.56],[-3.93,8.56],[-3.93,8.56],[-3.93,8.56],[-3.93,8.56],[-3.92,8.56],[-3.92,8.57],[-3.92,8.57],[-3.92,8.57],[-3.92,8.57],[-3.92,8.57],[-3.91,8.57],[-3.91,8.57],[-3.91,8.57],[-3.91,8.57],[-3.91,8.57],[-3.91,8.57],[-3.9,8.57],[-3.9,8.57],[-3.9,8.57],[-3.9,8.57],[-3.9,8.58],[-3.9,8.58],[-3.9,8.58],[-3.9,8.58],[-3.9,8.58],[-3.9,8.59],[-3.91,8.59],[-3.91,8.59],[-3.91,8.59],[-3.91,8.59],[-3.91,8.59],[-3.91,8.59],[-3.91,8.59],[-3.91,8.6],[-3.91,8.6],[-3.91,8.6],[-3.91,8.6],[-3.92,8.6],[-3.92,8.6],[-3.92,8.6],[-3.92,8.61],[-3.92,8.61],[-3.92,8.61],[-3.92,8.61],[-3.94,8.63],[-3.94,8.63],[-3.94,8.63],[-3.94,8.64],[-3.94,8.64],[-3.94,8.64],[-3.94,8.64],[-3.95,8.64],[-3.95,8.64],[-3.95,8.64],[-3.95,8.64],[-3.95,8.64],[-3.95,8.63],[-3.96,8.63],[-3.96,8.63],[-3.96,8.63],[-3.96,8.63],[-3.96,8.63],[-3.96,8.63],[-3.97,8.63],[-3.97,8.64],[-3.97,8.64],[-3.97,8.64],[-3.97,8.63],[-3.97,8.63],[-3.97,8.63],[-3.97,8.63],[-3.97,8.63],[-3.97,8.63],[-3.98,8.63],[-3.98,8.63],[-3.98,8.63],[-3.98,8.63],[-3.98,8.64],[-3.98,8.64],[-3.98,8.64],[-3.98,8.64],[-3.98,8.64],[-3.98,8.64],[-3.98,8.64],[-3.98,8.65],[-3.99,8.65],[-3.99,8.65],[-3.99,8.65],[-3.99,8.65],[-3.99,8.65],[-4.0,8.65],[-4.0,8.65],[-4.0,8.65],[-4.0,8.65],[-4.0,8.65],[-4.0,8.65],[-4.0,8.65],[-4.0,8.65],[-4.01,8.65],[-4.01,8.65],[-4.01,8.65],[-4.01,8.65],[-4.01,8.65],[-4.02,8.65],[-4.02,8.65],[-4.02,8.66],[-4.02,8.66],[-4.02,8.66],[-4.03,8.66],[-4.03,8.66],[-4.03,8.66],[-4.04,8.66],[-4.04,8.66],[-4.04,8.66],[-4.04,8.66],[-4.04,8.65],[-4.04,8.65],[-4.04,8.65],[-4.04,8.65],[-4.04,8.65],[-4.05,8.65],[-4.05,8.65],[-4.05,8.65],[-4.05,8.65],[-4.05,8.66],[-4.05,8.65],[-4.06,8.66],[-4.06,8.65],[-4.06,8.65],[-4.06,8.66],[-4.06,8.66],[-4.06,8.66],[-4.07,8.66],[-4.07,8.66],[-4.07,8.66],[-4.07,8.67],[-4.07,8.67],[-4.07,8.67],[-4.08,8.67],[-4.08,8.66],[-4.08,8.66],[-4.08,8.66],[-4.07,8.66],[-4.07,8.66],[-4.07,8.66],[-4.07,8.65],[-4.07,8.65],[-4.08,8.65],[-4.08,8.66],[-4.08,8.66],[-4.08,8.66],[-4.08,8.66],[-4.08,8.66],[-4.08,8.66],[-4.09,8.66],[-4.09,8.66],[-4.09,8.66],[-4.09,8.65],[-4.09,8.65],[-4.09,8.65],[-4.09,8.65],[-4.09,8.65],[-4.09,8.65],[-4.1,8.65],[-4.1,8.65],[-4.1,8.66],[-4.1,8.66],[-4.1,8.66],[-4.1,8.66],[-4.1,8.66],[-4.11,8.66],[-4.11,8.66],[-4.11,8.66],[-4.11,8.65],[-4.11,8.65],[-4.11,8.65],[-4.11,8.65],[-4.11,8.65],[-4.11,8.65],[-4.11,8.65],[-4.12,8.65],[-4.12,8.65],[-4.12,8.65],[-4.12,8.65],[-4.12,8.65],[-4.12,8.65],[-4.13,8.65],[-4.13,8.65],[-4.13,8.66],[-4.13,8.66],[-4.13,8.66],[-4.13,8.66],[-4.13,8.66],[-4.14,8.66],[-4.14,8.66],[-4.14,8.66],[-4.14,8.66],[-4.14,8.66],[-4.14,8.66],[-4.15,8.67],[-4.15,8.67],[-4.15,8.67],[-4.15,8.67],[-4.15,8.67],[-4.16,8.66],[-4.16,8.66],[-4.16,8.66],[-4.16,8.66],[-4.16,8.66],[-4.16,8.66],[-4.16,8.65],[-4.16,8.66],[-4.16,8.66],[-4.16,8.66],[-4.16,8.66],[-4.16,8.66],[-4.16,8.66],[-4.16,8.67],[-4.16,8.67],[-4.17,8.67],[-4.17,8.67],[-4.17,8.67],[-4.17,8.68],[-4.18,8.68],[-4.18,8.68],[-4.18,8.68],[-4.18,8.68],[-4.18,8.68],[-4.18,8.68],[-4.18,8.68],[-4.19,8.68],[-4.19,8.68],[-4.19,8.68],[-4.19,8.68],[-4.19,8.68],[-4.19,8.68],[-4.19,8.68],[-4.19,8.67],[-4.19,8.67],[-4.19,8.68],[-4.2,8.68],[-4.2,8.67],[-4.2,8.67],[-4.2,8.67],[-4.2,8.67],[-4.2,8.66],[-4.2,8.66],[-4.2,8.66],[-4.2,8.66],[-4.2,8.66],[-4.2,8.66],[-4.21,8.66],[-4.21,8.66],[-4.21,8.66],[-4.21,8.66],[-4.21,8.66],[-4.21,8.67],[-4.21,8.67],[-4.22,8.67],[-4.22,8.67],[-4.22,8.67],[-4.22,8.67],[-4.22,8.67],[-4.22,8.67],[-4.22,8.67],[-4.23,8.67],[-4.23,8.67],[-4.23,8.68],[-4.23,8.68],[-4.23,8.68],[-4.23,8.68],[-4.24,8.68],[-4.24,8.68],[-4.24,8.68],[-4.24,8.69],[-4.24,8.69],[-4.24,8.69],[-4.24,8.69],[-4.24,8.69],[-4.24,8.69],[-4.24,8.69],[-4.25,8.69],[-4.25,8.7],[-4.25,8.7],[-4.25,8.7],[-4.25,8.7],[-4.25,8.7],[-4.25,8.71],[-4.25,8.71],[-4.25,8.71],[-4.25,8.71],[-4.25,8.71],[-4.25,8.71],[-4.25,8.71],[-4.26,8.71],[-4.26,8.71],[-4.26,8.71],[-4.26,8.72],[-4.26,8.72],[-4.26,8.72],[-4.26,8.72],[-4.26,8.72],[-4.26,8.72],[-4.26,8.72],[-4.26,8.73],[-4.26,8.73],[-4.26,8.73],[-4.26,8.73],[-4.26,8.73],[-4.26,8.73],[-4.26,8.73],[-4.26,8.74],[-4.26,8.74],[-4.26,8.74],[-4.26,8.74],[-4.26,8.74],[-4.26,8.74],[-4.26,8.75],[-4.27,8.75],[-4.27,8.75],[-4.27,8.75],[-4.27,8.75],[-4.27,8.74],[-4.28,8.74],[-4.28,8.74],[-4.28,8.74],[-4.28,8.74],[-4.28,8.75],[-4.28,8.75],[-4.28,8.75],[-4.28,8.75],[-4.28,8.75],[-4.29,8.75],[-4.29,8.74],[-4.29,8.74],[-4.29,8.74],[-4.3,8.74],[-4.3,8.74],[-4.3,8.74],[-4.3,8.74],[-4.3,8.74],[-4.31,8.74],[-4.31,8.74],[-4.31,8.74],[-4.31,8.74],[-4.31,8.74],[-4.32,8.74],[-4.32,8.74],[-4.32,8.74],[-4.32,8.74],[-4.32,8.73],[-4.32,8.73],[-4.32,8.73],[-4.32,8.73],[-4.32,8.73],[-4.32,8.73],[-4.34,8.73],[-4.34,8.73],[-4.34,8.73],[-4.34,8.72],[-4.34,8.72],[-4.35,8.72],[-4.35,8.73],[-4.35,8.73],[-4.35,8.73],[-4.35,8.73],[-4.35,8.73],[-4.36,8.74],[-4.36,8.74],[-4.36,8.74],[-4.36,8.74],[-4.36,8.75],[-4.36,8.75],[-4.36,8.75],[-4.36,8.75],[-4.36,8.75],[-4.36,8.76],[-4.37,8.76],[-4.37,8.76],[-4.37,8.75],[-4.37,8.75],[-4.37,8.75],[-4.37,8.75],[-4.37,8.75],[-4.38,8.75],[-4.38,8.75],[-4.38,8.75],[-4.38,8.75],[-4.38,8.75],[-4.38,8.75],[-4.39,8.75],[-4.39,8.75],[-4.39,8.75],[-4.39,8.75],[-4.4,8.75],[-4.4,8.75],[-4.4,8.75],[-4.4,8.75],[-4.4,8.75],[-4.4,8.75],[-4.41,8.75],[-4.41,8.75],[-4.41,8.75],[-4.41,8.75],[-4.41,8.75],[-4.42,8.75],[-4.42,8.75],[-4.42,8.75],[-4.42,8.75],[-4.42,8.75],[-4.42,8.75],[-4.42,8.75],[-4.43,8.75],[-4.43,8.74],[-4.43,8.74],[-4.43,8.74],[-4.43,8.74],[-4.43,8.74],[-4.43,8.74],[-4.43,8.74],[-4.43,8.74],[-4.44,8.74],[-4.44,8.75],[-4.44,8.75],[-4.44,8.75],[-4.44,8.75],[-4.44,8.75],[-4.44,8.76],[-4.44,8.76],[-4.44,8.76],[-4.44,8.76],[-4.44,8.76],[-4.45,8.77],[-4.45,8.77],[-4.45,8.77],[-4.45,8.77],[-4.45,8.77],[-4.45,8.77],[-4.45,8.77],[-4.46,8.77],[-4.46,8.77],[-4.46,8.77],[-4.46,8.77],[-4.46,8.77],[-4.47,8.77],[-4.47,8.77],[-4.47,8.78],[-4.47,8.78],[-4.47,8.78],[-4.47,8.78],[-4.47,8.78],[-4.47,8.78],[-4.47,8.78],[-4.48,8.79],[-4.48,8.79],[-4.48,8.79],[-4.48,8.79],[-4.49,8.79],[-4.49,8.79],[-4.49,8.79],[-4.49,8.8],[-4.49,8.8],[-4.49,8.8],[-4.5,8.81],[-4.5,8.81],[-4.5,8.81],[-4.5,8.81],[-4.5,8.82],[-4.5,8.82],[-4.5,8.82],[-4.5,8.82],[-4.51,8.83],[-4.51,8.83],[-4.51,8.83],[-4.51,8.84],[-4.51,8.84],[-4.51,8.84],[-4.5,8.84],[-4.5,8.84],[-4.5,8.85],[-4.5,8.85],[-4.5,8.85],[-4.5,8.85],[-4.5,8.85],[-4.5,8.86],[-4.49,8.86],[-4.49,8.86],[-4.49,8.86],[-4.49,8.87],[-4.49,8.87],[-4.49,8.87],[-4.49,8.87],[-4.49,8.88],[-4.49,8.88],[-4.49,8.88],[-4.48,8.88],[-4.48,8.88],[-4.48,8.88],[-4.48,8.89],[-4.49,8.89],[-4.49,8.88],[-4.49,8.89],[-4.49,8.89],[-4.49,8.88],[-4.5,8.88],[-4.5,8.89],[-4.5,8.89],[-4.5,8.89],[-4.5,8.89],[-4.5,8.9],[-4.5,8.9],[-4.5,8.9],[-4.5,8.9],[-4.5,8.9],[-4.5,8.91],[-4.51,8.91],[-4.51,8.91],[-4.51,8.91],[-4.51,8.92],[-4.52,8.92],[-4.52,8.92],[-4.53,8.92],[-4.53,8.91],[-4.53,8.91],[-4.53,8.91],[-4.54,8.91],[-4.54,8.92],[-4.55,8.92],[-4.55,8.92],[-4.55,8.92],[-4.55,8.92],[-4.55,8.92],[-4.55,8.93],[-4.56,8.93],[-4.57,8.92],[-4.58,8.92],[-4.58,8.92],[-4.61,8.92],[-4.96,8.93],[-4.96,8.93],[-4.96,8.93],[-4.96,8.93],[-4.96,8.93],[-4.96,8.94],[-4.96,8.94],[-4.96,8.94],[-4.95,8.94],[-4.95,8.94],[-4.95,8.94],[-4.95,8.94],[-4.95,8.93],[-4.94,8.94],[-4.94,8.94],[-4.94,8.94],[-4.94,8.94],[-4.94,8.94],[-4.93,8.95],[-4.93,8.95],[-4.93,8.95],[-4.93,8.95],[-4.93,8.95],[-4.93,8.95],[-4.93,8.96],[-4.93,8.96],[-4.92,8.96],[-4.92,8.96],[-4.92,8.96],[-4.92,8.96],[-4.92,8.96],[-4.92,8.97],[-4.92,8.97],[-4.92,8.97],[-4.92,8.98],[-4.91,8.98],[-4.91,8.98],[-4.91,8.98],[-4.91,8.98],[-4.91,8.99],[-4.91,8.99],[-4.91,8.99],[-4.91,8.99],[-4.91,9.0],[-4.91,9.0],[-4.91,9.0],[-4.91,9.0],[-4.91,9.01],[-4.91,9.01],[-4.91,9.01],[-4.91,9.01],[-4.91,9.02],[-4.91,9.02],[-4.91,9.02],[-4.91,9.03],[-4.91,9.03],[-4.9,9.03],[-4.9,9.03],[-4.9,9.04],[-4.9,9.04],[-4.9,9.04],[-4.9,9.05],[-4.9,9.05],[-4.9,9.05],[-4.9,9.05],[-4.89,9.06],[-4.89,9.06],[-4.89,9.06],[-4.89,9.06],[-4.89,9.06],[-4.89,9.07],[-4.89,9.07],[-4.89,9.07],[-4.89,9.07],[-4.89,9.07],[-4.89,9.08],[-4.89,9.08],[-4.89,9.08],[-4.89,9.08],[-4.89,9.09],[-4.88,9.09],[-4.88,9.09],[-4.89,9.1],[-4.88,9.1],[-4.88,9.1],[-4.88,9.1],[-4.88,9.11],[-4.89,9.11],[-4.89,9.11],[-4.89,9.12],[-4.89,9.12],[-4.89,9.12],[-4.89,9.12],[-4.9,9.12],[-4.9,9.12],[-4.9,9.12],[-4.9,9.12],[-4.91,9.12],[-4.91,9.12],[-4.91,9.12],[-4.91,9.12],[-4.91,9.12],[-4.92,9.12],[-4.92,9.12],[-4.92,9.12],[-4.92,9.12],[-4.93,9.12],[-4.93,9.13],[-4.93,9.13],[-4.93,9.13],[-4.93,9.13],[-4.94,9.13],[-4.94,9.13],[-4.94,9.13],[-4.95,9.13],[-4.95,9.13],[-4.95,9.14],[-4.95,9.14],[-4.95,9.14],[-4.95,9.14],[-4.95,9.14],[-4.96,9.15],[-4.96,9.15],[-4.96,9.15],[-4.96,9.15],[-4.96,9.15],[-4.96,9.16],[-4.97,9.16],[-4.97,9.16],[-4.97,9.16],[-4.98,9.16],[-4.98,9.16],[-4.98,9.16],[-4.98,9.17],[-4.98,9.17],[-4.98,9.17],[-4.98,9.18],[-4.98,9.18],[-4.98,9.18],[-4.98,9.18],[-4.98,9.19],[-4.98,9.19],[-4.98,9.19],[-4.98,9.19],[-4.98,9.2],[-4.98,9.2],[-4.98,9.2],[-4.99,9.2],[-4.99,9.21],[-4.99,9.21],[-4.99,9.21],[-4.99,9.21],[-4.99,9.21],[-5.0,9.21],[-5.0,9.22],[-5.0,9.22],[-5.0,9.22],[-5.0,9.22],[-5.01,9.22],[-5.01,9.22],[-5.01,9.23],[-5.01,9.23],[-5.01,9.23],[-5.01,9.24],[-5.01,9.24],[-5.01,9.24],[-5.01,9.24],[-5.01,9.25],[-5.01,9.25],[-5.01,9.25],[-5.01,9.26],[-5.01,9.26],[-5.01,9.26],[-5.01,9.27],[-5.01,9.27],[-5.01,9.27],[-5.01,9.27],[-5.01,9.28],[-5.01,9.28],[-5.01,9.28],[-5.01,9.28],[-5.01,9.29],[-5.01,9.29],[-5.01,9.29],[-5.01,9.29],[-5.01,9.29],[-5.01,9.3],[-5.01,9.3],[-5.02,9.3],[-5.02,9.31],[-5.02,9.31],[-5.03,9.31],[-5.03,9.31],[-5.03,9.31],[-5.04,9.31],[-5.04,9.31],[-5.04,9.31],[-5.04,9.31],[-5.05,9.31],[-5.05,9.31],[-5.05,9.31],[-5.05,9.31],[-5.06,9.31],[-5.06,9.31],[-5.06,9.31],[-5.07,9.31],[-5.07,9.31],[-5.07,9.31],[-5.08,9.32],[-5.08,9.32],[-5.08,9.32],[-5.08,9.32],[-5.09,9.32],[-5.09,9.32],[-5.09,9.32],[-5.1,9.32],[-5.1,9.32],[-5.11,9.32],[-5.11,9.32],[-5.11,9.32],[-5.12,9.33],[-5.12,9.33],[-5.12,9.33],[-5.12,9.33],[-5.13,9.33],[-5.13,9.33],[-5.13,9.33],[-5.13,9.33],[-5.13,9.33],[-5.14,9.33],[-5.14,9.33],[-5.14,9.34],[-5.14,9.34],[-5.14,9.34],[-5.14,9.34],[-5.15,9.34],[-5.15,9.34],[-5.15,9.35],[-5.16,9.35],[-5.16,9.35],[-5.16,9.36],[-5.16,9.36],[-5.16,9.36],[-5.17,9.36],[-5.17,9.37],[-5.17,9.37],[-5.17,9.37],[-5.17,9.37],[-5.17,9.37],[-5.18,9.38],[-5.18,9.38],[-5.18,9.38],[-5.18,9.38],[-5.18,9.38],[-5.18,9.38],[-5.18,9.39],[-5.18,9.39],[-5.18,9.39],[-5.18,9.39],[-5.18,9.39],[-5.19,9.39],[-5.19,9.4],[-5.19,9.4],[-5.19,9.4],[-5.19,9.4],[-5.19,9.4],[-5.19,9.4],[-5.19,9.41],[-5.19,9.41],[-5.19,9.41],[-5.19,9.41]]]}},{"type":"Feature","properties":{"name":"Haut-Sassandra","code":"CI18","level":"region","status":"pending","schools":284,"students":83655,"girls":40065,"boys":43590,"district":"Sassandra-Marahoue"},"geometry":{"type":"Polygon","coordinates":[[[-6.53,7.77],[-6.6,7.8],[-6.61,7.8],[-6.62,7.8],[-6.62,7.8],[-6.73,7.8],[-6.79,7.8],[-6.82,7.8],[-6.83,7.8],[-6.83,7.8],[-6.92,7.8],[-6.99,7.8],[-7.0,7.8],[-7.05,7.8],[-7.08,7.79],[-7.08,7.79],[-7.08,7.79],[-7.08,7.79],[-7.08,7.79],[-7.08,7.79],[-7.08,7.79],[-7.08,7.79],[-7.08,7.79],[-7.08,7.78],[-7.08,7.78],[-7.08,7.78],[-7.08,7.78],[-7.08,7.78],[-7.08,7.78],[-7.08,7.78],[-7.08,7.77],[-7.08,7.77],[-7.08,7.77],[-7.08,7.77],[-7.08,7.77],[-7.08,7.77],[-7.08,7.77],[-7.08,7.77],[-7.08,7.77],[-7.08,7.76],[-7.08,7.76],[-7.08,7.76],[-7.08,7.76],[-7.08,7.76],[-7.08,7.76],[-7.08,7.76],[-7.08,7.76],[-7.08,7.76],[-7.08,7.75],[-7.08,7.75],[-7.08,7.75],[-7.08,7.75],[-7.08,7.75],[-7.08,7.75],[-7.08,7.75],[-7.08,7.74],[-7.08,7.74],[-7.08,7.74],[-7.08,7.74],[-7.08,7.74],[-7.08,7.74],[-7.08,7.74],[-7.08,7.74],[-7.08,7.73],[-7.08,7.73],[-7.08,7.73],[-7.08,7.73],[-7.08,7.73],[-7.08,7.73],[-7.08,7.72],[-7.08,7.72],[-7.08,7.72],[-7.08,7.72],[-7.08,7.72],[-7.08,7.72],[-7.08,7.72],[-7.08,7.72],[-7.08,7.72],[-7.08,7.72],[-7.07,7.72],[-7.07,7.72],[-7.07,7.71],[-7.07,7.71],[-7.07,7.71],[-7.07,7.71],[-7.07,7.71],[-7.07,7.7],[-7.07,7.7],[-7.07,7.7],[-7.07,7.7],[-7.07,7.69],[-7.07,7.69],[-7.08,7.69],[-7.08,7.69],[-7.08,7.69],[-7.08,7.69],[-7.08,7.68],[-7.08,7.68],[-7.08,7.68],[-7.08,7.68],[-7.08,7.67],[-7.08,7.67],[-7.07,7.67],[-7.07,7.67],[-7.07,7.67],[-7.07,7.66],[-7.07,7.66],[-7.07,7.66],[-7.07,7.66],[-7.07,7.66],[-7.07,7.65],[-7.07,7.65],[-7.07,7.65],[-7.07,7.65],[-7.07,7.64],[-7.07,7.64],[-7.07,7.64],[-7.07,7.64],[-7.06,7.64],[-7.06,7.63],[-7.06,7.63],[-7.06,7.63],[-7.06,7.63],[-7.06,7.63],[-7.05,7.63],[-7.05,7.63],[-7.05,7.63],[-7.05,7.62],[-7.05,7.62],[-7.05,7.62],[-7.04,7.62],[-7.04,7.62],[-7.04,7.62],[-7.04,7.61],[-7.04,7.61],[-7.04,7.61],[-7.04,7.61],[-7.04,7.61],[-7.04,7.61],[-7.03,7.61],[-7.03,7.61],[-7.03,7.61],[-7.03,7.62],[-7.02,7.62],[-7.02,7.62],[-7.02,7.62],[-7.02,7.61],[-7.01,7.61],[-7.01,7.61],[-7.01,7.61],[-7.01,7.61],[-7.01,7.6],[-7.01,7.6],[-7.01,7.6],[-7.01,7.6],[-7.0,7.6],[-7.0,7.59],[-7.0,7.59],[-7.0,7.59],[-7.0,7.59],[-7.0,7.59],[-7.0,7.59],[-7.0,7.59],[-6.99,7.59],[-6.99,7.59],[-6.99,7.58],[-6.99,7.58],[-6.99,7.58],[-6.99,7.58],[-6.99,7.58],[-6.99,7.57],[-6.99,7.57],[-6.99,7.57],[-6.99,7.57],[-6.99,7.56],[-6.98,7.56],[-6.98,7.56],[-6.98,7.56],[-6.99,7.55],[-6.99,7.55],[-6.99,7.55],[-6.99,7.55],[-7.0,7.55],[-7.0,7.55],[-7.0,7.55],[-7.0,7.55],[-7.0,7.56],[-7.01,7.56],[-7.01,7.56],[-7.01,7.56],[-7.01,7.56],[-7.01,7.56],[-7.02,7.56],[-7.02,7.55],[-7.02,7.55],[-7.02,7.55],[-7.02,7.55],[-7.03,7.55],[-7.03,7.55],[-7.03,7.55],[-7.03,7.55],[-7.03,7.55],[-7.04,7.54],[-7.04,7.54],[-7.04,7.54],[-7.04,7.54],[-7.04,7.54],[-7.04,7.54],[-7.04,7.54],[-7.04,7.53],[-7.04,7.53],[-7.04,7.53],[-7.04,7.53],[-7.04,7.53],[-7.04,7.52],[-7.03,7.52],[-7.03,7.52],[-7.03,7.52],[-7.03,7.52],[-7.03,7.51],[-7.02,7.51],[-7.02,7.51],[-7.02,7.51],[-7.02,7.51],[-7.02,7.5],[-7.03,7.5],[-7.03,7.5],[-7.03,7.5],[-7.03,7.49],[-7.03,7.49],[-7.03,7.49],[-7.03,7.49],[-7.03,7.49],[-7.03,7.48],[-7.02,7.48],[-7.02,7.48],[-7.02,7.48],[-7.02,7.47],[-7.02,7.47],[-7.02,7.47],[-7.02,7.47],[-7.01,7.47],[-7.01,7.47],[-7.01,7.46],[-7.01,7.46],[-7.01,7.46],[-7.01,7.46],[-7.0,7.46],[-7.0,7.46],[-7.0,7.46],[-7.0,7.46],[-7.0,7.45],[-7.0,7.45],[-7.0,7.45],[-7.0,7.45],[-7.0,7.44],[-7.0,7.44],[-7.0,7.44],[-7.01,7.44],[-7.01,7.44],[-7.01,7.43],[-7.01,7.43],[-7.01,7.43],[-7.01,7.43],[-7.02,7.43],[-7.02,7.43],[-7.02,7.42],[-7.02,7.42],[-7.02,7.42],[-7.03,7.42],[-7.03,7.42],[-7.03,7.42],[-7.03,7.42],[-7.03,7.42],[-7.04,7.42],[-7.04,7.42],[-7.04,7.42],[-7.04,7.42],[-7.04,7.42],[-7.05,7.42],[-7.05,7.42],[-7.05,7.42],[-7.05,7.42],[-7.05,7.42],[-7.05,7.41],[-7.05,7.41],[-7.05,7.41],[-7.05,7.41],[-7.05,7.41],[-7.05,7.41],[-7.04,7.41],[-7.04,7.41],[-7.04,7.41],[-7.04,7.41],[-7.04,7.4],[-7.04,7.4],[-7.04,7.4],[-7.04,7.4],[-7.04,7.4],[-7.04,7.4],[-7.05,7.4],[-7.05,7.4],[-7.05,7.4],[-7.05,7.4],[-7.05,7.4],[-7.05,7.4],[-7.05,7.4],[-7.05,7.39],[-7.06,7.39],[-7.06,7.39],[-7.06,7.39],[-7.06,7.39],[-7.06,7.39],[-7.06,7.39],[-7.06,7.39],[-7.06,7.38],[-7.06,7.38],[-7.06,7.38],[-7.06,7.38],[-7.06,7.38],[-7.07,7.38],[-7.07,7.38],[-7.07,7.38],[-7.07,7.38],[-7.07,7.38],[-7.07,7.38],[-7.07,7.38],[-7.07,7.38],[-7.07,7.38],[-7.08,7.38],[-7.08,7.38],[-7.08,7.38],[-7.08,7.38],[-7.08,7.38],[-7.08,7.38],[-7.08,7.38],[-7.08,7.38],[-7.08,7.37],[-7.08,7.37],[-7.08,7.37],[-7.08,7.37],[-7.08,7.37],[-7.08,7.37],[-7.08,7.37],[-7.08,7.37],[-7.08,7.36],[-7.08,7.36],[-7.07,7.36],[-7.07,7.36],[-7.07,7.36],[-7.07,7.36],[-7.07,7.36],[-7.07,7.36],[-7.07,7.36],[-7.07,7.36],[-7.07,7.35],[-7.07,7.35],[-7.07,7.35],[-7.07,7.35],[-7.07,7.35],[-7.07,7.35],[-7.07,7.35],[-7.06,7.34],[-7.06,7.34],[-7.06,7.34],[-7.06,7.34],[-7.06,7.34],[-7.06,7.34],[-7.06,7.34],[-7.06,7.34],[-7.06,7.33],[-7.06,7.33],[-7.06,7.33],[-7.06,7.33],[-7.06,7.33],[-7.06,7.33],[-7.06,7.33],[-7.06,7.33],[-7.06,7.33],[-7.06,7.32],[-7.06,7.32],[-7.06,7.32],[-7.06,7.32],[-7.06,7.32],[-7.06,7.32],[-7.06,7.32],[-7.07,7.32],[-7.07,7.32],[-7.07,7.31],[-7.07,7.31],[-7.07,7.31],[-7.07,7.31],[-7.07,7.31],[-7.07,7.31],[-7.07,7.31],[-7.07,7.3],[-7.07,7.3],[-7.07,7.3],[-7.07,7.3],[-7.07,7.3],[-7.07,7.3],[-7.07,7.3],[-7.07,7.3],[-7.07,7.29],[-7.06,7.29],[-7.06,7.29],[-7.06,7.29],[-7.06,7.29],[-7.06,7.29],[-7.06,7.29],[-7.06,7.29],[-7.06,7.29],[-7.06,7.28],[-7.06,7.28],[-7.06,7.28],[-7.06,7.28],[-7.06,7.28],[-7.06,7.28],[-7.07,7.28],[-7.07,7.27],[-7.07,7.27],[-7.07,7.27],[-7.07,7.27],[-7.07,7.27],[-7.07,7.27],[-7.07,7.27],[-7.07,7.27],[-7.07,7.26],[-7.07,7.26],[-7.07,7.26],[-7.07,7.26],[-7.07,7.26],[-7.07,7.26],[-7.07,7.25],[-7.07,7.25],[-7.07,7.25],[-7.07,7.25],[-7.07,7.25],[-7.07,7.25],[-7.07,7.25],[-7.07,7.24],[-7.07,7.24],[-7.07,7.24],[-7.07,7.24],[-7.07,7.24],[-7.07,7.24],[-7.07,7.24],[-7.07,7.24],[-7.07,7.23],[-7.07,7.23],[-7.07,7.23],[-7.07,7.23],[-7.07,7.23],[-7.07,7.23],[-7.07,7.22],[-7.07,7.22],[-7.07,7.22],[-7.07,7.22],[-7.07,7.22],[-7.07,7.22],[-7.07,7.22],[-7.07,7.22],[-7.07,7.22],[-7.07,7.21],[-7.07,7.21],[-7.07,7.21],[-7.07,7.21],[-7.07,7.21],[-7.07,7.21],[-7.07,7.21],[-7.07,7.21],[-7.07,7.21],[-7.06,7.21],[-7.06,7.21],[-7.06,7.21],[-7.06,7.2],[-7.06,7.2],[-7.06,7.2],[-7.06,7.2],[-7.06,7.2],[-7.06,7.2],[-7.06,7.2],[-7.06,7.2],[-7.07,7.2],[-7.07,7.2],[-7.07,7.2],[-7.07,7.2],[-7.07,7.2],[-7.07,7.2],[-7.07,7.2],[-7.07,7.19],[-7.07,7.19],[-7.08,7.19],[-7.08,7.19],[-7.08,7.19],[-7.08,7.19],[-7.08,7.19],[-7.08,7.19],[-7.08,7.19],[-7.08,7.19],[-7.08,7.19],[-7.08,7.19],[-7.08,7.19],[-7.08,7.19],[-7.08,7.19],[-7.09,7.19],[-7.09,7.18],[-7.09,7.18],[-7.09,7.18],[-7.08,7.18],[-7.08,7.18],[-7.08,7.18],[-7.08,7.17],[-7.08,7.17],[-7.08,7.17],[-7.08,7.17],[-7.08,7.17],[-7.07,7.17],[-7.07,7.17],[-7.07,7.17],[-7.07,7.17],[-7.07,7.17],[-7.06,7.17],[-7.06,7.16],[-7.06,7.16],[-7.06,7.16],[-7.06,7.16],[-7.06,7.16],[-7.06,7.16],[-7.06,7.15],[-7.05,7.15],[-7.05,7.15],[-7.05,7.15],[-7.05,7.15],[-7.05,7.15],[-7.05,7.14],[-7.06,7.14],[-7.06,7.14],[-7.06,7.14],[-7.06,7.14],[-7.06,7.14],[-7.06,7.13],[-7.06,7.13],[-7.06,7.13],[-7.06,7.13],[-7.06,7.12],[-7.06,7.12],[-7.06,7.12],[-7.06,7.12],[-7.06,7.12],[-7.06,7.12],[-7.06,7.11],[-7.06,7.11],[-7.06,7.11],[-7.06,7.11],[-7.06,7.11],[-7.05,7.11],[-7.05,7.11],[-7.05,7.11],[-7.05,7.11],[-7.05,7.11],[-7.05,7.1],[-7.05,7.1],[-7.05,7.1],[-7.05,7.1],[-7.05,7.1],[-7.04,7.1],[-7.04,7.1],[-7.04,7.09],[-7.04,7.09],[-7.04,7.09],[-7.04,7.09],[-7.04,7.09],[-7.05,7.08],[-7.05,7.08],[-7.05,7.08],[-7.05,7.08],[-7.05,7.08],[-7.05,7.07],[-7.05,7.07],[-7.05,7.07],[-7.05,7.07],[-7.05,7.07],[-7.05,7.06],[-7.05,7.06],[-7.05,7.06],[-7.05,7.06],[-7.05,7.05],[-7.05,7.05],[-7.05,7.05],[-7.05,7.05],[-7.05,7.05],[-7.06,7.05],[-7.06,7.05],[-7.06,7.04],[-7.06,7.04],[-7.06,7.04],[-7.05,7.04],[-7.05,7.03],[-7.06,7.03],[-7.06,7.03],[-7.06,7.03],[-7.06,7.03],[-7.06,7.02],[-7.06,7.02],[-7.06,7.02],[-7.06,7.02],[-7.06,7.02],[-7.06,7.02],[-7.06,7.01],[-7.06,7.01],[-7.06,7.01],[-7.06,7.01],[-7.06,7.01],[-7.06,7.0],[-7.06,7.0],[-7.06,7.0],[-7.06,7.0],[-7.06,7.0],[-7.06,6.99],[-7.06,6.99],[-7.06,6.99],[-7.06,6.99],[-7.06,6.98],[-7.06,6.98],[-7.06,6.98],[-7.06,6.98],[-7.06,6.97],[-7.06,6.97],[-7.06,6.97],[-7.06,6.97],[-7.06,6.97],[-7.06,6.97],[-7.06,6.96],[-7.06,6.96],[-7.06,6.96],[-7.06,6.96],[-7.06,6.95],[-7.06,6.95],[-7.06,6.95],[-7.06,6.95],[-7.06,6.95],[-7.06,6.94],[-7.06,6.94],[-7.06,6.94],[-7.06,6.94],[-7.06,6.93],[-7.06,6.93],[-7.06,6.93],[-7.06,6.93],[-7.06,6.93],[-7.05,6.93],[-7.05,6.92],[-7.05,6.92],[-7.05,6.92],[-7.04,6.92],[-7.04,6.92],[-7.04,6.92],[-7.04,6.92],[-7.04,6.92],[-7.04,6.92],[-7.04,6.91],[-7.04,6.91],[-7.04,6.91],[-7.04,6.91],[-7.04,6.91],[-7.04,6.91],[-7.04,6.9],[-7.04,6.9],[-7.04,6.9],[-7.04,6.9],[-7.04,6.89],[-7.04,6.89],[-7.05,6.89],[-7.05,6.89],[-7.05,6.89],[-7.05,6.89],[-7.05,6.89],[-7.05,6.89],[-7.05,6.89],[-7.06,6.89],[-7.06,6.88],[-7.06,6.88],[-7.06,6.88],[-7.06,6.88],[-7.06,6.88],[-7.06,6.88],[-7.06,6.87],[-7.06,6.87],[-7.06,6.87],[-7.06,6.87],[-7.06,6.87],[-7.06,6.87],[-7.06,6.86],[-7.06,6.86],[-7.06,6.86],[-7.06,6.86],[-7.06,6.86],[-7.06,6.86],[-7.06,6.86],[-7.06,6.85],[-7.06,6.85],[-7.06,6.85],[-7.06,6.85],[-7.06,6.85],[-7.06,6.84],[-7.06,6.84],[-7.06,6.84],[-7.06,6.84],[-7.05,6.84],[-7.05,6.84],[-7.05,6.84],[-7.05,6.84],[-7.05,6.84],[-7.05,6.84],[-7.05,6.84],[-7.04,6.83],[-7.04,6.83],[-7.04,6.83],[-7.04,6.83],[-7.04,6.83],[-7.04,6.83],[-7.03,6.83],[-7.03,6.83],[-7.03,6.83],[-7.03,6.83],[-7.03,6.84],[-7.03,6.83],[-7.02,6.83],[-7.02,6.83],[-7.02,6.83],[-7.02,6.83],[-7.02,6.83],[-7.02,6.83],[-7.01,6.83],[-7.01,6.83],[-7.01,6.83],[-7.01,6.83],[-7.01,6.83],[-7.01,6.83],[-7.01,6.83],[-7.0,6.83],[-7.0,6.83],[-7.0,6.83],[-7.0,6.83],[-7.0,6.82],[-7.0,6.82],[-7.0,6.82],[-7.0,6.82],[-7.0,6.82],[-7.0,6.82],[-7.0,6.81],[-7.0,6.81],[-7.0,6.81],[-7.0,6.81],[-7.0,6.81],[-7.0,6.81],[-6.99,6.8],[-6.99,6.8],[-7.0,6.8],[-7.0,6.8],[-6.99,6.8],[-6.99,6.79],[-6.99,6.79],[-6.99,6.79],[-6.99,6.79],[-6.99,6.79],[-6.99,6.79],[-6.99,6.79],[-6.99,6.78],[-6.99,6.78],[-7.0,6.78],[-7.0,6.78],[-7.0,6.78],[-7.0,6.78],[-7.0,6.78],[-7.0,6.77],[-6.99,6.77],[-6.99,6.77],[-6.99,6.77],[-6.99,6.77],[-6.99,6.77],[-6.99,6.77],[-6.99,6.76],[-6.99,6.76],[-6.99,6.76],[-6.99,6.76],[-6.99,6.75],[-6.98,6.75],[-6.98,6.75],[-6.98,6.75],[-6.98,6.75],[-6.98,6.75],[-6.98,6.75],[-6.98,6.74],[-6.98,6.74],[-6.98,6.74],[-6.98,6.74],[-6.98,6.74],[-6.98,6.73],[-6.98,6.73],[-6.99,6.73],[-6.99,6.73],[-6.99,6.73],[-6.99,6.73],[-6.99,6.73],[-6.99,6.72],[-6.99,6.72],[-6.99,6.72],[-6.99,6.72],[-6.99,6.72],[-6.98,6.72],[-6.98,6.72],[-6.98,6.72],[-6.98,6.72],[-6.98,6.72],[-6.98,6.72],[-6.97,6.71],[-6.97,6.71],[-6.97,6.71],[-6.97,6.71],[-6.97,6.71],[-6.97,6.71],[-6.97,6.71],[-6.98,6.7],[-6.98,6.7],[-6.98,6.7],[-6.98,6.7],[-6.98,6.7],[-6.98,6.7],[-6.98,6.69],[-6.98,6.69],[-6.99,6.69],[-6.99,6.69],[-6.99,6.69],[-6.99,6.69],[-6.99,6.69],[-6.99,6.68],[-6.99,6.68],[-6.99,6.68],[-6.99,6.68],[-6.99,6.68],[-6.99,6.68],[-6.99,6.67],[-6.99,6.67],[-6.99,6.67],[-6.99,6.67],[-6.99,6.67],[-6.99,6.67],[-6.99,6.66],[-6.98,6.66],[-6.98,6.66],[-6.98,6.66],[-6.98,6.66],[-6.98,6.65],[-6.98,6.65],[-6.98,6.65],[-6.98,6.65],[-6.98,6.65],[-6.98,6.65],[-6.98,6.64],[-6.98,6.64],[-6.99,6.64],[-6.99,6.64],[-6.99,6.64],[-6.99,6.64],[-6.99,6.63],[-6.99,6.63],[-6.99,6.63],[-6.99,6.63],[-6.99,6.63],[-6.99,6.62],[-6.99,6.62],[-6.99,6.62],[-6.99,6.62],[-6.99,6.61],[-7.0,6.61],[-7.0,6.61],[-7.0,6.61],[-7.0,6.61],[-7.01,6.6],[-7.01,6.6],[-7.01,6.6],[-7.01,6.6],[-7.02,6.59],[-7.02,6.59],[-7.02,6.59],[-7.02,6.59],[-7.02,6.58],[-7.02,6.58],[-7.02,6.58],[-7.02,6.58],[-7.02,6.58],[-7.02,6.57],[-7.02,6.57],[-7.01,6.57],[-7.01,6.57],[-7.01,6.57],[-7.0,6.57],[-7.0,6.57],[-7.0,6.57],[-7.0,6.56],[-7.0,6.56],[-7.0,6.56],[-7.0,6.56],[-7.0,6.55],[-7.0,6.55],[-7.0,6.55],[-7.0,6.55],[-6.99,6.56],[-6.99,6.56],[-6.99,6.56],[-6.98,6.55],[-6.98,6.55],[-6.98,6.55],[-6.98,6.55],[-6.98,6.55],[-6.98,6.55],[-6.98,6.54],[-6.98,6.54],[-6.98,6.54],[-6.98,6.54],[-6.97,6.54],[-6.97,6.54],[-6.97,6.53],[-6.97,6.53],[-6.97,6.53],[-6.97,6.53],[-6.97,6.53],[-6.96,6.52],[-6.96,6.52],[-6.96,6.52],[-6.96,6.52],[-6.96,6.52],[-6.96,6.51],[-6.96,6.51],[-6.96,6.51],[-6.96,6.51],[-6.96,6.51],[-6.96,6.51],[-6.96,6.5],[-6.96,6.5],[-6.96,6.5],[-6.96,6.5],[-6.96,6.5],[-6.96,6.5],[-6.96,6.49],[-6.95,6.49],[-6.95,6.49],[-6.95,6.49],[-6.95,6.49],[-6.95,6.49],[-6.95,6.48],[-6.95,6.48],[-6.95,6.48],[-6.96,6.48],[-6.96,6.48],[-6.96,6.48],[-6.96,6.47],[-6.96,6.47],[-6.96,6.47],[-6.96,6.47],[-6.96,6.47],[-6.97,6.47],[-6.97,6.47],[-6.97,6.47],[-6.97,6.46],[-6.97,6.46],[-6.97,6.46],[-6.98,6.46],[-6.98,6.46],[-6.98,6.46],[-6.98,6.46],[-6.98,6.46],[-6.99,6.46],[-6.99,6.46],[-6.99,6.46],[-6.99,6.46],[-6.99,6.46],[-7.0,6.46],[-7.0,6.46],[-7.0,6.46],[-7.0,6.46],[-7.0,6.46],[-7.0,6.46],[-7.0,6.46],[-7.0,6.46],[-7.0,6.46],[-7.0,6.45],[-7.0,6.45],[-7.0,6.45],[-7.0,6.45],[-7.0,6.45],[-7.0,6.45],[-7.0,6.45],[-7.0,6.45],[-6.99,6.45],[-6.99,6.45],[-6.99,6.45],[-6.99,6.45],[-6.99,6.45],[-6.99,6.44],[-6.99,6.44],[-6.98,6.44],[-6.98,6.44],[-6.98,6.44],[-6.98,6.43],[-6.98,6.43],[-6.98,6.43],[-6.98,6.42],[-6.98,6.42],[-6.93,6.38],[-6.93,6.37],[-6.92,6.35],[-6.9,6.32],[-6.87,6.28],[-6.87,6.28],[-6.87,6.28],[-6.87,6.28],[-6.86,6.28],[-6.86,6.28],[-6.84,6.28],[-6.83,6.27],[-6.83,6.27],[-6.83,6.27],[-6.82,6.27],[-6.82,6.27],[-6.81,6.27],[-6.81,6.27],[-6.8,6.28],[-6.8,6.28],[-6.8,6.28],[-6.79,6.28],[-6.77,6.28],[-6.76,6.28],[-6.74,6.29],[-6.73,6.29],[-6.73,6.29],[-6.73,6.29],[-6.72,6.29],[-6.72,6.29],[-6.72,6.29],[-6.71,6.29],[-6.71,6.29],[-6.71,6.29],[-6.71,6.29],[-6.7,6.29],[-6.7,6.29],[-6.7,6.29],[-6.69,6.29],[-6.69,6.29],[-6.69,6.29],[-6.69,6.29],[-6.68,6.29],[-6.68,6.3],[-6.68,6.3],[-6.67,6.3],[-6.67,6.3],[-6.67,6.3],[-6.67,6.3],[-6.66,6.3],[-6.66,6.3],[-6.66,6.3],[-6.66,6.3],[-6.65,6.3],[-6.65,6.3],[-6.64,6.3],[-6.62,6.3],[-6.61,6.3],[-6.59,6.32],[-6.57,6.31],[-6.51,6.26],[-6.48,6.27],[-6.44,6.29],[-6.44,6.29],[-6.43,6.29],[-6.43,6.29],[-6.43,6.29],[-6.43,6.29],[-6.43,6.29],[-6.42,6.29],[-6.42,6.29],[-6.42,6.29],[-6.42,6.29],[-6.42,6.29],[-6.42,6.29],[-6.41,6.3],[-6.41,6.3],[-6.41,6.3],[-6.41,6.3],[-6.41,6.3],[-6.38,6.3],[-6.37,6.3],[-6.37,6.3],[-6.33,6.31],[-6.33,6.32],[-6.32,6.34],[-6.31,6.34],[-6.21,6.34],[-6.1,6.46],[-6.06,6.5],[-6.05,6.51],[-6.04,6.51],[-6.04,6.51],[-6.04,6.51],[-6.04,6.52],[-6.04,6.52],[-6.04,6.52],[-6.04,6.52],[-6.04,6.52],[-6.04,6.53],[-6.04,6.53],[-6.04,6.53],[-6.04,6.53],[-6.04,6.53],[-6.04,6.53],[-6.05,6.54],[-6.05,6.54],[-6.05,6.54],[-6.06,6.54],[-6.06,6.54],[-6.06,6.54],[-6.07,6.55],[-6.07,6.55],[-6.07,6.55],[-6.07,6.55],[-6.08,6.55],[-6.08,6.55],[-6.08,6.55],[-6.08,6.56],[-6.08,6.56],[-6.09,6.56],[-6.09,6.56],[-6.09,6.56],[-6.1,6.56],[-6.1,6.57],[-6.1,6.57],[-6.1,6.57],[-6.1,6.57],[-6.11,6.57],[-6.1,6.62],[-6.11,6.62],[-6.11,6.63],[-6.11,6.63],[-6.11,6.63],[-6.11,6.63],[-6.11,6.63],[-6.12,6.63],[-6.12,6.63],[-6.12,6.63],[-6.12,6.63],[-6.12,6.64],[-6.12,6.64],[-6.12,6.64],[-6.12,6.64],[-6.12,6.65],[-6.12,6.65],[-6.12,6.65],[-6.12,6.65],[-6.12,6.66],[-6.12,6.66],[-6.13,6.68],[-6.18,6.74],[-6.18,6.8],[-6.18,6.82],[-6.2,6.87],[-6.21,6.89],[-6.2,6.99],[-6.19,7.0],[-6.18,7.01],[-6.0,7.12],[-6.0,7.16],[-5.94,7.17],[-5.94,7.17],[-5.94,7.17],[-5.94,7.17],[-5.94,7.17],[-5.94,7.17],[-5.95,7.17],[-5.95,7.17],[-5.95,7.18],[-5.95,7.18],[-5.96,7.18],[-5.96,7.18],[-5.96,7.18],[-5.96,7.18],[-5.97,7.18],[-5.97,7.18],[-5.97,7.18],[-5.97,7.18],[-5.98,7.18],[-5.98,7.19],[-5.98,7.19],[-5.98,7.19],[-5.98,7.19],[-5.99,7.19],[-5.99,7.19],[-5.99,7.19],[-5.99,7.19],[-5.99,7.19],[-6.0,7.19],[-6.0,7.19],[-6.0,7.19],[-6.0,7.19],[-6.0,7.2],[-6.0,7.2],[-6.0,7.2],[-6.01,7.2],[-6.01,7.2],[-6.01,7.2],[-6.02,7.2],[-6.02,7.2],[-6.02,7.2],[-6.02,7.2],[-6.03,7.2],[-6.03,7.2],[-6.03,7.2],[-6.03,7.21],[-6.03,7.21],[-6.04,7.21],[-6.04,7.21],[-6.04,7.21],[-6.04,7.21],[-6.05,7.21],[-6.05,7.21],[-6.05,7.21],[-6.05,7.21],[-6.05,7.21],[-6.06,7.21],[-6.06,7.22],[-6.06,7.22],[-6.06,7.22],[-6.07,7.22],[-6.07,7.22],[-6.07,7.22],[-6.07,7.22],[-6.07,7.22],[-6.07,7.22],[-6.08,7.22],[-6.08,7.23],[-6.08,7.23],[-6.08,7.23],[-6.09,7.23],[-6.09,7.23],[-6.09,7.23],[-6.09,7.23],[-6.09,7.23],[-6.1,7.24],[-6.1,7.24],[-6.1,7.24],[-6.1,7.24],[-6.1,7.24],[-6.11,7.24],[-6.11,7.24],[-6.11,7.24],[-6.11,7.24],[-6.11,7.25],[-6.12,7.25],[-6.12,7.25],[-6.12,7.25],[-6.12,7.25],[-6.12,7.25],[-6.12,7.26],[-6.12,7.26],[-6.12,7.26],[-6.12,7.26],[-6.12,7.26],[-6.11,7.26],[-6.11,7.26],[-6.11,7.27],[-6.11,7.27],[-6.11,7.27],[-6.12,7.27],[-6.12,7.27],[-6.12,7.27],[-6.12,7.27],[-6.12,7.28],[-6.12,7.28],[-6.12,7.28],[-6.12,7.28],[-6.13,7.28],[-6.13,7.28],[-6.13,7.28],[-6.13,7.29],[-6.13,7.29],[-6.13,7.29],[-6.13,7.29],[-6.14,7.29],[-6.14,7.29],[-6.15,7.29],[-6.18,7.27],[-6.21,7.27],[-6.21,7.23],[-6.28,7.23],[-6.35,7.24],[-6.36,7.25],[-6.44,7.24],[-6.44,7.25],[-6.38,7.38],[-6.35,7.44],[-6.34,7.45],[-6.33,7.49],[-6.33,7.51],[-6.11,7.64],[-6.11,7.64],[-6.11,7.64],[-6.11,7.64],[-6.12,7.64],[-6.12,7.64],[-6.12,7.64],[-6.12,7.65],[-6.12,7.65],[-6.12,7.65],[-6.13,7.65],[-6.13,7.65],[-6.13,7.65],[-6.13,7.65],[-6.13,7.65],[-6.13,7.65],[-6.13,7.65],[-6.14,7.65],[-6.14,7.65],[-6.14,7.65],[-6.14,7.66],[-6.15,7.66],[-6.15,7.66],[-6.16,7.66],[-6.16,7.66],[-6.17,7.66],[-6.17,7.66],[-6.17,7.66],[-6.17,7.66],[-6.17,7.66],[-6.17,7.66],[-6.17,7.66],[-6.18,7.67],[-6.18,7.67],[-6.18,7.67],[-6.18,7.67],[-6.18,7.67],[-6.18,7.67],[-6.18,7.67],[-6.19,7.67],[-6.19,7.67],[-6.19,7.67],[-6.19,7.68],[-6.19,7.68],[-6.2,7.68],[-6.2,7.68],[-6.2,7.68],[-6.2,7.68],[-6.2,7.68],[-6.2,7.68],[-6.21,7.68],[-6.21,7.68],[-6.21,7.68],[-6.21,7.68],[-6.21,7.69],[-6.21,7.69],[-6.21,7.69],[-6.21,7.69],[-6.22,7.69],[-6.22,7.7],[-6.21,7.7],[-6.21,7.7],[-6.21,7.7],[-6.21,7.7],[-6.21,7.71],[-6.21,7.71],[-6.21,7.71],[-6.21,7.71],[-6.21,7.71],[-6.21,7.71],[-6.21,7.72],[-6.21,7.72],[-6.21,7.72],[-6.21,7.72],[-6.21,7.73],[-6.21,7.73],[-6.21,7.73],[-6.22,7.73],[-6.22,7.73],[-6.22,7.74],[-6.22,7.74],[-6.22,7.74],[-6.22,7.74],[-6.23,7.74],[-6.23,7.75],[-6.23,7.75],[-6.23,7.75],[-6.23,7.75],[-6.23,7.75],[-6.23,7.75],[-6.24,7.75],[-6.24,7.76],[-6.24,7.76],[-6.24,7.76],[-6.24,7.76],[-6.24,7.76],[-6.24,7.77],[-6.24,7.77],[-6.24,7.77],[-6.24,7.77],[-6.24,7.77],[-6.24,7.78],[-6.24,7.78],[-6.24,7.78],[-6.24,7.78],[-6.24,7.78],[-6.25,7.78],[-6.25,7.78],[-6.26,7.78],[-6.26,7.78],[-6.33,7.78],[-6.34,7.78],[-6.37,7.77],[-6.46,7.74],[-6.53,7.77]]]}},{"type":"Feature","properties":{"name":"Iffou","code":"CI19","level":"region","status":"collected","schools":180,"students":48367,"girls":23505,"boys":24862,"district":"Lacs"},"geometry":{"type":"Polygon","coordinates":[[[-3.99,8.03],[-3.99,8.03],[-3.99,8.03],[-3.99,8.03],[-4.0,8.03],[-4.0,8.03],[-4.0,8.03],[-4.0,8.03],[-4.0,8.03],[-4.0,8.03],[-4.0,8.03],[-4.0,8.04],[-4.0,8.04],[-4.01,8.04],[-4.01,8.04],[-4.01,8.04],[-4.01,8.04],[-4.01,8.04],[-4.01,8.04],[-4.01,8.04],[-4.01,8.04],[-4.01,8.04],[-4.02,8.05],[-4.02,8.05],[-4.02,8.05],[-4.02,8.05],[-4.02,8.04],[-4.02,8.04],[-4.03,8.04],[-4.03,8.04],[-4.03,8.04],[-4.03,8.04],[-4.03,8.04],[-4.03,8.03],[-4.04,8.03],[-4.04,8.03],[-4.04,8.03],[-4.04,8.03],[-4.05,8.03],[-4.05,8.03],[-4.05,8.03],[-4.05,8.03],[-4.05,8.03],[-4.06,8.03],[-4.06,8.03],[-4.06,8.03],[-4.06,8.02],[-4.07,8.02],[-4.07,8.02],[-4.07,8.02],[-4.07,8.02],[-4.07,8.02],[-4.08,8.02],[-4.08,8.02],[-4.08,8.01],[-4.08,8.01],[-4.08,8.01],[-4.08,8.01],[-4.08,8.01],[-4.09,8.01],[-4.09,8.01],[-4.09,8.01],[-4.09,8.01],[-4.1,8.0],[-4.1,8.0],[-4.1,8.0],[-4.1,8.0],[-4.1,8.0],[-4.09,7.99],[-4.09,7.99],[-4.09,7.99],[-4.09,7.99],[-4.09,7.99],[-4.09,7.99],[-4.09,7.98],[-4.08,7.98],[-4.08,7.98],[-4.08,7.98],[-4.08,7.98],[-4.08,7.97],[-4.08,7.97],[-4.08,7.97],[-4.07,7.97],[-4.07,7.97],[-4.07,7.97],[-4.07,7.97],[-4.07,7.97],[-4.06,7.97],[-4.07,7.97],[-4.07,7.97],[-4.07,7.96],[-4.07,7.96],[-4.07,7.96],[-4.07,7.96],[-4.07,7.96],[-4.07,7.95],[-4.07,7.95],[-4.07,7.95],[-4.07,7.95],[-4.07,7.95],[-4.07,7.94],[-4.07,7.94],[-4.07,7.94],[-4.07,7.94],[-4.07,7.94],[-4.07,7.93],[-4.08,7.93],[-4.08,7.93],[-4.08,7.93],[-4.08,7.93],[-4.08,7.93],[-4.08,7.92],[-4.08,7.92],[-4.08,7.92],[-4.08,7.92],[-4.09,7.92],[-4.09,7.92],[-4.09,7.92],[-4.09,7.92],[-4.09,7.92],[-4.09,7.92],[-4.1,7.92],[-4.1,7.92],[-4.1,7.92],[-4.1,7.92],[-4.1,7.92],[-4.11,7.92],[-4.11,7.92],[-4.11,7.92],[-4.11,7.92],[-4.12,7.92],[-4.12,7.92],[-4.12,7.92],[-4.12,7.91],[-4.12,7.91],[-4.12,7.91],[-4.13,7.91],[-4.13,7.91],[-4.13,7.91],[-4.13,7.91],[-4.13,7.91],[-4.14,7.91],[-4.14,7.91],[-4.14,7.9],[-4.14,7.9],[-4.14,7.9],[-4.15,7.9],[-4.15,7.9],[-4.15,7.9],[-4.15,7.9],[-4.15,7.9],[-4.15,7.9],[-4.15,7.89],[-4.15,7.89],[-4.16,7.89],[-4.16,7.89],[-4.16,7.89],[-4.16,7.89],[-4.16,7.89],[-4.17,7.89],[-4.17,7.89],[-4.17,7.89],[-4.17,7.89],[-4.17,7.89],[-4.18,7.89],[-4.18,7.89],[-4.18,7.89],[-4.18,7.89],[-4.18,7.89],[-4.19,7.89],[-4.19,7.89],[-4.19,7.89],[-4.19,7.88],[-4.2,7.89],[-4.2,7.89],[-4.2,7.89],[-4.2,7.89],[-4.21,7.89],[-4.21,7.89],[-4.21,7.89],[-4.21,7.89],[-4.21,7.89],[-4.21,7.89],[-4.22,7.9],[-4.22,7.9],[-4.22,7.9],[-4.22,7.9],[-4.22,7.9],[-4.22,7.9],[-4.22,7.91],[-4.23,7.9],[-4.23,7.9],[-4.23,7.9],[-4.23,7.9],[-4.23,7.9],[-4.24,7.9],[-4.24,7.9],[-4.24,7.91],[-4.24,7.91],[-4.24,7.92],[-4.24,7.92],[-4.25,7.92],[-4.25,7.92],[-4.25,7.92],[-4.26,7.92],[-4.26,7.92],[-4.27,7.92],[-4.27,7.91],[-4.28,7.91],[-4.28,7.9],[-4.29,7.9],[-4.29,7.9],[-4.29,7.9],[-4.29,7.9],[-4.3,7.9],[-4.3,7.9],[-4.31,7.9],[-4.3,7.88],[-4.31,7.87],[-4.31,7.87],[-4.32,7.87],[-4.32,7.87],[-4.34,7.85],[-4.35,7.84],[-4.38,7.84],[-4.45,7.83],[-4.45,7.83],[-4.5,7.82],[-4.5,7.82],[-4.51,7.82],[-4.51,7.82],[-4.51,7.82],[-4.51,7.82],[-4.52,7.82],[-4.52,7.82],[-4.52,7.82],[-4.52,7.82],[-4.52,7.82],[-4.52,7.82],[-4.53,7.83],[-4.53,7.83],[-4.53,7.83],[-4.53,7.83],[-4.53,7.82],[-4.53,7.82],[-4.53,7.82],[-4.53,7.82],[-4.53,7.82],[-4.53,7.82],[-4.53,7.81],[-4.54,7.81],[-4.54,7.81],[-4.54,7.81],[-4.54,7.8],[-4.54,7.8],[-4.54,7.8],[-4.54,7.8],[-4.54,7.8],[-4.54,7.8],[-4.54,7.8],[-4.54,7.79],[-4.54,7.79],[-4.54,7.79],[-4.54,7.79],[-4.54,7.79],[-4.54,7.78],[-4.54,7.78],[-4.54,7.78],[-4.54,7.78],[-4.54,7.78],[-4.54,7.78],[-4.54,7.77],[-4.54,7.77],[-4.54,7.77],[-4.53,7.77],[-4.53,7.77],[-4.53,7.77],[-4.53,7.77],[-4.53,7.76],[-4.53,7.76],[-4.53,7.76],[-4.53,7.76],[-4.53,7.76],[-4.53,7.76],[-4.52,7.76],[-4.52,7.75],[-4.52,7.75],[-4.52,7.75],[-4.52,7.75],[-4.52,7.75],[-4.52,7.75],[-4.52,7.74],[-4.52,7.74],[-4.52,7.74],[-4.51,7.74],[-4.51,7.73],[-4.51,7.73],[-4.51,7.73],[-4.51,7.73],[-4.51,7.73],[-4.51,7.73],[-4.51,7.72],[-4.51,7.72],[-4.51,7.72],[-4.51,7.72],[-4.51,7.71],[-4.51,7.71],[-4.51,7.71],[-4.51,7.71],[-4.51,7.71],[-4.51,7.71],[-4.51,7.7],[-4.51,7.7],[-4.51,7.7],[-4.51,7.7],[-4.51,7.7],[-4.51,7.7],[-4.51,7.7],[-4.51,7.69],[-4.51,7.69],[-4.51,7.69],[-4.51,7.69],[-4.51,7.69],[-4.51,7.68],[-4.51,7.68],[-4.51,7.68],[-4.51,7.68],[-4.51,7.68],[-4.51,7.68],[-4.51,7.67],[-4.51,7.67],[-4.51,7.67],[-4.5,7.67],[-4.5,7.67],[-4.5,7.67],[-4.5,7.67],[-4.5,7.67],[-4.5,7.66],[-4.5,7.66],[-4.5,7.66],[-4.5,7.66],[-4.5,7.66],[-4.5,7.66],[-4.5,7.65],[-4.5,7.64],[-4.5,7.62],[-4.5,7.62],[-4.5,7.62],[-4.5,7.61],[-4.5,7.61],[-4.5,7.61],[-4.5,7.61],[-4.5,7.61],[-4.5,7.61],[-4.5,7.61],[-4.51,7.61],[-4.51,7.61],[-4.51,7.61],[-4.51,7.61],[-4.51,7.61],[-4.51,7.61],[-4.51,7.61],[-4.51,7.6],[-4.52,7.6],[-4.52,7.6],[-4.52,7.6],[-4.52,7.6],[-4.52,7.6],[-4.52,7.6],[-4.53,7.6],[-4.53,7.6],[-4.53,7.6],[-4.53,7.6],[-4.53,7.61],[-4.53,7.61],[-4.53,7.61],[-4.53,7.61],[-4.53,7.61],[-4.53,7.61],[-4.54,7.62],[-4.54,7.62],[-4.54,7.62],[-4.54,7.62],[-4.54,7.62],[-4.54,7.62],[-4.54,7.62],[-4.55,7.62],[-4.55,7.62],[-4.55,7.62],[-4.55,7.62],[-4.55,7.62],[-4.56,7.62],[-4.56,7.62],[-4.56,7.62],[-4.56,7.62],[-4.56,7.62],[-4.57,7.62],[-4.57,7.62],[-4.57,7.62],[-4.57,7.62],[-4.57,7.62],[-4.57,7.62],[-4.57,7.62],[-4.57,7.62],[-4.57,7.61],[-4.58,7.61],[-4.58,7.61],[-4.58,7.61],[-4.58,7.61],[-4.58,7.61],[-4.58,7.61],[-4.58,7.61],[-4.58,7.61],[-4.59,7.61],[-4.59,7.6],[-4.59,7.6],[-4.59,7.6],[-4.59,7.6],[-4.59,7.6],[-4.6,7.6],[-4.6,7.6],[-4.6,7.6],[-4.6,7.59],[-4.6,7.59],[-4.6,7.59],[-4.6,7.59],[-4.6,7.59],[-4.6,7.59],[-4.6,7.59],[-4.6,7.58],[-4.6,7.58],[-4.6,7.58],[-4.6,7.58],[-4.6,7.58],[-4.6,7.58],[-4.6,7.58],[-4.61,7.58],[-4.61,7.58],[-4.61,7.58],[-4.61,7.58],[-4.61,7.57],[-4.61,7.57],[-4.61,7.57],[-4.61,7.57],[-4.61,7.57],[-4.61,7.57],[-4.62,7.57],[-4.62,7.57],[-4.62,7.57],[-4.62,7.57],[-4.62,7.57],[-4.62,7.57],[-4.62,7.57],[-4.63,7.57],[-4.63,7.57],[-4.63,7.56],[-4.63,7.56],[-4.63,7.56],[-4.64,7.56],[-4.64,7.56],[-4.64,7.56],[-4.64,7.56],[-4.64,7.56],[-4.65,7.56],[-4.65,7.56],[-4.65,7.56],[-4.65,7.56],[-4.65,7.56],[-4.65,7.56],[-4.65,7.55],[-4.66,7.55],[-4.66,7.55],[-4.66,7.55],[-4.66,7.55],[-4.66,7.55],[-4.66,7.55],[-4.66,7.54],[-4.66,7.54],[-4.66,7.54],[-4.65,7.54],[-4.65,7.54],[-4.66,7.54],[-4.66,7.54],[-4.66,7.53],[-4.66,7.53],[-4.65,7.53],[-4.65,7.53],[-4.65,7.53],[-4.65,7.52],[-4.65,7.52],[-4.65,7.52],[-4.66,7.52],[-4.66,7.52],[-4.65,7.51],[-4.65,7.51],[-4.65,7.51],[-4.65,7.51],[-4.65,7.51],[-4.65,7.5],[-4.65,7.5],[-4.65,7.5],[-4.65,7.5],[-4.65,7.5],[-4.65,7.49],[-4.65,7.49],[-4.65,7.49],[-4.65,7.49],[-4.65,7.49],[-4.65,7.48],[-4.64,7.48],[-4.64,7.48],[-4.64,7.48],[-4.64,7.47],[-4.63,7.47],[-4.63,7.47],[-4.63,7.47],[-4.63,7.46],[-4.63,7.46],[-4.63,7.46],[-4.63,7.46],[-4.63,7.46],[-4.62,7.46],[-4.62,7.46],[-4.62,7.46],[-4.62,7.46],[-4.62,7.46],[-4.61,7.45],[-4.61,7.45],[-4.61,7.45],[-4.61,7.45],[-4.61,7.45],[-4.61,7.45],[-4.61,7.45],[-4.61,7.44],[-4.61,7.44],[-4.61,7.44],[-4.61,7.44],[-4.6,7.44],[-4.6,7.44],[-4.6,7.44],[-4.6,7.43],[-4.6,7.43],[-4.6,7.43],[-4.6,7.43],[-4.6,7.43],[-4.6,7.43],[-4.6,7.42],[-4.6,7.42],[-4.59,7.42],[-4.59,7.42],[-4.59,7.42],[-4.59,7.42],[-4.59,7.41],[-4.59,7.41],[-4.59,7.41],[-4.59,7.41],[-4.59,7.41],[-4.59,7.41],[-4.59,7.4],[-4.59,7.4],[-4.59,7.4],[-4.58,7.4],[-4.58,7.4],[-4.58,7.4],[-4.58,7.4],[-4.58,7.4],[-4.58,7.4],[-4.58,7.39],[-4.58,7.39],[-4.58,7.39],[-4.57,7.39],[-4.57,7.39],[-4.57,7.39],[-4.57,7.39],[-4.57,7.39],[-4.57,7.39],[-4.57,7.39],[-4.56,7.39],[-4.56,7.38],[-4.56,7.38],[-4.56,7.38],[-4.56,7.38],[-4.56,7.38],[-4.56,7.38],[-4.56,7.38],[-4.56,7.38],[-4.56,7.37],[-4.56,7.37],[-4.55,7.37],[-4.56,7.37],[-4.56,7.37],[-4.56,7.37],[-4.56,7.36],[-4.56,7.36],[-4.57,7.36],[-4.57,7.36],[-4.57,7.36],[-4.57,7.36],[-4.57,7.36],[-4.58,7.36],[-4.58,7.35],[-4.58,7.35],[-4.58,7.35],[-4.57,7.34],[-4.57,7.34],[-4.57,7.34],[-4.57,7.34],[-4.57,7.34],[-4.57,7.34],[-4.57,7.34],[-4.57,7.33],[-4.57,7.33],[-4.57,7.33],[-4.57,7.33],[-4.57,7.33],[-4.57,7.33],[-4.57,7.33],[-4.56,7.32],[-4.56,7.32],[-4.56,7.32],[-4.56,7.32],[-4.56,7.32],[-4.56,7.32],[-4.55,7.31],[-4.55,7.31],[-4.55,7.31],[-4.55,7.31],[-4.55,7.31],[-4.55,7.31],[-4.55,7.3],[-4.55,7.3],[-4.55,7.3],[-4.54,7.3],[-4.54,7.3],[-4.54,7.3],[-4.54,7.29],[-4.54,7.29],[-4.54,7.29],[-4.54,7.29],[-4.54,7.29],[-4.54,7.29],[-4.54,7.28],[-4.54,7.28],[-4.54,7.28],[-4.54,7.28],[-4.54,7.28],[-4.54,7.27],[-4.53,7.27],[-4.53,7.27],[-4.53,7.27],[-4.53,7.27],[-4.53,7.27],[-4.52,7.27],[-4.52,7.27],[-4.52,7.27],[-4.52,7.27],[-4.52,7.26],[-4.52,7.26],[-4.52,7.26],[-4.51,7.26],[-4.51,7.26],[-4.51,7.26],[-4.51,7.26],[-4.51,7.26],[-4.51,7.26],[-4.51,7.25],[-4.51,7.25],[-4.5,7.25],[-4.5,7.25],[-4.5,7.25],[-4.5,7.25],[-4.5,7.25],[-4.5,7.25],[-4.49,7.25],[-4.49,7.25],[-4.49,7.25],[-4.49,7.25],[-4.49,7.25],[-4.49,7.25],[-4.48,7.25],[-4.48,7.26],[-4.48,7.26],[-4.48,7.26],[-4.48,7.26],[-4.48,7.26],[-4.47,7.26],[-4.47,7.26],[-4.46,7.25],[-4.46,7.26],[-4.46,7.26],[-4.46,7.26],[-4.46,7.26],[-4.45,7.26],[-4.45,7.26],[-4.45,7.25],[-4.45,7.25],[-4.45,7.25],[-4.44,7.25],[-4.44,7.25],[-4.44,7.25],[-4.44,7.25],[-4.44,7.25],[-4.43,7.24],[-4.43,7.24],[-4.43,7.24],[-4.43,7.24],[-4.43,7.24],[-4.43,7.24],[-4.43,7.24],[-4.43,7.24],[-4.42,7.24],[-4.42,7.24],[-4.42,7.23],[-4.42,7.23],[-4.42,7.23],[-4.42,7.23],[-4.41,7.23],[-4.41,7.23],[-4.41,7.23],[-4.41,7.23],[-4.41,7.23],[-4.41,7.23],[-4.4,7.23],[-4.4,7.23],[-4.4,7.22],[-4.4,7.22],[-4.39,7.22],[-4.39,7.22],[-4.39,7.22],[-4.39,7.22],[-4.39,7.22],[-4.38,7.22],[-4.38,7.22],[-4.38,7.22],[-4.38,7.22],[-4.38,7.22],[-4.38,7.22],[-4.37,7.22],[-4.37,7.21],[-4.37,7.21],[-4.37,7.21],[-4.37,7.21],[-4.36,7.21],[-4.36,7.21],[-4.36,7.21],[-4.36,7.21],[-4.36,7.21],[-4.35,7.21],[-4.35,7.21],[-4.35,7.21],[-4.35,7.21],[-4.34,7.21],[-4.34,7.21],[-4.34,7.21],[-4.34,7.21],[-4.34,7.21],[-4.33,7.21],[-4.33,7.21],[-4.33,7.21],[-4.33,7.21],[-4.33,7.21],[-4.33,7.21],[-4.32,7.21],[-4.32,7.21],[-4.32,7.21],[-4.32,7.21],[-4.31,7.21],[-4.31,7.21],[-4.31,7.21],[-4.3,7.21],[-4.3,7.21],[-4.3,7.21],[-4.3,7.2],[-4.29,7.2],[-4.29,7.2],[-4.29,7.2],[-4.29,7.2],[-4.28,7.2],[-4.28,7.2],[-4.27,7.19],[-4.27,7.19],[-4.26,7.19],[-4.26,7.19],[-4.26,7.19],[-4.26,7.18],[-4.25,7.18],[-4.25,7.18],[-4.25,7.18],[-4.25,7.18],[-4.25,7.18],[-4.25,7.18],[-4.24,7.18],[-4.24,7.18],[-4.24,7.18],[-4.24,7.18],[-4.24,7.19],[-4.24,7.19],[-4.23,7.19],[-4.23,7.19],[-4.23,7.19],[-4.22,7.18],[-4.2,7.14],[-4.13,7.12],[-4.13,7.12],[-4.13,7.12],[-4.13,7.12],[-4.13,7.11],[-4.13,7.11],[-4.13,7.11],[-4.13,7.11],[-4.13,7.1],[-4.13,7.1],[-4.12,7.1],[-4.12,7.1],[-4.12,7.09],[-4.12,7.09],[-4.12,7.09],[-4.12,7.09],[-4.11,7.05],[-4.11,7.03],[-4.11,7.03],[-4.11,7.03],[-4.1,7.02],[-4.1,7.02],[-4.1,7.02],[-4.1,7.02],[-4.1,7.01],[-4.1,7.01],[-4.1,7.01],[-4.1,7.01],[-4.1,7.01],[-4.1,7.01],[-4.1,7.01],[-4.1,7.01],[-4.09,7.0],[-4.09,7.0],[-4.04,7.0],[-4.03,7.0],[-4.03,7.0],[-4.03,7.0],[-4.03,7.0],[-4.02,7.0],[-4.02,7.0],[-4.02,7.0],[-4.02,7.0],[-4.02,7.0],[-4.02,7.0],[-4.01,7.0],[-4.01,7.0],[-4.01,7.0],[-4.01,7.0],[-4.01,7.0],[-4.01,7.0],[-4.01,7.0],[-4.0,7.0],[-4.0,7.0],[-4.0,7.0],[-4.0,7.0],[-4.0,6.99],[-4.0,6.99],[-4.0,6.99],[-3.99,6.99],[-3.99,6.99],[-3.99,6.99],[-3.99,6.99],[-3.99,6.99],[-3.99,6.99],[-3.98,6.99],[-3.98,6.99],[-3.98,6.99],[-3.98,6.99],[-3.98,6.99],[-3.98,6.99],[-3.97,6.99],[-3.97,6.99],[-3.97,6.99],[-3.97,6.99],[-3.97,6.99],[-3.97,6.99],[-3.96,6.99],[-3.96,6.99],[-3.96,6.99],[-3.96,6.99],[-3.96,6.99],[-3.96,6.99],[-3.95,6.99],[-3.95,6.99],[-3.95,6.99],[-3.95,6.99],[-3.95,6.99],[-3.94,6.99],[-3.94,6.99],[-3.94,6.99],[-3.94,6.99],[-3.94,6.99],[-3.94,6.98],[-3.94,6.98],[-3.94,6.98],[-3.93,6.98],[-3.93,6.98],[-3.93,6.98],[-3.93,6.98],[-3.93,6.98],[-3.92,6.98],[-3.92,6.98],[-3.92,6.97],[-3.92,6.97],[-3.92,6.97],[-3.92,6.98],[-3.92,6.98],[-3.92,6.98],[-3.91,6.98],[-3.91,6.98],[-3.91,6.98],[-3.91,6.98],[-3.91,6.99],[-3.91,6.99],[-3.91,6.99],[-3.9,6.99],[-3.9,6.99],[-3.9,6.99],[-3.9,6.99],[-3.9,6.99],[-3.9,6.99],[-3.89,6.99],[-3.89,6.99],[-3.89,6.99],[-3.89,6.99],[-3.89,6.99],[-3.89,6.99],[-3.89,6.99],[-3.88,6.99],[-3.88,6.98],[-3.88,6.98],[-3.88,6.98],[-3.88,6.98],[-3.88,6.99],[-3.88,6.99],[-3.87,6.99],[-3.87,6.99],[-3.87,6.99],[-3.87,6.99],[-3.87,6.99],[-3.87,6.99],[-3.86,6.99],[-3.86,6.99],[-3.86,6.99],[-3.86,6.99],[-3.86,6.99],[-3.85,6.99],[-3.85,6.99],[-3.85,6.99],[-3.85,6.99],[-3.85,6.99],[-3.85,6.99],[-3.85,6.99],[-3.84,6.98],[-3.84,6.98],[-3.84,6.98],[-3.84,6.98],[-3.84,6.98],[-3.84,6.98],[-3.84,6.97],[-3.84,6.97],[-3.84,6.97],[-3.84,6.97],[-3.83,6.97],[-3.83,6.96],[-3.83,6.96],[-3.83,6.96],[-3.83,6.96],[-3.83,6.96],[-3.83,6.96],[-3.83,6.96],[-3.82,6.96],[-3.82,6.96],[-3.82,6.96],[-3.82,6.96],[-3.82,6.96],[-3.81,6.96],[-3.81,6.96],[-3.81,6.96],[-3.81,6.96],[-3.81,6.96],[-3.81,6.96],[-3.81,6.96],[-3.81,6.96],[-3.81,6.96],[-3.8,6.95],[-3.8,6.95],[-3.8,6.95],[-3.8,6.95],[-3.8,6.95],[-3.8,6.95],[-3.79,6.95],[-3.79,6.95],[-3.79,6.95],[-3.79,6.95],[-3.79,6.95],[-3.79,6.95],[-3.79,6.96],[-3.79,6.96],[-3.79,6.96],[-3.79,6.96],[-3.79,6.96],[-3.79,6.96],[-3.79,6.97],[-3.79,6.97],[-3.78,6.97],[-3.78,6.97],[-3.78,6.98],[-3.78,6.98],[-3.78,6.98],[-3.78,6.98],[-3.78,6.98],[-3.77,6.99],[-3.77,6.99],[-3.77,6.99],[-3.77,6.99],[-3.77,6.99],[-3.77,6.99],[-3.77,7.0],[-3.76,7.0],[-3.76,7.0],[-3.76,7.0],[-3.76,7.0],[-3.76,7.0],[-3.75,7.0],[-3.75,7.0],[-3.75,7.0],[-3.75,7.0],[-3.75,7.0],[-3.74,7.01],[-3.74,7.01],[-3.74,7.01],[-3.74,7.01],[-3.73,7.01],[-3.73,7.01],[-3.73,7.01],[-3.73,7.01],[-3.73,7.01],[-3.72,7.01],[-3.72,7.0],[-3.72,7.0],[-3.72,7.0],[-3.72,7.0],[-3.72,7.01],[-3.72,7.01],[-3.72,7.01],[-3.72,7.01],[-3.72,7.01],[-3.72,7.02],[-3.72,7.02],[-3.72,7.02],[-3.72,7.02],[-3.72,7.02],[-3.71,7.02],[-3.71,7.03],[-3.71,7.03],[-3.71,7.03],[-3.71,7.03],[-3.7,7.03],[-3.7,7.03],[-3.7,7.03],[-3.7,7.03],[-3.7,7.03],[-3.7,7.04],[-3.69,7.04],[-3.69,7.04],[-3.69,7.04],[-3.69,7.04],[-3.69,7.04],[-3.69,7.04],[-3.68,7.04],[-3.68,7.05],[-3.68,7.05],[-3.68,7.05],[-3.68,7.05],[-3.68,7.05],[-3.67,7.05],[-3.67,7.05],[-3.67,7.05],[-3.67,7.05],[-3.67,7.05],[-3.66,7.05],[-3.66,7.05],[-3.66,7.05],[-3.65,7.05],[-3.65,7.05],[-3.65,7.05],[-3.65,7.05],[-3.65,7.05],[-3.64,7.05],[-3.64,7.05],[-3.64,7.05],[-3.64,7.05],[-3.64,7.05],[-3.64,7.05],[-3.63,7.05],[-3.63,7.05],[-3.63,7.05],[-3.63,7.06],[-3.63,7.06],[-3.63,7.06],[-3.63,7.06],[-3.62,7.07],[-3.62,7.07],[-3.62,7.07],[-3.62,7.07],[-3.62,7.07],[-3.62,7.07],[-3.62,7.08],[-3.63,7.08],[-3.63,7.08],[-3.63,7.08],[-3.63,7.08],[-3.63,7.09],[-3.63,7.09],[-3.63,7.09],[-3.63,7.09],[-3.62,7.09],[-3.62,7.09],[-3.62,7.09],[-3.62,7.09],[-3.62,7.09],[-3.62,7.09],[-3.62,7.08],[-3.61,7.08],[-3.61,7.08],[-3.61,7.08],[-3.61,7.08],[-3.61,7.08],[-3.6,7.08],[-3.6,7.08],[-3.6,7.08],[-3.6,7.08],[-3.6,7.08],[-3.59,7.08],[-3.59,7.08],[-3.59,7.07],[-3.59,7.07],[-3.59,7.07],[-3.59,7.07],[-3.59,7.07],[-3.59,7.06],[-3.59,7.06],[-3.58,7.06],[-3.58,7.06],[-3.58,7.07],[-3.58,7.07],[-3.58,7.07],[-3.59,7.07],[-3.59,7.07],[-3.59,7.08],[-3.59,7.08],[-3.59,7.08],[-3.59,7.08],[-3.59,7.08],[-3.59,7.08],[-3.59,7.08],[-3.58,7.09],[-3.58,7.09],[-3.58,7.09],[-3.58,7.09],[-3.58,7.09],[-3.58,7.09],[-3.58,7.1],[-3.58,7.1],[-3.57,7.1],[-3.57,7.1],[-3.57,7.1],[-3.57,7.1],[-3.57,7.1],[-3.57,7.11],[-3.58,7.11],[-3.58,7.11],[-3.58,7.11],[-3.58,7.11],[-3.58,7.11],[-3.58,7.11],[-3.59,7.11],[-3.59,7.11],[-3.59,7.1],[-3.59,7.1],[-3.59,7.1],[-3.59,7.1],[-3.59,7.1],[-3.6,7.1],[-3.6,7.1],[-3.6,7.1],[-3.6,7.1],[-3.6,7.1],[-3.6,7.11],[-3.6,7.11],[-3.61,7.11],[-3.61,7.11],[-3.61,7.11],[-3.62,7.11],[-3.62,7.11],[-3.62,7.11],[-3.62,7.11],[-3.62,7.11],[-3.62,7.12],[-3.63,7.12],[-3.63,7.12],[-3.63,7.12],[-3.63,7.12],[-3.63,7.12],[-3.63,7.12],[-3.64,7.12],[-3.64,7.12],[-3.64,7.12],[-3.64,7.13],[-3.64,7.13],[-3.64,7.13],[-3.65,7.13],[-3.65,7.13],[-3.65,7.13],[-3.65,7.13],[-3.65,7.13],[-3.65,7.14],[-3.65,7.14],[-3.65,7.14],[-3.65,7.14],[-3.65,7.15],[-3.65,7.15],[-3.65,7.15],[-3.65,7.15],[-3.65,7.16],[-3.65,7.16],[-3.65,7.16],[-3.65,7.16],[-3.65,7.17],[-3.65,7.17],[-3.65,7.17],[-3.65,7.17],[-3.65,7.17],[-3.65,7.17],[-3.65,7.18],[-3.65,7.18],[-3.65,7.18],[-3.65,7.18],[-3.65,7.19],[-3.65,7.19],[-3.65,7.19],[-3.65,7.2],[-3.65,7.2],[-3.65,7.2],[-3.65,7.2],[-3.65,7.2],[-3.64,7.2],[-3.64,7.2],[-3.64,7.2],[-3.64,7.2],[-3.64,7.2],[-3.63,7.2],[-3.63,7.2],[-3.63,7.2],[-3.63,7.2],[-3.63,7.2],[-3.62,7.2],[-3.62,7.19],[-3.62,7.19],[-3.62,7.19],[-3.62,7.19],[-3.62,7.19],[-3.62,7.19],[-3.62,7.18],[-3.62,7.18],[-3.62,7.18],[-3.61,7.18],[-3.61,7.18],[-3.61,7.18],[-3.6,7.18],[-3.6,7.18],[-3.6,7.18],[-3.6,7.19],[-3.59,7.19],[-3.59,7.19],[-3.59,7.19],[-3.59,7.2],[-3.59,7.2],[-3.59,7.2],[-3.59,7.2],[-3.59,7.21],[-3.59,7.21],[-3.59,7.21],[-3.59,7.21],[-3.58,7.21],[-3.58,7.21],[-3.58,7.22],[-3.58,7.22],[-3.58,7.22],[-3.58,7.22],[-3.58,7.22],[-3.58,7.23],[-3.58,7.23],[-3.58,7.23],[-3.58,7.23],[-3.58,7.23],[-3.58,7.24],[-3.58,7.24],[-3.58,7.24],[-3.58,7.24],[-3.58,7.24],[-3.59,7.25],[-3.59,7.25],[-3.59,7.25],[-3.59,7.25],[-3.59,7.25],[-3.59,7.25],[-3.6,7.25],[-3.6,7.25],[-3.6,7.26],[-3.6,7.26],[-3.6,7.26],[-3.6,7.26],[-3.6,7.27],[-3.6,7.27],[-3.6,7.27],[-3.6,7.27],[-3.6,7.28],[-3.6,7.28],[-3.59,7.28],[-3.59,7.28],[-3.59,7.28],[-3.59,7.28],[-3.59,7.28],[-3.58,7.28],[-3.58,7.28],[-3.58,7.28],[-3.58,7.28],[-3.58,7.28],[-3.57,7.28],[-3.57,7.28],[-3.57,7.28],[-3.57,7.28],[-3.56,7.28],[-3.56,7.28],[-3.56,7.28],[-3.55,7.28],[-3.55,7.28],[-3.55,7.28],[-3.55,7.28],[-3.54,7.28],[-3.54,7.28],[-3.54,7.28],[-3.54,7.28],[-3.54,7.28],[-3.54,7.29],[-3.54,7.29],[-3.53,7.29],[-3.53,7.29],[-3.53,7.29],[-3.53,7.29],[-3.54,7.29],[-3.54,7.29],[-3.54,7.29],[-3.54,7.29],[-3.54,7.29],[-3.54,7.29],[-3.55,7.3],[-3.55,7.3],[-3.55,7.3],[-3.55,7.3],[-3.55,7.3],[-3.56,7.3],[-3.56,7.3],[-3.56,7.3],[-3.56,7.3],[-3.56,7.31],[-3.56,7.31],[-3.56,7.31],[-3.56,7.31],[-3.56,7.31],[-3.56,7.31],[-3.56,7.32],[-3.56,7.32],[-3.56,7.32],[-3.56,7.32],[-3.56,7.32],[-3.56,7.32],[-3.56,7.33],[-3.56,7.33],[-3.55,7.33],[-3.55,7.33],[-3.55,7.33],[-3.55,7.34],[-3.55,7.34],[-3.54,7.34],[-3.54,7.34],[-3.54,7.34],[-3.54,7.35],[-3.54,7.34],[-3.54,7.34],[-3.53,7.34],[-3.53,7.34],[-3.53,7.34],[-3.53,7.35],[-3.53,7.35],[-3.53,7.35],[-3.52,7.35],[-3.52,7.35],[-3.52,7.35],[-3.52,7.35],[-3.52,7.35],[-3.52,7.35],[-3.52,7.35],[-3.52,7.35],[-3.52,7.36],[-3.52,7.36],[-3.51,7.36],[-3.51,7.36],[-3.52,7.36],[-3.52,7.36],[-3.52,7.37],[-3.52,7.37],[-3.52,7.37],[-3.52,7.37],[-3.52,7.37],[-3.51,7.37],[-3.51,7.38],[-3.51,7.38],[-3.51,7.38],[-3.51,7.38],[-3.51,7.38],[-3.5,7.38],[-3.5,7.38],[-3.5,7.38],[-3.5,7.39],[-3.5,7.39],[-3.5,7.39],[-3.5,7.39],[-3.5,7.39],[-3.5,7.39],[-3.5,7.4],[-3.5,7.4],[-3.5,7.4],[-3.5,7.41],[-3.5,7.41],[-3.5,7.41],[-3.5,7.41],[-3.5,7.41],[-3.5,7.42],[-3.5,7.42],[-3.5,7.42],[-3.5,7.43],[-3.5,7.43],[-3.5,7.43],[-3.5,7.43],[-3.5,7.43],[-3.5,7.44],[-3.5,7.44],[-3.51,7.44],[-3.51,7.44],[-3.51,7.45],[-3.51,7.45],[-3.52,7.45],[-3.52,7.45],[-3.52,7.45],[-3.52,7.45],[-3.52,7.46],[-3.52,7.46],[-3.52,7.46],[-3.53,7.46],[-3.53,7.46],[-3.53,7.47],[-3.53,7.47],[-3.53,7.47],[-3.53,7.47],[-3.53,7.47],[-3.53,7.48],[-3.53,7.48],[-3.53,7.48],[-3.53,7.48],[-3.54,7.49],[-3.54,7.49],[-3.54,7.49],[-3.54,7.49],[-3.54,7.49],[-3.55,7.49],[-3.55,7.49],[-3.55,7.49],[-3.55,7.49],[-3.56,7.49],[-3.56,7.49],[-3.56,7.49],[-3.56,7.49],[-3.57,7.49],[-3.57,7.5],[-3.57,7.5],[-3.58,7.5],[-3.58,7.5],[-3.58,7.5],[-3.58,7.5],[-3.58,7.5],[-3.58,7.51],[-3.58,7.51],[-3.59,7.51],[-3.59,7.51],[-3.59,7.51],[-3.59,7.51],[-3.59,7.51],[-3.6,7.52],[-3.6,7.52],[-3.6,7.52],[-3.6,7.52],[-3.6,7.52],[-3.6,7.53],[-3.6,7.53],[-3.6,7.53],[-3.6,7.53],[-3.6,7.53],[-3.6,7.53],[-3.6,7.53],[-3.59,7.54],[-3.59,7.54],[-3.59,7.54],[-3.59,7.54],[-3.59,7.54],[-3.58,7.54],[-3.58,7.54],[-3.58,7.54],[-3.58,7.54],[-3.58,7.55],[-3.58,7.55],[-3.58,7.55],[-3.58,7.55],[-3.58,7.55],[-3.58,7.56],[-3.58,7.56],[-3.58,7.56],[-3.58,7.56],[-3.58,7.57],[-3.58,7.57],[-3.58,7.57],[-3.58,7.57],[-3.58,7.58],[-3.58,7.58],[-3.58,7.58],[-3.58,7.58],[-3.58,7.58],[-3.59,7.59],[-3.59,7.59],[-3.59,7.59],[-3.59,7.59],[-3.6,7.59],[-3.6,7.59],[-3.6,7.59],[-3.6,7.59],[-3.6,7.59],[-3.61,7.59],[-3.61,7.59],[-3.61,7.59],[-3.61,7.59],[-3.62,7.59],[-3.62,7.59],[-3.62,7.59],[-3.62,7.59],[-3.62,7.59],[-3.63,7.59],[-3.63,7.59],[-3.63,7.58],[-3.63,7.58],[-3.63,7.58],[-3.63,7.58],[-3.64,7.58],[-3.64,7.58],[-3.64,7.58],[-3.64,7.58],[-3.65,7.58],[-3.65,7.57],[-3.65,7.57],[-3.65,7.58],[-3.65,7.58],[-3.65,7.58],[-3.66,7.58],[-3.66,7.58],[-3.66,7.58],[-3.66,7.58],[-3.66,7.59],[-3.66,7.59],[-3.66,7.59],[-3.66,7.59],[-3.66,7.59],[-3.66,7.6],[-3.67,7.6],[-3.67,7.6],[-3.67,7.6],[-3.67,7.6],[-3.67,7.61],[-3.67,7.61],[-3.67,7.61],[-3.67,7.61],[-3.68,7.61],[-3.68,7.62],[-3.68,7.62],[-3.68,7.62],[-3.68,7.62],[-3.68,7.62],[-3.68,7.62],[-3.68,7.63],[-3.69,7.63],[-3.69,7.63],[-3.68,7.63],[-3.68,7.63],[-3.68,7.63],[-3.68,7.64],[-3.69,7.64],[-3.69,7.64],[-3.69,7.64],[-3.69,7.64],[-3.69,7.65],[-3.69,7.65],[-3.7,7.65],[-3.7,7.65],[-3.7,7.65],[-3.71,7.65],[-3.71,7.65],[-3.71,7.65],[-3.71,7.65],[-3.71,7.65],[-3.71,7.65],[-3.72,7.65],[-3.72,7.65],[-3.72,7.66],[-3.72,7.66],[-3.73,7.66],[-3.73,7.66],[-3.73,7.66],[-3.73,7.66],[-3.73,7.66],[-3.73,7.66],[-3.73,7.66],[-3.73,7.67],[-3.73,7.67],[-3.73,7.67],[-3.74,7.67],[-3.74,7.67],[-3.74,7.68],[-3.74,7.68],[-3.74,7.68],[-3.74,7.68],[-3.74,7.68],[-3.74,7.69],[-3.74,7.69],[-3.74,7.69],[-3.74,7.7],[-3.73,7.7],[-3.73,7.7],[-3.73,7.7],[-3.73,7.7],[-3.73,7.7],[-3.73,7.71],[-3.73,7.71],[-3.73,7.71],[-3.73,7.71],[-3.73,7.71],[-3.73,7.72],[-3.73,7.72],[-3.73,7.72],[-3.73,7.72],[-3.73,7.72],[-3.73,7.72],[-3.73,7.73],[-3.73,7.73],[-3.73,7.73],[-3.73,7.73],[-3.74,7.73],[-3.74,7.74],[-3.74,7.74],[-3.74,7.74],[-3.74,7.74],[-3.74,7.74],[-3.74,7.74],[-3.74,7.74],[-3.75,7.73],[-3.75,7.73],[-3.75,7.73],[-3.75,7.73],[-3.75,7.73],[-3.75,7.73],[-3.76,7.73],[-3.76,7.73],[-3.76,7.73],[-3.76,7.73],[-3.76,7.74],[-3.76,7.74],[-3.77,7.74],[-3.77,7.74],[-3.77,7.74],[-3.77,7.74],[-3.78,7.74],[-3.78,7.74],[-3.78,7.74],[-3.78,7.74],[-3.79,7.74],[-3.79,7.74],[-3.79,7.74],[-3.79,7.74],[-3.79,7.74],[-3.79,7.74],[-3.8,7.74],[-3.8,7.74],[-3.8,7.74],[-3.8,7.74],[-3.81,7.74],[-3.81,7.74],[-3.81,7.74],[-3.81,7.74],[-3.81,7.74],[-3.82,7.74],[-3.82,7.74],[-3.82,7.74],[-3.82,7.74],[-3.82,7.74],[-3.83,7.74],[-3.83,7.74],[-3.83,7.74],[-3.83,7.74],[-3.83,7.75],[-3.83,7.75],[-3.83,7.75],[-3.83,7.75],[-3.83,7.75],[-3.83,7.75],[-3.83,7.76],[-3.83,7.76],[-3.83,7.76],[-3.83,7.76],[-3.83,7.76],[-3.83,7.76],[-3.83,7.77],[-3.83,7.77],[-3.84,7.77],[-3.84,7.77],[-3.84,7.77],[-3.84,7.77],[-3.85,7.77],[-3.85,7.77],[-3.85,7.77],[-3.85,7.77],[-3.86,7.77],[-3.86,7.77],[-3.86,7.77],[-3.86,7.77],[-3.86,7.77],[-3.86,7.77],[-3.87,7.77],[-3.87,7.77],[-3.87,7.77],[-3.87,7.77],[-3.88,7.77],[-3.88,7.77],[-3.88,7.77],[-3.88,7.78],[-3.87,7.78],[-3.87,7.78],[-3.87,7.78],[-3.87,7.79],[-3.87,7.79],[-3.86,7.79],[-3.86,7.79],[-3.86,7.79],[-3.86,7.79],[-3.86,7.8],[-3.86,7.8],[-3.86,7.8],[-3.86,7.8],[-3.86,7.8],[-3.86,7.8],[-3.87,7.8],[-3.87,7.8],[-3.87,7.81],[-3.87,7.81],[-3.87,7.81],[-3.87,7.81],[-3.88,7.81],[-3.88,7.81],[-3.88,7.81],[-3.88,7.81],[-3.88,7.81],[-3.88,7.82],[-3.88,7.82],[-3.88,7.82],[-3.88,7.82],[-3.88,7.82],[-3.88,7.82],[-3.88,7.83],[-3.88,7.83],[-3.88,7.83],[-3.88,7.83],[-3.87,7.83],[-3.87,7.83],[-3.87,7.83],[-3.87,7.83],[-3.87,7.84],[-3.87,7.84],[-3.87,7.84],[-3.87,7.84],[-3.87,7.84],[-3.87,7.84],[-3.87,7.84],[-3.87,7.84],[-3.87,7.85],[-3.87,7.85],[-3.87,7.85],[-3.87,7.85],[-3.87,7.85],[-3.87,7.85],[-3.87,7.86],[-3.87,7.86],[-3.87,7.86],[-3.87,7.86],[-3.87,7.86],[-3.88,7.86],[-3.88,7.86],[-3.88,7.87],[-3.88,7.87],[-3.88,7.87],[-3.88,7.87],[-3.88,7.87],[-3.88,7.87],[-3.88,7.88],[-3.88,7.88],[-3.88,7.88],[-3.89,7.88],[-3.89,7.88],[-3.89,7.88],[-3.89,7.88],[-3.89,7.88],[-3.9,7.88],[-3.9,7.88],[-3.9,7.88],[-3.9,7.88],[-3.9,7.88],[-3.91,7.88],[-3.91,7.88],[-3.91,7.88],[-3.91,7.88],[-3.91,7.88],[-3.91,7.88],[-3.92,7.88],[-3.92,7.88],[-3.92,7.88],[-3.92,7.88],[-3.92,7.88],[-3.92,7.88],[-3.93,7.88],[-3.93,7.88],[-3.93,7.88],[-3.93,7.88],[-3.93,7.88],[-3.93,7.88],[-3.94,7.89],[-3.94,7.89],[-3.94,7.89],[-3.94,7.89],[-3.94,7.89],[-3.94,7.89],[-3.94,7.89],[-3.95,7.89],[-3.95,7.89],[-3.95,7.89],[-3.95,7.89],[-3.95,7.89],[-3.95,7.89],[-3.96,7.89],[-3.96,7.89],[-3.96,7.89],[-3.96,7.89],[-3.97,7.89],[-3.97,7.89],[-3.97,7.89],[-3.97,7.89],[-3.97,7.89],[-3.98,7.89],[-3.98,7.89],[-3.98,7.89],[-3.98,7.89],[-3.98,7.89],[-3.98,7.9],[-3.98,7.9],[-3.99,7.9],[-3.99,7.9],[-3.99,7.9],[-3.99,7.9],[-3.99,7.9],[-4.0,7.9],[-4.0,7.9],[-4.0,7.9],[-4.0,7.9],[-4.0,7.9],[-4.0,7.9],[-4.0,7.91],[-4.0,7.91],[-4.0,7.91],[-4.0,7.91],[-4.0,7.91],[-3.99,7.91],[-3.99,7.91],[-3.99,7.91],[-3.99,7.91],[-3.98,7.91],[-3.98,7.91],[-3.98,7.91],[-3.98,7.91],[-3.98,7.91],[-3.98,7.91],[-3.98,7.92],[-3.97,7.92],[-3.97,7.92],[-3.97,7.92],[-3.97,7.92],[-3.97,7.92],[-3.96,7.92],[-3.96,7.92],[-3.96,7.92],[-3.96,7.92],[-3.96,7.92],[-3.96,7.92],[-3.96,7.92],[-3.95,7.92],[-3.95,7.92],[-3.95,7.92],[-3.95,7.92],[-3.95,7.92],[-3.95,7.92],[-3.95,7.92],[-3.95,7.93],[-3.95,7.93],[-3.95,7.93],[-3.95,7.93],[-3.95,7.93],[-3.95,7.93],[-3.95,7.93],[-3.94,7.94],[-3.94,7.94],[-3.94,7.94],[-3.94,7.94],[-3.94,7.94],[-3.94,7.94],[-3.93,7.94],[-3.93,7.95],[-3.93,7.95],[-3.93,7.95],[-3.93,7.95],[-3.93,7.95],[-3.93,7.95],[-3.93,7.95],[-3.93,7.96],[-3.92,7.96],[-3.92,7.96],[-3.92,7.96],[-3.93,7.96],[-3.93,7.96],[-3.93,7.97],[-3.93,7.97],[-3.93,7.97],[-3.93,7.97],[-3.93,7.97],[-3.93,7.97],[-3.93,7.97],[-3.93,7.97],[-3.93,7.98],[-3.94,7.98],[-3.94,7.98],[-3.94,7.97],[-3.94,7.97],[-3.94,7.97],[-3.94,7.97],[-3.94,7.97],[-3.94,7.97],[-3.95,7.97],[-3.95,7.97],[-3.95,7.97],[-3.95,7.97],[-3.95,7.97],[-3.95,7.97],[-3.96,7.97],[-3.96,7.97],[-3.96,7.97],[-3.96,7.97],[-3.96,7.97],[-3.96,7.97],[-3.96,7.97],[-3.97,7.97],[-3.97,7.97],[-3.97,7.97],[-3.97,7.97],[-3.98,7.97],[-3.98,7.97],[-3.98,7.97],[-3.98,7.97],[-3.98,7.97],[-3.99,7.97],[-3.99,7.97],[-3.99,7.97],[-3.99,7.96],[-3.99,7.96],[-3.99,7.96],[-4.0,7.96],[-4.0,7.96],[-4.0,7.96],[-4.0,7.96],[-4.0,7.96],[-4.0,7.95],[-4.0,7.95],[-4.0,7.95],[-4.0,7.95],[-4.01,7.95],[-4.01,7.95],[-4.01,7.95],[-4.01,7.95],[-4.01,7.95],[-4.01,7.95],[-4.01,7.95],[-4.02,7.95],[-4.02,7.96],[-4.02,7.96],[-4.02,7.96],[-4.02,7.96],[-4.02,7.96],[-4.02,7.96],[-4.02,7.96],[-4.02,7.97],[-4.02,7.97],[-4.02,7.97],[-4.02,7.97],[-4.02,7.97],[-4.02,7.97],[-4.02,7.97],[-4.02,7.98],[-4.02,7.98],[-4.02,7.98],[-4.02,7.98],[-4.02,7.98],[-4.02,7.99],[-4.02,7.99],[-4.02,7.99],[-4.02,7.99],[-4.01,7.99],[-4.01,7.99],[-4.01,7.99],[-4.01,7.99],[-4.01,7.99],[-4.01,7.99],[-4.01,7.99],[-4.01,7.99],[-4.0,8.0],[-4.0,8.0],[-4.0,8.0],[-4.0,8.0],[-4.0,8.0],[-4.0,8.0],[-4.0,8.0],[-4.0,8.01],[-4.0,8.01],[-4.0,8.01],[-3.99,8.01],[-3.99,8.01],[-3.99,8.01],[-3.99,8.01],[-3.99,8.01],[-3.99,8.01],[-3.98,8.01],[-3.98,8.01],[-3.98,8.01],[-3.98,8.01],[-3.98,8.01],[-3.98,8.01],[-3.98,8.01],[-3.98,8.01],[-3.97,8.02],[-3.97,8.02],[-3.97,8.02],[-3.97,8.02],[-3.97,8.02],[-3.98,8.02],[-3.98,8.02],[-3.98,8.02],[-3.98,8.02],[-3.98,8.03],[-3.98,8.03],[-3.98,8.03],[-3.98,8.03],[-3.99,8.02],[-3.99,8.03]]]}},{"type":"Feature","properties":{"name":"Indenie-Djuablin","code":"CI20","level":"region","status":"collected","schools":267,"students":119634,"girls":56002,"boys":63632,"district":"Comoe"},"geometry":{"type":"Polygon","coordinates":[[[-3.47,7.34],[-3.47,7.35],[-3.48,7.35],[-3.48,7.35],[-3.48,7.35],[-3.48,7.35],[-3.48,7.35],[-3.48,7.36],[-3.48,7.36],[-3.48,7.36],[-3.48,7.36],[-3.48,7.35],[-3.48,7.35],[-3.48,7.35],[-3.48,7.35],[-3.48,7.35],[-3.48,7.34],[-3.48,7.34],[-3.48,7.34],[-3.48,7.34],[-3.49,7.35],[-3.49,7.35],[-3.49,7.35],[-3.49,7.35],[-3.5,7.35],[-3.5,7.35],[-3.5,7.35],[-3.5,7.35],[-3.5,7.35],[-3.5,7.35],[-3.5,7.35],[-3.5,7.35],[-3.51,7.35],[-3.51,7.35],[-3.51,7.35],[-3.52,7.35],[-3.52,7.35],[-3.52,7.35],[-3.52,7.35],[-3.52,7.35],[-3.52,7.35],[-3.52,7.35],[-3.52,7.35],[-3.53,7.35],[-3.53,7.35],[-3.53,7.35],[-3.53,7.34],[-3.53,7.34],[-3.53,7.34],[-3.54,7.34],[-3.54,7.34],[-3.54,7.35],[-3.54,7.34],[-3.54,7.34],[-3.54,7.34],[-3.55,7.34],[-3.55,7.34],[-3.55,7.33],[-3.55,7.33],[-3.55,7.33],[-3.56,7.33],[-3.56,7.33],[-3.56,7.32],[-3.56,7.32],[-3.56,7.32],[-3.56,7.32],[-3.56,7.32],[-3.56,7.32],[-3.56,7.31],[-3.56,7.31],[-3.56,7.31],[-3.56,7.31],[-3.56,7.31],[-3.56,7.31],[-3.56,7.3],[-3.56,7.3],[-3.56,7.3],[-3.56,7.3],[-3.55,7.3],[-3.55,7.3],[-3.55,7.3],[-3.55,7.3],[-3.55,7.3],[-3.54,7.29],[-3.54,7.29],[-3.54,7.29],[-3.54,7.29],[-3.54,7.29],[-3.54,7.29],[-3.53,7.29],[-3.53,7.29],[-3.53,7.29],[-3.53,7.29],[-3.54,7.29],[-3.54,7.29],[-3.54,7.28],[-3.54,7.28],[-3.54,7.28],[-3.54,7.28],[-3.54,7.28],[-3.55,7.28],[-3.55,7.28],[-3.55,7.28],[-3.55,7.28],[-3.56,7.28],[-3.56,7.28],[-3.56,7.28],[-3.57,7.28],[-3.57,7.28],[-3.57,7.28],[-3.57,7.28],[-3.58,7.28],[-3.58,7.28],[-3.58,7.28],[-3.58,7.28],[-3.58,7.28],[-3.59,7.28],[-3.59,7.28],[-3.59,7.28],[-3.59,7.28],[-3.59,7.28],[-3.6,7.28],[-3.6,7.28],[-3.6,7.27],[-3.6,7.27],[-3.6,7.27],[-3.6,7.27],[-3.6,7.26],[-3.6,7.26],[-3.6,7.26],[-3.6,7.26],[-3.6,7.25],[-3.6,7.25],[-3.59,7.25],[-3.59,7.25],[-3.59,7.25],[-3.59,7.25],[-3.59,7.25],[-3.59,7.25],[-3.58,7.24],[-3.58,7.24],[-3.58,7.24],[-3.58,7.24],[-3.58,7.24],[-3.58,7.23],[-3.58,7.23],[-3.58,7.23],[-3.58,7.23],[-3.58,7.23],[-3.58,7.22],[-3.58,7.22],[-3.58,7.22],[-3.58,7.22],[-3.58,7.22],[-3.58,7.21],[-3.58,7.21],[-3.59,7.21],[-3.59,7.21],[-3.59,7.21],[-3.59,7.21],[-3.59,7.2],[-3.59,7.2],[-3.59,7.2],[-3.59,7.2],[-3.59,7.19],[-3.59,7.19],[-3.59,7.19],[-3.6,7.19],[-3.6,7.18],[-3.6,7.18],[-3.6,7.18],[-3.61,7.18],[-3.61,7.18],[-3.61,7.18],[-3.62,7.18],[-3.62,7.18],[-3.62,7.18],[-3.62,7.19],[-3.62,7.19],[-3.62,7.19],[-3.62,7.19],[-3.62,7.19],[-3.62,7.19],[-3.62,7.2],[-3.63,7.2],[-3.63,7.2],[-3.63,7.2],[-3.63,7.2],[-3.63,7.2],[-3.64,7.2],[-3.64,7.2],[-3.64,7.2],[-3.64,7.2],[-3.64,7.2],[-3.65,7.2],[-3.65,7.2],[-3.65,7.2],[-3.65,7.2],[-3.65,7.2],[-3.65,7.19],[-3.65,7.19],[-3.65,7.19],[-3.65,7.18],[-3.65,7.18],[-3.65,7.18],[-3.65,7.18],[-3.65,7.17],[-3.65,7.17],[-3.65,7.17],[-3.65,7.17],[-3.65,7.17],[-3.65,7.17],[-3.65,7.16],[-3.65,7.16],[-3.65,7.16],[-3.65,7.16],[-3.65,7.15],[-3.65,7.15],[-3.65,7.15],[-3.65,7.15],[-3.65,7.14],[-3.65,7.14],[-3.65,7.14],[-3.65,7.14],[-3.65,7.13],[-3.65,7.13],[-3.65,7.13],[-3.65,7.13],[-3.65,7.13],[-3.64,7.13],[-3.64,7.13],[-3.64,7.13],[-3.64,7.12],[-3.64,7.12],[-3.64,7.12],[-3.63,7.12],[-3.63,7.12],[-3.63,7.12],[-3.63,7.12],[-3.63,7.12],[-3.63,7.12],[-3.62,7.12],[-3.62,7.11],[-3.62,7.11],[-3.62,7.11],[-3.62,7.11],[-3.62,7.11],[-3.61,7.11],[-3.61,7.11],[-3.61,7.11],[-3.6,7.11],[-3.6,7.11],[-3.6,7.1],[-3.6,7.1],[-3.6,7.1],[-3.6,7.1],[-3.6,7.1],[-3.59,7.1],[-3.59,7.1],[-3.59,7.1],[-3.59,7.1],[-3.59,7.1],[-3.59,7.11],[-3.59,7.11],[-3.58,7.11],[-3.58,7.11],[-3.58,7.11],[-3.58,7.11],[-3.58,7.11],[-3.58,7.11],[-3.57,7.11],[-3.57,7.1],[-3.57,7.1],[-3.57,7.1],[-3.57,7.1],[-3.57,7.1],[-3.58,7.1],[-3.58,7.1],[-3.58,7.09],[-3.58,7.09],[-3.58,7.09],[-3.58,7.09],[-3.58,7.09],[-3.58,7.09],[-3.59,7.08],[-3.59,7.08],[-3.59,7.08],[-3.59,7.08],[-3.59,7.08],[-3.59,7.08],[-3.59,7.08],[-3.59,7.07],[-3.59,7.07],[-3.58,7.07],[-3.58,7.07],[-3.58,7.07],[-3.58,7.06],[-3.58,7.06],[-3.59,7.06],[-3.59,7.06],[-3.59,7.07],[-3.59,7.07],[-3.59,7.07],[-3.59,7.07],[-3.59,7.07],[-3.59,7.08],[-3.59,7.08],[-3.6,7.08],[-3.6,7.08],[-3.6,7.08],[-3.6,7.08],[-3.6,7.08],[-3.61,7.08],[-3.61,7.08],[-3.61,7.08],[-3.61,7.08],[-3.61,7.08],[-3.62,7.08],[-3.62,7.09],[-3.62,7.09],[-3.62,7.09],[-3.62,7.09],[-3.62,7.09],[-3.62,7.09],[-3.63,7.09],[-3.63,7.09],[-3.63,7.09],[-3.63,7.09],[-3.63,7.08],[-3.63,7.08],[-3.63,7.08],[-3.63,7.08],[-3.62,7.08],[-3.62,7.07],[-3.62,7.07],[-3.62,7.07],[-3.62,7.07],[-3.62,7.07],[-3.62,7.07],[-3.63,7.06],[-3.63,7.06],[-3.63,7.06],[-3.63,7.06],[-3.63,7.05],[-3.63,7.05],[-3.63,7.05],[-3.64,7.05],[-3.64,7.05],[-3.64,7.05],[-3.64,7.05],[-3.64,7.05],[-3.64,7.05],[-3.65,7.05],[-3.65,7.05],[-3.65,7.05],[-3.65,7.05],[-3.65,7.05],[-3.66,7.05],[-3.66,7.05],[-3.66,7.05],[-3.67,7.05],[-3.67,7.05],[-3.67,7.05],[-3.67,7.05],[-3.67,7.05],[-3.68,7.05],[-3.68,7.05],[-3.68,7.05],[-3.68,7.05],[-3.68,7.05],[-3.68,7.04],[-3.69,7.04],[-3.69,7.04],[-3.69,7.04],[-3.69,7.04],[-3.69,7.04],[-3.69,7.04],[-3.7,7.04],[-3.7,7.03],[-3.7,7.03],[-3.7,7.03],[-3.7,7.03],[-3.7,7.03],[-3.71,7.03],[-3.71,7.03],[-3.71,7.03],[-3.71,7.03],[-3.71,7.02],[-3.72,7.02],[-3.72,7.02],[-3.72,7.02],[-3.72,7.02],[-3.72,7.02],[-3.72,7.01],[-3.72,7.01],[-3.72,7.01],[-3.72,7.01],[-3.72,7.01],[-3.72,7.0],[-3.72,7.0],[-3.72,7.0],[-3.72,7.0],[-3.72,7.01],[-3.73,7.01],[-3.73,7.01],[-3.73,7.01],[-3.73,7.01],[-3.73,7.01],[-3.74,7.01],[-3.74,7.01],[-3.74,7.01],[-3.74,7.01],[-3.75,7.0],[-3.75,7.0],[-3.75,7.0],[-3.75,7.0],[-3.75,7.0],[-3.76,7.0],[-3.76,7.0],[-3.76,7.0],[-3.76,7.0],[-3.76,7.0],[-3.77,7.0],[-3.77,6.99],[-3.77,6.99],[-3.77,6.99],[-3.77,6.99],[-3.77,6.99],[-3.77,6.99],[-3.78,6.98],[-3.78,6.98],[-3.78,6.98],[-3.78,6.98],[-3.78,6.98],[-3.78,6.97],[-3.78,6.97],[-3.79,6.97],[-3.79,6.97],[-3.79,6.96],[-3.79,6.96],[-3.79,6.96],[-3.79,6.96],[-3.79,6.96],[-3.79,6.96],[-3.79,6.95],[-3.79,6.95],[-3.79,6.95],[-3.79,6.95],[-3.79,6.94],[-3.79,6.94],[-3.79,6.94],[-3.78,6.94],[-3.78,6.93],[-3.78,6.93],[-3.78,6.93],[-3.78,6.93],[-3.78,6.93],[-3.78,6.93],[-3.78,6.93],[-3.77,6.93],[-3.77,6.93],[-3.77,6.93],[-3.77,6.93],[-3.77,6.93],[-3.77,6.93],[-3.77,6.93],[-3.77,6.93],[-3.77,6.93],[-3.77,6.93],[-3.77,6.94],[-3.77,6.94],[-3.77,6.94],[-3.77,6.94],[-3.77,6.94],[-3.76,6.94],[-3.76,6.95],[-3.76,6.95],[-3.76,6.95],[-3.76,6.95],[-3.76,6.95],[-3.76,6.95],[-3.76,6.95],[-3.76,6.95],[-3.75,6.96],[-3.75,6.96],[-3.75,6.96],[-3.75,6.96],[-3.75,6.96],[-3.75,6.96],[-3.75,6.96],[-3.74,6.96],[-3.74,6.96],[-3.74,6.96],[-3.74,6.95],[-3.74,6.95],[-3.74,6.95],[-3.74,6.95],[-3.75,6.95],[-3.75,6.95],[-3.75,6.95],[-3.75,6.94],[-3.75,6.94],[-3.75,6.94],[-3.75,6.94],[-3.75,6.94],[-3.75,6.94],[-3.74,6.94],[-3.74,6.93],[-3.74,6.93],[-3.74,6.93],[-3.74,6.93],[-3.74,6.93],[-3.74,6.93],[-3.74,6.92],[-3.74,6.92],[-3.74,6.92],[-3.74,6.92],[-3.74,6.92],[-3.74,6.92],[-3.74,6.92],[-3.74,6.91],[-3.74,6.91],[-3.74,6.91],[-3.74,6.91],[-3.74,6.91],[-3.74,6.91],[-3.75,6.91],[-3.75,6.91],[-3.75,6.91],[-3.75,6.9],[-3.75,6.9],[-3.75,6.9],[-3.75,6.9],[-3.75,6.9],[-3.75,6.9],[-3.75,6.9],[-3.76,6.89],[-3.76,6.89],[-3.76,6.89],[-3.76,6.89],[-3.76,6.89],[-3.76,6.89],[-3.76,6.89],[-3.76,6.89],[-3.76,6.88],[-3.77,6.88],[-3.77,6.88],[-3.77,6.88],[-3.77,6.88],[-3.77,6.88],[-3.77,6.87],[-3.77,6.87],[-3.77,6.87],[-3.77,6.87],[-3.77,6.87],[-3.78,6.87],[-3.78,6.87],[-3.78,6.87],[-3.78,6.86],[-3.78,6.86],[-3.78,6.86],[-3.78,6.86],[-3.78,6.86],[-3.78,6.86],[-3.78,6.85],[-3.78,6.85],[-3.78,6.85],[-3.78,6.85],[-3.78,6.85],[-3.78,6.85],[-3.78,6.85],[-3.77,6.84],[-3.77,6.84],[-3.77,6.84],[-3.77,6.84],[-3.77,6.84],[-3.77,6.84],[-3.77,6.84],[-3.77,6.84],[-3.77,6.83],[-3.77,6.83],[-3.76,6.83],[-3.76,6.83],[-3.76,6.83],[-3.76,6.83],[-3.76,6.83],[-3.76,6.83],[-3.76,6.83],[-3.75,6.83],[-3.75,6.83],[-3.75,6.83],[-3.75,6.82],[-3.75,6.82],[-3.75,6.82],[-3.75,6.82],[-3.75,6.82],[-3.75,6.82],[-3.75,6.82],[-3.75,6.81],[-3.75,6.81],[-3.76,6.81],[-3.76,6.81],[-3.76,6.81],[-3.76,6.81],[-3.76,6.81],[-3.76,6.8],[-3.76,6.8],[-3.76,6.8],[-3.76,6.8],[-3.76,6.8],[-3.77,6.8],[-3.77,6.8],[-3.77,6.79],[-3.77,6.79],[-3.77,6.79],[-3.77,6.79],[-3.77,6.79],[-3.76,6.79],[-3.76,6.79],[-3.76,6.78],[-3.76,6.78],[-3.76,6.78],[-3.76,6.78],[-3.76,6.78],[-3.76,6.78],[-3.76,6.77],[-3.76,6.77],[-3.77,6.77],[-3.77,6.77],[-3.77,6.77],[-3.77,6.78],[-3.77,6.78],[-3.77,6.78],[-3.77,6.77],[-3.78,6.77],[-3.78,6.77],[-3.78,6.77],[-3.78,6.77],[-3.78,6.77],[-3.79,6.77],[-3.79,6.77],[-3.79,6.77],[-3.79,6.77],[-3.79,6.77],[-3.79,6.77],[-3.79,6.77],[-3.8,6.77],[-3.8,6.76],[-3.8,6.76],[-3.8,6.76],[-3.8,6.76],[-3.8,6.76],[-3.8,6.76],[-3.8,6.76],[-3.8,6.75],[-3.8,6.75],[-3.8,6.75],[-3.8,6.75],[-3.79,6.75],[-3.79,6.75],[-3.79,6.75],[-3.79,6.74],[-3.79,6.74],[-3.79,6.74],[-3.79,6.74],[-3.79,6.74],[-3.79,6.74],[-3.79,6.73],[-3.79,6.73],[-3.79,6.73],[-3.79,6.73],[-3.79,6.73],[-3.79,6.73],[-3.79,6.73],[-3.78,6.73],[-3.78,6.73],[-3.78,6.72],[-3.78,6.72],[-3.78,6.72],[-3.78,6.72],[-3.78,6.72],[-3.78,6.72],[-3.78,6.72],[-3.77,6.72],[-3.78,6.72],[-3.78,6.72],[-3.78,6.71],[-3.77,6.71],[-3.77,6.71],[-3.77,6.71],[-3.77,6.71],[-3.77,6.71],[-3.77,6.71],[-3.77,6.7],[-3.77,6.7],[-3.77,6.7],[-3.77,6.7],[-3.77,6.7],[-3.77,6.7],[-3.77,6.7],[-3.78,6.7],[-3.78,6.7],[-3.78,6.7],[-3.78,6.69],[-3.78,6.69],[-3.78,6.69],[-3.78,6.69],[-3.78,6.69],[-3.78,6.69],[-3.79,6.69],[-3.79,6.68],[-3.79,6.68],[-3.79,6.68],[-3.79,6.68],[-3.79,6.68],[-3.8,6.68],[-3.8,6.68],[-3.8,6.68],[-3.8,6.68],[-3.8,6.67],[-3.8,6.67],[-3.8,6.67],[-3.8,6.67],[-3.8,6.67],[-3.79,6.67],[-3.79,6.67],[-3.79,6.67],[-3.79,6.66],[-3.79,6.66],[-3.79,6.66],[-3.79,6.66],[-3.79,6.66],[-3.79,6.66],[-3.79,6.66],[-3.79,6.65],[-3.79,6.65],[-3.79,6.65],[-3.79,6.65],[-3.78,6.65],[-3.78,6.65],[-3.78,6.65],[-3.78,6.64],[-3.78,6.64],[-3.78,6.64],[-3.78,6.64],[-3.78,6.64],[-3.78,6.64],[-3.77,6.64],[-3.78,6.64],[-3.78,6.64],[-3.78,6.63],[-3.78,6.63],[-3.78,6.63],[-3.78,6.63],[-3.78,6.63],[-3.78,6.63],[-3.78,6.63],[-3.78,6.62],[-3.78,6.62],[-3.78,6.62],[-3.78,6.62],[-3.77,6.62],[-3.77,6.62],[-3.77,6.62],[-3.77,6.62],[-3.77,6.62],[-3.77,6.62],[-3.77,6.62],[-3.77,6.62],[-3.77,6.62],[-3.76,6.62],[-3.76,6.63],[-3.76,6.63],[-3.76,6.63],[-3.76,6.63],[-3.76,6.63],[-3.76,6.63],[-3.75,6.63],[-3.75,6.63],[-3.75,6.63],[-3.75,6.63],[-3.75,6.63],[-3.74,6.63],[-3.74,6.63],[-3.74,6.63],[-3.74,6.63],[-3.74,6.63],[-3.74,6.62],[-3.73,6.62],[-3.73,6.62],[-3.73,6.62],[-3.73,6.62],[-3.73,6.62],[-3.72,6.62],[-3.72,6.62],[-3.72,6.63],[-3.72,6.63],[-3.72,6.63],[-3.72,6.63],[-3.72,6.63],[-3.71,6.63],[-3.71,6.64],[-3.71,6.64],[-3.71,6.64],[-3.71,6.64],[-3.71,6.64],[-3.7,6.64],[-3.7,6.64],[-3.7,6.64],[-3.7,6.64],[-3.69,6.64],[-3.69,6.64],[-3.69,6.64],[-3.69,6.64],[-3.69,6.64],[-3.69,6.64],[-3.69,6.64],[-3.68,6.63],[-3.68,6.63],[-3.68,6.63],[-3.68,6.63],[-3.68,6.62],[-3.68,6.62],[-3.68,6.62],[-3.69,6.62],[-3.69,6.62],[-3.69,6.62],[-3.69,6.62],[-3.69,6.61],[-3.69,6.61],[-3.69,6.61],[-3.7,6.61],[-3.7,6.61],[-3.69,6.6],[-3.69,6.6],[-3.69,6.6],[-3.69,6.6],[-3.69,6.6],[-3.69,6.59],[-3.69,6.59],[-3.69,6.59],[-3.69,6.59],[-3.69,6.59],[-3.69,6.58],[-3.69,6.58],[-3.69,6.58],[-3.69,6.58],[-3.69,6.58],[-3.68,6.58],[-3.68,6.58],[-3.68,6.58],[-3.68,6.58],[-3.68,6.58],[-3.67,6.58],[-3.67,6.58],[-3.67,6.57],[-3.67,6.57],[-3.67,6.57],[-3.67,6.57],[-3.67,6.57],[-3.66,6.57],[-3.67,6.56],[-3.67,6.56],[-3.67,6.56],[-3.67,6.56],[-3.67,6.56],[-3.67,6.55],[-3.67,6.55],[-3.67,6.55],[-3.67,6.55],[-3.67,6.55],[-3.67,6.54],[-3.67,6.54],[-3.67,6.54],[-3.67,6.54],[-3.66,6.54],[-3.66,6.54],[-3.66,6.54],[-3.66,6.54],[-3.66,6.53],[-3.65,6.53],[-3.65,6.53],[-3.65,6.53],[-3.65,6.53],[-3.65,6.53],[-3.65,6.52],[-3.65,6.52],[-3.65,6.52],[-3.65,6.52],[-3.65,6.52],[-3.65,6.51],[-3.65,6.51],[-3.65,6.51],[-3.65,6.51],[-3.65,6.51],[-3.65,6.51],[-3.65,6.5],[-3.65,6.5],[-3.65,6.5],[-3.65,6.5],[-3.65,6.5],[-3.65,6.49],[-3.65,6.49],[-3.64,6.49],[-3.64,6.49],[-3.64,6.49],[-3.64,6.49],[-3.64,6.48],[-3.64,6.48],[-3.64,6.48],[-3.65,6.48],[-3.65,6.48],[-3.65,6.47],[-3.65,6.47],[-3.65,6.47],[-3.65,6.47],[-3.65,6.47],[-3.65,6.47],[-3.65,6.46],[-3.65,6.46],[-3.65,6.46],[-3.65,6.46],[-3.65,6.46],[-3.65,6.46],[-3.65,6.45],[-3.65,6.44],[-3.65,6.44],[-3.64,6.44],[-3.64,6.44],[-3.64,6.44],[-3.64,6.44],[-3.64,6.44],[-3.63,6.44],[-3.63,6.44],[-3.63,6.45],[-3.63,6.45],[-3.62,6.45],[-3.62,6.45],[-3.62,6.45],[-3.62,6.45],[-3.62,6.44],[-3.61,6.44],[-3.61,6.44],[-3.61,6.44],[-3.61,6.43],[-3.61,6.43],[-3.61,6.43],[-3.61,6.43],[-3.61,6.43],[-3.61,6.43],[-3.61,6.42],[-3.61,6.42],[-3.61,6.42],[-3.61,6.42],[-3.61,6.42],[-3.61,6.42],[-3.61,6.41],[-3.61,6.41],[-3.61,6.41],[-3.61,6.41],[-3.6,6.4],[-3.6,6.4],[-3.6,6.4],[-3.6,6.4],[-3.6,6.4],[-3.6,6.4],[-3.6,6.39],[-3.59,6.39],[-3.6,6.39],[-3.59,6.39],[-3.59,6.39],[-3.59,6.39],[-3.59,6.39],[-3.59,6.39],[-3.59,6.39],[-3.59,6.39],[-3.58,6.4],[-3.58,6.4],[-3.58,6.4],[-3.58,6.4],[-3.58,6.4],[-3.57,6.4],[-3.57,6.4],[-3.57,6.39],[-3.57,6.39],[-3.57,6.39],[-3.56,6.39],[-3.56,6.39],[-3.56,6.39],[-3.56,6.38],[-3.56,6.38],[-3.56,6.38],[-3.55,6.38],[-3.55,6.38],[-3.55,6.38],[-3.55,6.38],[-3.55,6.38],[-3.54,6.38],[-3.54,6.38],[-3.54,6.38],[-3.54,6.38],[-3.54,6.39],[-3.54,6.39],[-3.54,6.39],[-3.55,6.39],[-3.55,6.39],[-3.55,6.39],[-3.55,6.4],[-3.54,6.4],[-3.54,6.4],[-3.54,6.4],[-3.54,6.4],[-3.54,6.4],[-3.54,6.4],[-3.53,6.4],[-3.53,6.4],[-3.53,6.4],[-3.53,6.39],[-3.53,6.39],[-3.53,6.39],[-3.52,6.39],[-3.52,6.39],[-3.52,6.38],[-3.51,6.38],[-3.51,6.38],[-3.51,6.38],[-3.51,6.38],[-3.51,6.38],[-3.51,6.37],[-3.51,6.37],[-3.51,6.37],[-3.51,6.37],[-3.51,6.36],[-3.52,6.36],[-3.52,6.35],[-3.52,6.35],[-3.51,6.35],[-3.51,6.35],[-3.51,6.35],[-3.51,6.35],[-3.51,6.35],[-3.51,6.35],[-3.51,6.35],[-3.5,6.35],[-3.51,6.35],[-3.51,6.34],[-3.51,6.34],[-3.51,6.34],[-3.51,6.34],[-3.51,6.34],[-3.51,6.34],[-3.51,6.33],[-3.51,6.33],[-3.51,6.33],[-3.51,6.33],[-3.51,6.33],[-3.51,6.33],[-3.51,6.33],[-3.5,6.32],[-3.5,6.32],[-3.5,6.32],[-3.5,6.32],[-3.5,6.32],[-3.5,6.32],[-3.5,6.32],[-3.5,6.32],[-3.5,6.31],[-3.49,6.31],[-3.49,6.31],[-3.49,6.31],[-3.49,6.31],[-3.49,6.31],[-3.49,6.31],[-3.49,6.31],[-3.48,6.3],[-3.48,6.3],[-3.48,6.3],[-3.48,6.3],[-3.48,6.3],[-3.48,6.3],[-3.48,6.3],[-3.48,6.29],[-3.48,6.29],[-3.48,6.29],[-3.48,6.29],[-3.48,6.29],[-3.48,6.28],[-3.48,6.28],[-3.48,6.28],[-3.48,6.28],[-3.48,6.28],[-3.48,6.27],[-3.48,6.27],[-3.48,6.27],[-3.47,6.27],[-3.47,6.26],[-3.47,6.26],[-3.47,6.26],[-3.47,6.26],[-3.47,6.26],[-3.47,6.26],[-3.47,6.26],[-3.46,6.25],[-3.46,6.25],[-3.46,6.25],[-3.46,6.25],[-3.46,6.25],[-3.45,6.25],[-3.45,6.25],[-3.45,6.25],[-3.45,6.25],[-3.45,6.24],[-3.45,6.24],[-3.45,6.24],[-3.45,6.24],[-3.45,6.24],[-3.45,6.24],[-3.45,6.24],[-3.45,6.24],[-3.46,6.24],[-3.46,6.24],[-3.46,6.24],[-3.46,6.24],[-3.46,6.24],[-3.46,6.24],[-3.47,6.24],[-3.47,6.24],[-3.47,6.24],[-3.47,6.24],[-3.47,6.25],[-3.47,6.25],[-3.48,6.25],[-3.48,6.25],[-3.48,6.25],[-3.48,6.24],[-3.48,6.24],[-3.48,6.24],[-3.48,6.24],[-3.48,6.24],[-3.49,6.24],[-3.49,6.24],[-3.49,6.23],[-3.49,6.23],[-3.49,6.23],[-3.49,6.23],[-3.49,6.23],[-3.49,6.22],[-3.49,6.22],[-3.49,6.22],[-3.49,6.22],[-3.49,6.22],[-3.49,6.22],[-3.48,6.21],[-3.48,6.21],[-3.48,6.21],[-3.48,6.21],[-3.48,6.21],[-3.48,6.21],[-3.48,6.21],[-3.47,6.21],[-3.47,6.2],[-3.47,6.2],[-3.47,6.2],[-3.47,6.2],[-3.47,6.2],[-3.46,6.2],[-3.46,6.2],[-3.46,6.19],[-3.46,6.19],[-3.46,6.19],[-3.46,6.19],[-3.46,6.19],[-3.46,6.18],[-3.46,6.18],[-3.46,6.18],[-3.46,6.18],[-3.46,6.17],[-3.46,6.17],[-3.46,6.17],[-3.46,6.17],[-3.46,6.17],[-3.45,6.17],[-3.45,6.17],[-3.45,6.17],[-3.45,6.17],[-3.45,6.17],[-3.44,6.17],[-3.44,6.18],[-3.44,6.18],[-3.44,6.18],[-3.45,6.18],[-3.45,6.18],[-3.45,6.19],[-3.45,6.19],[-3.45,6.19],[-3.45,6.19],[-3.45,6.19],[-3.45,6.2],[-3.45,6.2],[-3.45,6.2],[-3.44,6.2],[-3.44,6.2],[-3.44,6.2],[-3.44,6.2],[-3.44,6.2],[-3.44,6.2],[-3.43,6.2],[-3.43,6.2],[-3.43,6.2],[-3.43,6.2],[-3.43,6.19],[-3.43,6.19],[-3.43,6.19],[-3.43,6.19],[-3.43,6.19],[-3.42,6.19],[-3.42,6.19],[-3.42,6.18],[-3.42,6.18],[-3.42,6.18],[-3.42,6.18],[-3.42,6.18],[-3.42,6.17],[-3.42,6.17],[-3.42,6.17],[-3.42,6.17],[-3.42,6.17],[-3.42,6.16],[-3.42,6.16],[-3.42,6.16],[-3.41,6.16],[-3.41,6.16],[-3.41,6.16],[-3.41,6.15],[-3.41,6.15],[-3.4,6.15],[-3.4,6.15],[-3.4,6.15],[-3.4,6.15],[-3.4,6.14],[-3.4,6.14],[-3.4,6.14],[-3.4,6.14],[-3.4,6.14],[-3.4,6.13],[-3.4,6.13],[-3.4,6.13],[-3.41,6.13],[-3.41,6.14],[-3.41,6.14],[-3.41,6.14],[-3.42,6.13],[-3.42,6.13],[-3.42,6.13],[-3.42,6.13],[-3.42,6.13],[-3.42,6.12],[-3.42,6.12],[-3.42,6.12],[-3.42,6.12],[-3.42,6.12],[-3.42,6.11],[-3.41,6.11],[-3.41,6.11],[-3.41,6.11],[-3.41,6.11],[-3.41,6.11],[-3.4,6.1],[-3.4,6.1],[-3.4,6.1],[-3.4,6.1],[-3.4,6.1],[-3.4,6.1],[-3.4,6.09],[-3.4,6.09],[-3.4,6.09],[-3.41,6.09],[-3.41,6.09],[-3.41,6.09],[-3.41,6.09],[-3.42,6.09],[-3.42,6.09],[-3.42,6.09],[-3.42,6.09],[-3.42,6.09],[-3.42,6.09],[-3.43,6.09],[-3.43,6.09],[-3.43,6.08],[-3.43,6.08],[-3.43,6.08],[-3.43,6.08],[-3.43,6.07],[-3.43,6.07],[-3.43,6.07],[-3.43,6.07],[-3.43,6.07],[-3.43,6.06],[-3.43,6.06],[-3.42,6.06],[-3.42,6.07],[-3.42,6.07],[-3.42,6.07],[-3.42,6.07],[-3.42,6.07],[-3.41,6.07],[-3.41,6.07],[-3.41,6.06],[-3.41,6.06],[-3.41,6.06],[-3.41,6.06],[-3.41,6.06],[-3.42,6.06],[-3.42,6.05],[-3.42,6.05],[-3.42,6.05],[-3.42,6.05],[-3.42,6.05],[-3.42,6.05],[-3.42,6.04],[-3.42,6.04],[-3.41,6.04],[-3.41,6.04],[-3.41,6.04],[-3.41,6.04],[-3.41,6.04],[-3.41,6.04],[-3.41,6.03],[-3.41,6.03],[-3.41,6.03],[-3.41,6.03],[-3.4,6.02],[-3.4,6.02],[-3.4,6.02],[-3.4,6.02],[-3.4,6.02],[-3.4,6.02],[-3.4,6.01],[-3.4,6.01],[-3.4,6.01],[-3.4,6.01],[-3.4,6.01],[-3.4,6.01],[-3.4,6.01],[-3.4,6.01],[-3.41,6.01],[-3.41,6.0],[-3.41,6.0],[-3.41,6.0],[-3.41,6.0],[-3.41,6.0],[-3.41,5.99],[-3.41,5.99],[-3.41,5.98],[-3.41,5.98],[-3.41,5.98],[-3.41,5.98],[-3.41,5.98],[-3.41,5.97],[-3.42,5.97],[-3.42,5.97],[-3.42,5.97],[-3.42,5.97],[-3.42,5.97],[-3.42,5.97],[-3.43,5.97],[-3.43,5.97],[-3.43,5.97],[-3.43,5.97],[-3.44,5.97],[-3.44,5.97],[-3.44,5.97],[-3.44,5.97],[-3.44,5.96],[-3.44,5.96],[-3.44,5.96],[-3.44,5.96],[-3.44,5.96],[-3.44,5.96],[-3.44,5.96],[-3.44,5.95],[-3.44,5.95],[-3.44,5.95],[-3.44,5.95],[-3.44,5.95],[-3.44,5.94],[-3.44,5.94],[-3.44,5.94],[-3.44,5.94],[-3.44,5.94],[-3.44,5.93],[-3.44,5.93],[-3.45,5.93],[-3.45,5.93],[-3.45,5.93],[-3.45,5.93],[-3.45,5.92],[-3.45,5.92],[-3.45,5.92],[-3.45,5.92],[-3.45,5.92],[-3.45,5.92],[-3.46,5.92],[-3.46,5.91],[-3.46,5.91],[-3.46,5.91],[-3.46,5.91],[-3.45,5.9],[-3.45,5.91],[-3.45,5.91],[-3.45,5.91],[-3.45,5.91],[-3.45,5.91],[-3.44,5.91],[-3.44,5.91],[-3.44,5.91],[-3.44,5.91],[-3.44,5.91],[-3.44,5.9],[-3.44,5.9],[-3.44,5.9],[-3.44,5.9],[-3.44,5.9],[-3.43,5.9],[-3.43,5.9],[-3.43,5.9],[-3.43,5.9],[-3.43,5.9],[-3.43,5.9],[-3.42,5.9],[-3.42,5.9],[-3.42,5.9],[-3.42,5.9],[-3.42,5.89],[-3.42,5.9],[-3.42,5.9],[-3.42,5.9],[-3.42,5.9],[-3.41,5.9],[-3.41,5.9],[-3.41,5.9],[-3.41,5.9],[-3.41,5.89],[-3.4,5.89],[-3.4,5.89],[-3.4,5.89],[-3.4,5.89],[-3.4,5.89],[-3.4,5.89],[-3.4,5.89],[-3.4,5.89],[-3.39,5.89],[-3.39,5.89],[-3.39,5.89],[-3.39,5.89],[-3.39,5.89],[-3.38,5.89],[-3.38,5.89],[-3.38,5.89],[-3.38,5.89],[-3.38,5.89],[-3.38,5.89],[-3.37,5.89],[-3.37,5.89],[-3.37,5.89],[-3.37,5.89],[-3.37,5.89],[-3.37,5.89],[-3.37,5.89],[-3.36,5.89],[-3.36,5.89],[-3.36,5.89],[-3.36,5.89],[-3.36,5.89],[-3.35,5.9],[-3.35,5.9],[-3.35,5.9],[-3.35,5.9],[-3.35,5.9],[-3.35,5.9],[-3.35,5.9],[-3.35,5.9],[-3.34,5.9],[-3.34,5.9],[-3.34,5.9],[-3.34,5.9],[-3.34,5.9],[-3.34,5.9],[-3.34,5.9],[-3.33,5.9],[-3.33,5.9],[-3.33,5.9],[-3.33,5.9],[-3.33,5.9],[-3.33,5.9],[-3.33,5.9],[-3.32,5.91],[-3.32,5.91],[-3.32,5.91],[-3.32,5.91],[-3.32,5.91],[-3.32,5.91],[-3.32,5.91],[-3.31,5.91],[-3.31,5.91],[-3.31,5.91],[-3.31,5.92],[-3.31,5.92],[-3.31,5.92],[-3.31,5.92],[-3.31,5.92],[-3.3,5.92],[-3.3,5.92],[-3.3,5.92],[-3.3,5.92],[-3.3,5.92],[-3.3,5.93],[-3.3,5.93],[-3.29,5.93],[-3.29,5.93],[-3.29,5.93],[-3.29,5.93],[-3.29,5.93],[-3.29,5.93],[-3.28,5.93],[-3.28,5.93],[-3.28,5.93],[-3.28,5.93],[-3.28,5.93],[-3.27,5.93],[-3.27,5.93],[-3.27,5.93],[-3.27,5.93],[-3.27,5.93],[-3.27,5.93],[-3.27,5.93],[-3.27,5.93],[-3.27,5.93],[-3.27,5.94],[-3.26,5.94],[-3.26,5.93],[-3.26,5.93],[-3.26,5.93],[-3.26,5.94],[-3.25,5.94],[-3.25,5.94],[-3.25,5.94],[-3.25,5.94],[-3.25,5.94],[-3.25,5.94],[-3.25,5.95],[-3.25,5.95],[-3.25,5.95],[-3.25,5.95],[-3.25,5.95],[-3.25,5.95],[-3.25,5.95],[-3.25,5.95],[-3.26,5.95],[-3.26,5.96],[-3.26,5.96],[-3.26,5.96],[-3.26,5.96],[-3.26,5.96],[-3.26,5.96],[-3.26,5.96],[-3.26,5.96],[-3.26,5.96],[-3.26,5.96],[-3.27,5.96],[-3.27,5.96],[-3.27,5.96],[-3.27,5.96],[-3.27,5.96],[-3.26,5.96],[-3.26,5.96],[-3.26,5.96],[-3.26,5.97],[-3.26,5.97],[-3.27,5.97],[-3.27,5.97],[-3.27,5.97],[-3.27,5.97],[-3.27,5.97],[-3.27,5.97],[-3.27,5.97],[-3.27,5.98],[-3.27,5.98],[-3.27,5.98],[-3.27,5.98],[-3.27,5.98],[-3.27,5.98],[-3.27,5.98],[-3.27,5.98],[-3.27,5.98],[-3.27,5.99],[-3.27,5.99],[-3.27,5.99],[-3.26,5.99],[-3.26,5.99],[-3.26,5.99],[-3.26,5.99],[-3.26,5.99],[-3.26,5.99],[-3.26,5.99],[-3.26,5.99],[-3.25,5.99],[-3.25,5.99],[-3.25,5.99],[-3.25,5.99],[-3.25,6.0],[-3.25,6.0],[-3.25,6.0],[-3.25,6.0],[-3.25,6.0],[-3.25,6.0],[-3.25,6.0],[-3.25,6.01],[-3.25,6.01],[-3.24,6.01],[-3.24,6.01],[-3.24,6.01],[-3.24,6.01],[-3.24,6.01],[-3.24,6.01],[-3.24,6.01],[-3.24,6.01],[-3.24,6.01],[-3.24,6.02],[-3.23,6.02],[-3.23,6.02],[-3.23,6.02],[-3.23,6.02],[-3.23,6.02],[-3.23,6.02],[-3.23,6.03],[-3.23,6.03],[-3.23,6.03],[-3.23,6.03],[-3.23,6.03],[-3.23,6.03],[-3.23,6.03],[-3.23,6.04],[-3.23,6.04],[-3.23,6.04],[-3.23,6.04],[-3.23,6.04],[-3.23,6.04],[-3.23,6.04],[-3.23,6.04],[-3.23,6.05],[-3.23,6.05],[-3.23,6.05],[-3.23,6.05],[-3.23,6.05],[-3.23,6.05],[-3.23,6.06],[-3.23,6.06],[-3.23,6.06],[-3.23,6.06],[-3.23,6.06],[-3.23,6.06],[-3.23,6.07],[-3.23,6.07],[-3.23,6.07],[-3.23,6.07],[-3.23,6.07],[-3.23,6.08],[-3.23,6.08],[-3.23,6.08],[-3.23,6.08],[-3.23,6.08],[-3.23,6.08],[-3.23,6.08],[-3.23,6.09],[-3.23,6.09],[-3.23,6.09],[-3.23,6.09],[-3.23,6.09],[-3.23,6.09],[-3.23,6.1],[-3.23,6.1],[-3.23,6.1],[-3.22,6.1],[-3.22,6.1],[-3.22,6.1],[-3.22,6.11],[-3.22,6.11],[-3.22,6.11],[-3.22,6.11],[-3.22,6.11],[-3.21,6.11],[-3.21,6.12],[-3.21,6.12],[-3.21,6.12],[-3.21,6.12],[-3.21,6.12],[-3.21,6.12],[-3.21,6.13],[-3.21,6.13],[-3.21,6.13],[-3.21,6.13],[-3.21,6.13],[-3.21,6.14],[-3.21,6.14],[-3.21,6.14],[-3.21,6.14],[-3.21,6.14],[-3.21,6.14],[-3.2,6.14],[-3.2,6.14],[-3.2,6.14],[-3.2,6.15],[-3.2,6.15],[-3.2,6.15],[-3.2,6.15],[-3.2,6.16],[-3.2,6.16],[-3.2,6.16],[-3.2,6.16],[-3.2,6.16],[-3.2,6.17],[-3.2,6.17],[-3.2,6.17],[-3.2,6.17],[-3.2,6.17],[-3.21,6.17],[-3.21,6.17],[-3.21,6.18],[-3.21,6.18],[-3.21,6.18],[-3.21,6.18],[-3.21,6.18],[-3.21,6.19],[-3.21,6.19],[-3.2,6.19],[-3.2,6.19],[-3.2,6.19],[-3.2,6.19],[-3.2,6.2],[-3.2,6.2],[-3.2,6.2],[-3.2,6.2],[-3.2,6.2],[-3.2,6.2],[-3.2,6.21],[-3.2,6.21],[-3.2,6.21],[-3.19,6.21],[-3.19,6.21],[-3.19,6.21],[-3.19,6.21],[-3.19,6.21],[-3.19,6.22],[-3.19,6.22],[-3.18,6.22],[-3.18,6.22],[-3.19,6.22],[-3.19,6.23],[-3.19,6.23],[-3.19,6.23],[-3.19,6.23],[-3.19,6.23],[-3.19,6.24],[-3.18,6.24],[-3.18,6.25],[-3.17,6.29],[-3.19,6.34],[-3.21,6.4],[-3.21,6.42],[-3.23,6.5],[-3.23,6.5],[-3.24,6.54],[-3.24,6.59],[-3.24,6.6],[-3.26,6.61],[-3.26,6.61],[-3.26,6.62],[-3.26,6.63],[-3.25,6.64],[-3.25,6.65],[-3.24,6.66],[-3.24,6.66],[-3.23,6.67],[-3.23,6.67],[-3.23,6.68],[-3.23,6.69],[-3.23,6.7],[-3.22,6.7],[-3.22,6.71],[-3.21,6.73],[-3.22,6.74],[-3.21,6.75],[-3.22,6.76],[-3.23,6.76],[-3.23,6.77],[-3.23,6.77],[-3.23,6.78],[-3.23,6.82],[-3.19,6.9],[-3.18,6.91],[-3.1,7.05],[-3.08,7.06],[-3.11,7.09],[-3.12,7.09],[-3.12,7.1],[-3.12,7.1],[-3.12,7.1],[-3.12,7.1],[-3.12,7.1],[-3.12,7.11],[-3.12,7.11],[-3.12,7.11],[-3.13,7.11],[-3.13,7.11],[-3.13,7.11],[-3.13,7.12],[-3.13,7.12],[-3.13,7.12],[-3.13,7.12],[-3.13,7.12],[-3.13,7.12],[-3.13,7.12],[-3.13,7.12],[-3.14,7.13],[-3.14,7.13],[-3.14,7.13],[-3.14,7.13],[-3.14,7.13],[-3.14,7.13],[-3.15,7.14],[-3.15,7.14],[-3.15,7.14],[-3.15,7.14],[-3.15,7.14],[-3.16,7.14],[-3.16,7.15],[-3.18,7.17],[-3.19,7.17],[-3.2,7.17],[-3.2,7.17],[-3.2,7.18],[-3.2,7.18],[-3.2,7.18],[-3.2,7.18],[-3.2,7.18],[-3.21,7.18],[-3.21,7.19],[-3.21,7.19],[-3.21,7.19],[-3.22,7.19],[-3.22,7.19],[-3.22,7.18],[-3.22,7.18],[-3.22,7.18],[-3.22,7.2],[-3.22,7.2],[-3.22,7.21],[-3.22,7.21],[-3.22,7.21],[-3.22,7.21],[-3.22,7.21],[-3.22,7.21],[-3.23,7.22],[-3.23,7.22],[-3.23,7.22],[-3.23,7.22],[-3.23,7.22],[-3.23,7.22],[-3.23,7.22],[-3.24,7.22],[-3.24,7.23],[-3.24,7.23],[-3.24,7.23],[-3.24,7.23],[-3.24,7.23],[-3.24,7.23],[-3.24,7.24],[-3.25,7.24],[-3.25,7.24],[-3.25,7.24],[-3.25,7.24],[-3.25,7.25],[-3.25,7.25],[-3.25,7.25],[-3.25,7.25],[-3.25,7.25],[-3.25,7.25],[-3.25,7.26],[-3.25,7.26],[-3.25,7.26],[-3.25,7.26],[-3.25,7.27],[-3.25,7.27],[-3.25,7.27],[-3.25,7.28],[-3.25,7.28],[-3.25,7.28],[-3.25,7.29],[-3.25,7.29],[-3.25,7.29],[-3.25,7.29],[-3.25,7.3],[-3.25,7.3],[-3.25,7.3],[-3.25,7.3],[-3.25,7.31],[-3.25,7.31],[-3.25,7.31],[-3.25,7.31],[-3.25,7.32],[-3.25,7.32],[-3.25,7.32],[-3.25,7.32],[-3.25,7.32],[-3.25,7.32],[-3.25,7.32],[-3.25,7.33],[-3.26,7.33],[-3.26,7.33],[-3.26,7.33],[-3.26,7.33],[-3.26,7.33],[-3.27,7.33],[-3.27,7.33],[-3.27,7.33],[-3.27,7.33],[-3.27,7.33],[-3.28,7.33],[-3.28,7.33],[-3.28,7.33],[-3.28,7.33],[-3.28,7.33],[-3.28,7.33],[-3.29,7.33],[-3.29,7.33],[-3.29,7.33],[-3.29,7.33],[-3.29,7.33],[-3.29,7.33],[-3.3,7.33],[-3.3,7.33],[-3.3,7.33],[-3.3,7.33],[-3.3,7.33],[-3.31,7.33],[-3.31,7.33],[-3.31,7.33],[-3.31,7.33],[-3.31,7.33],[-3.31,7.33],[-3.31,7.33],[-3.31,7.33],[-3.31,7.32],[-3.31,7.32],[-3.31,7.32],[-3.31,7.32],[-3.31,7.32],[-3.31,7.32],[-3.31,7.32],[-3.31,7.32],[-3.31,7.31],[-3.3,7.31],[-3.3,7.31],[-3.3,7.31],[-3.3,7.31],[-3.3,7.31],[-3.3,7.31],[-3.3,7.3],[-3.3,7.3],[-3.3,7.3],[-3.3,7.3],[-3.3,7.3],[-3.3,7.3],[-3.3,7.29],[-3.3,7.29],[-3.3,7.29],[-3.3,7.29],[-3.3,7.29],[-3.3,7.29],[-3.3,7.29],[-3.3,7.29],[-3.3,7.28],[-3.3,7.28],[-3.3,7.28],[-3.31,7.28],[-3.31,7.28],[-3.31,7.28],[-3.31,7.28],[-3.31,7.28],[-3.31,7.28],[-3.32,7.28],[-3.32,7.28],[-3.32,7.28],[-3.32,7.28],[-3.32,7.28],[-3.32,7.28],[-3.32,7.28],[-3.32,7.28],[-3.33,7.28],[-3.33,7.28],[-3.33,7.27],[-3.33,7.27],[-3.33,7.28],[-3.33,7.28],[-3.33,7.28],[-3.34,7.28],[-3.34,7.28],[-3.34,7.27],[-3.34,7.27],[-3.35,7.27],[-3.35,7.27],[-3.35,7.27],[-3.35,7.27],[-3.35,7.27],[-3.35,7.26],[-3.35,7.26],[-3.35,7.26],[-3.35,7.26],[-3.36,7.26],[-3.38,7.25],[-3.38,7.25],[-3.38,7.25],[-3.38,7.25],[-3.38,7.25],[-3.38,7.26],[-3.38,7.26],[-3.38,7.26],[-3.39,7.26],[-3.39,7.26],[-3.39,7.26],[-3.39,7.26],[-3.39,7.27],[-3.39,7.27],[-3.39,7.27],[-3.39,7.27],[-3.39,7.27],[-3.39,7.27],[-3.39,7.28],[-3.39,7.28],[-3.4,7.28],[-3.4,7.28],[-3.4,7.28],[-3.4,7.29],[-3.4,7.29],[-3.4,7.29],[-3.4,7.29],[-3.4,7.29],[-3.4,7.29],[-3.4,7.29],[-3.41,7.29],[-3.41,7.29],[-3.41,7.29],[-3.41,7.3],[-3.42,7.3],[-3.42,7.3],[-3.42,7.3],[-3.42,7.3],[-3.42,7.3],[-3.42,7.3],[-3.42,7.3],[-3.42,7.3],[-3.43,7.3],[-3.43,7.3],[-3.43,7.3],[-3.43,7.31],[-3.43,7.31],[-3.43,7.31],[-3.43,7.31],[-3.43,7.31],[-3.43,7.32],[-3.43,7.32],[-3.43,7.32],[-3.43,7.32],[-3.43,7.32],[-3.43,7.33],[-3.44,7.33],[-3.44,7.33],[-3.44,7.33],[-3.44,7.33],[-3.44,7.33],[-3.44,7.33],[-3.44,7.33],[-3.44,7.33],[-3.44,7.34],[-3.44,7.34],[-3.44,7.34],[-3.44,7.34],[-3.44,7.34],[-3.44,7.34],[-3.45,7.34],[-3.45,7.34],[-3.45,7.34],[-3.45,7.34],[-3.45,7.34],[-3.45,7.34],[-3.45,7.34],[-3.46,7.34],[-3.46,7.34],[-3.46,7.34],[-3.45,7.35],[-3.45,7.35],[-3.45,7.35],[-3.46,7.35],[-3.46,7.35],[-3.46,7.35],[-3.46,7.35],[-3.46,7.35],[-3.46,7.35],[-3.46,7.35],[-3.46,7.35],[-3.46,7.35],[-3.46,7.35],[-3.46,7.34],[-3.46,7.34],[-3.46,7.34],[-3.46,7.34],[-3.46,7.34],[-3.47,7.34],[-3.47,7.34],[-3.47,7.35],[-3.47,7.35],[-3.47,7.35],[-3.47,7.35],[-3.47,7.35],[-3.47,7.35],[-3.47,7.35],[-3.47,7.35],[-3.47,7.35],[-3.47,7.35],[-3.47,7.34],[-3.47,7.34]]]}},{"type":"Feature","properties":{"name":"Kabadougou","code":"CI21","level":"region","status":"pending","schools":335,"students":79575,"girls":39557,"boys":40018,"district":"Denguele"},"geometry":{"type":"Polygon","coordinates":[[[-7.67,9.99],[-7.68,9.99],[-7.68,9.99],[-7.68,10.0],[-7.68,10.0],[-7.68,10.0],[-7.68,10.0],[-7.69,10.0],[-7.69,10.0],[-7.69,10.0],[-7.69,10.0],[-7.7,10.0],[-7.7,10.0],[-7.7,9.99],[-7.7,9.99],[-7.7,9.99],[-7.71,9.99],[-7.71,9.99],[-7.71,9.99],[-7.71,9.98],[-7.71,9.98],[-7.71,9.98],[-7.71,9.98],[-7.72,9.98],[-7.72,9.98],[-7.72,9.97],[-7.72,9.97],[-7.72,9.97],[-7.72,9.97],[-7.72,9.97],[-7.72,9.96],[-7.72,9.96],[-7.73,9.96],[-7.73,9.96],[-7.73,9.96],[-7.73,9.95],[-7.73,9.95],[-7.73,9.95],[-7.73,9.95],[-7.73,9.94],[-7.74,9.94],[-7.73,9.94],[-7.73,9.94],[-7.73,9.94],[-7.73,9.93],[-7.73,9.93],[-7.73,9.93],[-7.73,9.93],[-7.73,9.93],[-7.74,9.93],[-7.74,9.93],[-7.74,9.92],[-7.74,9.92],[-7.74,9.92],[-7.74,9.92],[-7.74,9.92],[-7.75,9.92],[-7.75,9.92],[-7.75,9.92],[-7.75,9.92],[-7.75,9.91],[-7.76,9.91],[-7.76,9.91],[-7.76,9.91],[-7.76,9.91],[-7.76,9.91],[-7.85,9.9],[-8.1,9.87],[-8.1,9.87],[-8.1,9.86],[-8.09,9.86],[-8.09,9.86],[-8.09,9.86],[-8.09,9.86],[-8.09,9.85],[-8.1,9.85],[-8.1,9.85],[-8.1,9.85],[-8.09,9.85],[-8.09,9.84],[-8.09,9.84],[-8.09,9.84],[-8.1,9.84],[-8.1,9.84],[-8.1,9.83],[-8.09,9.83],[-8.09,9.83],[-8.09,9.83],[-8.09,9.83],[-8.09,9.82],[-8.09,9.82],[-8.09,9.82],[-8.09,9.82],[-8.09,9.82],[-8.09,9.81],[-8.09,9.81],[-8.09,9.81],[-8.09,9.81],[-8.09,9.81],[-8.09,9.8],[-8.09,9.8],[-8.1,9.8],[-8.1,9.81],[-8.1,9.81],[-8.1,9.81],[-8.1,9.81],[-8.11,9.81],[-8.11,9.81],[-8.11,9.8],[-8.11,9.8],[-8.11,9.8],[-8.11,9.8],[-8.1,9.8],[-8.1,9.8],[-8.1,9.79],[-8.1,9.79],[-8.1,9.79],[-8.1,9.79],[-8.1,9.79],[-8.1,9.79],[-8.1,9.79],[-8.11,9.79],[-8.11,9.79],[-8.11,9.79],[-8.11,9.78],[-8.11,9.78],[-8.11,9.78],[-8.11,9.78],[-8.11,9.78],[-8.11,9.77],[-8.11,9.77],[-8.11,9.77],[-8.11,9.77],[-8.11,9.77],[-8.11,9.76],[-8.11,9.76],[-8.11,9.76],[-8.11,9.76],[-8.11,9.76],[-8.11,9.76],[-8.12,9.76],[-8.12,9.76],[-8.12,9.76],[-8.12,9.76],[-8.12,9.76],[-8.12,9.75],[-8.11,9.75],[-8.11,9.75],[-8.11,9.75],[-8.11,9.75],[-8.11,9.74],[-8.11,9.74],[-8.12,9.74],[-8.12,9.74],[-8.12,9.74],[-8.12,9.74],[-8.12,9.73],[-8.11,9.73],[-8.11,9.73],[-8.11,9.73],[-8.11,9.73],[-8.11,9.72],[-8.11,9.72],[-8.11,9.72],[-8.11,9.72],[-8.11,9.72],[-8.11,9.71],[-8.11,9.71],[-8.11,9.71],[-8.11,9.71],[-8.11,9.71],[-8.11,9.71],[-8.11,9.7],[-8.11,9.7],[-8.12,9.7],[-8.12,9.7],[-8.12,9.7],[-8.12,9.7],[-8.12,9.69],[-8.12,9.69],[-8.12,9.69],[-8.12,9.69],[-8.12,9.69],[-8.12,9.69],[-8.12,9.68],[-8.12,9.68],[-8.12,9.68],[-8.12,9.68],[-8.12,9.68],[-8.12,9.68],[-8.12,9.67],[-8.12,9.67],[-8.12,9.67],[-8.12,9.67],[-8.12,9.66],[-8.12,9.66],[-8.12,9.66],[-8.12,9.66],[-8.12,9.66],[-8.12,9.66],[-8.12,9.66],[-8.12,9.66],[-8.12,9.66],[-8.12,9.65],[-8.11,9.65],[-8.11,9.65],[-8.12,9.65],[-8.12,9.65],[-8.12,9.65],[-8.12,9.64],[-8.12,9.64],[-8.12,9.64],[-8.12,9.64],[-8.12,9.64],[-8.12,9.63],[-8.12,9.63],[-8.13,9.63],[-8.13,9.63],[-8.13,9.63],[-8.13,9.63],[-8.13,9.63],[-8.13,9.63],[-8.14,9.63],[-8.14,9.63],[-8.14,9.63],[-8.14,9.62],[-8.14,9.62],[-8.14,9.62],[-8.14,9.62],[-8.14,9.62],[-8.14,9.62],[-8.13,9.62],[-8.13,9.61],[-8.14,9.61],[-8.14,9.61],[-8.14,9.61],[-8.14,9.61],[-8.14,9.6],[-8.14,9.6],[-8.14,9.6],[-8.14,9.6],[-8.14,9.6],[-8.14,9.59],[-8.14,9.59],[-8.14,9.59],[-8.14,9.59],[-8.14,9.59],[-8.14,9.58],[-8.14,9.58],[-8.14,9.58],[-8.14,9.58],[-8.14,9.58],[-8.13,9.58],[-8.13,9.58],[-8.13,9.57],[-8.13,9.57],[-8.13,9.57],[-8.13,9.57],[-8.13,9.56],[-8.13,9.56],[-8.14,9.56],[-8.14,9.56],[-8.14,9.56],[-8.14,9.56],[-8.14,9.55],[-8.14,9.55],[-8.14,9.55],[-8.14,9.55],[-8.14,9.55],[-8.14,9.54],[-8.14,9.54],[-8.14,9.54],[-8.14,9.54],[-8.13,9.54],[-8.13,9.54],[-8.13,9.54],[-8.13,9.53],[-8.13,9.53],[-8.13,9.53],[-8.13,9.53],[-8.13,9.53],[-8.13,9.52],[-8.13,9.52],[-8.12,9.52],[-8.12,9.52],[-8.12,9.52],[-8.12,9.52],[-8.12,9.51],[-8.12,9.51],[-8.12,9.51],[-8.12,9.51],[-8.12,9.51],[-8.12,9.5],[-8.12,9.5],[-8.12,9.5],[-8.12,9.5],[-8.12,9.5],[-8.12,9.49],[-8.12,9.49],[-8.12,9.49],[-8.12,9.49],[-8.11,9.49],[-8.11,9.49],[-8.11,9.48],[-8.11,9.48],[-8.11,9.48],[-8.11,9.48],[-8.11,9.48],[-8.11,9.47],[-8.1,9.47],[-8.1,9.47],[-8.1,9.47],[-8.1,9.47],[-8.1,9.47],[-8.1,9.46],[-8.1,9.46],[-8.1,9.46],[-8.1,9.46],[-8.09,9.46],[-8.09,9.46],[-8.09,9.46],[-8.09,9.45],[-8.09,9.45],[-8.09,9.45],[-8.09,9.45],[-8.09,9.45],[-8.09,9.45],[-8.09,9.44],[-8.08,9.44],[-8.08,9.44],[-8.08,9.44],[-8.08,9.44],[-8.08,9.44],[-8.07,9.43],[-8.07,9.43],[-8.07,9.43],[-8.07,9.43],[-8.07,9.43],[-8.07,9.43],[-8.07,9.43],[-8.06,9.43],[-8.06,9.42],[-8.06,9.42],[-8.06,9.42],[-8.06,9.42],[-8.06,9.42],[-8.06,9.42],[-8.05,9.41],[-8.05,9.41],[-8.05,9.41],[-8.05,9.41],[-8.05,9.41],[-8.05,9.41],[-8.04,9.41],[-8.04,9.41],[-8.04,9.4],[-8.04,9.4],[-8.04,9.4],[-8.04,9.4],[-8.03,9.4],[-8.03,9.4],[-8.03,9.4],[-8.03,9.39],[-8.03,9.39],[-8.03,9.39],[-8.03,9.39],[-8.03,9.39],[-8.02,9.39],[-8.02,9.39],[-8.02,9.39],[-8.02,9.39],[-8.01,9.39],[-8.0,9.39],[-7.99,9.39],[-7.98,9.39],[-7.96,9.4],[-7.96,9.4],[-7.95,9.4],[-7.94,9.4],[-7.93,9.41],[-7.92,9.41],[-7.91,9.41],[-7.91,9.41],[-7.91,9.42],[-7.91,9.42],[-7.9,9.42],[-7.9,9.42],[-7.9,9.42],[-7.9,9.42],[-7.89,9.42],[-7.89,9.42],[-7.89,9.42],[-7.89,9.42],[-7.89,9.42],[-7.88,9.42],[-7.88,9.42],[-7.88,9.42],[-7.88,9.42],[-7.88,9.42],[-7.87,9.42],[-7.87,9.42],[-7.87,9.42],[-7.87,9.42],[-7.86,9.42],[-7.86,9.42],[-7.86,9.42],[-7.86,9.42],[-7.86,9.42],[-7.85,9.42],[-7.85,9.42],[-7.85,9.42],[-7.85,9.41],[-7.85,9.41],[-7.85,9.41],[-7.85,9.41],[-7.85,9.41],[-7.85,9.4],[-7.85,9.4],[-7.85,9.4],[-7.85,9.4],[-7.85,9.4],[-7.85,9.39],[-7.85,9.39],[-7.85,9.39],[-7.85,9.39],[-7.85,9.39],[-7.85,9.38],[-7.86,9.38],[-7.86,9.38],[-7.86,9.38],[-7.86,9.38],[-7.86,9.37],[-7.86,9.37],[-7.86,9.37],[-7.86,9.37],[-7.86,9.37],[-7.86,9.37],[-7.87,9.36],[-7.87,9.36],[-7.87,9.36],[-7.86,9.36],[-7.87,9.36],[-7.87,9.35],[-7.87,9.35],[-7.87,9.35],[-7.87,9.35],[-7.87,9.35],[-7.87,9.35],[-7.87,9.34],[-7.88,9.34],[-7.88,9.34],[-7.88,9.34],[-7.88,9.34],[-7.88,9.33],[-7.88,9.33],[-7.88,9.33],[-7.88,9.33],[-7.88,9.32],[-7.88,9.32],[-7.87,9.32],[-7.87,9.32],[-7.87,9.32],[-7.87,9.31],[-7.87,9.31],[-7.87,9.31],[-7.88,9.31],[-7.88,9.31],[-7.88,9.3],[-7.87,9.3],[-7.87,9.3],[-7.87,9.3],[-7.87,9.3],[-7.87,9.29],[-7.87,9.29],[-7.88,9.29],[-7.88,9.29],[-7.88,9.29],[-7.88,9.29],[-7.88,9.29],[-7.88,9.28],[-7.88,9.28],[-7.88,9.28],[-7.88,9.28],[-7.88,9.28],[-7.88,9.27],[-7.89,9.27],[-7.89,9.27],[-7.89,9.27],[-7.89,9.27],[-7.89,9.26],[-7.89,9.26],[-7.89,9.26],[-7.89,9.26],[-7.89,9.26],[-7.89,9.25],[-7.89,9.25],[-7.9,9.25],[-7.9,9.25],[-7.9,9.25],[-7.9,9.24],[-7.9,9.24],[-7.9,9.24],[-7.9,9.24],[-7.9,9.24],[-7.9,9.23],[-7.91,9.23],[-7.91,9.23],[-7.91,9.23],[-7.91,9.23],[-7.91,9.22],[-7.91,9.22],[-7.91,9.22],[-7.91,9.22],[-7.91,9.22],[-7.91,9.22],[-7.91,9.21],[-7.91,9.21],[-7.91,9.21],[-7.91,9.21],[-7.91,9.21],[-7.91,9.2],[-7.91,9.2],[-7.91,9.2],[-7.91,9.2],[-7.91,9.2],[-7.91,9.19],[-7.91,9.19],[-7.91,9.19],[-7.91,9.19],[-7.9,9.19],[-7.9,9.18],[-7.9,9.18],[-7.9,9.18],[-7.9,9.18],[-7.9,9.18],[-7.89,9.18],[-7.89,9.18],[-7.89,9.17],[-7.89,9.17],[-7.89,9.17],[-7.89,9.17],[-7.89,9.17],[-7.88,9.17],[-7.88,9.17],[-7.88,9.16],[-7.88,9.16],[-7.88,9.16],[-7.88,9.16],[-7.87,9.16],[-7.87,9.16],[-7.87,9.16],[-7.87,9.16],[-7.86,9.16],[-7.86,9.16],[-7.86,9.16],[-7.86,9.16],[-7.86,9.16],[-7.86,9.16],[-7.85,9.16],[-7.85,9.17],[-7.85,9.17],[-7.85,9.17],[-7.85,9.17],[-7.84,9.17],[-7.84,9.17],[-7.84,9.18],[-7.84,9.18],[-7.84,9.18],[-7.84,9.18],[-7.84,9.18],[-7.84,9.19],[-7.83,9.18],[-7.83,9.18],[-7.83,9.18],[-7.83,9.18],[-7.83,9.18],[-7.82,9.18],[-7.82,9.18],[-7.82,9.18],[-7.82,9.17],[-7.82,9.17],[-7.82,9.17],[-7.81,9.17],[-7.81,9.17],[-7.81,9.17],[-7.81,9.16],[-7.81,9.16],[-7.81,9.16],[-7.81,9.16],[-7.81,9.16],[-7.81,9.16],[-7.8,9.15],[-7.8,9.15],[-7.8,9.15],[-7.8,9.15],[-7.8,9.15],[-7.8,9.15],[-7.8,9.14],[-7.8,9.14],[-7.8,9.14],[-7.8,9.14],[-7.8,9.14],[-7.8,9.13],[-7.8,9.13],[-7.8,9.13],[-7.8,9.13],[-7.79,9.13],[-7.79,9.13],[-7.79,9.12],[-7.79,9.12],[-7.79,9.12],[-7.79,9.12],[-7.79,9.12],[-7.78,9.12],[-7.78,9.12],[-7.78,9.11],[-7.78,9.11],[-7.78,9.11],[-7.78,9.11],[-7.78,9.11],[-7.78,9.11],[-7.78,9.1],[-7.77,9.1],[-7.77,9.1],[-7.77,9.1],[-7.77,9.1],[-7.77,9.1],[-7.76,9.1],[-7.76,9.1],[-7.76,9.1],[-7.76,9.09],[-7.76,9.09],[-7.76,9.09],[-7.75,9.09],[-7.75,9.09],[-7.75,9.09],[-7.75,9.09],[-7.75,9.09],[-7.74,9.09],[-7.74,9.09],[-7.74,9.09],[-7.74,9.09],[-7.74,9.09],[-7.74,9.09],[-7.73,9.08],[-7.73,9.08],[-7.73,9.08],[-7.73,9.08],[-7.73,9.08],[-7.72,9.08],[-7.72,9.07],[-7.72,9.07],[-7.72,9.07],[-7.72,9.07],[-7.72,9.07],[-7.72,9.07],[-7.71,9.07],[-7.71,9.07],[-7.71,9.07],[-7.71,9.07],[-7.71,9.06],[-7.71,9.06],[-7.7,9.06],[-7.7,9.06],[-7.7,9.06],[-7.7,9.06],[-7.69,9.05],[-7.69,9.05],[-7.69,9.05],[-7.69,9.05],[-7.69,9.04],[-7.69,9.04],[-7.69,9.04],[-7.68,9.04],[-7.69,9.04],[-7.69,9.04],[-7.69,9.03],[-7.69,9.03],[-7.69,9.03],[-7.69,9.02],[-7.68,9.02],[-7.68,9.02],[-7.68,9.02],[-7.68,9.01],[-7.68,9.01],[-7.68,9.01],[-7.68,9.01],[-7.68,9.0],[-7.68,9.0],[-7.68,9.0],[-7.68,9.0],[-7.68,8.99],[-7.68,8.99],[-7.68,8.99],[-7.68,8.99],[-7.68,8.98],[-7.68,8.98],[-7.68,8.98],[-7.68,8.98],[-7.68,8.97],[-7.68,8.97],[-7.68,8.97],[-7.68,8.97],[-7.67,8.97],[-7.67,8.97],[-7.67,8.97],[-7.67,8.96],[-7.67,8.96],[-7.66,8.96],[-7.66,8.96],[-7.66,8.96],[-7.66,8.96],[-7.66,8.96],[-7.65,8.96],[-7.65,8.96],[-7.65,8.97],[-7.65,8.97],[-7.64,8.97],[-7.64,8.97],[-7.64,8.97],[-7.64,8.96],[-7.64,8.96],[-7.64,8.96],[-7.64,8.96],[-7.63,8.96],[-7.63,8.96],[-7.63,8.96],[-7.63,8.96],[-7.62,8.96],[-7.62,8.96],[-7.62,8.95],[-7.62,8.95],[-7.62,8.95],[-7.61,8.95],[-7.61,8.95],[-7.61,8.95],[-7.61,8.95],[-7.61,8.95],[-7.6,8.95],[-7.6,8.95],[-7.6,8.94],[-7.6,8.94],[-7.6,8.94],[-7.59,8.94],[-7.59,8.94],[-7.59,8.94],[-7.59,8.94],[-7.59,8.93],[-7.58,8.93],[-7.58,8.93],[-7.58,8.93],[-7.58,8.93],[-7.58,8.93],[-7.58,8.93],[-7.57,8.93],[-7.57,8.93],[-7.57,8.93],[-7.57,8.93],[-7.57,8.93],[-7.57,8.92],[-7.57,8.92],[-7.57,8.92],[-7.57,8.91],[-7.57,8.91],[-7.56,8.91],[-7.56,8.91],[-7.56,8.91],[-7.56,8.91],[-7.56,8.91],[-7.56,8.91],[-7.56,8.9],[-7.56,8.9],[-7.56,8.9],[-7.56,8.9],[-7.56,8.9],[-7.56,8.9],[-7.56,8.89],[-7.56,8.89],[-7.56,8.89],[-7.55,8.89],[-7.55,8.89],[-7.55,8.89],[-7.55,8.89],[-7.55,8.88],[-7.54,8.88],[-7.54,8.88],[-7.54,8.88],[-7.55,8.88],[-7.55,8.87],[-7.55,8.87],[-7.55,8.87],[-7.55,8.87],[-7.55,8.86],[-7.55,8.86],[-7.55,8.86],[-7.55,8.86],[-7.54,8.85],[-7.54,8.85],[-7.54,8.85],[-7.54,8.85],[-7.53,8.85],[-7.54,8.85],[-7.53,8.84],[-7.53,8.84],[-7.53,8.84],[-7.53,8.84],[-7.52,8.84],[-7.52,8.84],[-7.52,8.84],[-7.52,8.84],[-7.51,8.84],[-7.51,8.84],[-7.51,8.83],[-7.51,8.84],[-7.51,8.84],[-7.51,8.84],[-7.5,8.84],[-7.5,8.83],[-7.5,8.83],[-7.5,8.83],[-7.5,8.83],[-7.5,8.83],[-7.49,8.82],[-7.48,8.82],[-7.48,8.81],[-7.48,8.81],[-7.47,8.81],[-7.47,8.81],[-7.47,8.8],[-7.47,8.8],[-7.46,8.8],[-7.46,8.79],[-7.46,8.79],[-7.46,8.79],[-7.46,8.79],[-7.46,8.79],[-7.45,8.78],[-7.45,8.78],[-7.45,8.78],[-7.45,8.78],[-7.45,8.78],[-7.44,8.78],[-7.44,8.77],[-7.44,8.77],[-7.44,8.77],[-7.44,8.77],[-7.43,8.77],[-7.43,8.77],[-7.43,8.76],[-7.43,8.76],[-7.42,8.76],[-7.42,8.76],[-7.42,8.76],[-7.42,8.76],[-7.42,8.76],[-7.42,8.76],[-7.41,8.76],[-7.41,8.76],[-7.41,8.76],[-7.41,8.76],[-7.4,8.76],[-7.4,8.76],[-7.4,8.76],[-7.4,8.76],[-7.39,8.75],[-7.39,8.75],[-7.4,8.75],[-7.4,8.75],[-7.4,8.75],[-7.4,8.74],[-7.4,8.74],[-7.4,8.74],[-7.4,8.74],[-7.4,8.74],[-7.4,8.74],[-7.39,8.74],[-7.39,8.74],[-7.39,8.74],[-7.39,8.74],[-7.39,8.74],[-7.39,8.73],[-7.38,8.73],[-7.38,8.73],[-7.38,8.73],[-7.38,8.73],[-7.38,8.72],[-7.38,8.72],[-7.38,8.72],[-7.37,8.72],[-7.37,8.72],[-7.37,8.71],[-7.37,8.72],[-7.37,8.71],[-7.37,8.71],[-7.37,8.71],[-7.37,8.71],[-7.37,8.71],[-7.37,8.71],[-7.37,8.7],[-7.37,8.7],[-7.37,8.7],[-7.37,8.7],[-7.37,8.7],[-7.36,8.69],[-7.36,8.69],[-7.37,8.69],[-7.37,8.69],[-7.37,8.69],[-7.37,8.69],[-7.37,8.68],[-7.36,8.68],[-7.36,8.68],[-7.36,8.68],[-7.36,8.68],[-7.36,8.68],[-7.35,8.68],[-7.35,8.68],[-7.35,8.68],[-7.35,8.68],[-7.35,8.69],[-7.35,8.69],[-7.34,8.69],[-7.34,8.69],[-7.34,8.68],[-7.34,8.68],[-7.34,8.68],[-7.34,8.68],[-7.33,8.68],[-7.33,8.68],[-7.33,8.68],[-7.33,8.68],[-7.32,8.68],[-7.32,8.68],[-7.32,8.68],[-7.32,8.68],[-7.32,8.68],[-7.31,8.68],[-7.31,8.68],[-7.31,8.68],[-7.31,8.68],[-7.31,8.68],[-7.3,8.68],[-7.3,8.68],[-7.3,8.68],[-7.3,8.68],[-7.3,8.68],[-7.29,8.68],[-7.29,8.67],[-7.29,8.67],[-7.29,8.67],[-7.29,8.67],[-7.28,8.67],[-7.28,8.67],[-7.28,8.67],[-7.28,8.67],[-7.28,8.67],[-7.28,8.66],[-7.27,8.66],[-7.27,8.66],[-7.27,8.66],[-7.27,8.66],[-7.27,8.65],[-7.26,8.65],[-7.26,8.65],[-7.26,8.65],[-7.26,8.65],[-7.26,8.65],[-7.25,8.65],[-7.25,8.64],[-7.25,8.64],[-7.25,8.64],[-7.25,8.64],[-7.25,8.63],[-7.25,8.63],[-7.24,8.63],[-7.24,8.63],[-7.24,8.63],[-7.24,8.62],[-7.24,8.62],[-7.24,8.62],[-7.24,8.62],[-7.23,8.62],[-7.23,8.61],[-7.23,8.61],[-7.23,8.61],[-7.24,8.61],[-7.24,8.61],[-7.24,8.6],[-7.24,8.6],[-7.24,8.6],[-7.24,8.59],[-7.23,8.59],[-7.23,8.59],[-7.23,8.59],[-7.23,8.58],[-7.23,8.58],[-7.23,8.58],[-7.22,8.58],[-7.22,8.58],[-7.22,8.58],[-7.22,8.57],[-7.22,8.57],[-7.22,8.57],[-7.22,8.56],[-7.22,8.56],[-7.22,8.56],[-7.22,8.56],[-7.22,8.56],[-7.22,8.55],[-7.22,8.55],[-7.22,8.55],[-7.22,8.55],[-7.22,8.55],[-7.22,8.55],[-7.21,8.55],[-7.21,8.54],[-7.21,8.54],[-7.21,8.54],[-7.21,8.54],[-7.21,8.54],[-7.21,8.53],[-7.21,8.53],[-7.21,8.53],[-7.21,8.53],[-7.21,8.52],[-7.21,8.52],[-7.2,8.52],[-7.2,8.52],[-7.2,8.52],[-7.2,8.52],[-7.19,8.51],[-7.19,8.51],[-7.19,8.51],[-7.19,8.51],[-7.19,8.51],[-7.18,8.51],[-7.18,8.51],[-7.18,8.51],[-7.18,8.52],[-7.18,8.52],[-7.18,8.52],[-7.18,8.53],[-7.18,8.53],[-7.19,8.54],[-7.18,8.54],[-7.18,8.54],[-7.18,8.55],[-7.19,8.55],[-7.19,8.55],[-7.2,8.56],[-7.2,8.56],[-7.2,8.56],[-7.2,8.56],[-7.2,8.57],[-7.2,8.57],[-7.21,8.57],[-7.21,8.57],[-7.21,8.57],[-7.21,8.57],[-7.2,8.58],[-7.2,8.58],[-7.2,8.58],[-7.2,8.58],[-7.2,8.58],[-7.2,8.59],[-7.2,8.59],[-7.2,8.59],[-7.2,8.59],[-7.2,8.59],[-7.2,8.59],[-7.2,8.59],[-7.21,8.59],[-7.21,8.59],[-7.21,8.59],[-7.21,8.59],[-7.21,8.59],[-7.21,8.59],[-7.21,8.59],[-7.21,8.59],[-7.21,8.59],[-7.21,8.59],[-7.21,8.59],[-7.21,8.6],[-7.21,8.6],[-7.21,8.6],[-7.21,8.59],[-7.21,8.59],[-7.2,8.6],[-7.2,8.6],[-7.2,8.6],[-7.2,8.6],[-7.2,8.6],[-7.2,8.6],[-7.2,8.61],[-7.2,8.61],[-7.2,8.61],[-7.2,8.61],[-7.21,8.62],[-7.21,8.62],[-7.21,8.62],[-7.21,8.62],[-7.21,8.62],[-7.21,8.62],[-7.22,8.62],[-7.22,8.62],[-7.22,8.62],[-7.22,8.62],[-7.22,8.62],[-7.22,8.63],[-7.22,8.63],[-7.22,8.63],[-7.21,8.63],[-7.21,8.63],[-7.21,8.63],[-7.21,8.64],[-7.21,8.64],[-7.21,8.64],[-7.21,8.64],[-7.21,8.64],[-7.21,8.65],[-7.21,8.65],[-7.21,8.65],[-7.21,8.65],[-7.21,8.65],[-7.22,8.65],[-7.22,8.66],[-7.21,8.66],[-7.21,8.66],[-7.21,8.66],[-7.21,8.66],[-7.21,8.66],[-7.21,8.67],[-7.21,8.67],[-7.21,8.68],[-7.21,8.68],[-7.21,8.68],[-7.21,8.69],[-7.21,8.69],[-7.21,8.69],[-7.21,8.69],[-7.21,8.69],[-7.21,8.69],[-7.2,8.69],[-7.2,8.7],[-7.2,8.7],[-7.2,8.7],[-7.2,8.7],[-7.2,8.7],[-7.2,8.71],[-7.2,8.71],[-7.2,8.71],[-7.2,8.71],[-7.2,8.71],[-7.2,8.71],[-7.2,8.72],[-7.2,8.72],[-7.2,8.72],[-7.2,8.72],[-7.2,8.72],[-7.2,8.72],[-7.2,8.73],[-7.2,8.73],[-7.21,8.73],[-7.2,8.73],[-7.2,8.73],[-7.2,8.73],[-7.2,8.73],[-7.2,8.74],[-7.19,8.74],[-7.19,8.74],[-7.19,8.74],[-7.2,8.74],[-7.2,8.75],[-7.2,8.75],[-7.2,8.75],[-7.2,8.75],[-7.2,8.76],[-7.2,8.76],[-7.2,8.76],[-7.2,8.76],[-7.2,8.76],[-7.2,8.77],[-7.2,8.77],[-7.2,8.77],[-7.2,8.77],[-7.2,8.77],[-7.2,8.77],[-7.2,8.77],[-7.19,8.77],[-7.19,8.77],[-7.19,8.77],[-7.19,8.77],[-7.19,8.78],[-7.19,8.78],[-7.19,8.78],[-7.18,8.78],[-7.19,8.78],[-7.19,8.78],[-7.19,8.78],[-7.19,8.78],[-7.2,8.78],[-7.2,8.78],[-7.2,8.79],[-7.2,8.79],[-7.2,8.79],[-7.2,8.79],[-7.2,8.79],[-7.2,8.8],[-7.2,8.8],[-7.2,8.8],[-7.2,8.8],[-7.19,8.8],[-7.19,8.81],[-7.19,8.8],[-7.19,8.81],[-7.2,8.81],[-7.2,8.81],[-7.2,8.81],[-7.2,8.81],[-7.2,8.81],[-7.2,8.82],[-7.2,8.82],[-7.2,8.82],[-7.2,8.82],[-7.21,8.82],[-7.21,8.82],[-7.21,8.82],[-7.21,8.82],[-7.21,8.83],[-7.21,8.83],[-7.21,8.83],[-7.21,8.83],[-7.2,8.83],[-7.2,8.83],[-7.2,8.83],[-7.2,8.83],[-7.2,8.84],[-7.2,8.84],[-7.2,8.84],[-7.2,8.84],[-7.2,8.84],[-7.2,8.85],[-7.2,8.85],[-7.2,8.85],[-7.2,8.85],[-7.2,8.85],[-7.21,8.84],[-7.21,8.84],[-7.21,8.85],[-7.21,8.85],[-7.21,8.85],[-7.21,8.85],[-7.21,8.86],[-7.21,8.86],[-7.21,8.86],[-7.21,8.86],[-7.21,8.87],[-7.21,8.87],[-7.21,8.87],[-7.21,8.87],[-7.21,8.87],[-7.22,8.87],[-7.22,8.87],[-7.22,8.87],[-7.22,8.88],[-7.22,8.88],[-7.22,8.88],[-7.22,8.88],[-7.22,8.88],[-7.22,8.88],[-7.22,8.88],[-7.22,8.88],[-7.22,8.88],[-7.22,8.88],[-7.21,8.88],[-7.21,8.88],[-7.21,8.88],[-7.21,8.88],[-7.21,8.89],[-7.21,8.89],[-7.21,8.89],[-7.22,8.89],[-7.22,8.89],[-7.22,8.9],[-7.22,8.9],[-7.22,8.9],[-7.22,8.9],[-7.22,8.9],[-7.21,8.9],[-7.21,8.91],[-7.21,8.91],[-7.21,8.91],[-7.21,8.91],[-7.21,8.91],[-7.21,8.92],[-7.21,8.92],[-7.21,8.92],[-7.21,8.92],[-7.21,8.92],[-7.22,8.92],[-7.22,8.92],[-7.22,8.93],[-7.22,8.93],[-7.22,8.93],[-7.22,8.93],[-7.23,8.93],[-7.23,8.93],[-7.23,8.93],[-7.23,8.94],[-7.23,8.94],[-7.23,8.94],[-7.23,8.94],[-7.23,8.94],[-7.23,8.95],[-7.23,8.95],[-7.23,8.95],[-7.23,8.95],[-7.22,8.95],[-7.22,8.95],[-7.22,8.96],[-7.22,8.96],[-7.22,8.96],[-7.22,8.96],[-7.21,8.96],[-7.21,8.96],[-7.21,8.96],[-7.21,8.95],[-7.21,8.96],[-7.21,8.96],[-7.21,8.96],[-7.2,8.96],[-7.2,8.96],[-7.2,8.96],[-7.2,8.96],[-7.2,8.96],[-7.19,8.95],[-7.19,8.95],[-7.19,8.95],[-7.18,8.95],[-7.18,8.95],[-7.18,8.95],[-7.18,8.95],[-7.18,8.95],[-7.18,8.96],[-7.17,8.96],[-7.17,8.96],[-7.17,8.96],[-7.17,8.97],[-7.17,8.97],[-7.17,8.97],[-7.17,8.97],[-7.17,8.97],[-7.17,8.98],[-7.17,8.98],[-7.17,8.98],[-7.17,8.98],[-7.17,8.98],[-7.17,8.98],[-7.17,8.99],[-7.17,8.99],[-7.17,8.99],[-7.17,8.99],[-7.17,8.99],[-7.17,8.99],[-7.17,8.99],[-7.17,8.99],[-7.16,8.99],[-7.16,8.99],[-7.16,8.99],[-7.16,9.0],[-7.16,9.0],[-7.16,9.0],[-7.16,9.0],[-7.16,9.0],[-7.16,9.0],[-7.15,9.0],[-7.15,9.0],[-7.15,9.0],[-7.15,9.0],[-7.15,9.0],[-7.15,9.0],[-7.15,9.0],[-7.15,9.0],[-7.14,9.0],[-7.14,9.0],[-7.14,9.0],[-7.14,9.01],[-7.14,9.01],[-7.14,9.01],[-7.14,9.01],[-7.14,9.01],[-7.14,9.01],[-7.14,9.01],[-7.14,9.01],[-7.14,9.02],[-7.13,9.02],[-7.13,9.02],[-7.13,9.02],[-7.13,9.02],[-7.13,9.02],[-7.13,9.03],[-7.13,9.03],[-7.12,9.03],[-7.12,9.03],[-7.12,9.03],[-7.12,9.03],[-7.12,9.03],[-7.12,9.04],[-7.12,9.04],[-7.12,9.04],[-7.12,9.04],[-7.12,9.04],[-7.12,9.04],[-7.11,9.04],[-7.11,9.04],[-7.11,9.04],[-7.11,9.05],[-7.11,9.05],[-7.11,9.05],[-7.11,9.05],[-7.11,9.05],[-7.1,9.04],[-7.1,9.04],[-7.1,9.04],[-7.1,9.04],[-7.1,9.04],[-7.1,9.04],[-7.09,9.04],[-7.09,9.04],[-7.09,9.04],[-7.09,9.04],[-7.09,9.04],[-7.09,9.04],[-7.08,9.04],[-7.08,9.04],[-7.08,9.03],[-7.08,9.03],[-7.08,9.03],[-7.08,9.03],[-7.07,9.03],[-7.07,9.03],[-7.07,9.03],[-7.07,9.03],[-7.07,9.02],[-7.07,9.02],[-7.06,9.02],[-7.06,9.02],[-7.06,9.02],[-7.06,9.01],[-7.06,9.01],[-7.06,9.01],[-7.05,9.01],[-7.05,9.01],[-7.05,9.01],[-7.05,9.0],[-7.05,9.0],[-7.05,9.0],[-7.05,9.0],[-7.05,9.0],[-7.05,9.0],[-7.05,9.0],[-7.05,8.99],[-7.05,8.99],[-7.05,8.99],[-7.05,8.99],[-7.04,8.99],[-7.04,8.99],[-7.04,8.99],[-7.04,8.99],[-7.04,8.98],[-7.04,8.98],[-7.04,8.98],[-7.04,8.98],[-7.04,8.98],[-7.03,8.98],[-7.03,8.98],[-7.03,8.98],[-7.03,8.97],[-7.03,8.97],[-7.02,8.97],[-7.02,8.97],[-7.02,8.97],[-7.02,8.97],[-7.02,8.97],[-7.01,8.97],[-7.01,8.97],[-7.01,8.97],[-7.01,8.97],[-7.01,8.97],[-7.0,8.97],[-7.0,8.97],[-7.0,8.97],[-7.0,8.97],[-7.0,8.97],[-6.99,8.97],[-6.99,8.97],[-6.99,8.97],[-6.99,8.97],[-6.99,8.97],[-6.98,8.97],[-6.98,8.97],[-6.98,8.97],[-6.98,8.97],[-6.98,8.97],[-6.98,8.97],[-6.97,8.97],[-6.97,8.97],[-6.97,8.97],[-6.97,8.97],[-6.97,8.97],[-6.97,8.96],[-6.97,8.96],[-6.96,8.96],[-6.96,8.96],[-6.96,8.96],[-6.96,8.96],[-6.96,8.97],[-6.96,8.97],[-6.96,8.97],[-6.96,8.97],[-6.95,8.97],[-6.95,8.97],[-6.95,8.97],[-6.95,8.97],[-6.95,8.97],[-6.95,8.97],[-6.95,8.97],[-6.94,8.97],[-6.94,8.97],[-6.94,8.97],[-6.94,8.97],[-6.94,8.97],[-6.94,8.97],[-6.94,8.97],[-6.94,8.97],[-6.93,8.97],[-6.93,8.96],[-6.93,8.96],[-6.93,8.96],[-6.93,8.96],[-6.93,8.96],[-6.93,8.96],[-6.93,8.96],[-6.92,8.96],[-6.92,8.96],[-6.92,8.96],[-6.92,8.95],[-6.92,8.95],[-6.92,8.95],[-6.92,8.95],[-6.92,8.95],[-6.92,8.95],[-6.92,8.95],[-6.92,8.95],[-6.92,8.94],[-6.92,8.94],[-6.91,8.94],[-6.91,8.94],[-6.91,8.94],[-6.91,8.94],[-6.9,8.94],[-6.9,8.94],[-6.9,8.94],[-6.9,8.94],[-6.9,8.94],[-6.9,8.95],[-6.9,8.95],[-6.9,8.95],[-6.9,8.95],[-6.9,8.95],[-6.9,8.95],[-6.9,8.95],[-6.9,8.96],[-6.9,8.96],[-6.9,8.96],[-6.9,8.96],[-6.9,8.96],[-6.9,8.97],[-6.9,8.97],[-6.9,8.97],[-6.9,8.97],[-6.91,8.97],[-6.91,8.98],[-6.91,8.98],[-6.91,8.98],[-6.91,8.98],[-6.91,8.98],[-6.91,8.98],[-6.91,8.99],[-6.91,8.99],[-6.91,8.99],[-6.91,8.99],[-6.91,8.99],[-6.91,8.99],[-6.91,9.0],[-6.91,9.0],[-6.91,9.0],[-6.91,9.0],[-6.91,9.0],[-6.91,9.0],[-6.91,9.01],[-6.91,9.01],[-6.91,9.01],[-6.9,9.01],[-6.9,9.01],[-6.9,9.01],[-6.9,9.02],[-6.91,9.02],[-6.91,9.02],[-6.91,9.02],[-6.9,9.02],[-6.9,9.02],[-6.9,9.02],[-6.9,9.03],[-6.9,9.03],[-6.9,9.03],[-6.9,9.03],[-6.9,9.03],[-6.9,9.03],[-6.9,9.03],[-6.9,9.04],[-6.9,9.04],[-6.9,9.04],[-6.9,9.04],[-6.9,9.04],[-6.9,9.04],[-6.9,9.04],[-6.9,9.05],[-6.9,9.05],[-6.9,9.05],[-6.9,9.05],[-6.9,9.05],[-6.9,9.05],[-6.9,9.05],[-6.9,9.06],[-6.9,9.06],[-6.89,9.06],[-6.89,9.06],[-6.89,9.06],[-6.89,9.06],[-6.89,9.06],[-6.89,9.06],[-6.89,9.07],[-6.89,9.07],[-6.89,9.07],[-6.89,9.07],[-6.88,9.07],[-6.88,9.07],[-6.88,9.07],[-6.88,9.07],[-6.88,9.07],[-6.88,9.07],[-6.88,9.07],[-6.87,9.08],[-6.87,9.08],[-6.87,9.08],[-6.87,9.08],[-6.87,9.08],[-6.87,9.08],[-6.86,9.08],[-6.86,9.08],[-6.86,9.08],[-6.86,9.08],[-6.85,9.08],[-6.85,9.08],[-6.85,9.08],[-6.85,9.08],[-6.85,9.08],[-6.85,9.07],[-6.84,9.07],[-6.84,9.07],[-6.84,9.07],[-6.84,9.07],[-6.84,9.07],[-6.84,9.07],[-6.83,9.07],[-6.83,9.07],[-6.83,9.07],[-6.83,9.07],[-6.82,9.08],[-6.82,9.08],[-6.82,9.08],[-6.82,9.08],[-6.82,9.08],[-6.82,9.09],[-6.82,9.09],[-6.81,9.09],[-6.81,9.09],[-6.81,9.09],[-6.81,9.09],[-6.81,9.09],[-6.8,9.09],[-6.8,9.09],[-6.8,9.09],[-6.8,9.1],[-6.8,9.1],[-6.8,9.1],[-6.8,9.1],[-6.79,9.1],[-6.79,9.1],[-6.79,9.1],[-6.79,9.1],[-6.79,9.1],[-6.79,9.11],[-6.78,9.11],[-6.78,9.11],[-6.78,9.11],[-6.78,9.11],[-6.77,9.11],[-6.77,9.11],[-6.77,9.11],[-6.77,9.11],[-6.77,9.11],[-6.76,9.11],[-6.76,9.11],[-6.76,9.11],[-6.76,9.11],[-6.76,9.12],[-6.76,9.12],[-6.76,9.12],[-6.76,9.12],[-6.76,9.13],[-6.76,9.13],[-6.75,9.13],[-6.75,9.13],[-6.75,9.13],[-6.75,9.13],[-6.75,9.13],[-6.75,9.14],[-6.75,9.14],[-6.74,9.14],[-6.74,9.14],[-6.74,9.14],[-6.74,9.14],[-6.74,9.15],[-6.74,9.15],[-6.74,9.15],[-6.75,9.15],[-6.75,9.15],[-6.75,9.15],[-6.75,9.16],[-6.75,9.16],[-6.75,9.16],[-6.75,9.16],[-6.76,9.16],[-6.76,9.16],[-6.76,9.16],[-6.76,9.17],[-6.76,9.17],[-6.76,9.17],[-6.76,9.17],[-6.76,9.17],[-6.76,9.17],[-6.76,9.18],[-6.76,9.18],[-6.76,9.18],[-6.75,9.18],[-6.75,9.18],[-6.75,9.19],[-6.75,9.19],[-6.75,9.19],[-6.75,9.19],[-6.75,9.19],[-6.75,9.2],[-6.75,9.2],[-6.75,9.2],[-6.75,9.2],[-6.75,9.2],[-6.75,9.21],[-6.75,9.21],[-6.75,9.21],[-6.75,9.21],[-6.75,9.22],[-6.75,9.22],[-6.75,9.22],[-6.75,9.22],[-6.75,9.22],[-6.75,9.23],[-6.75,9.23],[-6.75,9.23],[-6.75,9.23],[-6.75,9.23],[-6.75,9.24],[-6.75,9.24],[-6.75,9.24],[-6.75,9.24],[-6.75,9.24],[-6.75,9.25],[-6.75,9.25],[-6.74,9.25],[-6.74,9.25],[-6.74,9.26],[-6.74,9.26],[-6.74,9.26],[-6.74,9.26],[-6.74,9.27],[-6.74,9.27],[-6.74,9.27],[-6.74,9.27],[-6.74,9.27],[-6.74,9.28],[-6.74,9.28],[-6.75,9.28],[-6.75,9.28],[-6.75,9.28],[-6.75,9.28],[-6.75,9.28],[-6.75,9.28],[-6.76,9.28],[-6.76,9.28],[-6.76,9.29],[-6.76,9.29],[-6.76,9.29],[-6.76,9.29],[-6.77,9.29],[-6.77,9.29],[-6.77,9.28],[-6.77,9.28],[-6.77,9.28],[-6.78,9.28],[-6.78,9.28],[-6.78,9.28],[-6.78,9.28],[-6.78,9.28],[-6.79,9.29],[-6.79,9.29],[-6.79,9.29],[-6.79,9.29],[-6.79,9.29],[-6.79,9.29],[-6.79,9.29],[-6.79,9.29],[-6.79,9.29],[-6.79,9.3],[-6.79,9.3],[-6.79,9.3],[-6.79,9.3],[-6.79,9.3],[-6.79,9.31],[-6.79,9.31],[-6.79,9.31],[-6.79,9.31],[-6.78,9.31],[-6.78,9.32],[-6.78,9.32],[-6.78,9.32],[-6.78,9.32],[-6.78,9.32],[-6.78,9.32],[-6.78,9.33],[-6.79,9.33],[-6.79,9.33],[-6.79,9.33],[-6.79,9.34],[-6.79,9.34],[-6.78,9.34],[-6.78,9.34],[-6.78,9.34],[-6.78,9.35],[-6.78,9.35],[-6.78,9.35],[-6.78,9.35],[-6.78,9.35],[-6.79,9.35],[-6.79,9.35],[-6.79,9.35],[-6.79,9.36],[-6.8,9.36],[-6.8,9.37],[-6.8,9.37],[-6.8,9.37],[-6.8,9.37],[-6.8,9.37],[-6.8,9.37],[-6.8,9.38],[-6.8,9.38],[-6.8,9.38],[-6.8,9.38],[-6.8,9.38],[-6.8,9.38],[-6.8,9.39],[-6.8,9.39],[-6.8,9.39],[-6.8,9.39],[-6.8,9.4],[-6.8,9.4],[-6.8,9.4],[-6.8,9.4],[-6.79,9.4],[-6.79,9.41],[-6.79,9.41],[-6.79,9.41],[-6.79,9.41],[-6.79,9.41],[-6.79,9.41],[-6.78,9.41],[-6.78,9.41],[-6.78,9.41],[-6.78,9.41],[-6.78,9.41],[-6.78,9.41],[-6.78,9.41],[-6.77,9.41],[-6.77,9.42],[-6.77,9.42],[-6.77,9.42],[-6.77,9.42],[-6.77,9.42],[-6.77,9.42],[-6.77,9.42],[-6.77,9.42],[-6.78,9.43],[-6.78,9.43],[-6.78,9.43],[-6.78,9.43],[-6.79,9.43],[-6.79,9.43],[-6.79,9.43],[-6.79,9.43],[-6.79,9.43],[-6.79,9.43],[-6.8,9.43],[-6.8,9.44],[-6.8,9.44],[-6.8,9.44],[-6.8,9.44],[-6.8,9.44],[-6.79,9.44],[-6.79,9.45],[-6.79,9.45],[-6.79,9.45],[-6.79,9.45],[-6.79,9.45],[-6.78,9.45],[-6.78,9.46],[-6.78,9.46],[-6.78,9.46],[-6.78,9.46],[-6.78,9.46],[-6.77,9.46],[-6.77,9.46],[-6.77,9.46],[-6.77,9.46],[-6.77,9.47],[-6.77,9.47],[-6.77,9.47],[-6.76,9.47],[-6.76,9.47],[-6.76,9.47],[-6.76,9.47],[-6.76,9.48],[-6.76,9.48],[-6.77,9.48],[-6.77,9.48],[-6.77,9.48],[-6.76,9.49],[-6.76,9.49],[-6.76,9.49],[-6.76,9.49],[-6.76,9.49],[-6.76,9.49],[-6.76,9.49],[-6.76,9.49],[-6.76,9.5],[-6.75,9.5],[-6.75,9.5],[-6.75,9.5],[-6.75,9.5],[-6.75,9.5],[-6.75,9.5],[-6.75,9.5],[-6.75,9.5],[-6.75,9.5],[-6.75,9.51],[-6.75,9.51],[-6.75,9.51],[-6.75,9.51],[-6.74,9.51],[-6.74,9.52],[-6.74,9.52],[-6.74,9.53],[-6.74,9.53],[-6.75,9.53],[-6.75,9.53],[-6.75,9.53],[-6.75,9.53],[-6.75,9.53],[-6.75,9.53],[-6.75,9.54],[-6.76,9.54],[-6.76,9.54],[-6.76,9.54],[-6.76,9.54],[-6.76,9.54],[-6.76,9.54],[-6.77,9.54],[-6.77,9.54],[-6.77,9.55],[-6.77,9.55],[-6.77,9.55],[-6.77,9.55],[-6.77,9.55],[-6.77,9.55],[-6.78,9.56],[-6.78,9.56],[-6.78,9.56],[-6.78,9.56],[-6.78,9.56],[-6.78,9.56],[-6.78,9.56],[-6.78,9.56],[-6.79,9.56],[-6.79,9.56],[-6.79,9.56],[-6.79,9.56],[-6.79,9.56],[-6.79,9.56],[-6.79,9.57],[-6.79,9.57],[-6.79,9.57],[-6.79,9.57],[-6.8,9.57],[-6.8,9.57],[-6.8,9.57],[-6.8,9.57],[-6.8,9.58],[-6.8,9.58],[-6.8,9.58],[-6.79,9.58],[-6.79,9.58],[-6.79,9.58],[-6.79,9.59],[-6.79,9.59],[-6.79,9.59],[-6.79,9.59],[-6.79,9.6],[-6.79,9.6],[-6.79,9.6],[-6.79,9.6],[-6.8,9.6],[-6.8,9.61],[-6.8,9.61],[-6.79,9.61],[-6.79,9.61],[-6.79,9.61],[-6.79,9.62],[-6.79,9.62],[-6.79,9.62],[-6.79,9.62],[-6.79,9.63],[-6.79,9.63],[-6.79,9.63],[-6.79,9.63],[-6.79,9.63],[-6.79,9.63],[-6.79,9.64],[-6.78,9.64],[-6.78,9.64],[-6.78,9.64],[-6.78,9.64],[-6.78,9.65],[-6.78,9.65],[-6.78,9.65],[-6.78,9.65],[-6.78,9.65],[-6.77,9.66],[-6.77,9.66],[-6.77,9.66],[-6.76,9.66],[-6.76,9.66],[-6.76,9.66],[-6.76,9.67],[-6.76,9.67],[-6.76,9.67],[-6.76,9.67],[-6.77,9.68],[-6.77,9.68],[-6.77,9.68],[-6.76,9.68],[-6.76,9.68],[-6.76,9.69],[-6.76,9.69],[-6.76,9.69],[-6.76,9.69],[-6.76,9.69],[-6.76,9.69],[-6.75,9.69],[-6.75,9.69],[-6.75,9.69],[-6.75,9.69],[-6.75,9.69],[-6.75,9.7],[-6.75,9.7],[-6.75,9.7],[-6.75,9.7],[-6.74,9.7],[-6.75,9.7],[-6.75,9.7],[-6.75,9.7],[-6.75,9.71],[-6.75,9.71],[-6.75,9.71],[-6.75,9.71],[-6.76,9.71],[-6.76,9.71],[-6.76,9.71],[-6.76,9.71],[-6.76,9.71],[-6.76,9.71],[-6.76,9.71],[-6.76,9.72],[-6.76,9.72],[-6.76,9.72],[-6.76,9.72],[-6.76,9.72],[-6.75,9.73],[-6.75,9.73],[-6.75,9.74],[-6.75,9.74],[-6.75,9.74],[-6.75,9.74],[-6.74,9.75],[-6.74,9.75],[-6.74,9.75],[-6.74,9.76],[-6.75,9.76],[-6.75,9.76],[-6.75,9.76],[-6.75,9.76],[-6.75,9.76],[-6.76,9.76],[-6.76,9.76],[-6.76,9.76],[-6.76,9.76],[-6.76,9.76],[-6.77,9.77],[-6.77,9.77],[-6.77,9.77],[-6.77,9.77],[-6.77,9.77],[-6.78,9.77],[-6.78,9.77],[-6.78,9.77],[-6.78,9.77],[-6.78,9.78],[-6.78,9.78],[-6.78,9.78],[-6.78,9.78],[-6.77,9.78],[-6.77,9.78],[-6.77,9.78],[-6.77,9.79],[-6.77,9.79],[-6.77,9.79],[-6.77,9.79],[-6.76,9.79],[-6.76,9.79],[-6.76,9.79],[-6.76,9.79],[-6.76,9.79],[-6.75,9.8],[-6.75,9.8],[-6.75,9.8],[-6.76,9.8],[-6.76,9.8],[-6.76,9.8],[-6.76,9.81],[-6.76,9.81],[-6.76,9.81],[-6.76,9.81],[-6.76,9.81],[-6.76,9.82],[-6.76,9.82],[-6.76,9.82],[-6.76,9.82],[-6.76,9.83],[-6.76,9.83],[-6.76,9.83],[-6.76,9.83],[-6.76,9.83],[-6.75,9.83],[-6.75,9.83],[-6.75,9.83],[-6.75,9.83],[-6.75,9.83],[-6.75,9.83],[-6.74,9.84],[-6.74,9.84],[-6.74,9.84],[-6.74,9.84],[-6.74,9.84],[-6.74,9.85],[-6.74,9.85],[-6.74,9.85],[-6.74,9.85],[-6.74,9.86],[-6.74,9.86],[-6.74,9.86],[-6.74,9.86],[-6.74,9.86],[-6.75,9.87],[-6.75,9.87],[-6.75,9.87],[-6.75,9.87],[-6.75,9.87],[-6.75,9.87],[-6.75,9.87],[-6.75,9.87],[-6.75,9.88],[-6.75,9.88],[-6.75,9.88],[-6.75,9.88],[-6.75,9.88],[-6.75,9.88],[-6.75,9.89],[-6.75,9.89],[-6.75,9.89],[-6.76,9.89],[-6.76,9.89],[-6.76,9.89],[-6.76,9.89],[-6.76,9.9],[-6.76,9.9],[-6.77,9.91],[-6.77,9.91],[-6.77,9.91],[-6.77,9.91],[-6.77,9.91],[-6.78,9.92],[-6.78,9.92],[-6.78,9.92],[-6.78,9.92],[-6.78,9.92],[-6.78,9.92],[-6.78,9.93],[-6.78,9.93],[-6.78,9.93],[-6.78,9.93],[-6.78,9.93],[-6.79,9.94],[-6.79,9.94],[-6.79,9.94],[-6.79,9.94],[-6.79,9.95],[-6.79,9.95],[-6.79,9.95],[-6.79,9.95],[-6.79,9.95],[-6.79,9.96],[-6.79,9.96],[-6.8,9.96],[-6.8,9.95],[-6.8,9.95],[-6.8,9.95],[-6.81,9.95],[-6.81,9.95],[-6.81,9.95],[-6.81,9.95],[-6.82,9.95],[-6.82,9.95],[-6.82,9.95],[-6.82,9.95],[-6.82,9.95],[-6.83,9.95],[-6.83,9.95],[-6.83,9.95],[-6.83,9.95],[-6.84,9.95],[-6.84,9.95],[-6.84,9.96],[-6.84,9.96],[-6.85,9.96],[-6.85,9.96],[-6.85,9.96],[-6.85,9.96],[-6.85,9.96],[-6.86,9.96],[-6.86,9.96],[-6.86,9.96],[-6.86,9.96],[-6.86,9.96],[-6.87,9.96],[-6.87,9.96],[-6.87,9.96],[-6.87,9.96],[-6.88,9.96],[-6.88,9.96],[-6.88,9.96],[-6.88,9.96],[-6.88,9.96],[-6.89,9.96],[-6.89,9.96],[-6.89,9.96],[-6.9,9.96],[-6.9,9.96],[-6.9,9.96],[-6.9,9.96],[-6.91,9.96],[-6.91,9.96],[-6.91,9.96],[-6.92,9.96],[-6.92,9.96],[-6.92,9.96],[-6.92,9.96],[-6.93,9.96],[-6.93,9.96],[-6.93,9.96],[-6.93,9.96],[-6.93,9.96],[-6.94,9.96],[-6.94,9.96],[-6.94,9.96],[-6.94,9.96],[-6.94,9.96],[-6.95,9.96],[-6.95,9.96],[-6.95,9.96],[-6.95,9.96],[-6.96,9.96],[-6.96,9.96],[-6.96,9.97],[-6.96,9.97],[-6.96,9.97],[-6.96,9.97],[-6.97,9.97],[-6.97,9.97],[-6.97,9.97],[-6.97,9.97],[-6.97,9.97],[-6.98,9.97],[-6.98,9.97],[-6.98,9.97],[-6.98,9.97],[-6.98,9.97],[-6.99,9.97],[-6.99,9.97],[-6.99,9.97],[-6.99,9.97],[-6.99,9.97],[-7.0,9.97],[-7.0,9.97],[-7.0,9.97],[-7.0,9.97],[-7.0,9.97],[-7.0,9.97],[-7.01,9.97],[-7.01,9.97],[-7.01,9.97],[-7.02,9.97],[-7.02,9.97],[-7.02,9.97],[-7.02,9.97],[-7.02,9.97],[-7.02,9.97],[-7.03,9.97],[-7.03,9.97],[-7.03,9.97],[-7.03,9.97],[-7.03,9.97],[-7.04,9.97],[-7.04,9.97],[-7.04,9.97],[-7.04,9.97],[-7.04,9.97],[-7.04,9.97],[-7.05,9.97],[-7.05,9.97],[-7.05,9.97],[-7.05,9.97],[-7.06,9.97],[-7.06,9.97],[-7.06,9.97],[-7.06,9.97],[-7.07,9.97],[-7.07,9.98],[-7.07,9.98],[-7.07,9.98],[-7.08,9.98],[-7.08,9.98],[-7.08,9.98],[-7.08,9.98],[-7.08,9.98],[-7.09,9.98],[-7.09,9.98],[-7.09,9.97],[-7.08,9.97],[-7.09,9.97],[-7.09,9.97],[-7.09,9.97],[-7.09,9.97],[-7.09,9.96],[-7.09,9.96],[-7.09,9.96],[-7.1,9.96],[-7.1,9.96],[-7.1,9.96],[-7.1,9.96],[-7.1,9.95],[-7.1,9.95],[-7.1,9.95],[-7.09,9.95],[-7.09,9.95],[-7.09,9.95],[-7.09,9.94],[-7.1,9.94],[-7.1,9.94],[-7.1,9.94],[-7.1,9.94],[-7.1,9.94],[-7.1,9.93],[-7.1,9.93],[-7.1,9.93],[-7.1,9.93],[-7.1,9.93],[-7.1,9.92],[-7.1,9.92],[-7.09,9.92],[-7.09,9.92],[-7.09,9.91],[-7.1,9.91],[-7.1,9.91],[-7.1,9.91],[-7.1,9.91],[-7.1,9.91],[-7.1,9.91],[-7.1,9.91],[-7.1,9.91],[-7.11,9.91],[-7.11,9.91],[-7.11,9.91],[-7.11,9.9],[-7.12,9.9],[-7.12,9.9],[-7.12,9.9],[-7.12,9.91],[-7.12,9.9],[-7.12,9.9],[-7.13,9.9],[-7.13,9.9],[-7.13,9.9],[-7.13,9.9],[-7.13,9.9],[-7.13,9.9],[-7.14,9.9],[-7.14,9.9],[-7.14,9.9],[-7.14,9.89],[-7.14,9.89],[-7.15,9.89],[-7.15,9.89],[-7.15,9.89],[-7.15,9.89],[-7.15,9.89],[-7.15,9.89],[-7.16,9.89],[-7.16,9.89],[-7.16,9.88],[-7.16,9.88],[-7.16,9.88],[-7.16,9.88],[-7.16,9.88],[-7.16,9.88],[-7.17,9.88],[-7.17,9.88],[-7.17,9.88],[-7.17,9.88],[-7.17,9.87],[-7.17,9.87],[-7.17,9.87],[-7.17,9.87],[-7.18,9.87],[-7.18,9.87],[-7.18,9.87],[-7.18,9.86],[-7.18,9.86],[-7.19,9.86],[-7.19,9.86],[-7.19,9.86],[-7.19,9.86],[-7.2,9.86],[-7.2,9.86],[-7.2,9.86],[-7.2,9.86],[-7.2,9.86],[-7.2,9.86],[-7.21,9.86],[-7.21,9.86],[-7.21,9.86],[-7.21,9.86],[-7.21,9.86],[-7.22,9.86],[-7.22,9.86],[-7.22,9.86],[-7.22,9.86],[-7.22,9.86],[-7.23,9.86],[-7.23,9.86],[-7.23,9.85],[-7.23,9.85],[-7.24,9.85],[-7.24,9.84],[-7.24,9.84],[-7.24,9.84],[-7.24,9.84],[-7.24,9.84],[-7.24,9.83],[-7.25,9.83],[-7.25,9.83],[-7.25,9.83],[-7.25,9.83],[-7.26,9.83],[-7.26,9.82],[-7.26,9.82],[-7.26,9.82],[-7.26,9.82],[-7.26,9.82],[-7.26,9.81],[-7.26,9.81],[-7.26,9.81],[-7.26,9.81],[-7.27,9.81],[-7.27,9.81],[-7.27,9.81],[-7.27,9.81],[-7.27,9.81],[-7.27,9.81],[-7.28,9.81],[-7.28,9.81],[-7.28,9.8],[-7.28,9.8],[-7.28,9.8],[-7.29,9.8],[-7.29,9.8],[-7.29,9.8],[-7.29,9.8],[-7.29,9.8],[-7.29,9.79],[-7.29,9.79],[-7.3,9.79],[-7.3,9.79],[-7.3,9.79],[-7.3,9.79],[-7.3,9.79],[-7.31,9.79],[-7.31,9.79],[-7.31,9.79],[-7.31,9.79],[-7.31,9.78],[-7.32,9.78],[-7.32,9.78],[-7.32,9.78],[-7.32,9.78],[-7.32,9.78],[-7.33,9.78],[-7.33,9.78],[-7.33,9.78],[-7.34,9.77],[-7.34,9.76],[-7.34,9.76],[-7.34,9.76],[-7.34,9.76],[-7.34,9.76],[-7.35,9.75],[-7.35,9.75],[-7.35,9.75],[-7.35,9.75],[-7.35,9.75],[-7.36,9.75],[-7.36,9.75],[-7.36,9.75],[-7.36,9.75],[-7.36,9.75],[-7.36,9.75],[-7.36,9.74],[-7.36,9.74],[-7.37,9.74],[-7.37,9.74],[-7.37,9.74],[-7.37,9.74],[-7.37,9.73],[-7.37,9.73],[-7.36,9.73],[-7.36,9.73],[-7.36,9.73],[-7.36,9.72],[-7.36,9.72],[-7.36,9.72],[-7.36,9.72],[-7.36,9.72],[-7.36,9.71],[-7.36,9.71],[-7.37,9.71],[-7.37,9.71],[-7.37,9.71],[-7.37,9.71],[-7.37,9.71],[-7.37,9.71],[-7.38,9.71],[-7.38,9.71],[-7.38,9.71],[-7.38,9.71],[-7.38,9.71],[-7.39,9.71],[-7.39,9.71],[-7.39,9.71],[-7.39,9.71],[-7.39,9.71],[-7.4,9.71],[-7.4,9.71],[-7.4,9.71],[-7.4,9.71],[-7.4,9.71],[-7.41,9.71],[-7.41,9.71],[-7.41,9.71],[-7.41,9.71],[-7.41,9.72],[-7.42,9.72],[-7.42,9.72],[-7.42,9.72],[-7.42,9.72],[-7.42,9.72],[-7.43,9.72],[-7.43,9.72],[-7.43,9.72],[-7.43,9.72],[-7.43,9.71],[-7.44,9.71],[-7.44,9.71],[-7.44,9.71],[-7.44,9.71],[-7.44,9.71],[-7.45,9.71],[-7.45,9.71],[-7.45,9.71],[-7.45,9.71],[-7.45,9.71],[-7.46,9.71],[-7.46,9.71],[-7.46,9.71],[-7.46,9.71],[-7.46,9.71],[-7.47,9.71],[-7.47,9.71],[-7.47,9.71],[-7.47,9.71],[-7.47,9.71],[-7.48,9.71],[-7.48,9.71],[-7.48,9.71],[-7.48,9.71],[-7.48,9.72],[-7.49,9.72],[-7.49,9.72],[-7.49,9.72],[-7.49,9.72],[-7.49,9.72],[-7.5,9.72],[-7.5,9.72],[-7.5,9.73],[-7.5,9.73],[-7.5,9.73],[-7.5,9.73],[-7.5,9.73],[-7.51,9.73],[-7.51,9.73],[-7.51,9.73],[-7.51,9.73],[-7.51,9.73],[-7.51,9.73],[-7.51,9.73],[-7.52,9.73],[-7.52,9.74],[-7.52,9.74],[-7.52,9.74],[-7.52,9.74],[-7.53,9.74],[-7.53,9.74],[-7.53,9.74],[-7.53,9.74],[-7.53,9.74],[-7.54,9.74],[-7.54,9.74],[-7.54,9.75],[-7.54,9.75],[-7.54,9.75],[-7.55,9.75],[-7.55,9.75],[-7.55,9.74],[-7.55,9.74],[-7.55,9.75],[-7.56,9.75],[-7.56,9.75],[-7.56,9.75],[-7.56,9.75],[-7.56,9.75],[-7.57,9.75],[-7.57,9.75],[-7.57,9.75],[-7.57,9.75],[-7.57,9.75],[-7.57,9.75],[-7.58,9.75],[-7.58,9.75],[-7.58,9.76],[-7.59,9.76],[-7.59,9.76],[-7.59,9.76],[-7.58,9.76],[-7.58,9.76],[-7.58,9.77],[-7.58,9.77],[-7.58,9.77],[-7.58,9.77],[-7.58,9.77],[-7.58,9.77],[-7.57,9.77],[-7.57,9.77],[-7.57,9.77],[-7.57,9.77],[-7.57,9.77],[-7.57,9.77],[-7.57,9.78],[-7.57,9.78],[-7.57,9.78],[-7.57,9.78],[-7.57,9.78],[-7.57,9.78],[-7.57,9.78],[-7.57,9.78],[-7.57,9.78],[-7.57,9.78],[-7.57,9.78],[-7.56,9.78],[-7.56,9.78],[-7.56,9.78],[-7.56,9.78],[-7.56,9.78],[-7.56,9.78],[-7.56,9.78],[-7.55,9.78],[-7.55,9.78],[-7.55,9.78],[-7.55,9.79],[-7.55,9.79],[-7.55,9.79],[-7.55,9.79],[-7.55,9.79],[-7.55,9.79],[-7.55,9.79],[-7.55,9.8],[-7.55,9.8],[-7.55,9.8],[-7.55,9.8],[-7.55,9.8],[-7.55,9.8],[-7.55,9.8],[-7.55,9.8],[-7.55,9.81],[-7.55,9.81],[-7.55,9.81],[-7.55,9.81],[-7.55,9.81],[-7.55,9.82],[-7.55,9.82],[-7.54,9.82],[-7.54,9.82],[-7.54,9.82],[-7.54,9.82],[-7.54,9.83],[-7.54,9.83],[-7.54,9.83],[-7.54,9.83],[-7.54,9.83],[-7.54,9.83],[-7.54,9.83],[-7.54,9.83],[-7.54,9.84],[-7.54,9.84],[-7.54,9.84],[-7.54,9.84],[-7.54,9.84],[-7.54,9.84],[-7.54,9.84],[-7.55,9.84],[-7.55,9.84],[-7.55,9.84],[-7.55,9.84],[-7.55,9.85],[-7.55,9.85],[-7.55,9.85],[-7.55,9.85],[-7.55,9.86],[-7.55,9.86],[-7.55,9.86],[-7.55,9.86],[-7.55,9.86],[-7.55,9.86],[-7.55,9.86],[-7.56,9.86],[-7.56,9.86],[-7.56,9.86],[-7.56,9.86],[-7.56,9.86],[-7.56,9.86],[-7.57,9.86],[-7.57,9.86],[-7.57,9.86],[-7.57,9.86],[-7.57,9.86],[-7.57,9.87],[-7.57,9.87],[-7.57,9.87],[-7.57,9.87],[-7.56,9.87],[-7.56,9.87],[-7.56,9.87],[-7.56,9.87],[-7.57,9.88],[-7.57,9.87],[-7.57,9.87],[-7.57,9.87],[-7.57,9.87],[-7.57,9.88],[-7.57,9.88],[-7.56,9.88],[-7.56,9.88],[-7.56,9.88],[-7.56,9.88],[-7.56,9.88],[-7.56,9.88],[-7.56,9.88],[-7.55,9.88],[-7.55,9.88],[-7.55,9.89],[-7.56,9.89],[-7.56,9.89],[-7.56,9.89],[-7.56,9.89],[-7.56,9.89],[-7.56,9.89],[-7.56,9.89],[-7.56,9.9],[-7.56,9.9],[-7.56,9.9],[-7.56,9.9],[-7.56,9.9],[-7.56,9.9],[-7.56,9.9],[-7.56,9.9],[-7.56,9.9],[-7.56,9.9],[-7.56,9.9],[-7.55,9.9],[-7.55,9.9],[-7.55,9.9],[-7.55,9.9],[-7.55,9.9],[-7.55,9.91],[-7.55,9.91],[-7.55,9.91],[-7.55,9.91],[-7.56,9.91],[-7.56,9.91],[-7.56,9.91],[-7.56,9.91],[-7.56,9.91],[-7.56,9.91],[-7.56,9.91],[-7.56,9.91],[-7.56,9.92],[-7.56,9.92],[-7.56,9.92],[-7.56,9.92],[-7.57,9.92],[-7.57,9.93],[-7.57,9.93],[-7.56,9.93],[-7.56,9.93],[-7.56,9.93],[-7.56,9.93],[-7.56,9.93],[-7.56,9.93],[-7.56,9.94],[-7.56,9.94],[-7.56,9.94],[-7.56,9.94],[-7.57,9.94],[-7.57,9.94],[-7.57,9.94],[-7.57,9.93],[-7.57,9.93],[-7.57,9.93],[-7.57,9.93],[-7.58,9.93],[-7.58,9.93],[-7.57,9.93],[-7.57,9.93],[-7.57,9.94],[-7.57,9.94],[-7.57,9.94],[-7.57,9.94],[-7.57,9.94],[-7.57,9.94],[-7.57,9.95],[-7.57,9.95],[-7.57,9.95],[-7.57,9.95],[-7.57,9.95],[-7.57,9.95],[-7.57,9.95],[-7.58,9.95],[-7.58,9.95],[-7.58,9.95],[-7.58,9.96],[-7.58,9.96],[-7.58,9.96],[-7.58,9.96],[-7.58,9.96],[-7.58,9.96],[-7.59,9.96],[-7.6,9.97],[-7.6,9.97],[-7.61,9.97],[-7.61,9.97],[-7.61,9.97],[-7.61,9.97],[-7.61,9.97],[-7.62,9.97],[-7.62,9.97],[-7.62,9.97],[-7.62,9.97],[-7.62,9.97],[-7.62,9.97],[-7.62,9.97],[-7.63,9.97],[-7.63,9.97],[-7.63,9.97],[-7.63,9.97],[-7.63,9.98],[-7.63,9.98],[-7.63,9.98],[-7.63,9.98],[-7.63,9.98],[-7.63,9.98],[-7.63,9.98],[-7.64,9.98],[-7.64,9.99],[-7.64,9.99],[-7.64,9.99],[-7.64,9.99],[-7.64,9.99],[-7.65,9.99],[-7.65,9.99],[-7.65,9.99],[-7.65,9.99],[-7.65,9.99],[-7.65,9.99],[-7.66,10.0],[-7.66,10.0],[-7.66,10.0],[-7.66,10.0],[-7.66,10.0],[-7.66,10.0],[-7.67,10.0],[-7.67,10.0],[-7.67,10.0],[-7.67,10.0],[-7.67,9.99],[-7.67,9.99],[-7.67,9.99]]]}},{"type":"Feature","properties":{"name":"Loh-Djiboua","code":"CI22","level":"region","status":"collected","schools":607,"students":77622,"girls":38273,"boys":39349,"district":"Goh-Djiboua"},"geometry":{"type":"Polygon","coordinates":[[[-5.3,6.27],[-5.31,6.27],[-5.31,6.27],[-5.31,6.27],[-5.31,6.27],[-5.32,6.27],[-5.32,6.26],[-5.32,6.26],[-5.32,6.26],[-5.32,6.26],[-5.33,6.26],[-5.33,6.26],[-5.33,6.26],[-5.33,6.26],[-5.33,6.25],[-5.33,6.25],[-5.34,6.25],[-5.34,6.25],[-5.34,6.25],[-5.34,6.25],[-5.34,6.25],[-5.35,6.25],[-5.35,6.25],[-5.35,6.25],[-5.35,6.26],[-5.35,6.26],[-5.35,6.26],[-5.36,6.26],[-5.36,6.26],[-5.36,6.26],[-5.36,6.26],[-5.36,6.26],[-5.37,6.26],[-5.37,6.26],[-5.37,6.26],[-5.37,6.26],[-5.38,6.25],[-5.44,6.21],[-5.45,6.17],[-5.46,6.17],[-5.48,6.16],[-5.48,6.16],[-5.48,6.16],[-5.48,6.16],[-5.49,6.16],[-5.49,6.16],[-5.49,6.16],[-5.49,6.16],[-5.49,6.16],[-5.49,6.16],[-5.5,6.16],[-5.52,6.17],[-5.52,6.15],[-5.52,6.15],[-5.52,6.15],[-5.53,6.15],[-5.53,6.15],[-5.53,6.15],[-5.54,6.16],[-5.54,6.16],[-5.55,6.16],[-5.55,6.16],[-5.55,6.16],[-5.56,6.17],[-5.56,6.17],[-5.57,6.17],[-5.57,6.16],[-5.57,6.16],[-5.58,6.16],[-5.58,6.16],[-5.58,6.16],[-5.59,6.16],[-5.59,6.16],[-5.6,6.16],[-5.6,6.16],[-5.6,6.16],[-5.6,6.16],[-5.61,6.16],[-5.61,6.17],[-5.61,6.17],[-5.62,6.17],[-5.62,6.16],[-5.62,6.16],[-5.63,6.16],[-5.63,6.16],[-5.64,6.16],[-5.64,6.16],[-5.64,6.16],[-5.65,6.17],[-5.65,6.17],[-5.65,6.17],[-5.65,6.18],[-5.66,6.18],[-5.66,6.18],[-5.67,6.18],[-5.67,6.18],[-5.67,6.18],[-5.68,6.18],[-5.68,6.18],[-5.68,6.19],[-5.69,6.19],[-5.74,6.21],[-5.74,6.21],[-5.78,6.16],[-5.78,6.1],[-5.78,6.05],[-5.78,6.05],[-5.79,6.03],[-5.8,6.0],[-5.79,5.94],[-5.84,5.91],[-5.86,5.88],[-5.89,5.84],[-5.91,5.82],[-5.95,5.77],[-5.96,5.77],[-5.97,5.77],[-6.03,5.66],[-6.03,5.65],[-6.03,5.65],[-6.03,5.65],[-6.03,5.65],[-6.03,5.65],[-6.03,5.64],[-6.03,5.64],[-6.03,5.64],[-6.02,5.64],[-6.02,5.64],[-6.02,5.64],[-6.02,5.64],[-6.02,5.64],[-6.02,5.64],[-6.02,5.64],[-6.02,5.64],[-6.02,5.64],[-6.02,5.64],[-6.02,5.64],[-6.02,5.64],[-6.02,5.64],[-6.02,5.64],[-6.02,5.63],[-6.02,5.63],[-6.02,5.63],[-6.02,5.63],[-6.02,5.63],[-6.02,5.63],[-6.02,5.63],[-6.02,5.63],[-6.02,5.63],[-6.02,5.63],[-6.02,5.63],[-6.02,5.62],[-6.02,5.62],[-6.02,5.62],[-6.02,5.62],[-6.02,5.62],[-6.02,5.62],[-6.02,5.62],[-6.02,5.62],[-6.02,5.62],[-6.02,5.61],[-6.02,5.61],[-6.02,5.61],[-6.02,5.61],[-6.02,5.61],[-6.02,5.61],[-6.02,5.61],[-6.02,5.61],[-6.03,5.61],[-6.03,5.61],[-6.03,5.61],[-6.03,5.61],[-6.03,5.61],[-6.03,5.61],[-6.03,5.61],[-6.04,5.61],[-6.04,5.6],[-6.03,5.6],[-6.03,5.6],[-6.03,5.6],[-6.03,5.6],[-6.03,5.6],[-6.03,5.6],[-6.03,5.6],[-6.03,5.6],[-6.03,5.6],[-6.02,5.6],[-6.03,5.6],[-6.02,5.6],[-6.02,5.6],[-6.02,5.6],[-6.03,5.59],[-6.03,5.59],[-6.03,5.59],[-6.03,5.59],[-6.03,5.59],[-6.03,5.59],[-6.03,5.59],[-6.03,5.59],[-6.02,5.58],[-6.02,5.58],[-6.02,5.58],[-6.02,5.58],[-6.02,5.58],[-6.02,5.58],[-6.02,5.58],[-6.02,5.58],[-6.02,5.57],[-6.02,5.57],[-6.02,5.57],[-6.02,5.57],[-6.02,5.57],[-6.02,5.57],[-6.02,5.57],[-6.02,5.57],[-6.02,5.56],[-6.02,5.56],[-6.02,5.56],[-6.02,5.56],[-6.01,5.56],[-6.01,5.56],[-6.01,5.56],[-6.01,5.56],[-6.01,5.56],[-6.01,5.55],[-6.01,5.55],[-6.01,5.55],[-6.01,5.55],[-6.01,5.55],[-6.01,5.55],[-6.01,5.55],[-6.01,5.55],[-6.01,5.55],[-6.0,5.55],[-6.0,5.55],[-6.0,5.55],[-6.0,5.55],[-6.0,5.55],[-6.0,5.54],[-6.0,5.54],[-6.0,5.54],[-6.0,5.54],[-6.0,5.54],[-6.0,5.54],[-6.0,5.54],[-6.0,5.53],[-6.0,5.53],[-6.0,5.53],[-6.0,5.53],[-6.0,5.53],[-6.0,5.53],[-5.99,5.53],[-5.99,5.52],[-5.99,5.52],[-5.99,5.52],[-5.99,5.52],[-5.99,5.53],[-5.99,5.53],[-5.99,5.52],[-5.99,5.52],[-5.98,5.52],[-5.98,5.53],[-5.98,5.53],[-5.98,5.53],[-5.98,5.52],[-5.98,5.52],[-5.95,5.53],[-5.95,5.53],[-5.95,5.53],[-5.95,5.53],[-5.95,5.53],[-5.95,5.53],[-5.95,5.53],[-5.94,5.53],[-5.94,5.53],[-5.94,5.53],[-5.94,5.53],[-5.94,5.53],[-5.94,5.53],[-5.94,5.53],[-5.93,5.53],[-5.93,5.53],[-5.93,5.53],[-5.93,5.53],[-5.93,5.53],[-5.93,5.53],[-5.93,5.53],[-5.93,5.53],[-5.93,5.53],[-5.93,5.53],[-5.92,5.53],[-5.92,5.53],[-5.92,5.53],[-5.92,5.53],[-5.92,5.54],[-5.92,5.54],[-5.92,5.54],[-5.92,5.54],[-5.92,5.54],[-5.92,5.54],[-5.92,5.54],[-5.92,5.54],[-5.91,5.54],[-5.91,5.54],[-5.91,5.54],[-5.91,5.54],[-5.91,5.54],[-5.91,5.54],[-5.91,5.54],[-5.9,5.54],[-5.9,5.54],[-5.9,5.54],[-5.9,5.54],[-5.9,5.54],[-5.9,5.54],[-5.9,5.54],[-5.89,5.54],[-5.89,5.54],[-5.89,5.54],[-5.89,5.54],[-5.89,5.54],[-5.88,5.54],[-5.88,5.54],[-5.88,5.54],[-5.88,5.54],[-5.88,5.54],[-5.88,5.54],[-5.88,5.54],[-5.88,5.54],[-5.88,5.54],[-5.87,5.54],[-5.87,5.54],[-5.87,5.54],[-5.87,5.54],[-5.87,5.54],[-5.87,5.54],[-5.87,5.54],[-5.87,5.54],[-5.87,5.54],[-5.86,5.54],[-5.86,5.54],[-5.86,5.54],[-5.86,5.54],[-5.86,5.54],[-5.86,5.54],[-5.86,5.54],[-5.85,5.54],[-5.85,5.54],[-5.85,5.54],[-5.85,5.54],[-5.85,5.54],[-5.85,5.54],[-5.84,5.54],[-5.84,5.54],[-5.84,5.54],[-5.84,5.54],[-5.84,5.54],[-5.83,5.53],[-5.83,5.53],[-5.83,5.53],[-5.83,5.53],[-5.83,5.53],[-5.83,5.53],[-5.83,5.53],[-5.82,5.53],[-5.82,5.53],[-5.82,5.53],[-5.82,5.53],[-5.82,5.53],[-5.82,5.53],[-5.82,5.53],[-5.81,5.53],[-5.81,5.53],[-5.81,5.53],[-5.81,5.53],[-5.81,5.53],[-5.8,5.53],[-5.8,5.53],[-5.8,5.53],[-5.8,5.53],[-5.8,5.54],[-5.8,5.54],[-5.79,5.54],[-5.79,5.54],[-5.79,5.54],[-5.79,5.54],[-5.79,5.54],[-5.79,5.54],[-5.79,5.54],[-5.79,5.54],[-5.79,5.54],[-5.79,5.54],[-5.79,5.54],[-5.78,5.54],[-5.78,5.54],[-5.78,5.55],[-5.78,5.55],[-5.78,5.55],[-5.78,5.55],[-5.78,5.55],[-5.78,5.55],[-5.78,5.55],[-5.78,5.55],[-5.78,5.55],[-5.78,5.55],[-5.77,5.55],[-5.77,5.56],[-5.77,5.56],[-5.77,5.56],[-5.77,5.56],[-5.77,5.56],[-5.77,5.56],[-5.77,5.56],[-5.77,5.56],[-5.77,5.56],[-5.77,5.57],[-5.77,5.57],[-5.77,5.57],[-5.77,5.57],[-5.77,5.57],[-5.77,5.57],[-5.77,5.57],[-5.77,5.57],[-5.77,5.57],[-5.77,5.58],[-5.77,5.58],[-5.77,5.58],[-5.77,5.58],[-5.77,5.58],[-5.77,5.58],[-5.77,5.58],[-5.77,5.58],[-5.77,5.58],[-5.77,5.58],[-5.76,5.58],[-5.76,5.59],[-5.76,5.59],[-5.76,5.59],[-5.76,5.59],[-5.76,5.59],[-5.76,5.59],[-5.76,5.59],[-5.76,5.59],[-5.76,5.59],[-5.75,5.59],[-5.75,5.59],[-5.75,5.59],[-5.75,5.59],[-5.75,5.59],[-5.75,5.59],[-5.75,5.59],[-5.75,5.6],[-5.75,5.6],[-5.75,5.6],[-5.75,5.6],[-5.75,5.6],[-5.75,5.6],[-5.75,5.6],[-5.75,5.6],[-5.75,5.61],[-5.75,5.61],[-5.75,5.61],[-5.75,5.61],[-5.75,5.61],[-5.75,5.61],[-5.75,5.61],[-5.75,5.61],[-5.75,5.61],[-5.75,5.62],[-5.75,5.62],[-5.75,5.62],[-5.75,5.62],[-5.75,5.62],[-5.75,5.62],[-5.74,5.62],[-5.74,5.62],[-5.73,5.61],[-5.72,5.61],[-5.66,5.56],[-5.66,5.56],[-5.65,5.56],[-5.65,5.56],[-5.65,5.56],[-5.65,5.56],[-5.64,5.56],[-5.64,5.56],[-5.64,5.56],[-5.64,5.56],[-5.63,5.56],[-5.63,5.55],[-5.63,5.55],[-5.63,5.55],[-5.64,5.55],[-5.64,5.55],[-5.64,5.55],[-5.64,5.54],[-5.63,5.54],[-5.63,5.54],[-5.63,5.54],[-5.63,5.54],[-5.63,5.54],[-5.62,5.54],[-5.62,5.54],[-5.62,5.54],[-5.62,5.54],[-5.62,5.55],[-5.62,5.55],[-5.62,5.55],[-5.62,5.55],[-5.61,5.55],[-5.61,5.55],[-5.61,5.55],[-5.61,5.55],[-5.61,5.56],[-5.61,5.56],[-5.61,5.56],[-5.61,5.56],[-5.61,5.56],[-5.61,5.56],[-5.61,5.56],[-5.6,5.57],[-5.6,5.57],[-5.6,5.57],[-5.6,5.57],[-5.6,5.57],[-5.59,5.57],[-5.59,5.57],[-5.59,5.57],[-5.59,5.57],[-5.59,5.57],[-5.59,5.57],[-5.58,5.57],[-5.58,5.57],[-5.58,5.57],[-5.57,5.58],[-5.57,5.57],[-5.57,5.57],[-5.57,5.57],[-5.57,5.57],[-5.57,5.57],[-5.57,5.57],[-5.57,5.57],[-5.57,5.56],[-5.57,5.56],[-5.57,5.56],[-5.57,5.56],[-5.57,5.56],[-5.57,5.55],[-5.57,5.55],[-5.57,5.55],[-5.57,5.55],[-5.57,5.55],[-5.57,5.55],[-5.57,5.55],[-5.57,5.55],[-5.57,5.54],[-5.57,5.54],[-5.57,5.54],[-5.57,5.54],[-5.57,5.54],[-5.57,5.54],[-5.57,5.54],[-5.57,5.54],[-5.56,5.54],[-5.56,5.53],[-5.56,5.53],[-5.56,5.53],[-5.56,5.53],[-5.56,5.53],[-5.56,5.53],[-5.56,5.53],[-5.56,5.53],[-5.56,5.52],[-5.56,5.52],[-5.56,5.52],[-5.56,5.52],[-5.56,5.52],[-5.56,5.52],[-5.56,5.52],[-5.56,5.51],[-5.56,5.51],[-5.56,5.51],[-5.56,5.51],[-5.56,5.51],[-5.55,5.51],[-5.55,5.52],[-5.55,5.52],[-5.55,5.52],[-5.55,5.51],[-5.55,5.51],[-5.55,5.51],[-5.55,5.51],[-5.54,5.51],[-5.54,5.52],[-5.54,5.52],[-5.54,5.52],[-5.54,5.51],[-5.54,5.51],[-5.54,5.51],[-5.54,5.51],[-5.54,5.51],[-5.54,5.51],[-5.53,5.51],[-5.53,5.51],[-5.53,5.51],[-5.53,5.51],[-5.53,5.51],[-5.53,5.51],[-5.53,5.51],[-5.53,5.51],[-5.52,5.51],[-5.52,5.5],[-5.52,5.5],[-5.52,5.5],[-5.52,5.5],[-5.52,5.5],[-5.52,5.5],[-5.52,5.5],[-5.52,5.5],[-5.52,5.5],[-5.51,5.5],[-5.51,5.5],[-5.51,5.49],[-5.51,5.49],[-5.51,5.49],[-5.51,5.49],[-5.51,5.49],[-5.51,5.49],[-5.51,5.49],[-5.5,5.49],[-5.5,5.49],[-5.5,5.49],[-5.5,5.49],[-5.5,5.49],[-5.5,5.49],[-5.5,5.49],[-5.5,5.49],[-5.5,5.49],[-5.49,5.49],[-5.49,5.49],[-5.49,5.49],[-5.49,5.49],[-5.49,5.49],[-5.49,5.49],[-5.49,5.49],[-5.49,5.49],[-5.49,5.48],[-5.49,5.48],[-5.49,5.48],[-5.49,5.48],[-5.49,5.48],[-5.49,5.48],[-5.49,5.48],[-5.49,5.48],[-5.49,5.47],[-5.49,5.47],[-5.49,5.47],[-5.48,5.47],[-5.48,5.47],[-5.48,5.47],[-5.48,5.47],[-5.48,5.46],[-5.48,5.46],[-5.48,5.46],[-5.48,5.46],[-5.48,5.45],[-5.48,5.45],[-5.48,5.45],[-5.48,5.45],[-5.48,5.45],[-5.48,5.45],[-5.48,5.45],[-5.48,5.45],[-5.48,5.45],[-5.48,5.45],[-5.48,5.44],[-5.48,5.44],[-5.48,5.44],[-5.48,5.44],[-5.48,5.44],[-5.48,5.44],[-5.48,5.44],[-5.48,5.44],[-5.48,5.44],[-5.47,5.44],[-5.47,5.43],[-5.47,5.43],[-5.47,5.43],[-5.47,5.43],[-5.47,5.43],[-5.47,5.43],[-5.47,5.43],[-5.47,5.43],[-5.47,5.43],[-5.47,5.43],[-5.47,5.43],[-5.47,5.43],[-5.46,5.43],[-5.46,5.43],[-5.46,5.43],[-5.46,5.43],[-5.46,5.43],[-5.46,5.43],[-5.46,5.43],[-5.45,5.43],[-5.45,5.43],[-5.45,5.44],[-5.45,5.44],[-5.45,5.44],[-5.45,5.44],[-5.45,5.44],[-5.45,5.44],[-5.44,5.44],[-5.44,5.44],[-5.44,5.44],[-5.44,5.44],[-5.44,5.44],[-5.44,5.44],[-5.44,5.44],[-5.44,5.44],[-5.43,5.44],[-5.43,5.44],[-5.43,5.44],[-5.43,5.44],[-5.43,5.44],[-5.43,5.43],[-5.43,5.43],[-5.43,5.43],[-5.42,5.43],[-5.42,5.43],[-5.42,5.43],[-5.42,5.43],[-5.42,5.43],[-5.42,5.43],[-5.42,5.42],[-5.42,5.42],[-5.42,5.42],[-5.42,5.42],[-5.42,5.42],[-5.42,5.42],[-5.42,5.42],[-5.42,5.42],[-5.42,5.42],[-5.42,5.42],[-5.42,5.41],[-5.42,5.41],[-5.42,5.41],[-5.42,5.41],[-5.42,5.41],[-5.42,5.41],[-5.42,5.41],[-5.42,5.41],[-5.42,5.41],[-5.42,5.41],[-5.42,5.41],[-5.42,5.4],[-5.41,5.4],[-5.41,5.4],[-5.41,5.4],[-5.41,5.4],[-5.41,5.4],[-5.41,5.4],[-5.41,5.4],[-5.41,5.4],[-5.4,5.4],[-5.4,5.4],[-5.4,5.4],[-5.4,5.4],[-5.4,5.4],[-5.4,5.4],[-5.4,5.4],[-5.39,5.4],[-5.39,5.4],[-5.39,5.4],[-5.39,5.4],[-5.39,5.4],[-5.39,5.4],[-5.39,5.4],[-5.39,5.4],[-5.39,5.4],[-5.38,5.4],[-5.38,5.4],[-5.38,5.4],[-5.38,5.4],[-5.38,5.4],[-5.38,5.4],[-5.38,5.39],[-5.38,5.39],[-5.38,5.39],[-5.37,5.4],[-5.37,5.4],[-5.37,5.4],[-5.37,5.4],[-5.37,5.4],[-5.37,5.4],[-5.37,5.39],[-5.37,5.39],[-5.37,5.39],[-5.37,5.39],[-5.37,5.39],[-5.37,5.39],[-5.37,5.39],[-5.37,5.39],[-5.37,5.39],[-5.37,5.39],[-5.38,5.39],[-5.38,5.39],[-5.38,5.39],[-5.38,5.39],[-5.38,5.39],[-5.38,5.39],[-5.38,5.39],[-5.38,5.39],[-5.38,5.39],[-5.38,5.39],[-5.38,5.39],[-5.38,5.38],[-5.38,5.38],[-5.38,5.38],[-5.39,5.38],[-5.39,5.38],[-5.39,5.38],[-5.39,5.38],[-5.39,5.38],[-5.39,5.38],[-5.39,5.38],[-5.39,5.38],[-5.39,5.38],[-5.39,5.38],[-5.39,5.37],[-5.4,5.37],[-5.4,5.37],[-5.4,5.37],[-5.4,5.37],[-5.4,5.37],[-5.4,5.37],[-5.4,5.37],[-5.4,5.37],[-5.4,5.37],[-5.4,5.37],[-5.4,5.37],[-5.41,5.37],[-5.41,5.36],[-5.41,5.36],[-5.41,5.36],[-5.41,5.36],[-5.41,5.36],[-5.41,5.36],[-5.42,5.36],[-5.42,5.36],[-5.42,5.36],[-5.42,5.36],[-5.42,5.36],[-5.42,5.36],[-5.42,5.36],[-5.42,5.36],[-5.42,5.36],[-5.42,5.36],[-5.43,5.35],[-5.43,5.35],[-5.43,5.35],[-5.44,5.33],[-5.46,5.3],[-5.45,5.3],[-5.45,5.29],[-5.45,5.29],[-5.45,5.29],[-5.46,5.28],[-5.45,5.28],[-5.45,5.28],[-5.45,5.28],[-5.45,5.28],[-5.44,5.28],[-5.44,5.28],[-5.44,5.28],[-5.44,5.27],[-5.44,5.27],[-5.44,5.27],[-5.43,5.27],[-5.43,5.27],[-5.43,5.27],[-5.43,5.27],[-5.42,5.27],[-5.42,5.27],[-5.42,5.27],[-5.42,5.27],[-5.41,5.26],[-5.41,5.26],[-5.41,5.26],[-5.4,5.26],[-5.4,5.26],[-5.4,5.26],[-5.4,5.25],[-5.4,5.25],[-5.4,5.25],[-5.4,5.24],[-5.4,5.24],[-5.4,5.24],[-5.4,5.24],[-5.4,5.23],[-5.4,5.23],[-5.41,5.23],[-5.41,5.22],[-5.41,5.22],[-5.4,5.22],[-5.4,5.22],[-5.4,5.22],[-5.39,5.22],[-5.39,5.22],[-5.39,5.22],[-5.39,5.22],[-5.38,5.22],[-5.38,5.22],[-5.38,5.22],[-5.38,5.22],[-5.38,5.22],[-5.37,5.22],[-5.37,5.22],[-5.31,5.16],[-5.28,5.18],[-5.23,5.18],[-5.2,5.21],[-5.19,5.21],[-5.19,5.21],[-5.19,5.22],[-5.19,5.22],[-5.19,5.22],[-5.19,5.22],[-5.19,5.22],[-5.19,5.23],[-5.19,5.23],[-5.19,5.23],[-5.16,5.23],[-5.13,5.24],[-5.13,5.24],[-5.13,5.23],[-5.13,5.23],[-5.13,5.23],[-5.13,5.23],[-5.13,5.22],[-5.13,5.22],[-5.13,5.22],[-5.13,5.22],[-5.13,5.21],[-5.13,5.21],[-5.13,5.21],[-5.13,5.21],[-5.13,5.21],[-5.13,5.2],[-5.13,5.19],[-5.11,5.17],[-5.07,5.19],[-5.07,5.23],[-5.07,5.24],[-5.06,5.24],[-5.06,5.24],[-5.06,5.24],[-5.06,5.24],[-5.06,5.24],[-5.05,5.24],[-5.05,5.24],[-5.05,5.24],[-5.05,5.24],[-5.05,5.24],[-5.05,5.24],[-5.05,5.25],[-5.05,5.25],[-5.05,5.25],[-5.05,5.25],[-5.05,5.25],[-5.05,5.25],[-5.04,5.25],[-5.04,5.26],[-5.04,5.26],[-5.04,5.26],[-5.04,5.26],[-5.04,5.26],[-5.04,5.26],[-5.03,5.26],[-5.03,5.26],[-5.03,5.26],[-5.03,5.27],[-5.03,5.27],[-5.03,5.27],[-5.03,5.27],[-5.03,5.27],[-5.03,5.27],[-5.03,5.28],[-5.03,5.28],[-5.03,5.28],[-5.04,5.28],[-5.04,5.29],[-5.06,5.31],[-5.06,5.31],[-5.06,5.31],[-5.06,5.32],[-5.06,5.32],[-5.07,5.32],[-5.07,5.32],[-5.07,5.32],[-5.07,5.32],[-5.07,5.32],[-5.07,5.32],[-5.07,5.33],[-5.06,5.33],[-5.06,5.33],[-5.06,5.33],[-5.06,5.33],[-5.06,5.33],[-5.06,5.33],[-5.06,5.33],[-5.06,5.33],[-5.06,5.33],[-5.06,5.33],[-5.06,5.33],[-5.06,5.34],[-5.06,5.34],[-5.06,5.34],[-5.06,5.34],[-5.06,5.34],[-5.06,5.34],[-5.06,5.34],[-5.06,5.34],[-5.06,5.35],[-5.06,5.35],[-5.06,5.35],[-5.06,5.35],[-5.06,5.35],[-5.06,5.35],[-5.06,5.35],[-5.06,5.36],[-5.06,5.36],[-5.06,5.36],[-5.06,5.36],[-5.06,5.36],[-5.06,5.36],[-5.06,5.36],[-5.06,5.37],[-5.06,5.37],[-5.06,5.37],[-5.06,5.37],[-5.06,5.37],[-5.06,5.37],[-5.06,5.37],[-5.06,5.37],[-5.06,5.37],[-5.05,5.38],[-5.05,5.38],[-5.05,5.38],[-5.05,5.38],[-5.05,5.38],[-5.05,5.38],[-5.05,5.38],[-5.05,5.38],[-5.05,5.39],[-5.05,5.39],[-5.05,5.39],[-5.05,5.39],[-5.05,5.39],[-5.05,5.39],[-5.05,5.39],[-5.05,5.4],[-5.05,5.4],[-5.05,5.4],[-5.05,5.4],[-5.05,5.4],[-5.05,5.4],[-5.05,5.4],[-5.05,5.41],[-5.05,5.41],[-5.05,5.41],[-5.04,5.41],[-5.04,5.41],[-5.04,5.41],[-5.04,5.42],[-5.04,5.42],[-5.04,5.42],[-5.04,5.42],[-5.04,5.42],[-5.04,5.42],[-5.04,5.42],[-5.04,5.43],[-5.04,5.43],[-5.04,5.43],[-5.04,5.43],[-5.04,5.43],[-5.04,5.43],[-5.04,5.43],[-5.04,5.43],[-5.04,5.44],[-5.03,5.44],[-5.03,5.44],[-5.03,5.44],[-5.03,5.44],[-5.03,5.44],[-5.03,5.44],[-5.03,5.44],[-5.03,5.44],[-5.03,5.45],[-5.03,5.45],[-5.03,5.45],[-5.03,5.45],[-5.03,5.45],[-5.03,5.45],[-5.03,5.45],[-5.03,5.46],[-5.03,5.46],[-5.03,5.46],[-5.03,5.46],[-5.03,5.46],[-5.02,5.46],[-5.02,5.46],[-5.02,5.46],[-5.02,5.46],[-5.02,5.47],[-5.02,5.47],[-5.02,5.47],[-5.02,5.47],[-5.02,5.47],[-5.02,5.47],[-5.02,5.47],[-5.02,5.47],[-5.02,5.48],[-5.02,5.48],[-5.02,5.48],[-5.02,5.48],[-5.02,5.48],[-5.02,5.49],[-5.02,5.49],[-5.02,5.49],[-5.02,5.49],[-5.02,5.49],[-5.01,5.49],[-5.01,5.49],[-5.01,5.49],[-5.01,5.49],[-5.01,5.5],[-5.01,5.5],[-5.01,5.5],[-5.01,5.5],[-5.01,5.5],[-5.01,5.5],[-5.01,5.5],[-5.01,5.5],[-5.01,5.5],[-5.01,5.51],[-5.01,5.51],[-5.01,5.51],[-5.01,5.51],[-5.01,5.51],[-5.01,5.51],[-5.01,5.51],[-5.01,5.52],[-5.01,5.52],[-5.01,5.52],[-5.01,5.52],[-5.01,5.52],[-5.01,5.52],[-5.01,5.53],[-5.01,5.53],[-5.01,5.53],[-5.01,5.53],[-5.02,5.53],[-5.02,5.53],[-5.01,5.53],[-5.01,5.53],[-5.01,5.54],[-5.01,5.54],[-5.01,5.54],[-5.01,5.54],[-5.01,5.54],[-5.02,5.54],[-5.02,5.54],[-5.02,5.55],[-5.02,5.55],[-5.02,5.55],[-5.02,5.55],[-5.02,5.55],[-5.02,5.55],[-5.02,5.56],[-5.02,5.56],[-5.02,5.56],[-5.02,5.56],[-5.02,5.56],[-5.02,5.56],[-5.02,5.56],[-5.03,5.56],[-5.03,5.56],[-5.03,5.56],[-5.03,5.56],[-5.03,5.57],[-5.03,5.57],[-5.03,5.57],[-5.03,5.57],[-5.03,5.57],[-5.03,5.57],[-5.03,5.57],[-5.04,5.57],[-5.04,5.57],[-5.04,5.58],[-5.04,5.58],[-5.03,5.58],[-5.03,5.58],[-5.03,5.58],[-5.03,5.58],[-5.03,5.58],[-5.03,5.58],[-5.03,5.59],[-5.03,5.59],[-5.03,5.59],[-5.02,5.59],[-5.02,5.59],[-5.02,5.59],[-5.02,5.59],[-5.02,5.59],[-5.02,5.59],[-5.01,5.59],[-5.01,5.6],[-5.01,5.6],[-5.01,5.6],[-5.01,5.6],[-5.01,5.6],[-5.01,5.61],[-5.01,5.61],[-5.01,5.61],[-5.01,5.61],[-5.01,5.61],[-5.01,5.61],[-5.0,5.62],[-5.0,5.62],[-5.0,5.62],[-5.0,5.62],[-5.0,5.62],[-5.0,5.62],[-5.0,5.62],[-5.0,5.63],[-5.0,5.63],[-5.0,5.63],[-5.0,5.63],[-5.0,5.63],[-5.0,5.63],[-5.0,5.63],[-5.0,5.63],[-5.0,5.63],[-4.99,5.64],[-4.99,5.64],[-4.99,5.63],[-4.99,5.63],[-4.99,5.63],[-4.99,5.64],[-4.99,5.64],[-4.98,5.64],[-4.98,5.64],[-4.98,5.64],[-4.98,5.64],[-4.98,5.64],[-4.97,5.64],[-4.97,5.64],[-4.97,5.64],[-4.97,5.64],[-4.97,5.64],[-4.97,5.64],[-4.96,5.64],[-4.96,5.64],[-4.96,5.64],[-4.96,5.65],[-4.96,5.65],[-4.96,5.65],[-4.96,5.65],[-4.96,5.66],[-4.96,5.66],[-4.95,5.66],[-4.95,5.66],[-4.95,5.66],[-4.95,5.66],[-4.95,5.66],[-4.95,5.66],[-4.95,5.66],[-4.95,5.67],[-4.95,5.67],[-4.95,5.67],[-4.95,5.67],[-4.95,5.67],[-4.95,5.67],[-4.95,5.67],[-4.94,5.67],[-4.94,5.67],[-4.94,5.67],[-4.94,5.68],[-4.94,5.68],[-4.94,5.68],[-4.94,5.68],[-4.94,5.68],[-4.94,5.68],[-4.94,5.68],[-4.94,5.68],[-4.95,5.68],[-4.95,5.69],[-4.95,5.69],[-4.95,5.69],[-4.95,5.69],[-4.95,5.69],[-4.95,5.69],[-4.95,5.7],[-4.95,5.7],[-4.95,5.7],[-4.96,5.7],[-4.96,5.7],[-4.96,5.7],[-4.96,5.7],[-4.96,5.71],[-4.96,5.71],[-4.96,5.71],[-4.96,5.71],[-4.96,5.71],[-4.96,5.71],[-4.97,5.72],[-4.97,5.72],[-4.97,5.72],[-4.97,5.72],[-4.97,5.72],[-4.97,5.73],[-4.97,5.73],[-4.97,5.73],[-4.97,5.73],[-4.97,5.73],[-4.97,5.74],[-4.97,5.74],[-4.97,5.74],[-4.97,5.74],[-4.97,5.75],[-4.97,5.75],[-4.97,5.75],[-4.97,5.75],[-4.97,5.75],[-4.97,5.75],[-4.97,5.76],[-4.97,5.76],[-4.97,5.76],[-4.97,5.76],[-4.97,5.76],[-4.97,5.76],[-4.97,5.76],[-4.97,5.77],[-4.97,5.77],[-4.97,5.77],[-4.97,5.77],[-4.97,5.77],[-4.97,5.77],[-4.96,5.77],[-4.96,5.77],[-4.96,5.77],[-4.96,5.78],[-4.96,5.78],[-4.96,5.78],[-4.96,5.78],[-4.96,5.78],[-4.96,5.78],[-4.96,5.78],[-4.96,5.78],[-4.96,5.79],[-4.96,5.79],[-4.96,5.79],[-4.96,5.79],[-4.96,5.79],[-4.96,5.8],[-4.96,5.8],[-4.96,5.8],[-4.96,5.8],[-4.96,5.8],[-4.96,5.8],[-4.96,5.81],[-4.96,5.81],[-4.95,5.81],[-4.95,5.81],[-4.95,5.81],[-4.95,5.81],[-4.95,5.81],[-4.95,5.81],[-4.95,5.81],[-4.95,5.82],[-4.95,5.82],[-4.94,5.82],[-4.94,5.82],[-4.94,5.82],[-4.94,5.82],[-4.94,5.82],[-4.94,5.83],[-4.94,5.83],[-4.94,5.83],[-4.94,5.84],[-4.94,5.84],[-4.94,5.84],[-4.94,5.84],[-4.94,5.84],[-4.94,5.84],[-4.94,5.84],[-4.94,5.84],[-4.94,5.84],[-4.94,5.85],[-4.94,5.85],[-4.94,5.85],[-4.94,5.85],[-4.94,5.85],[-4.94,5.85],[-4.94,5.85],[-4.94,5.85],[-4.94,5.85],[-4.94,5.86],[-4.94,5.86],[-4.94,5.86],[-4.94,5.86],[-4.94,5.86],[-4.94,5.86],[-4.94,5.86],[-4.95,5.86],[-4.95,5.86],[-4.95,5.86],[-4.95,5.86],[-4.95,5.86],[-4.96,5.87],[-4.96,5.87],[-4.96,5.87],[-4.96,5.87],[-4.96,5.87],[-4.96,5.87],[-4.96,5.87],[-4.96,5.87],[-4.97,5.87],[-4.97,5.88],[-4.97,5.88],[-4.97,5.88],[-4.97,5.88],[-4.97,5.88],[-4.97,5.88],[-4.98,5.88],[-4.98,5.88],[-4.98,5.88],[-4.98,5.88],[-4.98,5.88],[-4.98,5.88],[-4.99,5.88],[-4.99,5.88],[-4.99,5.88],[-4.99,5.88],[-4.99,5.89],[-4.99,5.89],[-4.99,5.89],[-4.99,5.89],[-4.99,5.9],[-4.99,5.9],[-5.0,5.91],[-5.0,5.94],[-5.0,5.95],[-5.0,5.95],[-5.0,6.0],[-5.0,6.0],[-5.02,6.01],[-5.02,6.01],[-5.04,6.04],[-5.0,6.06],[-4.99,6.09],[-5.02,6.13],[-5.14,6.16],[-5.21,6.22],[-5.24,6.24],[-5.29,6.27],[-5.3,6.27],[-5.3,6.27],[-5.3,6.27],[-5.3,6.27]]]}},{"type":"Feature","properties":{"name":"Marahoue","code":"CI23","level":"region","status":"pending","schools":659,"students":141675,"girls":69189,"boys":72486,"district":"Sassandra-Marahoue"},"geometry":{"type":"Polygon","coordinates":[[[-5.97,7.75],[-5.97,7.75],[-5.97,7.75],[-5.97,7.75],[-5.97,7.75],[-5.98,7.75],[-5.98,7.75],[-5.98,7.75],[-5.98,7.75],[-5.98,7.75],[-5.98,7.75],[-5.99,7.75],[-5.99,7.75],[-5.99,7.75],[-5.99,7.75],[-5.99,7.75],[-5.99,7.75],[-6.0,7.75],[-6.0,7.75],[-6.0,7.75],[-6.0,7.75],[-6.0,7.75],[-6.01,7.75],[-6.01,7.75],[-6.01,7.75],[-6.01,7.75],[-6.01,7.75],[-6.01,7.75],[-6.02,7.75],[-6.02,7.75],[-6.02,7.75],[-6.02,7.75],[-6.02,7.75],[-6.02,7.75],[-6.03,7.75],[-6.03,7.75],[-6.03,7.75],[-6.03,7.75],[-6.03,7.75],[-6.03,7.75],[-6.03,7.75],[-6.04,7.75],[-6.04,7.75],[-6.04,7.75],[-6.04,7.75],[-6.04,7.75],[-6.04,7.74],[-6.04,7.74],[-6.04,7.74],[-6.04,7.74],[-6.04,7.74],[-6.04,7.74],[-6.04,7.74],[-6.04,7.74],[-6.04,7.73],[-6.04,7.73],[-6.04,7.73],[-6.04,7.73],[-6.04,7.73],[-6.04,7.73],[-6.04,7.73],[-6.04,7.73],[-6.05,7.72],[-6.05,7.72],[-6.05,7.72],[-6.05,7.72],[-6.05,7.72],[-6.05,7.72],[-6.05,7.72],[-6.05,7.72],[-6.05,7.72],[-6.05,7.72],[-6.05,7.71],[-6.05,7.71],[-6.05,7.71],[-6.05,7.71],[-6.05,7.71],[-6.05,7.71],[-6.05,7.71],[-6.05,7.71],[-6.05,7.71],[-6.05,7.71],[-6.05,7.72],[-6.05,7.72],[-6.05,7.72],[-6.06,7.72],[-6.06,7.72],[-6.06,7.72],[-6.06,7.72],[-6.06,7.72],[-6.06,7.71],[-6.06,7.71],[-6.06,7.71],[-6.06,7.71],[-6.06,7.71],[-6.06,7.71],[-6.06,7.71],[-6.06,7.71],[-6.06,7.7],[-6.06,7.7],[-6.06,7.7],[-6.06,7.7],[-6.06,7.7],[-6.06,7.7],[-6.06,7.7],[-6.06,7.7],[-6.06,7.69],[-6.06,7.69],[-6.06,7.69],[-6.06,7.69],[-6.06,7.69],[-6.05,7.69],[-6.05,7.69],[-6.05,7.69],[-6.06,7.69],[-6.06,7.69],[-6.06,7.68],[-6.06,7.68],[-6.06,7.68],[-6.06,7.68],[-6.06,7.68],[-6.06,7.68],[-6.06,7.68],[-6.06,7.68],[-6.06,7.68],[-6.06,7.68],[-6.06,7.68],[-6.06,7.67],[-6.07,7.67],[-6.07,7.67],[-6.07,7.67],[-6.07,7.67],[-6.07,7.67],[-6.07,7.67],[-6.07,7.67],[-6.07,7.67],[-6.07,7.67],[-6.07,7.66],[-6.07,7.66],[-6.07,7.66],[-6.07,7.66],[-6.07,7.66],[-6.07,7.66],[-6.07,7.66],[-6.1,7.64],[-6.11,7.64],[-6.11,7.64],[-6.11,7.64],[-6.33,7.51],[-6.33,7.49],[-6.34,7.45],[-6.35,7.44],[-6.38,7.38],[-6.44,7.25],[-6.44,7.24],[-6.36,7.25],[-6.35,7.24],[-6.28,7.23],[-6.21,7.23],[-6.21,7.27],[-6.18,7.27],[-6.15,7.29],[-6.14,7.29],[-6.14,7.29],[-6.13,7.29],[-6.13,7.29],[-6.13,7.29],[-6.13,7.29],[-6.13,7.28],[-6.13,7.28],[-6.13,7.28],[-6.12,7.28],[-6.12,7.28],[-6.12,7.28],[-6.12,7.28],[-6.12,7.27],[-6.12,7.27],[-6.12,7.27],[-6.12,7.27],[-6.11,7.27],[-6.11,7.27],[-6.11,7.27],[-6.11,7.26],[-6.11,7.26],[-6.12,7.26],[-6.12,7.26],[-6.12,7.26],[-6.12,7.26],[-6.12,7.26],[-6.12,7.25],[-6.12,7.25],[-6.12,7.25],[-6.12,7.25],[-6.12,7.25],[-6.11,7.25],[-6.11,7.24],[-6.11,7.24],[-6.11,7.24],[-6.11,7.24],[-6.1,7.24],[-6.1,7.24],[-6.1,7.24],[-6.1,7.24],[-6.1,7.24],[-6.09,7.23],[-6.09,7.23],[-6.09,7.23],[-6.09,7.23],[-6.09,7.23],[-6.08,7.23],[-6.08,7.23],[-6.08,7.23],[-6.08,7.22],[-6.07,7.22],[-6.07,7.22],[-6.07,7.22],[-6.07,7.22],[-6.07,7.22],[-6.07,7.22],[-6.06,7.22],[-6.06,7.22],[-6.06,7.22],[-6.06,7.21],[-6.05,7.21],[-6.05,7.21],[-6.05,7.21],[-6.05,7.21],[-6.05,7.21],[-6.04,7.21],[-6.04,7.21],[-6.04,7.21],[-6.04,7.21],[-6.03,7.21],[-6.03,7.21],[-6.03,7.2],[-6.03,7.2],[-6.03,7.2],[-6.02,7.2],[-6.02,7.2],[-6.02,7.2],[-6.02,7.2],[-6.01,7.2],[-6.01,7.2],[-6.01,7.2],[-6.0,7.2],[-6.0,7.2],[-6.0,7.2],[-6.0,7.19],[-6.0,7.19],[-6.0,7.19],[-6.0,7.19],[-5.99,7.19],[-5.99,7.19],[-5.99,7.19],[-5.99,7.19],[-5.99,7.19],[-5.98,7.19],[-5.98,7.19],[-5.98,7.19],[-5.98,7.19],[-5.98,7.18],[-5.97,7.18],[-5.97,7.18],[-5.97,7.18],[-5.97,7.18],[-5.96,7.18],[-5.96,7.18],[-5.96,7.18],[-5.96,7.18],[-5.95,7.18],[-5.95,7.18],[-5.95,7.17],[-5.95,7.17],[-5.94,7.17],[-5.94,7.17],[-5.94,7.17],[-5.94,7.17],[-5.94,7.17],[-5.94,7.17],[-6.0,7.16],[-6.0,7.12],[-6.18,7.01],[-6.19,7.0],[-6.2,6.99],[-6.21,6.89],[-6.2,6.87],[-6.18,6.82],[-6.18,6.8],[-6.18,6.74],[-6.13,6.68],[-6.12,6.66],[-6.12,6.66],[-6.12,6.65],[-6.12,6.65],[-6.12,6.65],[-6.12,6.65],[-6.12,6.64],[-6.12,6.64],[-6.12,6.64],[-6.12,6.64],[-6.12,6.63],[-6.12,6.63],[-6.12,6.63],[-6.12,6.63],[-6.11,6.63],[-6.11,6.63],[-6.11,6.63],[-6.11,6.63],[-6.11,6.63],[-6.11,6.62],[-6.1,6.62],[-6.11,6.57],[-6.1,6.57],[-6.1,6.57],[-6.1,6.57],[-6.1,6.57],[-6.1,6.56],[-6.09,6.56],[-6.09,6.56],[-6.09,6.56],[-6.08,6.56],[-6.08,6.56],[-6.08,6.55],[-6.08,6.55],[-6.08,6.55],[-6.07,6.55],[-6.07,6.55],[-6.07,6.55],[-6.07,6.55],[-6.06,6.54],[-6.06,6.54],[-6.06,6.54],[-6.05,6.54],[-6.05,6.54],[-6.05,6.54],[-6.04,6.53],[-6.04,6.53],[-6.04,6.53],[-6.04,6.53],[-6.04,6.53],[-6.04,6.53],[-6.03,6.53],[-6.03,6.53],[-6.02,6.53],[-6.02,6.53],[-6.02,6.53],[-6.01,6.53],[-6.01,6.53],[-6.0,6.53],[-6.0,6.53],[-6.0,6.53],[-5.99,6.53],[-5.99,6.53],[-5.98,6.53],[-5.98,6.53],[-5.97,6.53],[-5.97,6.53],[-5.96,6.53],[-5.96,6.53],[-5.96,6.53],[-5.95,6.53],[-5.95,6.53],[-5.94,6.53],[-5.94,6.53],[-5.94,6.53],[-5.93,6.53],[-5.93,6.53],[-5.92,6.53],[-5.92,6.52],[-5.92,6.52],[-5.91,6.52],[-5.91,6.52],[-5.91,6.52],[-5.91,6.52],[-5.9,6.52],[-5.9,6.52],[-5.89,6.52],[-5.89,6.52],[-5.89,6.52],[-5.88,6.52],[-5.88,6.52],[-5.88,6.52],[-5.87,6.52],[-5.87,6.52],[-5.87,6.52],[-5.86,6.52],[-5.86,6.52],[-5.86,6.51],[-5.85,6.51],[-5.85,6.51],[-5.84,6.51],[-5.84,6.51],[-5.84,6.51],[-5.84,6.51],[-5.83,6.51],[-5.83,6.51],[-5.83,6.51],[-5.82,6.51],[-5.82,6.51],[-5.82,6.51],[-5.81,6.51],[-5.81,6.51],[-5.81,6.51],[-5.8,6.51],[-5.8,6.51],[-5.8,6.51],[-5.79,6.51],[-5.79,6.51],[-5.79,6.5],[-5.78,6.5],[-5.78,6.5],[-5.77,6.5],[-5.77,6.5],[-5.76,6.5],[-5.76,6.5],[-5.76,6.5],[-5.75,6.5],[-5.75,6.5],[-5.75,6.5],[-5.75,6.5],[-5.75,6.51],[-5.75,6.51],[-5.74,6.51],[-5.74,6.51],[-5.74,6.51],[-5.74,6.51],[-5.74,6.51],[-5.74,6.51],[-5.74,6.52],[-5.73,6.52],[-5.73,6.52],[-5.73,6.52],[-5.73,6.52],[-5.73,6.53],[-5.73,6.53],[-5.73,6.53],[-5.73,6.53],[-5.73,6.54],[-5.73,6.54],[-5.73,6.54],[-5.73,6.54],[-5.73,6.54],[-5.73,6.55],[-5.72,6.55],[-5.72,6.55],[-5.72,6.55],[-5.72,6.55],[-5.72,6.55],[-5.72,6.55],[-5.71,6.56],[-5.71,6.56],[-5.71,6.56],[-5.71,6.56],[-5.71,6.56],[-5.7,6.56],[-5.7,6.56],[-5.7,6.55],[-5.7,6.55],[-5.7,6.55],[-5.7,6.55],[-5.69,6.55],[-5.69,6.55],[-5.69,6.54],[-5.69,6.54],[-5.69,6.54],[-5.69,6.54],[-5.69,6.54],[-5.69,6.54],[-5.69,6.53],[-5.69,6.53],[-5.68,6.53],[-5.68,6.53],[-5.68,6.53],[-5.68,6.53],[-5.68,6.53],[-5.67,6.53],[-5.67,6.53],[-5.67,6.53],[-5.67,6.53],[-5.67,6.53],[-5.67,6.53],[-5.66,6.53],[-5.66,6.53],[-5.66,6.53],[-5.66,6.53],[-5.66,6.53],[-5.66,6.54],[-5.65,6.54],[-5.65,6.54],[-5.65,6.54],[-5.64,6.53],[-5.64,6.53],[-5.64,6.53],[-5.64,6.53],[-5.63,6.53],[-5.63,6.54],[-5.64,6.54],[-5.64,6.54],[-5.64,6.54],[-5.63,6.54],[-5.63,6.54],[-5.63,6.54],[-5.63,6.54],[-5.63,6.54],[-5.63,6.54],[-5.62,6.54],[-5.62,6.55],[-5.62,6.55],[-5.62,6.55],[-5.62,6.55],[-5.62,6.55],[-5.62,6.55],[-5.61,6.55],[-5.61,6.55],[-5.61,6.55],[-5.61,6.55],[-5.6,6.55],[-5.6,6.55],[-5.6,6.55],[-5.6,6.55],[-5.59,6.55],[-5.59,6.55],[-5.59,6.55],[-5.59,6.55],[-5.59,6.56],[-5.58,6.56],[-5.58,6.56],[-5.58,6.56],[-5.58,6.56],[-5.58,6.56],[-5.57,6.56],[-5.57,6.56],[-5.57,6.57],[-5.58,6.57],[-5.58,6.57],[-5.58,6.57],[-5.58,6.57],[-5.58,6.57],[-5.58,6.58],[-5.58,6.58],[-5.58,6.58],[-5.58,6.58],[-5.58,6.58],[-5.58,6.59],[-5.58,6.59],[-5.58,6.59],[-5.58,6.59],[-5.57,6.59],[-5.57,6.59],[-5.57,6.58],[-5.57,6.59],[-5.57,6.59],[-5.56,6.59],[-5.56,6.59],[-5.56,6.59],[-5.56,6.59],[-5.56,6.59],[-5.55,6.59],[-5.55,6.59],[-5.55,6.6],[-5.55,6.6],[-5.55,6.6],[-5.55,6.6],[-5.54,6.6],[-5.54,6.6],[-5.54,6.6],[-5.54,6.6],[-5.54,6.6],[-5.54,6.6],[-5.53,6.59],[-5.53,6.59],[-5.53,6.59],[-5.53,6.59],[-5.53,6.59],[-5.52,6.6],[-5.52,6.6],[-5.52,6.6],[-5.52,6.6],[-5.52,6.6],[-5.52,6.6],[-5.52,6.61],[-5.52,6.61],[-5.51,6.61],[-5.51,6.61],[-5.51,6.6],[-5.51,6.6],[-5.51,6.6],[-5.51,6.6],[-5.51,6.6],[-5.51,6.59],[-5.51,6.59],[-5.5,6.59],[-5.5,6.59],[-5.5,6.59],[-5.5,6.59],[-5.5,6.6],[-5.5,6.6],[-5.5,6.6],[-5.49,6.6],[-5.49,6.6],[-5.49,6.6],[-5.49,6.6],[-5.49,6.61],[-5.49,6.61],[-5.49,6.61],[-5.49,6.61],[-5.49,6.62],[-5.49,6.62],[-5.49,6.62],[-5.49,6.62],[-5.49,6.62],[-5.49,6.62],[-5.48,6.62],[-5.48,6.62],[-5.48,6.62],[-5.48,6.63],[-5.47,6.63],[-5.47,6.63],[-5.47,6.63],[-5.47,6.63],[-5.47,6.63],[-5.47,6.63],[-5.46,6.63],[-5.46,6.63],[-5.46,6.63],[-5.46,6.63],[-5.45,6.63],[-5.45,6.63],[-5.45,6.64],[-5.45,6.64],[-5.45,6.64],[-5.45,6.64],[-5.45,6.64],[-5.45,6.64],[-5.44,6.65],[-5.44,6.65],[-5.44,6.65],[-5.44,6.65],[-5.44,6.65],[-5.43,6.65],[-5.43,6.65],[-5.43,6.65],[-5.43,6.65],[-5.42,6.65],[-5.42,6.65],[-5.42,6.65],[-5.42,6.65],[-5.42,6.65],[-5.41,6.65],[-5.41,6.65],[-5.41,6.65],[-5.41,6.65],[-5.41,6.65],[-5.41,6.66],[-5.41,6.66],[-5.4,6.66],[-5.4,6.66],[-5.4,6.66],[-5.4,6.67],[-5.4,6.67],[-5.4,6.67],[-5.4,6.67],[-5.4,6.67],[-5.4,6.68],[-5.4,6.68],[-5.41,6.68],[-5.41,6.68],[-5.41,6.69],[-5.41,6.69],[-5.41,6.69],[-5.41,6.69],[-5.41,6.7],[-5.41,6.7],[-5.41,6.7],[-5.41,6.7],[-5.41,6.71],[-5.41,6.71],[-5.41,6.71],[-5.41,6.71],[-5.41,6.71],[-5.41,6.71],[-5.41,6.72],[-5.41,6.72],[-5.42,6.72],[-5.42,6.72],[-5.42,6.72],[-5.42,6.73],[-5.42,6.73],[-5.42,6.73],[-5.42,6.74],[-5.42,6.74],[-5.42,6.74],[-5.42,6.74],[-5.43,6.74],[-5.43,6.74],[-5.43,6.75],[-5.43,6.75],[-5.43,6.75],[-5.43,6.75],[-5.43,6.75],[-5.44,6.76],[-5.44,6.76],[-5.44,6.76],[-5.44,6.76],[-5.44,6.77],[-5.44,6.77],[-5.44,6.77],[-5.44,6.77],[-5.44,6.78],[-5.44,6.78],[-5.44,6.78],[-5.45,6.78],[-5.45,6.78],[-5.45,6.79],[-5.45,6.79],[-5.45,6.79],[-5.46,6.79],[-5.46,6.79],[-5.46,6.79],[-5.46,6.79],[-5.46,6.79],[-5.46,6.79],[-5.46,6.8],[-5.47,6.8],[-5.47,6.8],[-5.47,6.8],[-5.47,6.8],[-5.47,6.8],[-5.47,6.8],[-5.48,6.8],[-5.48,6.8],[-5.48,6.81],[-5.48,6.81],[-5.48,6.81],[-5.49,6.81],[-5.49,6.81],[-5.49,6.81],[-5.49,6.81],[-5.49,6.81],[-5.49,6.81],[-5.49,6.82],[-5.49,6.82],[-5.49,6.82],[-5.49,6.82],[-5.49,6.82],[-5.49,6.82],[-5.49,6.83],[-5.49,6.83],[-5.49,6.83],[-5.49,6.83],[-5.49,6.83],[-5.49,6.83],[-5.49,6.84],[-5.49,6.84],[-5.49,6.84],[-5.49,6.84],[-5.49,6.84],[-5.49,6.84],[-5.49,6.85],[-5.49,6.85],[-5.49,6.85],[-5.49,6.85],[-5.49,6.85],[-5.49,6.85],[-5.49,6.85],[-5.49,6.86],[-5.49,6.86],[-5.49,6.86],[-5.5,6.86],[-5.5,6.86],[-5.5,6.86],[-5.5,6.86],[-5.5,6.86],[-5.5,6.86],[-5.5,6.86],[-5.5,6.86],[-5.51,6.86],[-5.51,6.86],[-5.51,6.86],[-5.51,6.86],[-5.51,6.86],[-5.51,6.86],[-5.51,6.86],[-5.51,6.87],[-5.51,6.87],[-5.52,6.87],[-5.52,6.87],[-5.52,6.87],[-5.52,6.87],[-5.52,6.87],[-5.52,6.87],[-5.52,6.88],[-5.52,6.88],[-5.52,6.88],[-5.52,6.88],[-5.52,6.88],[-5.52,6.88],[-5.53,6.88],[-5.53,6.88],[-5.53,6.88],[-5.53,6.89],[-5.53,6.89],[-5.53,6.89],[-5.53,6.89],[-5.53,6.89],[-5.53,6.89],[-5.53,6.89],[-5.53,6.9],[-5.53,6.9],[-5.53,6.9],[-5.53,6.9],[-5.53,6.9],[-5.53,6.9],[-5.53,6.9],[-5.53,6.91],[-5.53,6.91],[-5.53,6.91],[-5.53,6.91],[-5.53,6.91],[-5.53,6.91],[-5.53,6.91],[-5.53,6.92],[-5.53,6.92],[-5.53,6.92],[-5.53,6.92],[-5.52,6.92],[-5.52,6.92],[-5.52,6.92],[-5.52,6.92],[-5.52,6.92],[-5.52,6.92],[-5.52,6.92],[-5.52,6.92],[-5.51,6.92],[-5.51,6.93],[-5.51,6.93],[-5.51,6.93],[-5.51,6.93],[-5.51,6.93],[-5.51,6.93],[-5.51,6.93],[-5.5,6.93],[-5.5,6.93],[-5.5,6.93],[-5.5,6.93],[-5.5,6.94],[-5.5,6.94],[-5.5,6.94],[-5.5,6.94],[-5.5,6.94],[-5.5,6.94],[-5.5,6.95],[-5.5,6.95],[-5.5,6.95],[-5.5,6.95],[-5.5,6.95],[-5.5,6.96],[-5.5,6.96],[-5.5,6.96],[-5.5,6.96],[-5.5,6.96],[-5.5,6.96],[-5.5,6.96],[-5.5,6.96],[-5.5,6.97],[-5.5,6.97],[-5.5,6.97],[-5.5,6.97],[-5.5,6.97],[-5.5,6.97],[-5.5,6.98],[-5.5,6.98],[-5.5,6.98],[-5.5,6.98],[-5.5,6.98],[-5.5,6.98],[-5.5,6.98],[-5.5,6.99],[-5.5,6.99],[-5.5,6.99],[-5.5,6.99],[-5.5,6.99],[-5.5,6.99],[-5.5,6.99],[-5.5,6.99],[-5.5,7.0],[-5.5,7.0],[-5.5,7.0],[-5.5,7.0],[-5.5,7.0],[-5.5,7.0],[-5.49,7.0],[-5.49,7.01],[-5.49,7.01],[-5.49,7.01],[-5.49,7.01],[-5.49,7.01],[-5.49,7.01],[-5.49,7.01],[-5.49,7.01],[-5.49,7.02],[-5.49,7.02],[-5.49,7.02],[-5.49,7.02],[-5.49,7.02],[-5.48,7.02],[-5.48,7.02],[-5.48,7.03],[-5.48,7.03],[-5.48,7.03],[-5.48,7.03],[-5.48,7.03],[-5.48,7.03],[-5.48,7.03],[-5.47,7.03],[-5.47,7.03],[-5.47,7.03],[-5.47,7.03],[-5.47,7.04],[-5.47,7.04],[-5.47,7.04],[-5.47,7.04],[-5.46,7.03],[-5.46,7.03],[-5.46,7.03],[-5.46,7.03],[-5.46,7.03],[-5.46,7.03],[-5.46,7.03],[-5.46,7.03],[-5.46,7.03],[-5.46,7.04],[-5.45,7.04],[-5.45,7.04],[-5.45,7.04],[-5.45,7.04],[-5.46,7.04],[-5.46,7.04],[-5.46,7.04],[-5.46,7.04],[-5.46,7.04],[-5.47,7.04],[-5.47,7.04],[-5.47,7.05],[-5.47,7.05],[-5.47,7.05],[-5.47,7.05],[-5.48,7.05],[-5.48,7.05],[-5.48,7.05],[-5.48,7.05],[-5.49,7.05],[-5.49,7.05],[-5.49,7.05],[-5.49,7.05],[-5.49,7.06],[-5.49,7.06],[-5.49,7.06],[-5.49,7.06],[-5.49,7.07],[-5.49,7.07],[-5.49,7.07],[-5.49,7.07],[-5.49,7.08],[-5.49,7.08],[-5.49,7.08],[-5.49,7.08],[-5.49,7.08],[-5.49,7.08],[-5.49,7.09],[-5.5,7.09],[-5.5,7.09],[-5.5,7.09],[-5.5,7.1],[-5.5,7.1],[-5.5,7.1],[-5.5,7.1],[-5.5,7.11],[-5.5,7.11],[-5.5,7.11],[-5.5,7.11],[-5.5,7.11],[-5.49,7.11],[-5.49,7.11],[-5.49,7.12],[-5.49,7.12],[-5.49,7.12],[-5.49,7.12],[-5.49,7.12],[-5.49,7.12],[-5.49,7.13],[-5.48,7.13],[-5.48,7.13],[-5.48,7.13],[-5.48,7.13],[-5.48,7.14],[-5.48,7.14],[-5.48,7.14],[-5.49,7.14],[-5.49,7.14],[-5.49,7.14],[-5.49,7.14],[-5.49,7.14],[-5.5,7.14],[-5.5,7.14],[-5.5,7.14],[-5.5,7.14],[-5.5,7.15],[-5.5,7.15],[-5.51,7.15],[-5.51,7.15],[-5.51,7.15],[-5.51,7.15],[-5.51,7.15],[-5.51,7.15],[-5.52,7.16],[-5.52,7.16],[-5.52,7.16],[-5.52,7.16],[-5.53,7.16],[-5.53,7.16],[-5.53,7.16],[-5.53,7.16],[-5.54,7.16],[-5.54,7.16],[-5.54,7.16],[-5.54,7.16],[-5.54,7.16],[-5.54,7.15],[-5.55,7.15],[-5.55,7.15],[-5.55,7.15],[-5.55,7.15],[-5.55,7.14],[-5.55,7.14],[-5.55,7.14],[-5.55,7.14],[-5.56,7.14],[-5.56,7.14],[-5.56,7.14],[-5.56,7.14],[-5.57,7.14],[-5.57,7.14],[-5.57,7.14],[-5.57,7.14],[-5.57,7.14],[-5.58,7.14],[-5.58,7.14],[-5.58,7.14],[-5.58,7.14],[-5.58,7.14],[-5.59,7.14],[-5.59,7.14],[-5.59,7.14],[-5.59,7.14],[-5.59,7.14],[-5.59,7.14],[-5.6,7.15],[-5.6,7.15],[-5.6,7.15],[-5.6,7.15],[-5.6,7.15],[-5.61,7.15],[-5.61,7.15],[-5.61,7.15],[-5.61,7.16],[-5.61,7.16],[-5.61,7.16],[-5.61,7.16],[-5.61,7.16],[-5.61,7.16],[-5.61,7.17],[-5.61,7.17],[-5.6,7.17],[-5.6,7.17],[-5.6,7.17],[-5.6,7.17],[-5.6,7.18],[-5.6,7.18],[-5.6,7.18],[-5.6,7.18],[-5.6,7.19],[-5.61,7.19],[-5.61,7.19],[-5.61,7.19],[-5.61,7.19],[-5.61,7.19],[-5.61,7.19],[-5.62,7.19],[-5.62,7.19],[-5.62,7.19],[-5.62,7.19],[-5.62,7.19],[-5.62,7.19],[-5.63,7.19],[-5.63,7.19],[-5.63,7.2],[-5.63,7.2],[-5.63,7.2],[-5.63,7.2],[-5.64,7.2],[-5.64,7.2],[-5.64,7.2],[-5.64,7.2],[-5.65,7.2],[-5.65,7.2],[-5.65,7.2],[-5.65,7.2],[-5.65,7.2],[-5.66,7.2],[-5.66,7.21],[-5.66,7.21],[-5.66,7.21],[-5.66,7.21],[-5.67,7.21],[-5.67,7.21],[-5.67,7.21],[-5.67,7.22],[-5.67,7.22],[-5.67,7.22],[-5.67,7.22],[-5.68,7.22],[-5.68,7.23],[-5.68,7.23],[-5.68,7.23],[-5.68,7.23],[-5.67,7.24],[-5.67,7.24],[-5.67,7.24],[-5.67,7.24],[-5.67,7.24],[-5.67,7.24],[-5.66,7.24],[-5.66,7.23],[-5.66,7.23],[-5.66,7.23],[-5.66,7.24],[-5.66,7.24],[-5.65,7.24],[-5.65,7.24],[-5.65,7.24],[-5.65,7.24],[-5.65,7.25],[-5.65,7.25],[-5.65,7.25],[-5.66,7.26],[-5.66,7.26],[-5.66,7.26],[-5.65,7.27],[-5.65,7.27],[-5.65,7.27],[-5.65,7.28],[-5.66,7.28],[-5.66,7.28],[-5.66,7.28],[-5.66,7.29],[-5.67,7.29],[-5.67,7.29],[-5.67,7.29],[-5.67,7.29],[-5.68,7.29],[-5.68,7.3],[-5.68,7.3],[-5.69,7.3],[-5.69,7.3],[-5.69,7.3],[-5.7,7.3],[-5.7,7.3],[-5.7,7.3],[-5.71,7.31],[-5.71,7.31],[-5.71,7.31],[-5.71,7.31],[-5.71,7.32],[-5.72,7.32],[-5.72,7.32],[-5.72,7.32],[-5.72,7.33],[-5.72,7.33],[-5.72,7.33],[-5.72,7.33],[-5.71,7.33],[-5.71,7.34],[-5.71,7.34],[-5.7,7.34],[-5.7,7.34],[-5.7,7.34],[-5.69,7.34],[-5.69,7.35],[-5.69,7.35],[-5.69,7.35],[-5.69,7.36],[-5.69,7.36],[-5.7,7.36],[-5.7,7.37],[-5.7,7.37],[-5.71,7.37],[-5.71,7.36],[-5.71,7.36],[-5.71,7.37],[-5.72,7.37],[-5.72,7.37],[-5.72,7.37],[-5.72,7.37],[-5.73,7.38],[-5.73,7.38],[-5.73,7.38],[-5.73,7.39],[-5.73,7.39],[-5.73,7.39],[-5.73,7.4],[-5.73,7.4],[-5.73,7.41],[-5.73,7.41],[-5.73,7.41],[-5.73,7.42],[-5.73,7.42],[-5.72,7.42],[-5.72,7.42],[-5.72,7.43],[-5.72,7.43],[-5.72,7.44],[-5.72,7.44],[-5.72,7.44],[-5.72,7.45],[-5.72,7.45],[-5.72,7.45],[-5.72,7.46],[-5.72,7.46],[-5.72,7.46],[-5.72,7.46],[-5.72,7.46],[-5.72,7.47],[-5.73,7.47],[-5.73,7.47],[-5.74,7.47],[-5.74,7.48],[-5.73,7.48],[-5.73,7.48],[-5.74,7.48],[-5.74,7.49],[-5.74,7.49],[-5.74,7.49],[-5.74,7.5],[-5.74,7.5],[-5.73,7.5],[-5.73,7.5],[-5.73,7.5],[-5.72,7.5],[-5.72,7.5],[-5.72,7.5],[-5.72,7.51],[-5.72,7.51],[-5.71,7.51],[-5.71,7.51],[-5.71,7.52],[-5.71,7.52],[-5.71,7.52],[-5.71,7.52],[-5.71,7.53],[-5.71,7.53],[-5.71,7.53],[-5.71,7.53],[-5.72,7.53],[-5.72,7.54],[-5.72,7.54],[-5.72,7.54],[-5.72,7.54],[-5.72,7.54],[-5.72,7.54],[-5.72,7.54],[-5.72,7.54],[-5.73,7.54],[-5.73,7.54],[-5.73,7.55],[-5.73,7.55],[-5.73,7.55],[-5.73,7.55],[-5.73,7.55],[-5.73,7.56],[-5.73,7.56],[-5.73,7.56],[-5.74,7.57],[-5.74,7.57],[-5.74,7.57],[-5.74,7.58],[-5.74,7.58],[-5.74,7.58],[-5.74,7.58],[-5.74,7.58],[-5.74,7.59],[-5.75,7.59],[-5.75,7.59],[-5.75,7.59],[-5.75,7.59],[-5.76,7.59],[-5.76,7.59],[-5.76,7.59],[-5.76,7.59],[-5.77,7.59],[-5.77,7.6],[-5.77,7.6],[-5.77,7.6],[-5.77,7.6],[-5.78,7.61],[-5.78,7.61],[-5.78,7.61],[-5.78,7.61],[-5.79,7.62],[-5.79,7.62],[-5.79,7.62],[-5.79,7.62],[-5.79,7.62],[-5.79,7.63],[-5.79,7.63],[-5.8,7.63],[-5.8,7.63],[-5.8,7.63],[-5.8,7.64],[-5.8,7.64],[-5.79,7.64],[-5.79,7.65],[-5.79,7.65],[-5.79,7.65],[-5.79,7.65],[-5.79,7.65],[-5.79,7.66],[-5.79,7.66],[-5.79,7.66],[-5.78,7.66],[-5.78,7.67],[-5.78,7.67],[-5.78,7.67],[-5.79,7.67],[-5.79,7.68],[-5.79,7.68],[-5.79,7.68],[-5.79,7.68],[-5.79,7.69],[-5.79,7.69],[-5.79,7.69],[-5.79,7.7],[-5.79,7.7],[-5.79,7.7],[-5.79,7.7],[-5.79,7.71],[-5.79,7.71],[-5.79,7.71],[-5.79,7.71],[-5.79,7.72],[-5.79,7.72],[-5.8,7.72],[-5.79,7.73],[-5.79,7.73],[-5.79,7.73],[-5.79,7.74],[-5.79,7.74],[-5.79,7.74],[-5.8,7.74],[-5.8,7.75],[-5.8,7.75],[-5.8,7.75],[-5.8,7.75],[-5.8,7.75],[-5.81,7.75],[-5.81,7.75],[-5.81,7.75],[-5.82,7.75],[-5.82,7.75],[-5.82,7.75],[-5.83,7.75],[-5.83,7.75],[-5.83,7.75],[-5.83,7.75],[-5.84,7.75],[-5.84,7.75],[-5.84,7.75],[-5.84,7.75],[-5.84,7.75],[-5.85,7.74],[-5.85,7.74],[-5.85,7.74],[-5.85,7.74],[-5.85,7.74],[-5.86,7.74],[-5.86,7.74],[-5.86,7.74],[-5.87,7.74],[-5.87,7.74],[-5.87,7.73],[-5.87,7.74],[-5.88,7.73],[-5.88,7.73],[-5.88,7.74],[-5.88,7.73],[-5.89,7.73],[-5.89,7.73],[-5.89,7.73],[-5.89,7.73],[-5.89,7.73],[-5.9,7.73],[-5.9,7.73],[-5.9,7.73],[-5.9,7.73],[-5.9,7.73],[-5.91,7.73],[-5.91,7.73],[-5.91,7.73],[-5.91,7.73],[-5.91,7.73],[-5.92,7.73],[-5.92,7.73],[-5.92,7.73],[-5.92,7.73],[-5.92,7.73],[-5.92,7.73],[-5.93,7.73],[-5.93,7.73],[-5.93,7.73],[-5.93,7.73],[-5.93,7.73],[-5.93,7.73],[-5.94,7.73],[-5.94,7.73],[-5.94,7.73],[-5.94,7.73],[-5.94,7.73],[-5.94,7.73],[-5.95,7.73],[-5.95,7.73],[-5.95,7.73],[-5.95,7.73],[-5.95,7.73],[-5.95,7.73],[-5.95,7.73],[-5.95,7.73],[-5.96,7.73],[-5.96,7.73],[-5.96,7.74],[-5.96,7.74],[-5.96,7.74],[-5.96,7.74],[-5.96,7.74],[-5.96,7.74],[-5.97,7.74],[-5.97,7.74],[-5.97,7.75],[-5.97,7.75],[-5.97,7.75]]]}},{"type":"Feature","properties":{"name":"Me","code":"CI24","level":"region","status":"collected","schools":311,"students":126293,"girls":58281,"boys":68012,"district":"Lacs"},"geometry":{"type":"Polygon","coordinates":[[[-3.68,6.62],[-3.68,6.63],[-3.68,6.63],[-3.68,6.63],[-3.68,6.63],[-3.69,6.64],[-3.69,6.64],[-3.69,6.64],[-3.69,6.64],[-3.69,6.64],[-3.69,6.64],[-3.69,6.64],[-3.7,6.64],[-3.7,6.64],[-3.7,6.64],[-3.7,6.64],[-3.71,6.64],[-3.71,6.64],[-3.71,6.64],[-3.71,6.64],[-3.71,6.64],[-3.71,6.63],[-3.72,6.63],[-3.72,6.63],[-3.72,6.63],[-3.72,6.63],[-3.72,6.63],[-3.72,6.62],[-3.72,6.62],[-3.73,6.62],[-3.73,6.62],[-3.73,6.62],[-3.73,6.62],[-3.73,6.62],[-3.74,6.62],[-3.74,6.63],[-3.74,6.63],[-3.74,6.63],[-3.74,6.63],[-3.74,6.63],[-3.75,6.63],[-3.75,6.63],[-3.75,6.63],[-3.75,6.63],[-3.75,6.63],[-3.76,6.63],[-3.76,6.63],[-3.76,6.63],[-3.76,6.63],[-3.76,6.63],[-3.76,6.63],[-3.76,6.62],[-3.77,6.62],[-3.77,6.62],[-3.77,6.62],[-3.77,6.62],[-3.77,6.62],[-3.77,6.62],[-3.77,6.61],[-3.77,6.61],[-3.77,6.61],[-3.77,6.61],[-3.77,6.61],[-3.78,6.61],[-3.78,6.61],[-3.78,6.61],[-3.78,6.61],[-3.78,6.61],[-3.78,6.61],[-3.79,6.6],[-3.79,6.6],[-3.79,6.6],[-3.79,6.6],[-3.79,6.6],[-3.79,6.6],[-3.79,6.59],[-3.79,6.59],[-3.79,6.59],[-3.79,6.59],[-3.8,6.59],[-3.8,6.59],[-3.8,6.59],[-3.8,6.58],[-3.8,6.58],[-3.8,6.58],[-3.8,6.58],[-3.8,6.58],[-3.81,6.58],[-3.81,6.58],[-3.81,6.58],[-3.81,6.58],[-3.81,6.58],[-3.81,6.58],[-3.81,6.58],[-3.81,6.58],[-3.82,6.58],[-3.82,6.58],[-3.82,6.58],[-3.82,6.58],[-3.82,6.57],[-3.83,6.57],[-3.83,6.57],[-3.83,6.57],[-3.83,6.57],[-3.83,6.57],[-3.83,6.57],[-3.83,6.57],[-3.83,6.56],[-3.83,6.56],[-3.83,6.56],[-3.83,6.56],[-3.83,6.56],[-3.83,6.55],[-3.83,6.55],[-3.84,6.55],[-3.84,6.55],[-3.84,6.55],[-3.84,6.55],[-3.84,6.55],[-3.84,6.54],[-3.84,6.54],[-3.84,6.54],[-3.84,6.54],[-3.85,6.54],[-3.85,6.54],[-3.85,6.54],[-3.85,6.53],[-3.85,6.53],[-3.85,6.53],[-3.85,6.53],[-3.85,6.53],[-3.85,6.54],[-3.86,6.54],[-3.86,6.54],[-3.86,6.54],[-3.86,6.54],[-3.86,6.54],[-3.87,6.54],[-3.87,6.54],[-3.87,6.54],[-3.87,6.54],[-3.87,6.54],[-3.87,6.54],[-3.88,6.54],[-3.88,6.54],[-3.88,6.53],[-3.88,6.53],[-3.88,6.54],[-3.88,6.54],[-3.88,6.54],[-3.89,6.54],[-3.89,6.54],[-3.89,6.54],[-3.89,6.54],[-3.89,6.54],[-3.89,6.54],[-3.89,6.54],[-3.9,6.54],[-3.9,6.55],[-3.9,6.55],[-3.9,6.55],[-3.9,6.55],[-3.9,6.55],[-3.9,6.55],[-3.9,6.55],[-3.9,6.55],[-3.9,6.55],[-3.91,6.55],[-3.91,6.55],[-3.91,6.55],[-3.91,6.55],[-3.92,6.55],[-3.92,6.55],[-3.92,6.55],[-3.92,6.55],[-3.92,6.55],[-3.92,6.55],[-3.92,6.54],[-3.92,6.55],[-3.93,6.54],[-3.93,6.54],[-3.93,6.54],[-3.93,6.54],[-3.93,6.54],[-3.93,6.54],[-3.94,6.54],[-3.94,6.54],[-3.94,6.54],[-3.94,6.54],[-3.94,6.54],[-3.94,6.54],[-3.94,6.54],[-3.95,6.54],[-3.95,6.54],[-3.95,6.54],[-3.95,6.54],[-3.95,6.54],[-3.96,6.54],[-3.96,6.54],[-3.96,6.54],[-3.96,6.54],[-3.96,6.54],[-3.96,6.54],[-3.96,6.54],[-3.96,6.55],[-3.96,6.55],[-3.96,6.55],[-3.97,6.55],[-3.97,6.55],[-3.97,6.55],[-3.97,6.55],[-3.97,6.55],[-3.97,6.56],[-3.98,6.56],[-3.98,6.56],[-3.98,6.56],[-3.98,6.56],[-3.98,6.56],[-3.98,6.55],[-3.98,6.55],[-3.98,6.55],[-4.0,6.54],[-4.03,6.52],[-4.03,6.52],[-4.06,6.5],[-4.07,6.5],[-4.08,6.48],[-4.09,6.49],[-4.14,6.47],[-4.14,6.47],[-4.16,6.33],[-4.12,6.26],[-4.07,6.23],[-4.03,6.2],[-4.02,6.17],[-4.02,6.16],[-4.0,6.07],[-4.0,6.07],[-4.0,6.06],[-4.0,6.05],[-4.01,6.04],[-4.01,6.04],[-4.01,6.03],[-4.01,6.03],[-4.01,6.03],[-4.01,6.02],[-4.02,6.02],[-4.02,6.02],[-4.02,6.01],[-4.03,6.01],[-4.03,6.01],[-4.03,6.01],[-4.03,6.0],[-4.04,6.0],[-4.04,6.0],[-4.04,6.0],[-4.04,6.0],[-4.05,5.99],[-4.05,5.99],[-4.05,5.99],[-4.05,5.99],[-4.06,5.99],[-4.06,5.99],[-4.06,5.98],[-4.06,5.98],[-4.06,5.98],[-4.06,5.98],[-4.06,5.97],[-4.06,5.97],[-4.07,5.97],[-4.07,5.97],[-4.07,5.97],[-4.07,5.96],[-4.07,5.96],[-4.07,5.96],[-4.08,5.96],[-4.08,5.95],[-4.08,5.95],[-4.08,5.95],[-4.08,5.95],[-4.08,5.95],[-4.08,5.94],[-4.08,5.94],[-4.08,5.94],[-4.08,5.93],[-4.08,5.93],[-4.08,5.93],[-4.08,5.93],[-4.07,5.93],[-4.07,5.93],[-4.07,5.92],[-4.07,5.92],[-4.07,5.92],[-4.07,5.92],[-4.07,5.92],[-4.07,5.92],[-4.07,5.91],[-4.07,5.91],[-4.06,5.91],[-4.06,5.91],[-4.07,5.9],[-4.07,5.9],[-4.07,5.9],[-4.07,5.9],[-4.07,5.9],[-4.07,5.89],[-4.07,5.89],[-4.07,5.89],[-4.08,5.88],[-4.08,5.88],[-4.08,5.88],[-4.08,5.88],[-4.08,5.88],[-4.08,5.87],[-4.08,5.87],[-4.08,5.87],[-4.08,5.86],[-4.08,5.86],[-4.08,5.86],[-4.08,5.86],[-4.08,5.85],[-4.08,5.85],[-4.08,5.85],[-4.08,5.85],[-4.07,5.85],[-4.07,5.85],[-4.07,5.84],[-4.07,5.84],[-4.07,5.84],[-4.07,5.84],[-4.06,5.84],[-4.06,5.83],[-4.06,5.83],[-4.06,5.83],[-4.06,5.83],[-4.06,5.83],[-4.06,5.82],[-4.06,5.82],[-4.05,5.82],[-4.05,5.82],[-4.05,5.82],[-4.05,5.82],[-4.05,5.82],[-4.04,5.81],[-4.04,5.81],[-4.04,5.81],[-4.04,5.82],[-4.03,5.82],[-4.03,5.82],[-4.03,5.81],[-4.03,5.81],[-4.03,5.81],[-4.02,5.81],[-4.02,5.8],[-4.02,5.8],[-4.02,5.8],[-4.01,5.8],[-4.01,5.8],[-4.01,5.8],[-4.01,5.8],[-4.01,5.8],[-4.0,5.8],[-4.0,5.8],[-4.0,5.8],[-4.0,5.8],[-4.0,5.79],[-4.0,5.79],[-4.0,5.79],[-4.0,5.79],[-4.0,5.79],[-4.0,5.79],[-4.0,5.78],[-3.99,5.78],[-3.99,5.78],[-3.99,5.78],[-3.99,5.77],[-3.99,5.77],[-3.99,5.77],[-3.99,5.77],[-3.99,5.76],[-3.99,5.76],[-3.99,5.76],[-3.99,5.76],[-3.99,5.75],[-3.99,5.75],[-3.99,5.75],[-3.99,5.75],[-3.99,5.74],[-3.98,5.74],[-3.98,5.74],[-3.98,5.74],[-3.98,5.74],[-3.97,5.74],[-3.97,5.75],[-3.97,5.75],[-3.97,5.75],[-3.97,5.75],[-3.96,5.75],[-3.96,5.75],[-3.96,5.75],[-3.96,5.75],[-3.95,5.75],[-3.95,5.75],[-3.95,5.75],[-3.95,5.74],[-3.95,5.74],[-3.95,5.74],[-3.95,5.74],[-3.95,5.74],[-3.95,5.74],[-3.95,5.74],[-3.95,5.74],[-3.95,5.74],[-3.96,5.74],[-3.96,5.74],[-3.96,5.73],[-3.96,5.73],[-3.96,5.73],[-3.96,5.73],[-3.95,5.73],[-3.95,5.73],[-3.95,5.73],[-3.95,5.72],[-3.95,5.72],[-3.95,5.72],[-3.95,5.72],[-3.95,5.72],[-3.95,5.72],[-3.95,5.72],[-3.95,5.72],[-3.94,5.72],[-3.94,5.72],[-3.94,5.72],[-3.94,5.72],[-3.94,5.72],[-3.94,5.72],[-3.94,5.72],[-3.94,5.72],[-3.94,5.72],[-3.94,5.71],[-3.94,5.71],[-3.94,5.71],[-3.94,5.71],[-3.94,5.71],[-3.94,5.71],[-3.93,5.71],[-3.93,5.71],[-3.93,5.71],[-3.93,5.71],[-3.93,5.71],[-3.93,5.71],[-3.94,5.71],[-3.94,5.7],[-3.94,5.7],[-3.94,5.7],[-3.94,5.7],[-3.94,5.7],[-3.94,5.7],[-3.94,5.7],[-3.94,5.7],[-3.94,5.7],[-3.94,5.7],[-3.94,5.69],[-3.94,5.69],[-3.94,5.69],[-3.94,5.69],[-3.94,5.69],[-3.94,5.69],[-3.94,5.69],[-3.94,5.69],[-3.94,5.68],[-3.94,5.68],[-3.94,5.68],[-3.94,5.68],[-3.94,5.68],[-3.94,5.68],[-3.94,5.68],[-3.94,5.68],[-3.94,5.68],[-3.94,5.68],[-3.94,5.68],[-3.94,5.68],[-3.94,5.67],[-3.94,5.67],[-3.94,5.67],[-3.94,5.67],[-3.94,5.67],[-3.94,5.67],[-3.94,5.67],[-3.94,5.67],[-3.95,5.67],[-3.95,5.67],[-3.95,5.67],[-3.95,5.67],[-3.95,5.67],[-3.95,5.67],[-3.94,5.67],[-3.94,5.67],[-3.94,5.67],[-3.94,5.66],[-3.94,5.66],[-3.94,5.66],[-3.94,5.66],[-3.94,5.66],[-3.94,5.66],[-3.94,5.66],[-3.94,5.66],[-3.94,5.65],[-3.94,5.65],[-3.94,5.65],[-3.94,5.65],[-3.94,5.65],[-3.94,5.65],[-3.94,5.65],[-3.94,5.65],[-3.94,5.65],[-3.94,5.65],[-3.94,5.64],[-3.94,5.64],[-3.94,5.64],[-3.94,5.64],[-3.94,5.64],[-3.94,5.64],[-3.93,5.64],[-3.93,5.64],[-3.93,5.64],[-3.93,5.64],[-3.93,5.63],[-3.94,5.63],[-3.94,5.63],[-3.94,5.63],[-3.93,5.63],[-3.93,5.63],[-3.93,5.63],[-3.93,5.63],[-3.93,5.63],[-3.93,5.63],[-3.94,5.63],[-3.94,5.63],[-3.94,5.63],[-3.94,5.63],[-3.94,5.63],[-3.94,5.63],[-3.94,5.63],[-3.94,5.63],[-3.94,5.63],[-3.94,5.63],[-3.94,5.63],[-3.94,5.63],[-3.94,5.62],[-3.94,5.62],[-3.94,5.62],[-3.94,5.62],[-3.94,5.62],[-3.94,5.62],[-3.94,5.62],[-3.94,5.62],[-3.94,5.62],[-3.94,5.62],[-3.94,5.61],[-3.94,5.61],[-3.94,5.61],[-3.94,5.61],[-3.94,5.61],[-3.94,5.61],[-3.94,5.61],[-3.94,5.61],[-3.94,5.61],[-3.94,5.61],[-3.94,5.6],[-3.94,5.6],[-3.94,5.6],[-3.94,5.6],[-3.94,5.6],[-3.94,5.6],[-3.94,5.6],[-3.94,5.6],[-3.94,5.6],[-3.94,5.59],[-3.94,5.59],[-3.94,5.59],[-3.94,5.59],[-3.94,5.59],[-3.94,5.59],[-3.94,5.59],[-3.94,5.59],[-3.94,5.58],[-3.94,5.58],[-3.94,5.58],[-3.94,5.58],[-3.93,5.58],[-3.93,5.58],[-3.93,5.58],[-3.93,5.58],[-3.93,5.58],[-3.93,5.58],[-3.93,5.58],[-3.93,5.57],[-3.93,5.57],[-3.93,5.57],[-3.93,5.57],[-3.93,5.57],[-3.93,5.57],[-3.93,5.57],[-3.93,5.57],[-3.93,5.56],[-3.93,5.56],[-3.93,5.56],[-3.93,5.56],[-3.93,5.56],[-3.92,5.56],[-3.92,5.56],[-3.92,5.56],[-3.92,5.56],[-3.92,5.56],[-3.92,5.56],[-3.92,5.56],[-3.92,5.56],[-3.92,5.56],[-3.92,5.56],[-3.92,5.56],[-3.91,5.56],[-3.91,5.56],[-3.91,5.56],[-3.91,5.56],[-3.91,5.56],[-3.91,5.55],[-3.91,5.55],[-3.91,5.55],[-3.91,5.55],[-3.91,5.55],[-3.91,5.55],[-3.91,5.55],[-3.91,5.55],[-3.9,5.55],[-3.9,5.55],[-3.9,5.55],[-3.9,5.55],[-3.9,5.55],[-3.9,5.55],[-3.9,5.55],[-3.9,5.55],[-3.9,5.54],[-3.9,5.54],[-3.9,5.54],[-3.9,5.54],[-3.9,5.54],[-3.9,5.54],[-3.9,5.54],[-3.89,5.54],[-3.89,5.54],[-3.89,5.53],[-3.89,5.53],[-3.89,5.53],[-3.89,5.53],[-3.89,5.53],[-3.89,5.53],[-3.89,5.53],[-3.89,5.53],[-3.89,5.53],[-3.89,5.53],[-3.89,5.52],[-3.89,5.52],[-3.88,5.52],[-3.88,5.52],[-3.88,5.52],[-3.88,5.52],[-3.88,5.52],[-3.88,5.52],[-3.88,5.52],[-3.88,5.52],[-3.88,5.52],[-3.88,5.51],[-3.88,5.51],[-3.88,5.51],[-3.88,5.51],[-3.88,5.51],[-3.88,5.51],[-3.88,5.51],[-3.88,5.51],[-3.88,5.51],[-3.88,5.51],[-3.88,5.5],[-3.88,5.5],[-3.88,5.5],[-3.88,5.5],[-3.87,5.5],[-3.87,5.5],[-3.87,5.5],[-3.87,5.5],[-3.87,5.5],[-3.87,5.51],[-3.87,5.51],[-3.87,5.5],[-3.86,5.5],[-3.86,5.5],[-3.86,5.5],[-3.86,5.5],[-3.86,5.5],[-3.86,5.5],[-3.86,5.51],[-3.86,5.51],[-3.86,5.51],[-3.85,5.51],[-3.85,5.51],[-3.85,5.51],[-3.85,5.51],[-3.85,5.5],[-3.85,5.51],[-3.85,5.5],[-3.85,5.5],[-3.85,5.5],[-3.85,5.5],[-3.85,5.5],[-3.85,5.5],[-3.85,5.5],[-3.85,5.5],[-3.85,5.5],[-3.85,5.5],[-3.84,5.49],[-3.84,5.49],[-3.85,5.49],[-3.85,5.49],[-3.85,5.49],[-3.85,5.49],[-3.84,5.49],[-3.84,5.49],[-3.84,5.49],[-3.84,5.49],[-3.84,5.48],[-3.84,5.48],[-3.84,5.49],[-3.84,5.49],[-3.84,5.49],[-3.84,5.49],[-3.84,5.48],[-3.84,5.48],[-3.84,5.48],[-3.83,5.48],[-3.83,5.48],[-3.83,5.48],[-3.83,5.48],[-3.83,5.48],[-3.83,5.47],[-3.83,5.47],[-3.83,5.47],[-3.83,5.47],[-3.84,5.47],[-3.84,5.47],[-3.83,5.47],[-3.83,5.47],[-3.83,5.47],[-3.83,5.47],[-3.83,5.47],[-3.83,5.47],[-3.83,5.46],[-3.83,5.46],[-3.83,5.46],[-3.83,5.46],[-3.83,5.46],[-3.83,5.46],[-3.83,5.46],[-3.83,5.46],[-3.83,5.46],[-3.83,5.46],[-3.83,5.46],[-3.83,5.46],[-3.84,5.46],[-3.84,5.45],[-3.84,5.45],[-3.84,5.45],[-3.84,5.45],[-3.84,5.45],[-3.84,5.45],[-3.83,5.45],[-3.83,5.45],[-3.83,5.45],[-3.83,5.44],[-3.83,5.44],[-3.83,5.44],[-3.83,5.44],[-3.83,5.44],[-3.83,5.44],[-3.83,5.44],[-3.83,5.44],[-3.83,5.44],[-3.83,5.44],[-3.83,5.44],[-3.83,5.44],[-3.83,5.43],[-3.83,5.43],[-3.83,5.43],[-3.83,5.43],[-3.83,5.43],[-3.83,5.43],[-3.83,5.43],[-3.82,5.43],[-3.82,5.43],[-3.82,5.43],[-3.82,5.43],[-3.82,5.43],[-3.82,5.43],[-3.82,5.43],[-3.82,5.43],[-3.82,5.43],[-3.82,5.43],[-3.82,5.43],[-3.82,5.43],[-3.82,5.43],[-3.82,5.43],[-3.82,5.42],[-3.82,5.42],[-3.82,5.42],[-3.82,5.42],[-3.82,5.42],[-3.82,5.42],[-3.82,5.42],[-3.82,5.42],[-3.82,5.42],[-3.82,5.42],[-3.82,5.42],[-3.82,5.42],[-3.82,5.41],[-3.82,5.41],[-3.82,5.41],[-3.82,5.42],[-3.82,5.41],[-3.82,5.41],[-3.82,5.41],[-3.82,5.41],[-3.82,5.41],[-3.82,5.41],[-3.82,5.41],[-3.82,5.41],[-3.82,5.41],[-3.82,5.4],[-3.83,5.4],[-3.83,5.4],[-3.83,5.4],[-3.83,5.4],[-3.83,5.4],[-3.83,5.4],[-3.83,5.4],[-3.83,5.4],[-3.83,5.4],[-3.83,5.39],[-3.83,5.39],[-3.83,5.39],[-3.83,5.39],[-3.83,5.39],[-3.83,5.39],[-3.83,5.39],[-3.83,5.39],[-3.83,5.39],[-3.83,5.39],[-3.83,5.39],[-3.83,5.38],[-3.83,5.38],[-3.83,5.38],[-3.83,5.38],[-3.83,5.38],[-3.83,5.38],[-3.83,5.38],[-3.83,5.38],[-3.83,5.38],[-3.83,5.38],[-3.83,5.38],[-3.83,5.38],[-3.83,5.37],[-3.83,5.37],[-3.83,5.37],[-3.83,5.37],[-3.83,5.37],[-3.83,5.37],[-3.82,5.37],[-3.82,5.37],[-3.82,5.37],[-3.82,5.37],[-3.82,5.37],[-3.82,5.37],[-3.82,5.37],[-3.82,5.37],[-3.82,5.37],[-3.82,5.37],[-3.82,5.37],[-3.82,5.37],[-3.82,5.37],[-3.82,5.37],[-3.82,5.37],[-3.82,5.37],[-3.82,5.38],[-3.82,5.38],[-3.82,5.38],[-3.82,5.38],[-3.82,5.38],[-3.82,5.38],[-3.82,5.38],[-3.82,5.38],[-3.81,5.38],[-3.81,5.38],[-3.81,5.38],[-3.81,5.38],[-3.81,5.38],[-3.81,5.38],[-3.81,5.38],[-3.81,5.38],[-3.8,5.38],[-3.8,5.38],[-3.8,5.38],[-3.8,5.38],[-3.8,5.38],[-3.8,5.38],[-3.8,5.38],[-3.8,5.37],[-3.79,5.37],[-3.79,5.37],[-3.79,5.37],[-3.79,5.37],[-3.79,5.37],[-3.79,5.37],[-3.79,5.37],[-3.79,5.37],[-3.79,5.37],[-3.79,5.37],[-3.79,5.37],[-3.78,5.37],[-3.78,5.37],[-3.78,5.37],[-3.78,5.37],[-3.78,5.37],[-3.78,5.37],[-3.78,5.37],[-3.78,5.37],[-3.77,5.37],[-3.77,5.37],[-3.77,5.37],[-3.77,5.37],[-3.77,5.37],[-3.77,5.37],[-3.77,5.37],[-3.77,5.37],[-3.77,5.37],[-3.77,5.37],[-3.76,5.37],[-3.76,5.37],[-3.76,5.37],[-3.76,5.36],[-3.76,5.36],[-3.76,5.36],[-3.76,5.36],[-3.76,5.36],[-3.76,5.36],[-3.76,5.36],[-3.76,5.36],[-3.76,5.36],[-3.76,5.36],[-3.76,5.35],[-3.76,5.35],[-3.76,5.35],[-3.76,5.35],[-3.76,5.35],[-3.76,5.35],[-3.77,5.35],[-3.77,5.35],[-3.77,5.34],[-3.77,5.34],[-3.77,5.34],[-3.77,5.34],[-3.77,5.34],[-3.77,5.34],[-3.77,5.34],[-3.77,5.34],[-3.77,5.34],[-3.76,5.34],[-3.76,5.34],[-3.76,5.33],[-3.76,5.33],[-3.76,5.33],[-3.76,5.33],[-3.76,5.33],[-3.75,5.33],[-3.75,5.33],[-3.75,5.33],[-3.75,5.33],[-3.75,5.33],[-3.75,5.33],[-3.75,5.33],[-3.75,5.33],[-3.75,5.33],[-3.75,5.33],[-3.75,5.32],[-3.75,5.32],[-3.75,5.32],[-3.75,5.32],[-3.75,5.32],[-3.75,5.32],[-3.75,5.31],[-3.75,5.31],[-3.75,5.31],[-3.74,5.31],[-3.74,5.31],[-3.74,5.31],[-3.74,5.31],[-3.74,5.31],[-3.74,5.31],[-3.74,5.31],[-3.73,5.31],[-3.73,5.3],[-3.73,5.3],[-3.73,5.3],[-3.73,5.3],[-3.73,5.3],[-3.72,5.3],[-3.72,5.3],[-3.72,5.3],[-3.72,5.3],[-3.72,5.3],[-3.72,5.3],[-3.72,5.3],[-3.72,5.3],[-3.72,5.3],[-3.72,5.29],[-3.72,5.29],[-3.72,5.29],[-3.72,5.29],[-3.72,5.28],[-3.72,5.28],[-3.72,5.28],[-3.72,5.28],[-3.73,5.27],[-3.73,5.27],[-3.73,5.27],[-3.73,5.26],[-3.73,5.26],[-3.73,5.26],[-3.73,5.25],[-3.73,5.25],[-3.73,5.25],[-3.73,5.25],[-3.72,5.25],[-3.72,5.24],[-3.72,5.24],[-3.71,5.23],[-3.71,5.23],[-3.71,5.23],[-3.71,5.23],[-3.71,5.23],[-3.71,5.24],[-3.71,5.24],[-3.71,5.24],[-3.71,5.24],[-3.71,5.24],[-3.7,5.24],[-3.7,5.24],[-3.7,5.24],[-3.7,5.23],[-3.7,5.23],[-3.69,5.23],[-3.69,5.23],[-3.69,5.23],[-3.69,5.23],[-3.69,5.23],[-3.69,5.23],[-3.69,5.23],[-3.69,5.23],[-3.69,5.23],[-3.68,5.23],[-3.68,5.23],[-3.68,5.23],[-3.68,5.23],[-3.68,5.24],[-3.68,5.24],[-3.68,5.24],[-3.68,5.24],[-3.68,5.24],[-3.68,5.24],[-3.68,5.24],[-3.67,5.25],[-3.67,5.25],[-3.67,5.25],[-3.67,5.25],[-3.67,5.25],[-3.67,5.25],[-3.67,5.25],[-3.67,5.25],[-3.67,5.25],[-3.67,5.25],[-3.67,5.26],[-3.67,5.26],[-3.67,5.26],[-3.67,5.26],[-3.67,5.26],[-3.67,5.26],[-3.67,5.26],[-3.66,5.26],[-3.66,5.26],[-3.66,5.26],[-3.66,5.26],[-3.66,5.26],[-3.66,5.26],[-3.66,5.26],[-3.65,5.26],[-3.65,5.26],[-3.65,5.26],[-3.65,5.26],[-3.65,5.26],[-3.65,5.26],[-3.65,5.26],[-3.64,5.26],[-3.64,5.25],[-3.64,5.25],[-3.64,5.25],[-3.64,5.25],[-3.64,5.25],[-3.63,5.25],[-3.63,5.25],[-3.63,5.25],[-3.63,5.25],[-3.63,5.25],[-3.63,5.25],[-3.63,5.25],[-3.63,5.25],[-3.63,5.25],[-3.62,5.26],[-3.62,5.26],[-3.62,5.26],[-3.62,5.26],[-3.62,5.26],[-3.62,5.26],[-3.62,5.26],[-3.62,5.26],[-3.62,5.26],[-3.62,5.26],[-3.62,5.27],[-3.62,5.27],[-3.62,5.27],[-3.62,5.27],[-3.62,5.27],[-3.62,5.27],[-3.62,5.27],[-3.62,5.27],[-3.62,5.27],[-3.62,5.28],[-3.62,5.28],[-3.62,5.28],[-3.62,5.28],[-3.62,5.28],[-3.62,5.28],[-3.62,5.28],[-3.62,5.28],[-3.62,5.28],[-3.62,5.28],[-3.62,5.28],[-3.62,5.29],[-3.62,5.29],[-3.62,5.29],[-3.62,5.29],[-3.62,5.29],[-3.62,5.29],[-3.62,5.29],[-3.62,5.29],[-3.62,5.29],[-3.62,5.29],[-3.62,5.3],[-3.62,5.3],[-3.62,5.3],[-3.62,5.3],[-3.62,5.3],[-3.62,5.3],[-3.62,5.3],[-3.62,5.3],[-3.62,5.3],[-3.62,5.3],[-3.62,5.3],[-3.62,5.3],[-3.62,5.3],[-3.62,5.3],[-3.62,5.3],[-3.61,5.3],[-3.61,5.3],[-3.61,5.31],[-3.61,5.31],[-3.61,5.31],[-3.61,5.31],[-3.61,5.31],[-3.61,5.31],[-3.61,5.31],[-3.61,5.31],[-3.61,5.31],[-3.61,5.31],[-3.61,5.31],[-3.61,5.32],[-3.61,5.32],[-3.61,5.32],[-3.61,5.32],[-3.61,5.32],[-3.61,5.32],[-3.61,5.32],[-3.61,5.32],[-3.61,5.32],[-3.61,5.32],[-3.61,5.33],[-3.61,5.33],[-3.61,5.33],[-3.61,5.33],[-3.61,5.33],[-3.6,5.33],[-3.6,5.33],[-3.6,5.33],[-3.6,5.33],[-3.6,5.33],[-3.6,5.33],[-3.6,5.33],[-3.6,5.33],[-3.6,5.33],[-3.6,5.34],[-3.6,5.34],[-3.6,5.34],[-3.6,5.34],[-3.59,5.34],[-3.59,5.34],[-3.59,5.34],[-3.59,5.34],[-3.59,5.34],[-3.59,5.34],[-3.59,5.34],[-3.59,5.35],[-3.59,5.35],[-3.59,5.35],[-3.59,5.35],[-3.59,5.35],[-3.59,5.35],[-3.59,5.35],[-3.59,5.35],[-3.59,5.35],[-3.59,5.36],[-3.59,5.36],[-3.59,5.36],[-3.59,5.36],[-3.59,5.36],[-3.59,5.36],[-3.59,5.36],[-3.59,5.36],[-3.59,5.36],[-3.59,5.36],[-3.59,5.36],[-3.59,5.37],[-3.59,5.37],[-3.59,5.37],[-3.59,5.37],[-3.59,5.37],[-3.58,5.37],[-3.58,5.37],[-3.59,5.37],[-3.59,5.37],[-3.59,5.38],[-3.59,5.38],[-3.59,5.38],[-3.59,5.38],[-3.59,5.38],[-3.59,5.38],[-3.59,5.38],[-3.59,5.38],[-3.59,5.38],[-3.59,5.38],[-3.59,5.39],[-3.59,5.39],[-3.59,5.39],[-3.59,5.39],[-3.59,5.39],[-3.58,5.39],[-3.59,5.39],[-3.59,5.39],[-3.58,5.39],[-3.59,5.4],[-3.58,5.4],[-3.59,5.4],[-3.59,5.4],[-3.58,5.4],[-3.58,5.4],[-3.58,5.4],[-3.58,5.4],[-3.58,5.4],[-3.58,5.41],[-3.58,5.41],[-3.58,5.41],[-3.58,5.41],[-3.58,5.41],[-3.58,5.41],[-3.58,5.41],[-3.58,5.42],[-3.58,5.42],[-3.58,5.42],[-3.58,5.42],[-3.58,5.42],[-3.58,5.42],[-3.58,5.42],[-3.58,5.42],[-3.58,5.42],[-3.58,5.42],[-3.58,5.42],[-3.58,5.42],[-3.58,5.43],[-3.58,5.43],[-3.58,5.43],[-3.58,5.43],[-3.58,5.43],[-3.58,5.43],[-3.58,5.43],[-3.58,5.43],[-3.58,5.43],[-3.58,5.43],[-3.58,5.44],[-3.58,5.44],[-3.58,5.44],[-3.58,5.44],[-3.58,5.44],[-3.58,5.44],[-3.58,5.44],[-3.58,5.44],[-3.58,5.44],[-3.58,5.45],[-3.58,5.45],[-3.58,5.45],[-3.58,5.45],[-3.58,5.45],[-3.58,5.45],[-3.58,5.45],[-3.58,5.45],[-3.58,5.45],[-3.58,5.46],[-3.58,5.46],[-3.58,5.46],[-3.58,5.46],[-3.58,5.46],[-3.58,5.46],[-3.58,5.46],[-3.58,5.46],[-3.58,5.47],[-3.58,5.47],[-3.58,5.47],[-3.58,5.47],[-3.58,5.47],[-3.58,5.47],[-3.58,5.47],[-3.58,5.47],[-3.58,5.47],[-3.58,5.47],[-3.58,5.48],[-3.58,5.48],[-3.58,5.48],[-3.58,5.48],[-3.58,5.48],[-3.58,5.48],[-3.58,5.49],[-3.58,5.49],[-3.58,5.49],[-3.58,5.49],[-3.58,5.49],[-3.58,5.5],[-3.58,5.5],[-3.58,5.5],[-3.58,5.5],[-3.58,5.5],[-3.58,5.5],[-3.58,5.5],[-3.58,5.5],[-3.58,5.51],[-3.58,5.51],[-3.58,5.51],[-3.58,5.51],[-3.58,5.51],[-3.58,5.51],[-3.58,5.52],[-3.58,5.52],[-3.58,5.52],[-3.58,5.52],[-3.58,5.52],[-3.58,5.52],[-3.58,5.52],[-3.58,5.52],[-3.58,5.53],[-3.58,5.53],[-3.58,5.53],[-3.58,5.53],[-3.58,5.53],[-3.58,5.53],[-3.58,5.53],[-3.58,5.54],[-3.57,5.54],[-3.57,5.54],[-3.57,5.54],[-3.57,5.54],[-3.57,5.54],[-3.57,5.54],[-3.57,5.54],[-3.56,5.54],[-3.56,5.54],[-3.56,5.54],[-3.56,5.54],[-3.55,5.54],[-3.55,5.54],[-3.55,5.54],[-3.55,5.54],[-3.55,5.54],[-3.54,5.54],[-3.54,5.54],[-3.54,5.54],[-3.54,5.54],[-3.54,5.54],[-3.54,5.54],[-3.53,5.54],[-3.53,5.54],[-3.53,5.54],[-3.53,5.54],[-3.53,5.54],[-3.52,5.54],[-3.52,5.55],[-3.52,5.55],[-3.52,5.55],[-3.52,5.55],[-3.51,5.55],[-3.51,5.55],[-3.51,5.55],[-3.51,5.55],[-3.51,5.56],[-3.51,5.56],[-3.5,5.56],[-3.5,5.56],[-3.5,5.56],[-3.5,5.56],[-3.5,5.56],[-3.5,5.56],[-3.49,5.57],[-3.49,5.57],[-3.49,5.57],[-3.49,5.57],[-3.49,5.57],[-3.48,5.57],[-3.48,5.57],[-3.49,5.57],[-3.49,5.58],[-3.49,5.58],[-3.49,5.58],[-3.49,5.58],[-3.49,5.58],[-3.49,5.58],[-3.49,5.58],[-3.49,5.58],[-3.49,5.59],[-3.49,5.59],[-3.49,5.59],[-3.49,5.59],[-3.49,5.59],[-3.49,5.59],[-3.49,5.59],[-3.48,5.59],[-3.48,5.59],[-3.48,5.59],[-3.48,5.59],[-3.48,5.59],[-3.48,5.59],[-3.48,5.59],[-3.48,5.59],[-3.48,5.59],[-3.48,5.59],[-3.48,5.59],[-3.48,5.59],[-3.47,5.59],[-3.47,5.58],[-3.47,5.58],[-3.47,5.58],[-3.47,5.58],[-3.47,5.58],[-3.46,5.58],[-3.46,5.59],[-3.46,5.59],[-3.46,5.59],[-3.46,5.59],[-3.46,5.59],[-3.46,5.59],[-3.46,5.59],[-3.46,5.59],[-3.46,5.59],[-3.46,5.59],[-3.46,5.59],[-3.46,5.59],[-3.46,5.59],[-3.45,5.6],[-3.45,5.6],[-3.45,5.6],[-3.45,5.6],[-3.45,5.6],[-3.45,5.6],[-3.45,5.6],[-3.44,5.6],[-3.44,5.6],[-3.44,5.6],[-3.44,5.6],[-3.44,5.6],[-3.44,5.6],[-3.44,5.6],[-3.44,5.6],[-3.44,5.6],[-3.44,5.6],[-3.42,5.6],[-3.42,5.6],[-3.42,5.61],[-3.42,5.61],[-3.42,5.61],[-3.42,5.61],[-3.42,5.62],[-3.42,5.62],[-3.42,5.62],[-3.42,5.62],[-3.42,5.62],[-3.42,5.62],[-3.42,5.63],[-3.42,5.63],[-3.41,5.63],[-3.41,5.63],[-3.41,5.63],[-3.41,5.63],[-3.4,5.63],[-3.4,5.63],[-3.4,5.64],[-3.4,5.64],[-3.4,5.64],[-3.39,5.64],[-3.39,5.64],[-3.39,5.64],[-3.39,5.64],[-3.38,5.65],[-3.38,5.65],[-3.38,5.65],[-3.38,5.65],[-3.38,5.65],[-3.38,5.65],[-3.37,5.65],[-3.37,5.65],[-3.37,5.65],[-3.37,5.65],[-3.36,5.65],[-3.36,5.65],[-3.36,5.65],[-3.36,5.65],[-3.35,5.65],[-3.35,5.65],[-3.35,5.65],[-3.35,5.65],[-3.34,5.64],[-3.34,5.64],[-3.34,5.64],[-3.34,5.64],[-3.33,5.64],[-3.33,5.64],[-3.33,5.64],[-3.33,5.64],[-3.34,5.65],[-3.34,5.65],[-3.34,5.65],[-3.33,5.66],[-3.33,5.66],[-3.33,5.66],[-3.33,5.66],[-3.33,5.66],[-3.33,5.66],[-3.32,5.66],[-3.32,5.66],[-3.3,5.72],[-3.37,5.73],[-3.37,5.74],[-3.37,5.74],[-3.37,5.74],[-3.37,5.74],[-3.37,5.74],[-3.37,5.74],[-3.37,5.74],[-3.38,5.74],[-3.38,5.74],[-3.38,5.74],[-3.38,5.74],[-3.38,5.74],[-3.38,5.74],[-3.38,5.74],[-3.38,5.74],[-3.38,5.74],[-3.38,5.74],[-3.39,5.74],[-3.39,5.74],[-3.39,5.74],[-3.39,5.74],[-3.39,5.74],[-3.39,5.74],[-3.39,5.74],[-3.4,5.74],[-3.4,5.74],[-3.4,5.74],[-3.4,5.74],[-3.4,5.74],[-3.4,5.74],[-3.4,5.74],[-3.41,5.74],[-3.41,5.74],[-3.41,5.75],[-3.41,5.75],[-3.41,5.75],[-3.41,5.75],[-3.41,5.75],[-3.41,5.75],[-3.41,5.75],[-3.42,5.75],[-3.42,5.75],[-3.42,5.75],[-3.42,5.75],[-3.42,5.75],[-3.42,5.75],[-3.42,5.75],[-3.42,5.75],[-3.43,5.75],[-3.43,5.75],[-3.43,5.76],[-3.43,5.76],[-3.44,5.76],[-3.44,5.76],[-3.44,5.76],[-3.44,5.76],[-3.44,5.76],[-3.44,5.76],[-3.44,5.77],[-3.44,5.77],[-3.44,5.77],[-3.44,5.77],[-3.44,5.77],[-3.44,5.77],[-3.44,5.78],[-3.43,5.78],[-3.43,5.78],[-3.43,5.78],[-3.43,5.78],[-3.43,5.78],[-3.43,5.79],[-3.43,5.79],[-3.43,5.79],[-3.43,5.79],[-3.43,5.79],[-3.43,5.79],[-3.43,5.79],[-3.43,5.79],[-3.44,5.8],[-3.44,5.8],[-3.44,5.8],[-3.43,5.8],[-3.43,5.8],[-3.43,5.8],[-3.43,5.8],[-3.43,5.8],[-3.43,5.8],[-3.43,5.8],[-3.42,5.8],[-3.42,5.8],[-3.42,5.8],[-3.42,5.8],[-3.42,5.8],[-3.42,5.8],[-3.41,5.8],[-3.41,5.8],[-3.41,5.8],[-3.41,5.8],[-3.41,5.8],[-3.41,5.79],[-3.41,5.79],[-3.4,5.79],[-3.4,5.8],[-3.4,5.8],[-3.4,5.8],[-3.4,5.8],[-3.4,5.8],[-3.4,5.8],[-3.4,5.81],[-3.4,5.81],[-3.4,5.81],[-3.4,5.81],[-3.4,5.81],[-3.4,5.82],[-3.4,5.82],[-3.4,5.82],[-3.4,5.82],[-3.4,5.82],[-3.4,5.82],[-3.4,5.83],[-3.4,5.83],[-3.4,5.83],[-3.4,5.83],[-3.4,5.83],[-3.4,5.84],[-3.4,5.84],[-3.4,5.84],[-3.4,5.84],[-3.4,5.84],[-3.4,5.85],[-3.4,5.85],[-3.4,5.85],[-3.39,5.85],[-3.39,5.86],[-3.39,5.86],[-3.39,5.86],[-3.39,5.86],[-3.39,5.86],[-3.39,5.86],[-3.39,5.86],[-3.39,5.87],[-3.39,5.87],[-3.39,5.87],[-3.39,5.87],[-3.38,5.87],[-3.38,5.87],[-3.38,5.87],[-3.38,5.87],[-3.38,5.87],[-3.38,5.87],[-3.38,5.87],[-3.37,5.87],[-3.37,5.87],[-3.37,5.87],[-3.37,5.87],[-3.37,5.87],[-3.37,5.87],[-3.37,5.87],[-3.36,5.87],[-3.36,5.87],[-3.36,5.87],[-3.36,5.87],[-3.36,5.87],[-3.35,5.87],[-3.35,5.87],[-3.35,5.87],[-3.35,5.87],[-3.35,5.87],[-3.35,5.87],[-3.35,5.87],[-3.35,5.87],[-3.34,5.87],[-3.34,5.88],[-3.34,5.88],[-3.34,5.88],[-3.34,5.88],[-3.34,5.88],[-3.33,5.88],[-3.33,5.88],[-3.33,5.88],[-3.33,5.88],[-3.33,5.88],[-3.33,5.89],[-3.32,5.89],[-3.32,5.89],[-3.32,5.89],[-3.32,5.89],[-3.32,5.89],[-3.32,5.89],[-3.32,5.9],[-3.32,5.9],[-3.32,5.9],[-3.32,5.9],[-3.32,5.91],[-3.32,5.91],[-3.32,5.91],[-3.33,5.9],[-3.33,5.9],[-3.33,5.9],[-3.33,5.9],[-3.33,5.9],[-3.33,5.9],[-3.33,5.9],[-3.34,5.9],[-3.34,5.9],[-3.34,5.9],[-3.34,5.9],[-3.34,5.9],[-3.34,5.9],[-3.34,5.9],[-3.35,5.9],[-3.35,5.9],[-3.35,5.9],[-3.35,5.9],[-3.35,5.9],[-3.35,5.9],[-3.35,5.9],[-3.35,5.9],[-3.36,5.89],[-3.36,5.89],[-3.36,5.89],[-3.36,5.89],[-3.36,5.89],[-3.37,5.89],[-3.37,5.89],[-3.37,5.89],[-3.37,5.89],[-3.37,5.89],[-3.37,5.89],[-3.37,5.89],[-3.38,5.89],[-3.38,5.89],[-3.38,5.89],[-3.38,5.89],[-3.38,5.89],[-3.38,5.89],[-3.39,5.89],[-3.39,5.89],[-3.39,5.89],[-3.39,5.89],[-3.39,5.89],[-3.4,5.89],[-3.4,5.89],[-3.4,5.89],[-3.4,5.89],[-3.4,5.89],[-3.4,5.89],[-3.4,5.89],[-3.4,5.89],[-3.41,5.89],[-3.41,5.9],[-3.41,5.9],[-3.41,5.9],[-3.41,5.9],[-3.42,5.9],[-3.42,5.9],[-3.42,5.9],[-3.42,5.9],[-3.42,5.89],[-3.42,5.9],[-3.42,5.9],[-3.42,5.9],[-3.42,5.9],[-3.43,5.9],[-3.43,5.9],[-3.43,5.9],[-3.43,5.9],[-3.43,5.9],[-3.43,5.9],[-3.44,5.9],[-3.44,5.9],[-3.44,5.9],[-3.44,5.9],[-3.44,5.9],[-3.44,5.91],[-3.44,5.91],[-3.44,5.91],[-3.44,5.91],[-3.44,5.91],[-3.45,5.91],[-3.45,5.91],[-3.45,5.91],[-3.45,5.91],[-3.45,5.91],[-3.45,5.9],[-3.46,5.91],[-3.46,5.91],[-3.46,5.91],[-3.46,5.91],[-3.46,5.92],[-3.45,5.92],[-3.45,5.92],[-3.45,5.92],[-3.45,5.92],[-3.45,5.92],[-3.45,5.92],[-3.45,5.93],[-3.45,5.93],[-3.45,5.93],[-3.45,5.93],[-3.44,5.93],[-3.44,5.93],[-3.44,5.94],[-3.44,5.94],[-3.44,5.94],[-3.44,5.94],[-3.44,5.94],[-3.44,5.95],[-3.44,5.95],[-3.44,5.95],[-3.44,5.95],[-3.44,5.95],[-3.44,5.96],[-3.44,5.96],[-3.44,5.96],[-3.44,5.96],[-3.44,5.96],[-3.44,5.96],[-3.44,5.96],[-3.44,5.97],[-3.44,5.97],[-3.44,5.97],[-3.44,5.97],[-3.43,5.97],[-3.43,5.97],[-3.43,5.97],[-3.43,5.97],[-3.42,5.97],[-3.42,5.97],[-3.42,5.97],[-3.42,5.97],[-3.42,5.97],[-3.42,5.97],[-3.41,5.97],[-3.41,5.98],[-3.41,5.98],[-3.41,5.98],[-3.41,5.98],[-3.41,5.98],[-3.41,5.99],[-3.41,5.99],[-3.41,6.0],[-3.41,6.0],[-3.41,6.0],[-3.41,6.0],[-3.41,6.0],[-3.41,6.01],[-3.4,6.01],[-3.4,6.01],[-3.4,6.01],[-3.4,6.01],[-3.4,6.01],[-3.4,6.01],[-3.4,6.01],[-3.4,6.01],[-3.4,6.02],[-3.4,6.02],[-3.4,6.02],[-3.4,6.02],[-3.4,6.02],[-3.4,6.02],[-3.41,6.03],[-3.41,6.03],[-3.41,6.03],[-3.41,6.03],[-3.41,6.04],[-3.41,6.04],[-3.41,6.04],[-3.41,6.04],[-3.41,6.04],[-3.41,6.04],[-3.42,6.04],[-3.42,6.04],[-3.42,6.05],[-3.42,6.05],[-3.42,6.05],[-3.42,6.05],[-3.42,6.05],[-3.42,6.05],[-3.42,6.06],[-3.41,6.06],[-3.41,6.06],[-3.41,6.06],[-3.41,6.06],[-3.41,6.06],[-3.41,6.07],[-3.41,6.07],[-3.42,6.07],[-3.42,6.07],[-3.42,6.07],[-3.42,6.07],[-3.42,6.07],[-3.42,6.06],[-3.43,6.06],[-3.43,6.06],[-3.43,6.07],[-3.43,6.07],[-3.43,6.07],[-3.43,6.07],[-3.43,6.07],[-3.43,6.08],[-3.43,6.08],[-3.43,6.08],[-3.43,6.08],[-3.43,6.09],[-3.43,6.09],[-3.42,6.09],[-3.42,6.09],[-3.42,6.09],[-3.42,6.09],[-3.42,6.09],[-3.42,6.09],[-3.41,6.09],[-3.41,6.09],[-3.41,6.09],[-3.41,6.09],[-3.4,6.09],[-3.4,6.09],[-3.4,6.09],[-3.4,6.1],[-3.4,6.1],[-3.4,6.1],[-3.4,6.1],[-3.4,6.1],[-3.4,6.1],[-3.41,6.11],[-3.41,6.11],[-3.41,6.11],[-3.41,6.11],[-3.41,6.11],[-3.42,6.11],[-3.42,6.12],[-3.42,6.12],[-3.42,6.12],[-3.42,6.12],[-3.42,6.12],[-3.42,6.13],[-3.42,6.13],[-3.42,6.13],[-3.42,6.13],[-3.42,6.13],[-3.41,6.14],[-3.41,6.14],[-3.41,6.14],[-3.41,6.13],[-3.4,6.13],[-3.4,6.13],[-3.4,6.13],[-3.4,6.14],[-3.4,6.14],[-3.4,6.14],[-3.4,6.14],[-3.4,6.14],[-3.4,6.15],[-3.4,6.15],[-3.4,6.15],[-3.4,6.15],[-3.41,6.15],[-3.41,6.15],[-3.41,6.16],[-3.41,6.16],[-3.41,6.16],[-3.42,6.16],[-3.42,6.16],[-3.42,6.16],[-3.42,6.17],[-3.42,6.17],[-3.42,6.17],[-3.42,6.17],[-3.42,6.17],[-3.42,6.18],[-3.42,6.18],[-3.42,6.18],[-3.42,6.18],[-3.42,6.18],[-3.42,6.19],[-3.42,6.19],[-3.43,6.19],[-3.43,6.19],[-3.43,6.19],[-3.43,6.19],[-3.43,6.19],[-3.43,6.2],[-3.43,6.2],[-3.43,6.2],[-3.43,6.2],[-3.44,6.2],[-3.44,6.2],[-3.44,6.2],[-3.44,6.2],[-3.44,6.2],[-3.44,6.2],[-3.45,6.2],[-3.45,6.2],[-3.45,6.2],[-3.45,6.19],[-3.45,6.19],[-3.45,6.19],[-3.45,6.19],[-3.45,6.19],[-3.45,6.18],[-3.45,6.18],[-3.44,6.18],[-3.44,6.18],[-3.44,6.18],[-3.44,6.17],[-3.45,6.17],[-3.45,6.17],[-3.45,6.17],[-3.45,6.17],[-3.45,6.17],[-3.46,6.17],[-3.46,6.17],[-3.46,6.17],[-3.46,6.17],[-3.46,6.17],[-3.46,6.18],[-3.46,6.18],[-3.46,6.18],[-3.46,6.18],[-3.46,6.19],[-3.46,6.19],[-3.46,6.19],[-3.46,6.19],[-3.46,6.19],[-3.46,6.2],[-3.46,6.2],[-3.47,6.2],[-3.47,6.2],[-3.47,6.2],[-3.47,6.2],[-3.47,6.2],[-3.47,6.21],[-3.48,6.21],[-3.48,6.21],[-3.48,6.21],[-3.48,6.21],[-3.48,6.21],[-3.48,6.21],[-3.48,6.21],[-3.49,6.22],[-3.49,6.22],[-3.49,6.22],[-3.49,6.22],[-3.49,6.22],[-3.49,6.22],[-3.49,6.23],[-3.49,6.23],[-3.49,6.23],[-3.49,6.23],[-3.49,6.23],[-3.49,6.24],[-3.49,6.24],[-3.48,6.24],[-3.48,6.24],[-3.48,6.24],[-3.48,6.24],[-3.48,6.24],[-3.48,6.25],[-3.48,6.25],[-3.48,6.25],[-3.47,6.25],[-3.47,6.25],[-3.47,6.24],[-3.47,6.24],[-3.47,6.24],[-3.47,6.24],[-3.46,6.24],[-3.46,6.24],[-3.46,6.24],[-3.46,6.24],[-3.46,6.24],[-3.46,6.24],[-3.45,6.24],[-3.45,6.24],[-3.45,6.24],[-3.45,6.24],[-3.45,6.24],[-3.45,6.24],[-3.45,6.24],[-3.45,6.24],[-3.45,6.25],[-3.45,6.25],[-3.45,6.25],[-3.45,6.25],[-3.46,6.25],[-3.46,6.25],[-3.46,6.25],[-3.46,6.25],[-3.46,6.25],[-3.47,6.26],[-3.47,6.26],[-3.47,6.26],[-3.47,6.26],[-3.47,6.26],[-3.47,6.26],[-3.47,6.26],[-3.47,6.27],[-3.48,6.27],[-3.48,6.27],[-3.48,6.27],[-3.48,6.28],[-3.48,6.28],[-3.48,6.28],[-3.48,6.28],[-3.48,6.28],[-3.48,6.29],[-3.48,6.29],[-3.48,6.29],[-3.48,6.29],[-3.48,6.29],[-3.48,6.3],[-3.48,6.3],[-3.48,6.3],[-3.48,6.3],[-3.48,6.3],[-3.48,6.3],[-3.48,6.3],[-3.49,6.31],[-3.49,6.31],[-3.49,6.31],[-3.49,6.31],[-3.49,6.31],[-3.49,6.31],[-3.49,6.31],[-3.5,6.31],[-3.5,6.32],[-3.5,6.32],[-3.5,6.32],[-3.5,6.32],[-3.5,6.32],[-3.5,6.32],[-3.5,6.32],[-3.5,6.32],[-3.51,6.33],[-3.51,6.33],[-3.51,6.33],[-3.51,6.33],[-3.51,6.33],[-3.51,6.33],[-3.51,6.33],[-3.51,6.34],[-3.51,6.34],[-3.51,6.34],[-3.51,6.34],[-3.51,6.34],[-3.51,6.34],[-3.51,6.35],[-3.5,6.35],[-3.51,6.35],[-3.51,6.35],[-3.51,6.35],[-3.51,6.35],[-3.51,6.35],[-3.51,6.35],[-3.51,6.35],[-3.52,6.35],[-3.52,6.35],[-3.52,6.36],[-3.51,6.36],[-3.51,6.37],[-3.51,6.37],[-3.51,6.37],[-3.51,6.37],[-3.51,6.38],[-3.51,6.38],[-3.51,6.38],[-3.51,6.38],[-3.51,6.38],[-3.52,6.38],[-3.52,6.39],[-3.52,6.39],[-3.53,6.39],[-3.53,6.39],[-3.53,6.39],[-3.53,6.4],[-3.53,6.4],[-3.53,6.4],[-3.54,6.4],[-3.54,6.4],[-3.54,6.4],[-3.54,6.4],[-3.54,6.4],[-3.54,6.4],[-3.55,6.4],[-3.55,6.39],[-3.55,6.39],[-3.55,6.39],[-3.54,6.39],[-3.54,6.39],[-3.54,6.39],[-3.54,6.38],[-3.54,6.38],[-3.54,6.38],[-3.54,6.38],[-3.55,6.38],[-3.55,6.38],[-3.55,6.38],[-3.55,6.38],[-3.55,6.38],[-3.56,6.38],[-3.56,6.38],[-3.56,6.38],[-3.56,6.39],[-3.56,6.39],[-3.56,6.39],[-3.57,6.39],[-3.57,6.39],[-3.57,6.39],[-3.57,6.4],[-3.57,6.4],[-3.58,6.4],[-3.58,6.4],[-3.58,6.4],[-3.58,6.4],[-3.58,6.4],[-3.59,6.39],[-3.59,6.39],[-3.59,6.39],[-3.59,6.39],[-3.59,6.39],[-3.59,6.39],[-3.59,6.39],[-3.6,6.39],[-3.59,6.39],[-3.6,6.39],[-3.6,6.4],[-3.6,6.4],[-3.6,6.4],[-3.6,6.4],[-3.6,6.4],[-3.6,6.4],[-3.61,6.41],[-3.61,6.41],[-3.61,6.41],[-3.61,6.41],[-3.61,6.42],[-3.61,6.42],[-3.61,6.42],[-3.61,6.42],[-3.61,6.42],[-3.61,6.42],[-3.61,6.43],[-3.61,6.43],[-3.61,6.43],[-3.61,6.43],[-3.61,6.43],[-3.61,6.43],[-3.61,6.44],[-3.61,6.44],[-3.61,6.44],[-3.62,6.44],[-3.62,6.45],[-3.62,6.45],[-3.62,6.45],[-3.62,6.45],[-3.63,6.45],[-3.63,6.45],[-3.63,6.44],[-3.63,6.44],[-3.64,6.44],[-3.64,6.44],[-3.64,6.44],[-3.64,6.44],[-3.64,6.44],[-3.65,6.44],[-3.65,6.44],[-3.65,6.45],[-3.65,6.46],[-3.65,6.46],[-3.65,6.46],[-3.65,6.46],[-3.65,6.46],[-3.65,6.46],[-3.65,6.47],[-3.65,6.47],[-3.65,6.47],[-3.65,6.47],[-3.65,6.47],[-3.65,6.47],[-3.65,6.48],[-3.65,6.48],[-3.64,6.48],[-3.64,6.48],[-3.64,6.48],[-3.64,6.49],[-3.64,6.49],[-3.64,6.49],[-3.64,6.49],[-3.65,6.49],[-3.65,6.49],[-3.65,6.5],[-3.65,6.5],[-3.65,6.5],[-3.65,6.5],[-3.65,6.5],[-3.65,6.51],[-3.65,6.51],[-3.65,6.51],[-3.65,6.51],[-3.65,6.51],[-3.65,6.51],[-3.65,6.52],[-3.65,6.52],[-3.65,6.52],[-3.65,6.52],[-3.65,6.52],[-3.65,6.53],[-3.65,6.53],[-3.65,6.53],[-3.65,6.53],[-3.65,6.53],[-3.66,6.53],[-3.66,6.54],[-3.66,6.54],[-3.66,6.54],[-3.66,6.54],[-3.67,6.54],[-3.67,6.54],[-3.67,6.54],[-3.67,6.54],[-3.67,6.55],[-3.67,6.55],[-3.67,6.55],[-3.67,6.55],[-3.67,6.55],[-3.67,6.56],[-3.67,6.56],[-3.67,6.56],[-3.67,6.56],[-3.67,6.56],[-3.66,6.57],[-3.67,6.57],[-3.67,6.57],[-3.67,6.57],[-3.67,6.57],[-3.67,6.57],[-3.67,6.58],[-3.67,6.58],[-3.68,6.58],[-3.68,6.58],[-3.68,6.58],[-3.68,6.58],[-3.68,6.58],[-3.69,6.58],[-3.69,6.58],[-3.69,6.58],[-3.69,6.58],[-3.69,6.58],[-3.69,6.59],[-3.69,6.59],[-3.69,6.59],[-3.69,6.59],[-3.69,6.59],[-3.69,6.6],[-3.69,6.6],[-3.69,6.6],[-3.69,6.6],[-3.69,6.6],[-3.7,6.61],[-3.7,6.61],[-3.69,6.61],[-3.69,6.61],[-3.69,6.61],[-3.69,6.62],[-3.69,6.62],[-3.69,6.62],[-3.69,6.62],[-3.68,6.62],[-3.68,6.62],[-3.68,6.62]]]}},{"type":"Feature","properties":{"name":"Moronou","code":"CI25","level":"region","status":"pending","schools":494,"students":75992,"girls":34952,"boys":41040,"district":"Lacs"},"geometry":{"type":"Polygon","coordinates":[[[-4.02,7.0],[-4.02,7.0],[-4.02,7.0],[-4.02,7.0],[-4.02,7.0],[-4.02,7.0],[-4.03,7.0],[-4.03,7.0],[-4.03,7.0],[-4.03,7.0],[-4.04,7.0],[-4.19,6.91],[-4.3,6.85],[-4.34,6.83],[-4.34,6.83],[-4.34,6.83],[-4.33,6.83],[-4.33,6.83],[-4.33,6.83],[-4.33,6.83],[-4.33,6.82],[-4.33,6.82],[-4.33,6.82],[-4.33,6.82],[-4.33,6.82],[-4.33,6.82],[-4.33,6.82],[-4.33,6.81],[-4.33,6.81],[-4.34,6.81],[-4.34,6.81],[-4.34,6.81],[-4.34,6.81],[-4.34,6.8],[-4.34,6.8],[-4.34,6.8],[-4.34,6.8],[-4.34,6.8],[-4.34,6.8],[-4.34,6.8],[-4.34,6.8],[-4.35,6.8],[-4.35,6.79],[-4.35,6.8],[-4.35,6.8],[-4.35,6.8],[-4.35,6.8],[-4.36,6.8],[-4.36,6.8],[-4.36,6.8],[-4.36,6.8],[-4.36,6.8],[-4.36,6.8],[-4.36,6.8],[-4.37,6.8],[-4.37,6.8],[-4.37,6.8],[-4.37,6.8],[-4.37,6.8],[-4.37,6.8],[-4.37,6.8],[-4.37,6.8],[-4.38,6.8],[-4.38,6.8],[-4.38,6.8],[-4.38,6.79],[-4.38,6.79],[-4.38,6.79],[-4.38,6.79],[-4.38,6.79],[-4.38,6.79],[-4.38,6.79],[-4.38,6.79],[-4.38,6.79],[-4.39,6.79],[-4.39,6.79],[-4.39,6.79],[-4.39,6.8],[-4.39,6.8],[-4.39,6.8],[-4.39,6.8],[-4.39,6.8],[-4.4,6.8],[-4.4,6.8],[-4.4,6.8],[-4.4,6.8],[-4.4,6.8],[-4.4,6.81],[-4.41,6.8],[-4.41,6.8],[-4.41,6.8],[-4.41,6.8],[-4.41,6.8],[-4.41,6.8],[-4.41,6.8],[-4.42,6.8],[-4.42,6.8],[-4.42,6.8],[-4.42,6.8],[-4.42,6.8],[-4.42,6.8],[-4.42,6.8],[-4.42,6.8],[-4.43,6.81],[-4.43,6.8],[-4.43,6.8],[-4.43,6.8],[-4.43,6.8],[-4.43,6.8],[-4.43,6.8],[-4.43,6.8],[-4.43,6.8],[-4.43,6.8],[-4.43,6.8],[-4.43,6.8],[-4.43,6.8],[-4.43,6.8],[-4.43,6.8],[-4.43,6.79],[-4.43,6.79],[-4.43,6.79],[-4.43,6.79],[-4.43,6.79],[-4.43,6.79],[-4.43,6.79],[-4.43,6.79],[-4.43,6.79],[-4.43,6.79],[-4.43,6.78],[-4.43,6.78],[-4.43,6.78],[-4.43,6.78],[-4.43,6.78],[-4.43,6.78],[-4.43,6.77],[-4.43,6.77],[-4.43,6.77],[-4.43,6.77],[-4.43,6.77],[-4.44,6.77],[-4.44,6.77],[-4.44,6.77],[-4.44,6.77],[-4.44,6.77],[-4.45,6.77],[-4.45,6.77],[-4.45,6.77],[-4.45,6.77],[-4.45,6.78],[-4.45,6.78],[-4.46,6.77],[-4.46,6.77],[-4.46,6.77],[-4.46,6.77],[-4.46,6.77],[-4.46,6.77],[-4.47,6.77],[-4.47,6.77],[-4.47,6.78],[-4.47,6.78],[-4.47,6.78],[-4.47,6.78],[-4.47,6.78],[-4.47,6.78],[-4.47,6.78],[-4.47,6.78],[-4.47,6.78],[-4.48,6.78],[-4.48,6.78],[-4.48,6.78],[-4.48,6.77],[-4.48,6.77],[-4.48,6.77],[-4.48,6.77],[-4.48,6.77],[-4.47,6.77],[-4.47,6.77],[-4.47,6.76],[-4.47,6.76],[-4.47,6.76],[-4.47,6.76],[-4.47,6.76],[-4.47,6.76],[-4.46,6.76],[-4.46,6.76],[-4.46,6.76],[-4.46,6.76],[-4.46,6.75],[-4.46,6.75],[-4.46,6.75],[-4.45,6.75],[-4.45,6.75],[-4.45,6.75],[-4.45,6.75],[-4.45,6.75],[-4.45,6.76],[-4.44,6.76],[-4.44,6.76],[-4.44,6.75],[-4.44,6.75],[-4.44,6.75],[-4.44,6.75],[-4.43,6.75],[-4.43,6.75],[-4.43,6.75],[-4.43,6.75],[-4.43,6.75],[-4.43,6.75],[-4.43,6.75],[-4.43,6.74],[-4.43,6.74],[-4.43,6.74],[-4.43,6.74],[-4.44,6.74],[-4.44,6.74],[-4.44,6.74],[-4.44,6.74],[-4.44,6.75],[-4.45,6.75],[-4.45,6.74],[-4.44,6.74],[-4.44,6.74],[-4.44,6.74],[-4.44,6.74],[-4.44,6.73],[-4.44,6.73],[-4.44,6.73],[-4.44,6.73],[-4.44,6.73],[-4.44,6.73],[-4.44,6.73],[-4.44,6.72],[-4.44,6.72],[-4.44,6.72],[-4.44,6.73],[-4.44,6.73],[-4.44,6.73],[-4.44,6.73],[-4.45,6.73],[-4.45,6.73],[-4.45,6.73],[-4.45,6.74],[-4.45,6.74],[-4.45,6.74],[-4.45,6.74],[-4.46,6.74],[-4.46,6.74],[-4.46,6.74],[-4.46,6.74],[-4.46,6.74],[-4.46,6.74],[-4.46,6.74],[-4.46,6.74],[-4.47,6.74],[-4.47,6.74],[-4.47,6.73],[-4.47,6.73],[-4.47,6.73],[-4.47,6.73],[-4.47,6.72],[-4.47,6.72],[-4.47,6.72],[-4.47,6.72],[-4.47,6.72],[-4.47,6.72],[-4.47,6.71],[-4.47,6.71],[-4.47,6.71],[-4.47,6.71],[-4.48,6.71],[-4.48,6.71],[-4.48,6.71],[-4.48,6.71],[-4.48,6.71],[-4.48,6.72],[-4.48,6.72],[-4.48,6.72],[-4.48,6.72],[-4.48,6.72],[-4.49,6.72],[-4.49,6.72],[-4.49,6.72],[-4.49,6.72],[-4.49,6.72],[-4.49,6.71],[-4.49,6.71],[-4.49,6.71],[-4.49,6.71],[-4.49,6.71],[-4.49,6.7],[-4.49,6.7],[-4.49,6.7],[-4.49,6.7],[-4.49,6.7],[-4.49,6.69],[-4.49,6.69],[-4.49,6.69],[-4.49,6.69],[-4.49,6.69],[-4.49,6.69],[-4.49,6.69],[-4.49,6.69],[-4.5,6.69],[-4.5,6.69],[-4.5,6.69],[-4.5,6.69],[-4.5,6.69],[-4.5,6.69],[-4.5,6.7],[-4.5,6.7],[-4.5,6.7],[-4.5,6.7],[-4.5,6.7],[-4.5,6.7],[-4.5,6.71],[-4.5,6.71],[-4.5,6.71],[-4.51,6.71],[-4.51,6.71],[-4.51,6.71],[-4.51,6.71],[-4.51,6.72],[-4.51,6.71],[-4.51,6.71],[-4.51,6.71],[-4.52,6.71],[-4.52,6.71],[-4.52,6.71],[-4.52,6.71],[-4.52,6.7],[-4.52,6.7],[-4.52,6.7],[-4.52,6.7],[-4.52,6.7],[-4.53,6.7],[-4.53,6.7],[-4.53,6.7],[-4.53,6.7],[-4.53,6.7],[-4.53,6.7],[-4.53,6.71],[-4.53,6.71],[-4.53,6.71],[-4.53,6.71],[-4.53,6.71],[-4.54,6.71],[-4.54,6.71],[-4.54,6.71],[-4.54,6.71],[-4.54,6.71],[-4.54,6.71],[-4.54,6.71],[-4.54,6.71],[-4.54,6.71],[-4.54,6.72],[-4.55,6.72],[-4.55,6.72],[-4.55,6.72],[-4.55,6.72],[-4.55,6.72],[-4.55,6.72],[-4.56,6.72],[-4.56,6.72],[-4.56,6.72],[-4.56,6.72],[-4.56,6.72],[-4.56,6.72],[-4.57,6.72],[-4.57,6.72],[-4.57,6.72],[-4.57,6.72],[-4.57,6.72],[-4.57,6.72],[-4.57,6.71],[-4.57,6.71],[-4.57,6.71],[-4.56,6.71],[-4.56,6.71],[-4.56,6.71],[-4.56,6.71],[-4.56,6.71],[-4.56,6.71],[-4.56,6.7],[-4.56,6.7],[-4.55,6.7],[-4.55,6.7],[-4.55,6.7],[-4.55,6.7],[-4.55,6.69],[-4.55,6.69],[-4.55,6.69],[-4.54,6.69],[-4.54,6.69],[-4.54,6.68],[-4.54,6.68],[-4.54,6.68],[-4.54,6.68],[-4.54,6.68],[-4.54,6.67],[-4.54,6.67],[-4.54,6.67],[-4.54,6.67],[-4.55,6.67],[-4.55,6.66],[-4.55,6.66],[-4.55,6.66],[-4.55,6.66],[-4.55,6.66],[-4.55,6.66],[-4.55,6.66],[-4.55,6.66],[-4.56,6.66],[-4.56,6.65],[-4.55,6.65],[-4.55,6.65],[-4.55,6.65],[-4.55,6.65],[-4.55,6.64],[-4.55,6.64],[-4.55,6.64],[-4.55,6.64],[-4.55,6.64],[-4.55,6.63],[-4.55,6.63],[-4.55,6.63],[-4.55,6.63],[-4.55,6.63],[-4.55,6.63],[-4.54,6.63],[-4.54,6.62],[-4.54,6.62],[-4.55,6.62],[-4.55,6.62],[-4.55,6.62],[-4.55,6.62],[-4.55,6.62],[-4.55,6.62],[-4.55,6.62],[-4.56,6.61],[-4.56,6.61],[-4.56,6.61],[-4.56,6.61],[-4.56,6.61],[-4.56,6.61],[-4.56,6.61],[-4.56,6.6],[-4.56,6.6],[-4.56,6.6],[-4.56,6.6],[-4.55,6.59],[-4.55,6.59],[-4.55,6.59],[-4.55,6.59],[-4.55,6.59],[-4.55,6.58],[-4.55,6.58],[-4.55,6.58],[-4.55,6.58],[-4.55,6.58],[-4.56,6.58],[-4.56,6.58],[-4.56,6.58],[-4.56,6.57],[-4.56,6.57],[-4.56,6.57],[-4.57,6.57],[-4.57,6.57],[-4.57,6.57],[-4.57,6.57],[-4.57,6.57],[-4.58,6.57],[-4.58,6.56],[-4.58,6.56],[-4.58,6.56],[-4.58,6.56],[-4.59,6.56],[-4.59,6.56],[-4.59,6.56],[-4.59,6.56],[-4.59,6.56],[-4.6,6.56],[-4.6,6.56],[-4.6,6.57],[-4.6,6.57],[-4.6,6.57],[-4.61,6.57],[-4.61,6.57],[-4.61,6.57],[-4.61,6.57],[-4.61,6.57],[-4.61,6.58],[-4.61,6.58],[-4.61,6.58],[-4.61,6.58],[-4.62,6.58],[-4.62,6.58],[-4.62,6.58],[-4.62,6.58],[-4.62,6.58],[-4.62,6.58],[-4.62,6.58],[-4.63,6.59],[-4.63,6.59],[-4.63,6.59],[-4.63,6.59],[-4.63,6.59],[-4.63,6.59],[-4.64,6.59],[-4.64,6.59],[-4.64,6.59],[-4.64,6.59],[-4.64,6.6],[-4.65,6.6],[-4.65,6.6],[-4.65,6.6],[-4.65,6.6],[-4.65,6.6],[-4.65,6.6],[-4.65,6.6],[-4.66,6.6],[-4.66,6.6],[-4.66,6.61],[-4.66,6.61],[-4.66,6.61],[-4.66,6.61],[-4.67,6.61],[-4.67,6.61],[-4.67,6.61],[-4.67,6.61],[-4.67,6.6],[-4.67,6.6],[-4.67,6.6],[-4.68,6.6],[-4.68,6.6],[-4.68,6.6],[-4.68,6.6],[-4.69,6.59],[-4.69,6.59],[-4.69,6.59],[-4.69,6.59],[-4.7,6.59],[-4.7,6.59],[-4.7,6.59],[-4.7,6.59],[-4.7,6.59],[-4.7,6.59],[-4.71,6.59],[-4.71,6.59],[-4.71,6.59],[-4.71,6.59],[-4.71,6.59],[-4.71,6.59],[-4.72,6.59],[-4.72,6.59],[-4.72,6.59],[-4.72,6.59],[-4.73,6.59],[-4.73,6.59],[-4.73,6.59],[-4.73,6.59],[-4.74,6.58],[-4.74,6.58],[-4.74,6.58],[-4.74,6.58],[-4.74,6.58],[-4.75,6.58],[-4.75,6.58],[-4.75,6.58],[-4.75,6.58],[-4.76,6.58],[-4.76,6.58],[-4.76,6.58],[-4.76,6.57],[-4.76,6.57],[-4.76,6.57],[-4.76,6.57],[-4.76,6.57],[-4.76,6.57],[-4.75,6.57],[-4.75,6.56],[-4.75,6.56],[-4.75,6.56],[-4.75,6.56],[-4.75,6.55],[-4.75,6.55],[-4.76,6.55],[-4.76,6.55],[-4.76,6.55],[-4.76,6.55],[-4.76,6.55],[-4.77,6.55],[-4.77,6.55],[-4.77,6.55],[-4.78,6.55],[-4.78,6.55],[-4.78,6.55],[-4.78,6.56],[-4.78,6.56],[-4.78,6.55],[-4.78,6.55],[-4.78,6.55],[-4.78,6.55],[-4.78,6.55],[-4.78,6.54],[-4.78,6.54],[-4.78,6.54],[-4.78,6.54],[-4.78,6.53],[-4.78,6.53],[-4.78,6.53],[-4.78,6.53],[-4.78,6.53],[-4.78,6.53],[-4.78,6.52],[-4.78,6.52],[-4.78,6.52],[-4.79,6.52],[-4.79,6.52],[-4.79,6.51],[-4.79,6.51],[-4.79,6.51],[-4.79,6.51],[-4.79,6.51],[-4.79,6.5],[-4.79,6.5],[-4.78,6.5],[-4.78,6.5],[-4.78,6.5],[-4.79,6.5],[-4.79,6.5],[-4.79,6.5],[-4.79,6.5],[-4.79,6.49],[-4.79,6.49],[-4.79,6.49],[-4.79,6.49],[-4.79,6.49],[-4.79,6.49],[-4.78,6.49],[-4.78,6.49],[-4.78,6.49],[-4.78,6.49],[-4.77,6.49],[-4.77,6.49],[-4.77,6.49],[-4.77,6.49],[-4.77,6.49],[-4.77,6.49],[-4.76,6.49],[-4.76,6.49],[-4.76,6.49],[-4.76,6.49],[-4.76,6.49],[-4.75,6.49],[-4.75,6.49],[-4.75,6.49],[-4.75,6.49],[-4.75,6.48],[-4.75,6.48],[-4.74,6.48],[-4.74,6.48],[-4.74,6.48],[-4.74,6.48],[-4.74,6.48],[-4.74,6.48],[-4.73,6.48],[-4.73,6.47],[-4.73,6.47],[-4.73,6.47],[-4.73,6.47],[-4.73,6.46],[-4.73,6.46],[-4.73,6.46],[-4.73,6.46],[-4.73,6.46],[-4.73,6.46],[-4.74,6.46],[-4.74,6.46],[-4.74,6.46],[-4.74,6.46],[-4.74,6.46],[-4.74,6.45],[-4.74,6.45],[-4.74,6.45],[-4.74,6.45],[-4.75,6.45],[-4.75,6.44],[-4.75,6.44],[-4.74,6.44],[-4.74,6.44],[-4.74,6.44],[-4.74,6.44],[-4.74,6.44],[-4.73,6.44],[-4.73,6.44],[-4.73,6.44],[-4.73,6.44],[-4.72,6.44],[-4.72,6.44],[-4.72,6.44],[-4.72,6.44],[-4.72,6.43],[-4.72,6.43],[-4.72,6.43],[-4.72,6.43],[-4.72,6.43],[-4.72,6.43],[-4.73,6.43],[-4.73,6.42],[-4.73,6.42],[-4.73,6.42],[-4.73,6.42],[-4.72,6.42],[-4.72,6.42],[-4.72,6.41],[-4.72,6.41],[-4.72,6.41],[-4.71,6.41],[-4.71,6.41],[-4.71,6.41],[-4.71,6.41],[-4.71,6.41],[-4.71,6.41],[-4.7,6.41],[-4.7,6.41],[-4.7,6.41],[-4.7,6.41],[-4.7,6.41],[-4.7,6.41],[-4.7,6.4],[-4.7,6.4],[-4.7,6.4],[-4.7,6.4],[-4.7,6.4],[-4.71,6.4],[-4.71,6.4],[-4.71,6.4],[-4.71,6.4],[-4.71,6.4],[-4.72,6.4],[-4.72,6.4],[-4.72,6.4],[-4.72,6.4],[-4.72,6.39],[-4.72,6.39],[-4.71,6.39],[-4.71,6.39],[-4.71,6.39],[-4.71,6.39],[-4.71,6.39],[-4.7,6.39],[-4.7,6.39],[-4.7,6.39],[-4.7,6.39],[-4.7,6.39],[-4.7,6.38],[-4.7,6.38],[-4.7,6.38],[-4.7,6.38],[-4.7,6.38],[-4.7,6.38],[-4.71,6.38],[-4.71,6.38],[-4.71,6.38],[-4.71,6.38],[-4.71,6.37],[-4.71,6.37],[-4.71,6.37],[-4.71,6.37],[-4.71,6.36],[-4.71,6.36],[-4.71,6.36],[-4.71,6.36],[-4.72,6.36],[-4.72,6.36],[-4.72,6.36],[-4.72,6.35],[-4.71,6.35],[-4.71,6.35],[-4.71,6.35],[-4.71,6.35],[-4.71,6.35],[-4.7,6.35],[-4.7,6.35],[-4.7,6.35],[-4.7,6.34],[-4.7,6.34],[-4.71,6.34],[-4.71,6.34],[-4.71,6.34],[-4.71,6.34],[-4.71,6.34],[-4.71,6.34],[-4.72,6.34],[-4.72,6.33],[-4.72,6.33],[-4.72,6.33],[-4.72,6.33],[-4.72,6.32],[-4.72,6.32],[-4.72,6.32],[-4.72,6.32],[-4.72,6.32],[-4.72,6.32],[-4.72,6.32],[-4.72,6.32],[-4.72,6.32],[-4.72,6.32],[-4.73,6.32],[-4.73,6.32],[-4.73,6.31],[-4.73,6.31],[-4.72,6.31],[-4.72,6.31],[-4.72,6.3],[-4.72,6.3],[-4.72,6.3],[-4.72,6.3],[-4.72,6.3],[-4.72,6.3],[-4.71,6.3],[-4.71,6.31],[-4.71,6.31],[-4.71,6.3],[-4.71,6.3],[-4.7,6.3],[-4.7,6.3],[-4.7,6.3],[-4.7,6.3],[-4.7,6.3],[-4.7,6.3],[-4.69,6.3],[-4.69,6.29],[-4.69,6.29],[-4.69,6.29],[-4.69,6.29],[-4.69,6.29],[-4.69,6.29],[-4.68,6.28],[-4.68,6.28],[-4.68,6.28],[-4.68,6.28],[-4.68,6.27],[-4.68,6.27],[-4.58,6.25],[-4.56,6.25],[-4.55,6.25],[-4.5,6.24],[-4.5,6.24],[-4.5,6.25],[-4.5,6.25],[-4.5,6.25],[-4.49,6.25],[-4.49,6.25],[-4.49,6.25],[-4.49,6.25],[-4.49,6.26],[-4.49,6.26],[-4.49,6.26],[-4.49,6.26],[-4.48,6.26],[-4.48,6.26],[-4.48,6.26],[-4.48,6.26],[-4.48,6.26],[-4.48,6.27],[-4.48,6.27],[-4.47,6.27],[-4.47,6.27],[-4.47,6.27],[-4.47,6.27],[-4.47,6.27],[-4.47,6.27],[-4.47,6.27],[-4.47,6.27],[-4.47,6.26],[-4.46,6.26],[-4.46,6.26],[-4.46,6.26],[-4.46,6.26],[-4.46,6.26],[-4.46,6.26],[-4.46,6.26],[-4.46,6.25],[-4.46,6.25],[-4.46,6.25],[-4.46,6.25],[-4.46,6.25],[-4.45,6.25],[-4.45,6.25],[-4.45,6.25],[-4.45,6.25],[-4.45,6.25],[-4.45,6.25],[-4.44,6.26],[-4.44,6.26],[-4.44,6.26],[-4.44,6.26],[-4.44,6.25],[-4.44,6.25],[-4.44,6.25],[-4.43,6.25],[-4.43,6.25],[-4.43,6.25],[-4.43,6.25],[-4.43,6.26],[-4.43,6.26],[-4.43,6.26],[-4.42,6.26],[-4.42,6.26],[-4.42,6.26],[-4.42,6.26],[-4.42,6.26],[-4.42,6.26],[-4.42,6.26],[-4.42,6.26],[-4.42,6.26],[-4.42,6.26],[-4.41,6.26],[-4.41,6.26],[-4.41,6.26],[-4.41,6.26],[-4.41,6.26],[-4.41,6.26],[-4.4,6.26],[-4.4,6.26],[-4.4,6.26],[-4.4,6.26],[-4.4,6.26],[-4.4,6.26],[-4.39,6.26],[-4.39,6.26],[-4.39,6.26],[-4.39,6.26],[-4.39,6.26],[-4.39,6.26],[-4.39,6.26],[-4.39,6.26],[-4.38,6.26],[-4.38,6.26],[-4.38,6.26],[-4.38,6.26],[-4.38,6.26],[-4.38,6.26],[-4.37,6.26],[-4.37,6.26],[-4.37,6.26],[-4.37,6.26],[-4.37,6.26],[-4.37,6.26],[-4.37,6.26],[-4.36,6.26],[-4.36,6.26],[-4.36,6.26],[-4.36,6.26],[-4.36,6.26],[-4.36,6.26],[-4.36,6.26],[-4.35,6.26],[-4.35,6.26],[-4.35,6.26],[-4.35,6.26],[-4.35,6.27],[-4.35,6.27],[-4.35,6.27],[-4.34,6.27],[-4.34,6.27],[-4.34,6.27],[-4.34,6.27],[-4.34,6.27],[-4.34,6.27],[-4.34,6.27],[-4.34,6.27],[-4.33,6.27],[-4.33,6.26],[-4.33,6.27],[-4.33,6.27],[-4.33,6.27],[-4.33,6.27],[-4.33,6.27],[-4.32,6.27],[-4.32,6.27],[-4.32,6.27],[-4.32,6.27],[-4.32,6.27],[-4.32,6.27],[-4.32,6.27],[-4.32,6.27],[-4.31,6.27],[-4.31,6.27],[-4.31,6.27],[-4.31,6.27],[-4.31,6.27],[-4.31,6.27],[-4.3,6.27],[-4.3,6.27],[-4.3,6.27],[-4.3,6.27],[-4.3,6.27],[-4.3,6.27],[-4.29,6.27],[-4.29,6.27],[-4.29,6.27],[-4.29,6.27],[-4.29,6.27],[-4.29,6.26],[-4.29,6.26],[-4.29,6.26],[-4.28,6.26],[-4.28,6.26],[-4.28,6.26],[-4.28,6.26],[-4.28,6.26],[-4.28,6.26],[-4.28,6.26],[-4.28,6.26],[-4.27,6.26],[-4.27,6.26],[-4.27,6.26],[-4.27,6.26],[-4.27,6.26],[-4.27,6.26],[-4.27,6.26],[-4.27,6.26],[-4.27,6.26],[-4.27,6.25],[-4.27,6.25],[-4.27,6.25],[-4.27,6.25],[-4.27,6.25],[-4.27,6.25],[-4.27,6.25],[-4.27,6.25],[-4.27,6.25],[-4.27,6.25],[-4.27,6.25],[-4.27,6.25],[-4.27,6.25],[-4.26,6.24],[-4.26,6.24],[-4.26,6.24],[-4.26,6.24],[-4.26,6.24],[-4.26,6.24],[-4.26,6.24],[-4.26,6.24],[-4.26,6.24],[-4.26,6.24],[-4.26,6.24],[-4.26,6.24],[-4.26,6.23],[-4.26,6.23],[-4.26,6.23],[-4.26,6.23],[-4.26,6.23],[-4.26,6.23],[-4.26,6.23],[-4.26,6.23],[-4.26,6.23],[-4.25,6.23],[-4.25,6.23],[-4.25,6.23],[-4.25,6.23],[-4.25,6.22],[-4.25,6.22],[-4.25,6.22],[-4.25,6.22],[-4.25,6.22],[-4.25,6.22],[-4.25,6.22],[-4.25,6.22],[-4.25,6.22],[-4.25,6.21],[-4.25,6.21],[-4.25,6.21],[-4.25,6.21],[-4.25,6.21],[-4.25,6.21],[-4.25,6.21],[-4.25,6.21],[-4.25,6.21],[-4.25,6.21],[-4.25,6.21],[-4.25,6.21],[-4.25,6.21],[-4.25,6.21],[-4.25,6.2],[-4.25,6.2],[-4.25,6.2],[-4.25,6.2],[-4.25,6.2],[-4.25,6.2],[-4.25,6.2],[-4.24,6.2],[-4.24,6.2],[-4.24,6.19],[-4.24,6.19],[-4.24,6.19],[-4.24,6.19],[-4.24,6.19],[-4.24,6.19],[-4.24,6.19],[-4.24,6.19],[-4.24,6.19],[-4.24,6.19],[-4.16,6.23],[-4.16,6.23],[-4.12,6.26],[-4.12,6.26],[-4.16,6.33],[-4.14,6.47],[-4.14,6.47],[-4.09,6.49],[-4.08,6.48],[-4.07,6.5],[-4.06,6.5],[-4.03,6.52],[-4.03,6.52],[-4.0,6.54],[-3.98,6.55],[-3.98,6.55],[-3.98,6.55],[-3.98,6.56],[-3.98,6.56],[-3.98,6.56],[-3.98,6.56],[-3.98,6.56],[-3.97,6.56],[-3.97,6.55],[-3.97,6.55],[-3.97,6.55],[-3.97,6.55],[-3.97,6.55],[-3.96,6.55],[-3.96,6.55],[-3.96,6.55],[-3.96,6.54],[-3.96,6.54],[-3.96,6.54],[-3.96,6.54],[-3.96,6.54],[-3.96,6.54],[-3.96,6.54],[-3.95,6.54],[-3.95,6.54],[-3.95,6.54],[-3.95,6.54],[-3.95,6.54],[-3.94,6.54],[-3.94,6.54],[-3.94,6.54],[-3.94,6.54],[-3.94,6.54],[-3.94,6.54],[-3.94,6.54],[-3.93,6.54],[-3.93,6.54],[-3.93,6.54],[-3.93,6.54],[-3.93,6.54],[-3.93,6.54],[-3.92,6.55],[-3.92,6.54],[-3.92,6.55],[-3.92,6.55],[-3.92,6.55],[-3.92,6.55],[-3.92,6.55],[-3.92,6.55],[-3.91,6.55],[-3.91,6.55],[-3.91,6.55],[-3.91,6.55],[-3.9,6.55],[-3.9,6.55],[-3.9,6.55],[-3.9,6.55],[-3.9,6.55],[-3.9,6.55],[-3.9,6.55],[-3.9,6.55],[-3.9,6.55],[-3.9,6.54],[-3.89,6.54],[-3.89,6.54],[-3.89,6.54],[-3.89,6.54],[-3.89,6.54],[-3.89,6.54],[-3.89,6.54],[-3.88,6.54],[-3.88,6.54],[-3.88,6.54],[-3.88,6.53],[-3.88,6.53],[-3.88,6.54],[-3.88,6.54],[-3.87,6.54],[-3.87,6.54],[-3.87,6.54],[-3.87,6.54],[-3.87,6.54],[-3.87,6.54],[-3.86,6.54],[-3.86,6.54],[-3.86,6.54],[-3.86,6.54],[-3.86,6.54],[-3.85,6.54],[-3.85,6.53],[-3.85,6.53],[-3.85,6.53],[-3.85,6.53],[-3.85,6.53],[-3.85,6.54],[-3.85,6.54],[-3.85,6.54],[-3.84,6.54],[-3.84,6.54],[-3.84,6.54],[-3.84,6.54],[-3.84,6.55],[-3.84,6.55],[-3.84,6.55],[-3.84,6.55],[-3.84,6.55],[-3.83,6.55],[-3.83,6.55],[-3.83,6.56],[-3.83,6.56],[-3.83,6.56],[-3.83,6.56],[-3.83,6.56],[-3.83,6.57],[-3.83,6.57],[-3.83,6.57],[-3.83,6.57],[-3.83,6.57],[-3.83,6.57],[-3.83,6.57],[-3.82,6.57],[-3.82,6.58],[-3.82,6.58],[-3.82,6.58],[-3.82,6.58],[-3.81,6.58],[-3.81,6.58],[-3.81,6.58],[-3.81,6.58],[-3.81,6.58],[-3.81,6.58],[-3.81,6.58],[-3.81,6.58],[-3.8,6.58],[-3.8,6.58],[-3.8,6.58],[-3.8,6.58],[-3.8,6.58],[-3.8,6.59],[-3.8,6.59],[-3.8,6.59],[-3.79,6.59],[-3.79,6.59],[-3.79,6.59],[-3.79,6.59],[-3.79,6.6],[-3.79,6.6],[-3.79,6.6],[-3.79,6.6],[-3.79,6.6],[-3.79,6.6],[-3.78,6.61],[-3.78,6.61],[-3.78,6.61],[-3.78,6.61],[-3.78,6.61],[-3.78,6.61],[-3.77,6.61],[-3.77,6.61],[-3.77,6.61],[-3.77,6.61],[-3.77,6.61],[-3.77,6.62],[-3.77,6.62],[-3.77,6.62],[-3.77,6.62],[-3.78,6.62],[-3.78,6.62],[-3.78,6.62],[-3.78,6.62],[-3.78,6.63],[-3.78,6.63],[-3.78,6.63],[-3.78,6.63],[-3.78,6.63],[-3.78,6.63],[-3.78,6.63],[-3.78,6.64],[-3.78,6.64],[-3.77,6.64],[-3.78,6.64],[-3.78,6.64],[-3.78,6.64],[-3.78,6.64],[-3.78,6.64],[-3.78,6.64],[-3.78,6.65],[-3.78,6.65],[-3.78,6.65],[-3.79,6.65],[-3.79,6.65],[-3.79,6.65],[-3.79,6.65],[-3.79,6.66],[-3.79,6.66],[-3.79,6.66],[-3.79,6.66],[-3.79,6.66],[-3.79,6.66],[-3.79,6.66],[-3.79,6.67],[-3.79,6.67],[-3.79,6.67],[-3.8,6.67],[-3.8,6.67],[-3.8,6.67],[-3.8,6.67],[-3.8,6.67],[-3.8,6.68],[-3.8,6.68],[-3.8,6.68],[-3.8,6.68],[-3.79,6.68],[-3.79,6.68],[-3.79,6.68],[-3.79,6.68],[-3.79,6.68],[-3.79,6.69],[-3.78,6.69],[-3.78,6.69],[-3.78,6.69],[-3.78,6.69],[-3.78,6.69],[-3.78,6.69],[-3.78,6.7],[-3.78,6.7],[-3.78,6.7],[-3.77,6.7],[-3.77,6.7],[-3.77,6.7],[-3.77,6.7],[-3.77,6.7],[-3.77,6.7],[-3.77,6.7],[-3.77,6.71],[-3.77,6.71],[-3.77,6.71],[-3.77,6.71],[-3.77,6.71],[-3.77,6.71],[-3.78,6.71],[-3.78,6.72],[-3.78,6.72],[-3.77,6.72],[-3.78,6.72],[-3.78,6.72],[-3.78,6.72],[-3.78,6.72],[-3.78,6.72],[-3.78,6.72],[-3.78,6.72],[-3.78,6.73],[-3.78,6.73],[-3.79,6.73],[-3.79,6.73],[-3.79,6.73],[-3.79,6.73],[-3.79,6.73],[-3.79,6.73],[-3.79,6.73],[-3.79,6.74],[-3.79,6.74],[-3.79,6.74],[-3.79,6.74],[-3.79,6.74],[-3.79,6.74],[-3.79,6.75],[-3.79,6.75],[-3.79,6.75],[-3.8,6.75],[-3.8,6.75],[-3.8,6.75],[-3.8,6.75],[-3.8,6.76],[-3.8,6.76],[-3.8,6.76],[-3.8,6.76],[-3.8,6.76],[-3.8,6.76],[-3.8,6.76],[-3.8,6.77],[-3.79,6.77],[-3.79,6.77],[-3.79,6.77],[-3.79,6.77],[-3.79,6.77],[-3.79,6.77],[-3.79,6.77],[-3.78,6.77],[-3.78,6.77],[-3.78,6.77],[-3.78,6.77],[-3.78,6.77],[-3.77,6.77],[-3.77,6.78],[-3.77,6.78],[-3.77,6.78],[-3.77,6.77],[-3.77,6.77],[-3.77,6.77],[-3.76,6.77],[-3.76,6.77],[-3.76,6.78],[-3.76,6.78],[-3.76,6.78],[-3.76,6.78],[-3.76,6.78],[-3.76,6.78],[-3.76,6.79],[-3.76,6.79],[-3.77,6.79],[-3.77,6.79],[-3.77,6.79],[-3.77,6.79],[-3.77,6.79],[-3.77,6.8],[-3.77,6.8],[-3.76,6.8],[-3.76,6.8],[-3.76,6.8],[-3.76,6.8],[-3.76,6.8],[-3.76,6.81],[-3.76,6.81],[-3.76,6.81],[-3.76,6.81],[-3.76,6.81],[-3.75,6.81],[-3.75,6.81],[-3.75,6.82],[-3.75,6.82],[-3.75,6.82],[-3.75,6.82],[-3.75,6.82],[-3.75,6.82],[-3.75,6.82],[-3.75,6.83],[-3.75,6.83],[-3.75,6.83],[-3.76,6.83],[-3.76,6.83],[-3.76,6.83],[-3.76,6.83],[-3.76,6.83],[-3.76,6.83],[-3.76,6.83],[-3.77,6.83],[-3.77,6.83],[-3.77,6.84],[-3.77,6.84],[-3.77,6.84],[-3.77,6.84],[-3.77,6.84],[-3.77,6.84],[-3.77,6.84],[-3.77,6.84],[-3.78,6.85],[-3.78,6.85],[-3.78,6.85],[-3.78,6.85],[-3.78,6.85],[-3.78,6.85],[-3.78,6.85],[-3.78,6.86],[-3.78,6.86],[-3.78,6.86],[-3.78,6.86],[-3.78,6.86],[-3.78,6.86],[-3.78,6.87],[-3.78,6.87],[-3.78,6.87],[-3.77,6.87],[-3.77,6.87],[-3.77,6.87],[-3.77,6.87],[-3.77,6.87],[-3.77,6.88],[-3.77,6.88],[-3.77,6.88],[-3.77,6.88],[-3.77,6.88],[-3.76,6.88],[-3.76,6.89],[-3.76,6.89],[-3.76,6.89],[-3.76,6.89],[-3.76,6.89],[-3.76,6.89],[-3.76,6.89],[-3.76,6.89],[-3.75,6.9],[-3.75,6.9],[-3.75,6.9],[-3.75,6.9],[-3.75,6.9],[-3.75,6.9],[-3.75,6.9],[-3.75,6.91],[-3.75,6.91],[-3.75,6.91],[-3.74,6.91],[-3.74,6.91],[-3.74,6.91],[-3.74,6.91],[-3.74,6.91],[-3.74,6.91],[-3.74,6.92],[-3.74,6.92],[-3.74,6.92],[-3.74,6.92],[-3.74,6.92],[-3.74,6.92],[-3.74,6.92],[-3.74,6.93],[-3.74,6.93],[-3.74,6.93],[-3.74,6.93],[-3.74,6.93],[-3.74,6.93],[-3.74,6.94],[-3.75,6.94],[-3.75,6.94],[-3.75,6.94],[-3.75,6.94],[-3.75,6.94],[-3.75,6.94],[-3.75,6.95],[-3.75,6.95],[-3.75,6.95],[-3.74,6.95],[-3.74,6.95],[-3.74,6.95],[-3.74,6.95],[-3.74,6.96],[-3.74,6.96],[-3.74,6.96],[-3.75,6.96],[-3.75,6.96],[-3.75,6.96],[-3.75,6.96],[-3.75,6.96],[-3.75,6.96],[-3.75,6.96],[-3.76,6.95],[-3.76,6.95],[-3.76,6.95],[-3.76,6.95],[-3.76,6.95],[-3.76,6.95],[-3.76,6.95],[-3.76,6.95],[-3.76,6.94],[-3.77,6.94],[-3.77,6.94],[-3.77,6.94],[-3.77,6.94],[-3.77,6.94],[-3.77,6.93],[-3.77,6.93],[-3.77,6.93],[-3.77,6.93],[-3.77,6.93],[-3.77,6.93],[-3.77,6.93],[-3.77,6.93],[-3.77,6.93],[-3.77,6.93],[-3.78,6.93],[-3.78,6.93],[-3.78,6.93],[-3.78,6.93],[-3.78,6.93],[-3.78,6.93],[-3.78,6.93],[-3.78,6.94],[-3.79,6.94],[-3.79,6.94],[-3.79,6.94],[-3.79,6.95],[-3.79,6.95],[-3.79,6.95],[-3.79,6.95],[-3.79,6.95],[-3.79,6.95],[-3.79,6.95],[-3.8,6.95],[-3.8,6.95],[-3.8,6.95],[-3.8,6.95],[-3.8,6.95],[-3.8,6.95],[-3.81,6.96],[-3.81,6.96],[-3.81,6.96],[-3.81,6.96],[-3.81,6.96],[-3.81,6.96],[-3.81,6.96],[-3.81,6.96],[-3.81,6.96],[-3.82,6.96],[-3.82,6.96],[-3.82,6.96],[-3.82,6.96],[-3.82,6.96],[-3.83,6.96],[-3.83,6.96],[-3.83,6.96],[-3.83,6.96],[-3.83,6.96],[-3.83,6.96],[-3.83,6.96],[-3.83,6.97],[-3.84,6.97],[-3.84,6.97],[-3.84,6.97],[-3.84,6.97],[-3.84,6.98],[-3.84,6.98],[-3.84,6.98],[-3.84,6.98],[-3.84,6.98],[-3.84,6.98],[-3.85,6.99],[-3.85,6.99],[-3.85,6.99],[-3.85,6.99],[-3.85,6.99],[-3.85,6.99],[-3.85,6.99],[-3.86,6.99],[-3.86,6.99],[-3.86,6.99],[-3.86,6.99],[-3.86,6.99],[-3.87,6.99],[-3.87,6.99],[-3.87,6.99],[-3.87,6.99],[-3.87,6.99],[-3.87,6.99],[-3.88,6.99],[-3.88,6.99],[-3.88,6.98],[-3.88,6.98],[-3.88,6.98],[-3.88,6.98],[-3.88,6.99],[-3.89,6.99],[-3.89,6.99],[-3.89,6.99],[-3.89,6.99],[-3.89,6.99],[-3.89,6.99],[-3.89,6.99],[-3.9,6.99],[-3.9,6.99],[-3.9,6.99],[-3.9,6.99],[-3.9,6.99],[-3.9,6.99],[-3.91,6.99],[-3.91,6.99],[-3.91,6.99],[-3.91,6.98],[-3.91,6.98],[-3.91,6.98],[-3.91,6.98],[-3.92,6.98],[-3.92,6.98],[-3.92,6.98],[-3.92,6.97],[-3.92,6.97],[-3.92,6.97],[-3.92,6.98],[-3.92,6.98],[-3.93,6.98],[-3.93,6.98],[-3.93,6.98],[-3.93,6.98],[-3.93,6.98],[-3.94,6.98],[-3.94,6.98],[-3.94,6.98],[-3.94,6.99],[-3.94,6.99],[-3.94,6.99],[-3.94,6.99],[-3.94,6.99],[-3.95,6.99],[-3.95,6.99],[-3.95,6.99],[-3.95,6.99],[-3.95,6.99],[-3.96,6.99],[-3.96,6.99],[-3.96,6.99],[-3.96,6.99],[-3.96,6.99],[-3.96,6.99],[-3.97,6.99],[-3.97,6.99],[-3.97,6.99],[-3.97,6.99],[-3.97,6.99],[-3.97,6.99],[-3.98,6.99],[-3.98,6.99],[-3.98,6.99],[-3.98,6.99],[-3.98,6.99],[-3.98,6.99],[-3.99,6.99],[-3.99,6.99],[-3.99,6.99],[-3.99,6.99],[-3.99,6.99],[-3.99,6.99],[-4.0,6.99],[-4.0,6.99],[-4.0,6.99],[-4.0,7.0],[-4.0,7.0],[-4.0,7.0],[-4.0,7.0],[-4.01,7.0],[-4.01,7.0],[-4.01,7.0],[-4.01,7.0],[-4.01,7.0],[-4.01,7.0],[-4.01,7.0],[-4.02,7.0]]]}},{"type":"Feature","properties":{"name":"N'Zi","code":"CI27","level":"region","status":"pending","schools":371,"students":77067,"girls":34639,"boys":42428,"district":"Lacs"},"geometry":{"type":"Polygon","coordinates":[[[-4.64,7.48],[-4.64,7.48],[-4.65,7.48],[-4.65,7.48],[-4.66,7.48],[-4.66,7.48],[-4.66,7.48],[-4.66,7.48],[-4.66,7.48],[-4.67,7.47],[-4.67,7.48],[-4.67,7.47],[-4.67,7.48],[-4.67,7.48],[-4.68,7.48],[-4.68,7.47],[-4.68,7.47],[-4.68,7.47],[-4.69,7.47],[-4.73,7.45],[-4.74,7.44],[-4.76,7.43],[-4.76,7.43],[-4.76,7.43],[-4.76,7.43],[-4.76,7.43],[-4.76,7.42],[-4.76,7.42],[-4.76,7.42],[-4.76,7.42],[-4.76,7.42],[-4.76,7.42],[-4.76,7.42],[-4.75,7.41],[-4.75,7.41],[-4.75,7.41],[-4.75,7.41],[-4.75,7.41],[-4.75,7.41],[-4.75,7.41],[-4.75,7.4],[-4.75,7.4],[-4.75,7.4],[-4.75,7.4],[-4.75,7.4],[-4.75,7.39],[-4.75,7.39],[-4.75,7.39],[-4.75,7.38],[-4.75,7.38],[-4.75,7.38],[-4.75,7.37],[-4.75,7.37],[-4.75,7.37],[-4.75,7.37],[-4.75,7.36],[-4.74,7.36],[-4.74,7.36],[-4.74,7.36],[-4.74,7.36],[-4.74,7.35],[-4.74,7.35],[-4.74,7.35],[-4.74,7.35],[-4.74,7.34],[-4.74,7.34],[-4.74,7.34],[-4.74,7.34],[-4.74,7.34],[-4.74,7.33],[-4.74,7.33],[-4.74,7.33],[-4.74,7.33],[-4.74,7.33],[-4.74,7.32],[-4.74,7.32],[-4.73,7.32],[-4.73,7.32],[-4.73,7.32],[-4.73,7.32],[-4.73,7.31],[-4.73,7.31],[-4.73,7.31],[-4.73,7.31],[-4.73,7.3],[-4.73,7.3],[-4.73,7.3],[-4.73,7.3],[-4.72,7.3],[-4.72,7.29],[-4.72,7.29],[-4.72,7.29],[-4.72,7.29],[-4.72,7.29],[-4.72,7.29],[-4.71,7.28],[-4.71,7.28],[-4.71,7.28],[-4.71,7.28],[-4.71,7.28],[-4.71,7.27],[-4.71,7.27],[-4.71,7.27],[-4.71,7.27],[-4.71,7.26],[-4.71,7.26],[-4.71,7.26],[-4.71,7.26],[-4.71,7.26],[-4.71,7.26],[-4.71,7.26],[-4.71,7.25],[-4.71,7.25],[-4.71,7.25],[-4.71,7.25],[-4.71,7.25],[-4.71,7.25],[-4.7,7.24],[-4.7,7.24],[-4.7,7.24],[-4.7,7.24],[-4.7,7.24],[-4.74,7.22],[-4.74,7.22],[-4.74,7.21],[-4.74,7.21],[-4.74,7.21],[-4.74,7.21],[-4.74,7.21],[-4.74,7.21],[-4.74,7.21],[-4.74,7.2],[-4.74,7.2],[-4.75,7.2],[-4.75,7.2],[-4.75,7.2],[-4.75,7.2],[-4.75,7.19],[-4.75,7.19],[-4.75,7.19],[-4.75,7.19],[-4.75,7.19],[-4.75,7.19],[-4.75,7.18],[-4.75,7.18],[-4.75,7.18],[-4.75,7.18],[-4.75,7.18],[-4.75,7.18],[-4.75,7.17],[-4.75,7.17],[-4.75,7.17],[-4.75,7.17],[-4.75,7.17],[-4.75,7.17],[-4.75,7.16],[-4.75,7.16],[-4.75,7.16],[-4.75,7.16],[-4.75,7.16],[-4.75,7.15],[-4.75,7.15],[-4.75,7.15],[-4.75,7.14],[-4.76,7.14],[-4.76,7.14],[-4.76,7.14],[-4.76,7.14],[-4.76,7.13],[-4.76,7.12],[-4.76,7.12],[-4.76,7.11],[-4.76,7.11],[-4.76,7.11],[-4.76,7.11],[-4.76,7.1],[-4.77,7.06],[-4.77,7.06],[-4.77,7.06],[-4.78,7.06],[-4.78,7.06],[-4.78,7.06],[-4.78,7.06],[-4.78,7.05],[-4.81,7.04],[-4.78,6.98],[-4.78,6.98],[-4.79,6.97],[-4.79,6.97],[-4.79,6.96],[-4.79,6.96],[-4.79,6.96],[-4.8,6.96],[-4.8,6.96],[-4.8,6.95],[-4.8,6.95],[-4.8,6.95],[-4.8,6.95],[-4.8,6.95],[-4.8,6.95],[-4.8,6.94],[-4.8,6.94],[-4.81,6.94],[-4.81,6.94],[-4.81,6.94],[-4.8,6.94],[-4.8,6.94],[-4.8,6.93],[-4.8,6.93],[-4.8,6.93],[-4.8,6.93],[-4.8,6.93],[-4.8,6.93],[-4.8,6.93],[-4.8,6.92],[-4.8,6.92],[-4.8,6.92],[-4.8,6.92],[-4.8,6.92],[-4.8,6.92],[-4.8,6.92],[-4.8,6.91],[-4.8,6.91],[-4.8,6.91],[-4.8,6.91],[-4.8,6.91],[-4.8,6.9],[-4.8,6.9],[-4.8,6.9],[-4.8,6.9],[-4.8,6.9],[-4.8,6.9],[-4.8,6.89],[-4.8,6.89],[-4.8,6.89],[-4.79,6.89],[-4.79,6.89],[-4.79,6.89],[-4.79,6.88],[-4.79,6.88],[-4.79,6.88],[-4.79,6.88],[-4.79,6.88],[-4.79,6.88],[-4.8,6.88],[-4.8,6.88],[-4.8,6.88],[-4.8,6.88],[-4.8,6.88],[-4.81,6.87],[-4.81,6.87],[-4.81,6.87],[-4.81,6.87],[-4.81,6.88],[-4.82,6.88],[-4.82,6.88],[-4.82,6.88],[-4.82,6.88],[-4.84,6.87],[-4.84,6.87],[-4.84,6.86],[-4.84,6.86],[-4.85,6.86],[-4.85,6.86],[-4.85,6.86],[-4.85,6.86],[-4.85,6.86],[-4.85,6.86],[-4.85,6.85],[-4.86,6.85],[-4.86,6.85],[-4.86,6.85],[-4.86,6.85],[-4.86,6.85],[-4.86,6.85],[-4.87,6.85],[-4.87,6.85],[-4.87,6.85],[-4.87,6.85],[-4.87,6.85],[-4.87,6.85],[-4.87,6.85],[-4.88,6.85],[-4.88,6.84],[-4.88,6.84],[-4.88,6.84],[-4.88,6.84],[-4.88,6.84],[-4.89,6.84],[-4.89,6.84],[-4.89,6.84],[-4.89,6.84],[-4.89,6.84],[-4.89,6.84],[-4.9,6.84],[-4.9,6.84],[-4.9,6.85],[-4.91,6.85],[-4.91,6.85],[-4.91,6.85],[-4.91,6.85],[-4.92,6.85],[-4.92,6.85],[-4.92,6.85],[-4.93,6.85],[-4.93,6.85],[-4.93,6.85],[-4.93,6.85],[-4.94,6.85],[-4.94,6.85],[-4.95,6.85],[-4.95,6.85],[-4.95,6.85],[-4.95,6.85],[-4.95,6.85],[-4.96,6.85],[-4.96,6.85],[-4.96,6.85],[-4.96,6.84],[-4.97,6.84],[-4.97,6.84],[-4.97,6.84],[-4.97,6.84],[-4.97,6.84],[-4.97,6.84],[-4.97,6.84],[-4.97,6.84],[-4.97,6.83],[-4.97,6.83],[-4.97,6.83],[-4.97,6.83],[-4.97,6.83],[-4.97,6.83],[-4.97,6.83],[-4.97,6.82],[-4.97,6.82],[-4.97,6.82],[-4.97,6.82],[-4.97,6.82],[-4.97,6.82],[-4.96,6.82],[-4.96,6.82],[-4.96,6.82],[-4.96,6.82],[-4.96,6.82],[-4.96,6.82],[-4.95,6.82],[-4.96,6.82],[-4.95,6.82],[-4.96,6.82],[-4.96,6.82],[-4.96,6.81],[-4.96,6.81],[-4.96,6.81],[-4.96,6.81],[-4.96,6.81],[-4.96,6.81],[-4.96,6.81],[-4.96,6.8],[-4.96,6.8],[-4.96,6.8],[-4.96,6.8],[-4.96,6.8],[-4.96,6.8],[-4.96,6.8],[-4.96,6.8],[-4.96,6.8],[-4.96,6.8],[-4.96,6.8],[-4.96,6.8],[-4.96,6.79],[-4.96,6.79],[-4.96,6.79],[-4.96,6.79],[-4.96,6.79],[-4.96,6.79],[-4.96,6.79],[-4.96,6.79],[-4.96,6.79],[-4.96,6.78],[-4.96,6.78],[-4.96,6.78],[-4.96,6.78],[-4.96,6.78],[-4.96,6.78],[-4.96,6.78],[-4.96,6.77],[-4.97,6.77],[-4.97,6.77],[-4.97,6.77],[-4.97,6.77],[-4.97,6.77],[-4.97,6.76],[-4.97,6.76],[-4.97,6.76],[-4.97,6.76],[-4.97,6.76],[-4.97,6.76],[-4.98,6.76],[-4.98,6.76],[-4.98,6.76],[-4.98,6.76],[-4.98,6.76],[-4.98,6.76],[-4.98,6.76],[-4.97,6.76],[-4.97,6.75],[-4.97,6.75],[-4.97,6.75],[-4.97,6.75],[-4.97,6.75],[-4.98,6.75],[-4.97,6.75],[-4.97,6.75],[-4.97,6.75],[-4.98,6.75],[-4.97,6.74],[-4.97,6.74],[-4.97,6.74],[-4.97,6.74],[-4.97,6.74],[-4.97,6.74],[-4.97,6.74],[-4.97,6.73],[-4.96,6.73],[-4.96,6.73],[-4.96,6.73],[-4.96,6.73],[-4.96,6.72],[-4.95,6.72],[-4.95,6.72],[-4.95,6.72],[-4.95,6.72],[-4.95,6.72],[-4.94,6.72],[-4.94,6.72],[-4.94,6.72],[-4.94,6.72],[-4.94,6.72],[-4.93,6.72],[-4.93,6.72],[-4.93,6.72],[-4.93,6.71],[-4.93,6.71],[-4.93,6.71],[-4.93,6.71],[-4.94,6.71],[-4.94,6.71],[-4.94,6.7],[-4.94,6.7],[-4.94,6.7],[-4.94,6.7],[-4.95,6.7],[-4.95,6.7],[-4.95,6.7],[-4.95,6.7],[-4.95,6.7],[-4.95,6.7],[-4.95,6.7],[-4.95,6.7],[-4.95,6.69],[-4.95,6.69],[-4.95,6.69],[-4.95,6.69],[-4.96,6.69],[-4.96,6.69],[-4.96,6.69],[-4.96,6.69],[-4.96,6.68],[-4.96,6.68],[-4.96,6.68],[-4.95,6.68],[-4.95,6.68],[-4.96,6.68],[-4.96,6.68],[-4.96,6.68],[-4.96,6.67],[-4.96,6.67],[-4.96,6.67],[-4.96,6.67],[-4.96,6.67],[-4.96,6.67],[-4.96,6.67],[-4.96,6.66],[-4.96,6.66],[-4.95,6.66],[-4.95,6.66],[-4.95,6.66],[-4.95,6.66],[-4.95,6.66],[-4.94,6.66],[-4.94,6.66],[-4.94,6.66],[-4.94,6.66],[-4.94,6.66],[-4.94,6.65],[-4.94,6.65],[-4.94,6.65],[-4.94,6.65],[-4.94,6.65],[-4.94,6.65],[-4.94,6.65],[-4.94,6.65],[-4.94,6.65],[-4.94,6.64],[-4.94,6.64],[-4.94,6.64],[-4.93,6.64],[-4.93,6.64],[-4.93,6.64],[-4.93,6.64],[-4.93,6.65],[-4.93,6.64],[-4.93,6.64],[-4.93,6.64],[-4.93,6.64],[-4.93,6.64],[-4.93,6.63],[-4.93,6.63],[-4.93,6.63],[-4.93,6.63],[-4.92,6.63],[-4.92,6.63],[-4.92,6.62],[-4.92,6.62],[-4.92,6.62],[-4.93,6.62],[-4.93,6.62],[-4.93,6.62],[-4.93,6.62],[-4.93,6.62],[-4.93,6.62],[-4.93,6.63],[-4.93,6.63],[-4.93,6.63],[-4.94,6.63],[-4.94,6.63],[-4.94,6.63],[-4.94,6.63],[-4.94,6.63],[-4.94,6.62],[-4.94,6.62],[-4.94,6.62],[-4.94,6.62],[-4.94,6.62],[-4.94,6.61],[-4.94,6.61],[-4.94,6.61],[-4.93,6.61],[-4.93,6.61],[-4.93,6.6],[-4.93,6.6],[-4.93,6.6],[-4.93,6.6],[-4.93,6.6],[-4.92,6.6],[-4.92,6.6],[-4.92,6.6],[-4.92,6.6],[-4.92,6.6],[-4.91,6.6],[-4.91,6.6],[-4.91,6.6],[-4.91,6.6],[-4.91,6.6],[-4.91,6.6],[-4.91,6.6],[-4.9,6.6],[-4.9,6.6],[-4.9,6.6],[-4.9,6.6],[-4.89,6.6],[-4.89,6.6],[-4.89,6.6],[-4.89,6.6],[-4.9,6.6],[-4.9,6.6],[-4.9,6.6],[-4.9,6.6],[-4.9,6.6],[-4.9,6.61],[-4.9,6.61],[-4.9,6.61],[-4.9,6.61],[-4.9,6.61],[-4.9,6.62],[-4.9,6.62],[-4.89,6.62],[-4.89,6.61],[-4.89,6.61],[-4.88,6.61],[-4.88,6.61],[-4.88,6.61],[-4.88,6.61],[-4.88,6.62],[-4.88,6.62],[-4.87,6.62],[-4.87,6.62],[-4.87,6.62],[-4.87,6.62],[-4.87,6.62],[-4.87,6.62],[-4.87,6.63],[-4.87,6.63],[-4.87,6.63],[-4.86,6.63],[-4.86,6.63],[-4.86,6.63],[-4.86,6.63],[-4.85,6.63],[-4.85,6.63],[-4.85,6.63],[-4.85,6.63],[-4.85,6.63],[-4.84,6.63],[-4.84,6.63],[-4.83,6.63],[-4.83,6.63],[-4.83,6.63],[-4.83,6.63],[-4.83,6.63],[-4.83,6.63],[-4.82,6.63],[-4.82,6.63],[-4.82,6.63],[-4.82,6.62],[-4.82,6.62],[-4.81,6.62],[-4.81,6.62],[-4.81,6.62],[-4.8,6.62],[-4.8,6.62],[-4.8,6.62],[-4.8,6.62],[-4.79,6.62],[-4.79,6.62],[-4.79,6.62],[-4.79,6.62],[-4.79,6.62],[-4.79,6.61],[-4.78,6.61],[-4.78,6.61],[-4.78,6.61],[-4.78,6.61],[-4.78,6.61],[-4.77,6.61],[-4.77,6.61],[-4.77,6.61],[-4.77,6.6],[-4.77,6.6],[-4.77,6.6],[-4.77,6.6],[-4.77,6.59],[-4.77,6.59],[-4.77,6.59],[-4.77,6.59],[-4.76,6.59],[-4.76,6.59],[-4.76,6.59],[-4.76,6.59],[-4.76,6.59],[-4.76,6.59],[-4.76,6.58],[-4.76,6.58],[-4.76,6.58],[-4.76,6.58],[-4.76,6.58],[-4.76,6.58],[-4.76,6.58],[-4.76,6.58],[-4.76,6.58],[-4.75,6.58],[-4.75,6.58],[-4.75,6.58],[-4.75,6.58],[-4.74,6.58],[-4.74,6.58],[-4.74,6.58],[-4.74,6.58],[-4.74,6.58],[-4.73,6.59],[-4.73,6.59],[-4.73,6.59],[-4.73,6.59],[-4.72,6.59],[-4.72,6.59],[-4.72,6.59],[-4.72,6.59],[-4.71,6.59],[-4.71,6.59],[-4.71,6.59],[-4.71,6.59],[-4.71,6.59],[-4.71,6.59],[-4.7,6.59],[-4.7,6.59],[-4.7,6.59],[-4.7,6.59],[-4.7,6.59],[-4.7,6.59],[-4.69,6.59],[-4.69,6.59],[-4.69,6.59],[-4.69,6.59],[-4.68,6.6],[-4.68,6.6],[-4.68,6.6],[-4.68,6.6],[-4.67,6.6],[-4.67,6.6],[-4.67,6.6],[-4.67,6.61],[-4.67,6.61],[-4.67,6.61],[-4.67,6.61],[-4.66,6.61],[-4.66,6.61],[-4.66,6.61],[-4.66,6.61],[-4.66,6.6],[-4.66,6.6],[-4.65,6.6],[-4.65,6.6],[-4.65,6.6],[-4.65,6.6],[-4.65,6.6],[-4.65,6.6],[-4.65,6.6],[-4.64,6.6],[-4.64,6.59],[-4.64,6.59],[-4.64,6.59],[-4.64,6.59],[-4.63,6.59],[-4.63,6.59],[-4.63,6.59],[-4.63,6.59],[-4.63,6.59],[-4.63,6.59],[-4.62,6.58],[-4.62,6.58],[-4.62,6.58],[-4.62,6.58],[-4.62,6.58],[-4.62,6.58],[-4.62,6.58],[-4.61,6.58],[-4.61,6.58],[-4.61,6.58],[-4.61,6.58],[-4.61,6.57],[-4.61,6.57],[-4.61,6.57],[-4.61,6.57],[-4.61,6.57],[-4.6,6.57],[-4.6,6.57],[-4.6,6.57],[-4.6,6.56],[-4.6,6.56],[-4.59,6.56],[-4.59,6.56],[-4.59,6.56],[-4.59,6.56],[-4.59,6.56],[-4.58,6.56],[-4.58,6.56],[-4.58,6.56],[-4.58,6.56],[-4.58,6.57],[-4.57,6.57],[-4.57,6.57],[-4.57,6.57],[-4.57,6.57],[-4.57,6.57],[-4.56,6.57],[-4.56,6.57],[-4.56,6.57],[-4.56,6.58],[-4.56,6.58],[-4.56,6.58],[-4.55,6.58],[-4.55,6.58],[-4.55,6.58],[-4.55,6.58],[-4.55,6.58],[-4.55,6.59],[-4.55,6.59],[-4.55,6.59],[-4.55,6.59],[-4.55,6.59],[-4.56,6.6],[-4.56,6.6],[-4.56,6.6],[-4.56,6.6],[-4.56,6.61],[-4.56,6.61],[-4.56,6.61],[-4.56,6.61],[-4.56,6.61],[-4.56,6.61],[-4.56,6.61],[-4.55,6.62],[-4.55,6.62],[-4.55,6.62],[-4.55,6.62],[-4.55,6.62],[-4.55,6.62],[-4.55,6.62],[-4.54,6.62],[-4.54,6.62],[-4.54,6.63],[-4.55,6.63],[-4.55,6.63],[-4.55,6.63],[-4.55,6.63],[-4.55,6.63],[-4.55,6.63],[-4.55,6.64],[-4.55,6.64],[-4.55,6.64],[-4.55,6.64],[-4.55,6.64],[-4.55,6.65],[-4.55,6.65],[-4.55,6.65],[-4.55,6.65],[-4.56,6.65],[-4.56,6.66],[-4.55,6.66],[-4.55,6.66],[-4.55,6.66],[-4.55,6.66],[-4.55,6.66],[-4.55,6.66],[-4.55,6.66],[-4.55,6.66],[-4.55,6.67],[-4.54,6.67],[-4.54,6.67],[-4.54,6.67],[-4.54,6.67],[-4.54,6.68],[-4.54,6.68],[-4.54,6.68],[-4.54,6.68],[-4.54,6.68],[-4.54,6.69],[-4.54,6.69],[-4.55,6.69],[-4.55,6.69],[-4.55,6.69],[-4.55,6.7],[-4.55,6.7],[-4.55,6.7],[-4.55,6.7],[-4.56,6.7],[-4.56,6.7],[-4.56,6.71],[-4.56,6.71],[-4.56,6.71],[-4.56,6.71],[-4.56,6.71],[-4.56,6.71],[-4.57,6.71],[-4.57,6.71],[-4.57,6.71],[-4.57,6.72],[-4.57,6.72],[-4.57,6.72],[-4.57,6.72],[-4.57,6.72],[-4.57,6.72],[-4.56,6.72],[-4.56,6.72],[-4.56,6.72],[-4.56,6.72],[-4.56,6.72],[-4.56,6.72],[-4.55,6.72],[-4.55,6.72],[-4.55,6.72],[-4.55,6.72],[-4.55,6.72],[-4.55,6.72],[-4.54,6.72],[-4.54,6.71],[-4.54,6.71],[-4.54,6.71],[-4.54,6.71],[-4.54,6.71],[-4.54,6.71],[-4.54,6.71],[-4.54,6.71],[-4.54,6.71],[-4.53,6.71],[-4.53,6.71],[-4.53,6.71],[-4.53,6.71],[-4.53,6.71],[-4.53,6.7],[-4.53,6.7],[-4.53,6.7],[-4.53,6.7],[-4.53,6.7],[-4.53,6.7],[-4.52,6.7],[-4.52,6.7],[-4.52,6.7],[-4.52,6.7],[-4.52,6.7],[-4.52,6.71],[-4.52,6.71],[-4.52,6.71],[-4.52,6.71],[-4.51,6.71],[-4.51,6.71],[-4.51,6.71],[-4.51,6.72],[-4.51,6.71],[-4.51,6.71],[-4.51,6.71],[-4.51,6.71],[-4.5,6.71],[-4.5,6.71],[-4.5,6.71],[-4.5,6.7],[-4.5,6.7],[-4.5,6.7],[-4.5,6.7],[-4.5,6.7],[-4.5,6.7],[-4.5,6.69],[-4.5,6.69],[-4.5,6.69],[-4.5,6.69],[-4.5,6.69],[-4.5,6.69],[-4.49,6.69],[-4.49,6.69],[-4.49,6.69],[-4.49,6.69],[-4.49,6.69],[-4.49,6.69],[-4.49,6.69],[-4.49,6.69],[-4.49,6.7],[-4.49,6.7],[-4.49,6.7],[-4.49,6.7],[-4.49,6.7],[-4.49,6.71],[-4.49,6.71],[-4.49,6.71],[-4.49,6.71],[-4.49,6.71],[-4.49,6.72],[-4.49,6.72],[-4.49,6.72],[-4.49,6.72],[-4.49,6.72],[-4.48,6.72],[-4.48,6.72],[-4.48,6.72],[-4.48,6.72],[-4.48,6.72],[-4.48,6.71],[-4.48,6.71],[-4.48,6.71],[-4.48,6.71],[-4.48,6.71],[-4.47,6.71],[-4.47,6.71],[-4.47,6.71],[-4.47,6.71],[-4.47,6.72],[-4.47,6.72],[-4.47,6.72],[-4.47,6.72],[-4.47,6.72],[-4.47,6.72],[-4.47,6.73],[-4.47,6.73],[-4.47,6.73],[-4.47,6.73],[-4.47,6.74],[-4.47,6.74],[-4.46,6.74],[-4.46,6.74],[-4.46,6.74],[-4.46,6.74],[-4.46,6.74],[-4.46,6.74],[-4.46,6.74],[-4.46,6.74],[-4.45,6.74],[-4.45,6.74],[-4.45,6.74],[-4.45,6.74],[-4.45,6.73],[-4.45,6.73],[-4.45,6.73],[-4.44,6.73],[-4.44,6.73],[-4.44,6.73],[-4.44,6.73],[-4.44,6.72],[-4.44,6.72],[-4.44,6.72],[-4.44,6.73],[-4.44,6.73],[-4.44,6.73],[-4.44,6.73],[-4.44,6.73],[-4.44,6.73],[-4.44,6.73],[-4.44,6.74],[-4.44,6.74],[-4.44,6.74],[-4.44,6.74],[-4.45,6.74],[-4.45,6.75],[-4.44,6.75],[-4.44,6.74],[-4.44,6.74],[-4.44,6.74],[-4.44,6.74],[-4.43,6.74],[-4.43,6.74],[-4.43,6.74],[-4.43,6.74],[-4.43,6.75],[-4.43,6.75],[-4.43,6.75],[-4.43,6.75],[-4.43,6.75],[-4.43,6.75],[-4.43,6.75],[-4.44,6.75],[-4.44,6.75],[-4.44,6.75],[-4.44,6.75],[-4.44,6.76],[-4.44,6.76],[-4.45,6.76],[-4.45,6.75],[-4.45,6.75],[-4.45,6.75],[-4.45,6.75],[-4.45,6.75],[-4.46,6.75],[-4.46,6.75],[-4.46,6.75],[-4.46,6.76],[-4.46,6.76],[-4.46,6.76],[-4.46,6.76],[-4.47,6.76],[-4.47,6.76],[-4.47,6.76],[-4.47,6.76],[-4.47,6.76],[-4.47,6.76],[-4.47,6.77],[-4.47,6.77],[-4.48,6.77],[-4.48,6.77],[-4.48,6.77],[-4.48,6.77],[-4.48,6.77],[-4.48,6.78],[-4.48,6.78],[-4.48,6.78],[-4.47,6.78],[-4.47,6.78],[-4.47,6.78],[-4.47,6.78],[-4.47,6.78],[-4.47,6.78],[-4.47,6.78],[-4.47,6.78],[-4.47,6.78],[-4.47,6.77],[-4.47,6.77],[-4.46,6.77],[-4.46,6.77],[-4.46,6.77],[-4.46,6.77],[-4.46,6.77],[-4.46,6.77],[-4.45,6.78],[-4.45,6.78],[-4.45,6.77],[-4.45,6.77],[-4.45,6.77],[-4.45,6.77],[-4.44,6.77],[-4.44,6.77],[-4.44,6.77],[-4.44,6.77],[-4.44,6.77],[-4.43,6.77],[-4.43,6.77],[-4.43,6.77],[-4.43,6.77],[-4.43,6.77],[-4.43,6.78],[-4.43,6.78],[-4.43,6.78],[-4.43,6.78],[-4.43,6.78],[-4.43,6.78],[-4.43,6.79],[-4.43,6.79],[-4.43,6.79],[-4.43,6.79],[-4.43,6.79],[-4.43,6.79],[-4.43,6.79],[-4.43,6.79],[-4.43,6.79],[-4.43,6.79],[-4.43,6.8],[-4.43,6.8],[-4.43,6.8],[-4.43,6.8],[-4.43,6.8],[-4.43,6.8],[-4.43,6.8],[-4.43,6.8],[-4.43,6.8],[-4.43,6.8],[-4.43,6.8],[-4.43,6.8],[-4.43,6.8],[-4.43,6.8],[-4.43,6.81],[-4.42,6.8],[-4.42,6.8],[-4.42,6.8],[-4.42,6.8],[-4.42,6.8],[-4.42,6.8],[-4.42,6.8],[-4.42,6.8],[-4.41,6.8],[-4.41,6.8],[-4.41,6.8],[-4.41,6.8],[-4.41,6.8],[-4.41,6.8],[-4.41,6.8],[-4.4,6.81],[-4.4,6.8],[-4.4,6.8],[-4.4,6.8],[-4.4,6.8],[-4.4,6.8],[-4.39,6.8],[-4.39,6.8],[-4.39,6.8],[-4.39,6.8],[-4.39,6.8],[-4.39,6.79],[-4.39,6.79],[-4.39,6.79],[-4.38,6.79],[-4.38,6.79],[-4.38,6.79],[-4.38,6.79],[-4.38,6.79],[-4.38,6.79],[-4.38,6.79],[-4.38,6.79],[-4.38,6.79],[-4.38,6.8],[-4.38,6.8],[-4.38,6.8],[-4.37,6.8],[-4.37,6.8],[-4.37,6.8],[-4.37,6.8],[-4.37,6.8],[-4.37,6.8],[-4.37,6.8],[-4.37,6.8],[-4.36,6.8],[-4.36,6.8],[-4.36,6.8],[-4.36,6.8],[-4.36,6.8],[-4.36,6.8],[-4.36,6.8],[-4.35,6.8],[-4.35,6.8],[-4.35,6.8],[-4.35,6.8],[-4.35,6.79],[-4.35,6.8],[-4.34,6.8],[-4.34,6.8],[-4.34,6.8],[-4.34,6.8],[-4.34,6.8],[-4.34,6.8],[-4.34,6.8],[-4.34,6.8],[-4.34,6.81],[-4.34,6.81],[-4.34,6.81],[-4.34,6.81],[-4.33,6.81],[-4.33,6.81],[-4.33,6.82],[-4.33,6.82],[-4.33,6.82],[-4.33,6.82],[-4.33,6.82],[-4.33,6.82],[-4.33,6.82],[-4.33,6.83],[-4.33,6.83],[-4.33,6.83],[-4.33,6.83],[-4.34,6.83],[-4.34,6.83],[-4.34,6.83],[-4.3,6.85],[-4.19,6.91],[-4.04,7.0],[-4.09,7.0],[-4.09,7.0],[-4.1,7.01],[-4.1,7.01],[-4.1,7.01],[-4.1,7.01],[-4.1,7.01],[-4.1,7.01],[-4.1,7.01],[-4.1,7.01],[-4.1,7.02],[-4.1,7.02],[-4.1,7.02],[-4.1,7.02],[-4.11,7.03],[-4.11,7.03],[-4.11,7.03],[-4.11,7.05],[-4.12,7.09],[-4.12,7.09],[-4.12,7.09],[-4.12,7.09],[-4.12,7.1],[-4.12,7.1],[-4.13,7.1],[-4.13,7.1],[-4.13,7.11],[-4.13,7.11],[-4.13,7.11],[-4.13,7.11],[-4.13,7.12],[-4.13,7.12],[-4.13,7.12],[-4.13,7.12],[-4.2,7.14],[-4.22,7.18],[-4.23,7.19],[-4.23,7.19],[-4.23,7.19],[-4.24,7.19],[-4.24,7.19],[-4.24,7.18],[-4.24,7.18],[-4.24,7.18],[-4.24,7.18],[-4.25,7.18],[-4.25,7.18],[-4.25,7.18],[-4.25,7.18],[-4.25,7.18],[-4.25,7.18],[-4.26,7.18],[-4.26,7.19],[-4.26,7.19],[-4.26,7.19],[-4.27,7.19],[-4.27,7.19],[-4.28,7.2],[-4.28,7.2],[-4.29,7.2],[-4.29,7.2],[-4.29,7.2],[-4.29,7.2],[-4.3,7.2],[-4.3,7.21],[-4.3,7.21],[-4.3,7.21],[-4.31,7.21],[-4.31,7.21],[-4.31,7.21],[-4.32,7.21],[-4.32,7.21],[-4.32,7.21],[-4.32,7.21],[-4.33,7.21],[-4.33,7.21],[-4.33,7.21],[-4.33,7.21],[-4.33,7.21],[-4.33,7.21],[-4.34,7.21],[-4.34,7.21],[-4.34,7.21],[-4.34,7.21],[-4.34,7.21],[-4.35,7.21],[-4.35,7.21],[-4.35,7.21],[-4.35,7.21],[-4.36,7.21],[-4.36,7.21],[-4.36,7.21],[-4.36,7.21],[-4.36,7.21],[-4.37,7.21],[-4.37,7.21],[-4.37,7.21],[-4.37,7.21],[-4.37,7.22],[-4.38,7.22],[-4.38,7.22],[-4.38,7.22],[-4.38,7.22],[-4.38,7.22],[-4.38,7.22],[-4.39,7.22],[-4.39,7.22],[-4.39,7.22],[-4.39,7.22],[-4.39,7.22],[-4.4,7.22],[-4.4,7.22],[-4.4,7.23],[-4.4,7.23],[-4.41,7.23],[-4.41,7.23],[-4.41,7.23],[-4.41,7.23],[-4.41,7.23],[-4.41,7.23],[-4.42,7.23],[-4.42,7.23],[-4.42,7.23],[-4.42,7.23],[-4.42,7.24],[-4.42,7.24],[-4.43,7.24],[-4.43,7.24],[-4.43,7.24],[-4.43,7.24],[-4.43,7.24],[-4.43,7.24],[-4.43,7.24],[-4.43,7.24],[-4.44,7.25],[-4.44,7.25],[-4.44,7.25],[-4.44,7.25],[-4.44,7.25],[-4.45,7.25],[-4.45,7.25],[-4.45,7.25],[-4.45,7.26],[-4.45,7.26],[-4.46,7.26],[-4.46,7.26],[-4.46,7.26],[-4.46,7.26],[-4.46,7.25],[-4.47,7.26],[-4.47,7.26],[-4.48,7.26],[-4.48,7.26],[-4.48,7.26],[-4.48,7.26],[-4.48,7.26],[-4.48,7.25],[-4.49,7.25],[-4.49,7.25],[-4.49,7.25],[-4.49,7.25],[-4.49,7.25],[-4.49,7.25],[-4.5,7.25],[-4.5,7.25],[-4.5,7.25],[-4.5,7.25],[-4.5,7.25],[-4.5,7.25],[-4.51,7.25],[-4.51,7.25],[-4.51,7.26],[-4.51,7.26],[-4.51,7.26],[-4.51,7.26],[-4.51,7.26],[-4.51,7.26],[-4.52,7.26],[-4.52,7.26],[-4.52,7.26],[-4.52,7.27],[-4.52,7.27],[-4.52,7.27],[-4.52,7.27],[-4.53,7.27],[-4.53,7.27],[-4.53,7.27],[-4.53,7.27],[-4.53,7.27],[-4.54,7.27],[-4.54,7.28],[-4.54,7.28],[-4.54,7.28],[-4.54,7.28],[-4.54,7.28],[-4.54,7.29],[-4.54,7.29],[-4.54,7.29],[-4.54,7.29],[-4.54,7.29],[-4.54,7.29],[-4.54,7.3],[-4.54,7.3],[-4.54,7.3],[-4.55,7.3],[-4.55,7.3],[-4.55,7.3],[-4.55,7.31],[-4.55,7.31],[-4.55,7.31],[-4.55,7.31],[-4.55,7.31],[-4.55,7.31],[-4.56,7.32],[-4.56,7.32],[-4.56,7.32],[-4.56,7.32],[-4.56,7.32],[-4.56,7.32],[-4.57,7.33],[-4.57,7.33],[-4.57,7.33],[-4.57,7.33],[-4.57,7.33],[-4.57,7.33],[-4.57,7.33],[-4.57,7.34],[-4.57,7.34],[-4.57,7.34],[-4.57,7.34],[-4.57,7.34],[-4.57,7.34],[-4.57,7.34],[-4.58,7.35],[-4.58,7.35],[-4.58,7.35],[-4.58,7.36],[-4.57,7.36],[-4.57,7.36],[-4.57,7.36],[-4.57,7.36],[-4.57,7.36],[-4.56,7.36],[-4.56,7.36],[-4.56,7.37],[-4.56,7.37],[-4.56,7.37],[-4.55,7.37],[-4.56,7.37],[-4.56,7.37],[-4.56,7.38],[-4.56,7.38],[-4.56,7.38],[-4.56,7.38],[-4.56,7.38],[-4.56,7.38],[-4.56,7.38],[-4.56,7.38],[-4.56,7.39],[-4.57,7.39],[-4.57,7.39],[-4.57,7.39],[-4.57,7.39],[-4.57,7.39],[-4.57,7.39],[-4.57,7.39],[-4.58,7.39],[-4.58,7.39],[-4.58,7.39],[-4.58,7.4],[-4.58,7.4],[-4.58,7.4],[-4.58,7.4],[-4.58,7.4],[-4.58,7.4],[-4.59,7.4],[-4.59,7.4],[-4.59,7.4],[-4.59,7.41],[-4.59,7.41],[-4.59,7.41],[-4.59,7.41],[-4.59,7.41],[-4.59,7.41],[-4.59,7.42],[-4.59,7.42],[-4.59,7.42],[-4.59,7.42],[-4.6,7.42],[-4.6,7.42],[-4.6,7.43],[-4.6,7.43],[-4.6,7.43],[-4.6,7.43],[-4.6,7.43],[-4.6,7.43],[-4.6,7.44],[-4.6,7.44],[-4.6,7.44],[-4.61,7.44],[-4.61,7.44],[-4.61,7.44],[-4.61,7.44],[-4.61,7.45],[-4.61,7.45],[-4.61,7.45],[-4.61,7.45],[-4.61,7.45],[-4.61,7.45],[-4.61,7.45],[-4.62,7.46],[-4.62,7.46],[-4.62,7.46],[-4.62,7.46],[-4.62,7.46],[-4.63,7.46],[-4.63,7.46],[-4.63,7.46],[-4.63,7.46],[-4.63,7.46],[-4.63,7.47],[-4.63,7.47],[-4.63,7.47],[-4.64,7.47],[-4.64,7.48],[-4.64,7.48]]]}},{"type":"Feature","properties":{"name":"Nawa","code":"CI26","level":"region","status":"waiting","schools":666,"students":88952,"girls":41157,"boys":47795,"district":"Bas-Sassandra"},"geometry":{"type":"Polygon","coordinates":[[[-6.98,6.55],[-6.98,6.55],[-6.99,6.56],[-6.99,6.56],[-6.99,6.56],[-7.0,6.55],[-7.0,6.55],[-7.0,6.55],[-7.0,6.55],[-7.0,6.56],[-7.0,6.55],[-7.09,6.49],[-7.13,6.46],[-7.13,6.46],[-7.15,6.46],[-7.15,6.46],[-7.15,6.46],[-7.15,6.46],[-7.15,6.46],[-7.16,6.46],[-7.16,6.45],[-7.16,6.45],[-7.16,6.45],[-7.16,6.45],[-7.16,6.44],[-7.15,6.44],[-7.15,6.44],[-7.15,6.44],[-7.16,6.43],[-7.16,6.43],[-7.16,6.43],[-7.16,6.43],[-7.15,6.43],[-7.15,6.43],[-7.15,6.43],[-7.15,6.42],[-7.15,6.42],[-7.15,6.42],[-7.14,6.42],[-7.14,6.42],[-7.14,6.42],[-7.14,6.42],[-7.14,6.42],[-7.14,6.42],[-7.14,6.41],[-7.13,6.41],[-7.13,6.41],[-7.13,6.41],[-7.13,6.41],[-7.13,6.41],[-7.13,6.4],[-7.13,6.4],[-7.13,6.4],[-7.14,6.4],[-7.14,6.4],[-7.14,6.4],[-7.14,6.4],[-7.14,6.4],[-7.15,6.4],[-7.15,6.4],[-7.15,6.4],[-7.15,6.4],[-7.15,6.4],[-7.16,6.39],[-7.16,6.39],[-7.16,6.39],[-7.16,6.39],[-7.16,6.38],[-7.16,6.38],[-7.16,6.38],[-7.16,6.38],[-7.16,6.38],[-7.17,6.38],[-7.17,6.38],[-7.17,6.37],[-7.17,6.37],[-7.17,6.37],[-7.17,6.37],[-7.17,6.37],[-7.17,6.36],[-7.17,6.36],[-7.17,6.36],[-7.17,6.36],[-7.17,6.36],[-7.18,6.36],[-7.18,6.35],[-7.17,6.35],[-7.18,6.35],[-7.18,6.35],[-7.18,6.35],[-7.18,6.34],[-7.18,6.34],[-7.18,6.34],[-7.18,6.34],[-7.18,6.33],[-7.18,6.33],[-7.18,6.33],[-7.18,6.33],[-7.18,6.33],[-7.18,6.32],[-7.18,6.32],[-7.18,6.32],[-7.18,6.32],[-7.18,6.32],[-7.18,6.32],[-7.18,6.32],[-7.18,6.31],[-7.18,6.31],[-7.18,6.31],[-7.18,6.31],[-7.18,6.31],[-7.18,6.3],[-7.18,6.3],[-7.17,6.3],[-7.17,6.3],[-7.17,6.3],[-7.17,6.3],[-7.17,6.3],[-7.17,6.3],[-7.17,6.29],[-7.17,6.29],[-7.17,6.29],[-7.17,6.29],[-7.17,6.29],[-7.17,6.29],[-7.17,6.28],[-7.17,6.28],[-7.17,6.27],[-7.17,6.27],[-7.17,6.27],[-7.17,6.27],[-7.17,6.26],[-7.17,6.26],[-7.17,6.26],[-7.18,6.26],[-7.18,6.26],[-7.18,6.26],[-7.18,6.25],[-7.18,6.25],[-7.18,6.25],[-7.19,6.25],[-7.19,6.25],[-7.19,6.25],[-7.19,6.25],[-7.19,6.24],[-7.19,6.24],[-7.19,6.24],[-7.19,6.24],[-7.2,6.24],[-7.2,6.23],[-7.2,6.23],[-7.2,6.23],[-7.2,6.23],[-7.2,6.23],[-7.2,6.22],[-7.2,6.22],[-7.2,6.22],[-7.21,6.22],[-7.21,6.22],[-7.21,6.22],[-7.21,6.21],[-7.21,6.21],[-7.21,6.21],[-7.21,6.21],[-7.21,6.21],[-7.21,6.2],[-7.21,6.2],[-7.2,6.2],[-7.2,6.2],[-7.2,6.2],[-7.2,6.19],[-7.19,6.19],[-7.19,6.19],[-7.19,6.19],[-7.19,6.19],[-7.19,6.19],[-7.19,6.18],[-7.19,6.18],[-7.18,6.18],[-7.18,6.18],[-7.18,6.18],[-7.18,6.18],[-7.18,6.18],[-7.18,6.18],[-7.17,6.18],[-7.17,6.18],[-7.17,6.18],[-7.17,6.18],[-7.17,6.18],[-7.16,6.18],[-7.16,6.18],[-7.16,6.18],[-7.16,6.18],[-7.16,6.18],[-7.16,6.18],[-7.15,6.18],[-7.15,6.18],[-7.15,6.18],[-7.15,6.18],[-7.15,6.18],[-7.14,6.18],[-7.14,6.18],[-7.14,6.18],[-7.14,6.18],[-7.14,6.18],[-7.14,6.18],[-7.13,6.18],[-7.13,6.18],[-7.13,6.18],[-7.13,6.17],[-7.13,6.17],[-7.12,6.17],[-7.12,6.17],[-7.12,6.17],[-7.12,6.17],[-7.12,6.16],[-7.12,6.16],[-7.12,6.16],[-7.12,6.16],[-7.12,6.16],[-7.12,6.16],[-7.12,6.16],[-7.11,6.16],[-7.11,6.16],[-7.11,6.15],[-7.11,6.15],[-7.11,6.15],[-7.11,6.15],[-7.11,6.14],[-7.11,6.14],[-7.11,6.14],[-7.11,6.14],[-7.1,6.14],[-7.08,6.06],[-7.08,6.06],[-7.08,6.05],[-7.09,5.99],[-7.09,5.99],[-7.09,5.89],[-7.09,5.67],[-7.09,5.67],[-7.08,5.67],[-7.08,5.67],[-7.08,5.67],[-7.08,5.67],[-7.08,5.67],[-7.08,5.66],[-7.08,5.66],[-7.07,5.66],[-7.07,5.66],[-7.07,5.66],[-7.07,5.65],[-7.07,5.65],[-7.07,5.65],[-7.07,5.65],[-7.07,5.64],[-7.07,5.64],[-7.07,5.64],[-7.07,5.64],[-7.07,5.63],[-7.06,5.63],[-7.06,5.63],[-7.06,5.63],[-7.06,5.62],[-7.06,5.62],[-7.06,5.62],[-7.06,5.62],[-7.06,5.62],[-7.06,5.61],[-7.05,5.61],[-7.05,5.61],[-7.05,5.61],[-7.05,5.61],[-7.06,5.6],[-7.06,5.6],[-7.06,5.6],[-7.06,5.59],[-7.06,5.59],[-7.06,5.59],[-7.06,5.59],[-7.06,5.59],[-7.06,5.58],[-7.06,5.58],[-7.06,5.58],[-7.06,5.58],[-7.06,5.57],[-7.06,5.57],[-7.06,5.57],[-7.06,5.57],[-7.06,5.57],[-7.06,5.56],[-7.06,5.56],[-7.06,5.56],[-7.06,5.56],[-7.05,5.55],[-7.05,5.55],[-7.05,5.55],[-7.05,5.55],[-7.05,5.55],[-7.06,5.55],[-7.06,5.55],[-7.06,5.54],[-7.06,5.54],[-7.06,5.54],[-7.07,5.54],[-7.07,5.54],[-7.06,5.54],[-7.06,5.53],[-7.06,5.53],[-7.06,5.53],[-7.06,5.53],[-7.06,5.53],[-7.06,5.52],[-7.05,5.52],[-7.05,5.52],[-7.05,5.52],[-7.05,5.52],[-7.04,5.52],[-7.04,5.52],[-7.04,5.52],[-7.04,5.52],[-7.04,5.52],[-7.04,5.52],[-7.04,5.52],[-7.03,5.51],[-7.03,5.51],[-7.03,5.51],[-7.03,5.51],[-7.03,5.51],[-7.03,5.5],[-7.03,5.5],[-7.03,5.5],[-7.03,5.5],[-7.03,5.5],[-7.03,5.49],[-7.03,5.49],[-7.03,5.49],[-7.03,5.49],[-7.02,5.49],[-7.02,5.49],[-7.02,5.49],[-7.02,5.48],[-7.01,5.48],[-7.01,5.48],[-7.02,5.48],[-7.02,5.48],[-7.01,5.47],[-7.02,5.47],[-7.02,5.47],[-7.02,5.47],[-6.97,5.45],[-6.95,5.45],[-6.93,5.44],[-6.92,5.45],[-6.92,5.45],[-6.92,5.45],[-6.92,5.46],[-6.92,5.46],[-6.92,5.46],[-6.92,5.46],[-6.92,5.46],[-6.92,5.46],[-6.92,5.46],[-6.92,5.46],[-6.91,5.46],[-6.91,5.46],[-6.91,5.46],[-6.91,5.46],[-6.9,5.46],[-6.9,5.46],[-6.9,5.46],[-6.9,5.46],[-6.89,5.46],[-6.89,5.46],[-6.89,5.46],[-6.89,5.46],[-6.88,5.46],[-6.88,5.46],[-6.88,5.46],[-6.88,5.46],[-6.87,5.46],[-6.87,5.46],[-6.87,5.46],[-6.87,5.46],[-6.87,5.46],[-6.86,5.46],[-6.86,5.46],[-6.86,5.46],[-6.86,5.46],[-6.85,5.47],[-6.85,5.46],[-6.85,5.46],[-6.85,5.46],[-6.84,5.46],[-6.84,5.46],[-6.84,5.46],[-6.84,5.46],[-6.84,5.46],[-6.83,5.46],[-6.83,5.46],[-6.83,5.46],[-6.83,5.46],[-6.83,5.46],[-6.82,5.46],[-6.82,5.46],[-6.78,5.42],[-6.78,5.42],[-6.76,5.42],[-6.73,5.41],[-6.73,5.41],[-6.73,5.41],[-6.73,5.41],[-6.73,5.41],[-6.73,5.4],[-6.73,5.4],[-6.73,5.4],[-6.73,5.4],[-6.73,5.4],[-6.73,5.4],[-6.73,5.39],[-6.73,5.39],[-6.73,5.39],[-6.73,5.39],[-6.73,5.39],[-6.73,5.38],[-6.73,5.38],[-6.73,5.38],[-6.73,5.38],[-6.73,5.38],[-6.72,5.38],[-6.72,5.37],[-6.72,5.37],[-6.72,5.37],[-6.72,5.37],[-6.72,5.37],[-6.72,5.36],[-6.72,5.36],[-6.72,5.36],[-6.71,5.36],[-6.71,5.36],[-6.71,5.36],[-6.71,5.36],[-6.71,5.35],[-6.71,5.35],[-6.71,5.35],[-6.71,5.35],[-6.7,5.35],[-6.7,5.35],[-6.7,5.35],[-6.7,5.35],[-6.7,5.35],[-6.69,5.35],[-6.7,5.35],[-6.7,5.34],[-6.7,5.34],[-6.7,5.34],[-6.69,5.34],[-6.69,5.34],[-6.69,5.34],[-6.69,5.34],[-6.69,5.34],[-6.68,5.34],[-6.68,5.34],[-6.68,5.34],[-6.68,5.34],[-6.68,5.34],[-6.67,5.34],[-6.67,5.34],[-6.67,5.34],[-6.67,5.34],[-6.67,5.34],[-6.67,5.33],[-6.67,5.34],[-6.67,5.34],[-6.66,5.33],[-6.66,5.27],[-6.66,5.27],[-6.66,5.27],[-6.66,5.27],[-6.65,5.26],[-6.65,5.26],[-6.65,5.26],[-6.65,5.26],[-6.64,5.26],[-6.64,5.26],[-6.64,5.26],[-6.64,5.26],[-6.64,5.26],[-6.63,5.27],[-6.63,5.27],[-6.63,5.27],[-6.63,5.27],[-6.63,5.27],[-6.63,5.27],[-6.63,5.28],[-6.63,5.28],[-6.63,5.28],[-6.63,5.28],[-6.63,5.28],[-6.62,5.28],[-6.62,5.28],[-6.62,5.28],[-6.62,5.28],[-6.62,5.28],[-6.62,5.28],[-6.62,5.28],[-6.61,5.28],[-6.61,5.28],[-6.61,5.28],[-6.61,5.28],[-6.61,5.28],[-6.61,5.28],[-6.6,5.28],[-6.6,5.29],[-6.6,5.29],[-6.6,5.29],[-6.59,5.29],[-6.59,5.29],[-6.59,5.29],[-6.59,5.29],[-6.58,5.29],[-6.58,5.29],[-6.58,5.29],[-6.58,5.29],[-6.58,5.29],[-6.58,5.3],[-6.58,5.3],[-6.58,5.3],[-6.57,5.3],[-6.57,5.3],[-6.57,5.3],[-6.57,5.3],[-6.57,5.3],[-6.57,5.3],[-6.55,5.31],[-6.55,5.31],[-6.54,5.3],[-6.54,5.31],[-6.51,5.31],[-6.48,5.28],[-6.48,5.28],[-6.45,5.36],[-6.45,5.4],[-6.45,5.4],[-6.45,5.4],[-6.45,5.41],[-6.45,5.41],[-6.45,5.41],[-6.45,5.41],[-6.45,5.41],[-6.45,5.41],[-6.45,5.41],[-6.45,5.42],[-6.45,5.42],[-6.45,5.42],[-6.45,5.42],[-6.45,5.42],[-6.45,5.42],[-6.45,5.43],[-6.45,5.43],[-6.45,5.43],[-6.45,5.43],[-6.45,5.43],[-6.45,5.43],[-6.45,5.43],[-6.45,5.43],[-6.45,5.44],[-6.45,5.44],[-6.45,5.44],[-6.45,5.44],[-6.45,5.44],[-6.45,5.44],[-6.45,5.45],[-6.45,5.45],[-6.45,5.45],[-6.45,5.45],[-6.45,5.45],[-6.45,5.45],[-6.45,5.46],[-6.45,5.46],[-6.45,5.46],[-6.44,5.46],[-6.44,5.46],[-6.44,5.46],[-6.44,5.46],[-6.44,5.46],[-6.44,5.46],[-6.44,5.47],[-6.44,5.47],[-6.44,5.47],[-6.45,5.46],[-6.45,5.46],[-6.45,5.46],[-6.45,5.46],[-6.45,5.47],[-6.45,5.47],[-6.45,5.47],[-6.46,5.47],[-6.46,5.47],[-6.46,5.47],[-6.46,5.47],[-6.46,5.48],[-6.46,5.48],[-6.46,5.48],[-6.46,5.48],[-6.46,5.48],[-6.46,5.48],[-6.46,5.48],[-6.46,5.49],[-6.46,5.49],[-6.46,5.49],[-6.46,5.49],[-6.46,5.49],[-6.46,5.49],[-6.46,5.49],[-6.46,5.49],[-6.46,5.49],[-6.46,5.5],[-6.46,5.5],[-6.46,5.5],[-6.46,5.5],[-6.46,5.5],[-6.46,5.5],[-6.46,5.5],[-6.46,5.5],[-6.46,5.51],[-6.46,5.51],[-6.46,5.51],[-6.46,5.51],[-6.46,5.51],[-6.47,5.51],[-6.47,5.51],[-6.47,5.51],[-6.47,5.51],[-6.47,5.51],[-6.47,5.51],[-6.47,5.51],[-6.47,5.51],[-6.47,5.51],[-6.48,5.51],[-6.48,5.51],[-6.48,5.51],[-6.48,5.51],[-6.48,5.51],[-6.48,5.51],[-6.49,5.51],[-6.49,5.51],[-6.49,5.51],[-6.49,5.51],[-6.49,5.51],[-6.49,5.51],[-6.49,5.51],[-6.5,5.51],[-6.5,5.51],[-6.5,5.51],[-6.5,5.52],[-6.5,5.52],[-6.5,5.52],[-6.5,5.52],[-6.5,5.52],[-6.5,5.52],[-6.5,5.52],[-6.5,5.52],[-6.5,5.52],[-6.5,5.53],[-6.5,5.53],[-6.5,5.53],[-6.5,5.53],[-6.5,5.53],[-6.5,5.53],[-6.5,5.54],[-6.49,5.54],[-6.49,5.54],[-6.49,5.54],[-6.49,5.54],[-6.49,5.54],[-6.49,5.54],[-6.49,5.54],[-6.49,5.54],[-6.49,5.54],[-6.49,5.55],[-6.5,5.55],[-6.5,5.55],[-6.5,5.55],[-6.5,5.55],[-6.5,5.55],[-6.5,5.55],[-6.49,5.55],[-6.49,5.55],[-6.5,5.56],[-6.5,5.56],[-6.5,5.56],[-6.5,5.56],[-6.39,5.55],[-6.39,5.55],[-6.39,5.55],[-6.38,5.55],[-6.38,5.55],[-6.38,5.55],[-6.38,5.55],[-6.38,5.56],[-6.38,5.56],[-6.38,5.56],[-6.38,5.56],[-6.38,5.56],[-6.37,5.56],[-6.37,5.56],[-6.37,5.56],[-6.37,5.56],[-6.37,5.56],[-6.37,5.56],[-6.37,5.56],[-6.37,5.56],[-6.37,5.56],[-6.37,5.56],[-6.36,5.56],[-6.36,5.56],[-6.36,5.56],[-6.36,5.56],[-6.36,5.56],[-6.36,5.56],[-6.36,5.56],[-6.36,5.56],[-6.36,5.56],[-6.35,5.56],[-6.35,5.57],[-6.35,5.57],[-6.35,5.57],[-6.35,5.57],[-6.35,5.57],[-6.35,5.57],[-6.35,5.57],[-6.34,5.57],[-6.34,5.57],[-6.34,5.57],[-6.34,5.57],[-6.34,5.58],[-6.34,5.58],[-6.34,5.58],[-6.34,5.58],[-6.34,5.58],[-6.34,5.58],[-6.34,5.58],[-6.34,5.58],[-6.34,5.58],[-6.34,5.59],[-6.34,5.59],[-6.34,5.59],[-6.33,5.59],[-6.33,5.59],[-6.33,5.59],[-6.33,5.59],[-6.33,5.59],[-6.33,5.59],[-6.33,5.59],[-6.32,5.59],[-6.32,5.59],[-6.32,5.6],[-6.32,5.6],[-6.32,5.6],[-6.32,5.6],[-6.32,5.6],[-6.32,5.6],[-6.32,5.6],[-6.32,5.6],[-6.32,5.6],[-6.32,5.6],[-6.32,5.61],[-6.32,5.61],[-6.31,5.61],[-6.31,5.61],[-6.31,5.61],[-6.31,5.61],[-6.31,5.61],[-6.31,5.61],[-6.31,5.61],[-6.3,5.61],[-6.3,5.61],[-6.31,5.61],[-6.3,5.61],[-6.3,5.62],[-6.3,5.62],[-6.3,5.62],[-6.3,5.62],[-6.3,5.62],[-6.3,5.62],[-6.29,5.62],[-6.29,5.62],[-6.29,5.62],[-6.29,5.62],[-6.29,5.62],[-6.29,5.62],[-6.29,5.62],[-6.29,5.62],[-6.28,5.62],[-6.28,5.62],[-6.28,5.62],[-6.28,5.61],[-6.28,5.62],[-6.28,5.62],[-6.28,5.62],[-6.28,5.62],[-6.28,5.62],[-6.27,5.62],[-6.27,5.62],[-6.27,5.62],[-6.27,5.62],[-6.27,5.62],[-6.27,5.61],[-6.27,5.61],[-6.27,5.61],[-6.27,5.61],[-6.26,5.61],[-6.26,5.61],[-6.26,5.61],[-6.26,5.61],[-6.26,5.61],[-6.26,5.61],[-6.25,5.61],[-6.25,5.61],[-6.25,5.61],[-6.25,5.61],[-6.25,5.61],[-6.25,5.61],[-6.25,5.61],[-6.25,5.62],[-6.24,5.62],[-6.24,5.62],[-6.24,5.62],[-6.24,5.62],[-6.24,5.62],[-6.24,5.62],[-6.24,5.62],[-6.24,5.62],[-6.24,5.62],[-6.24,5.62],[-6.24,5.62],[-6.24,5.62],[-6.24,5.62],[-6.24,5.62],[-6.24,5.62],[-6.23,5.62],[-6.23,5.62],[-6.23,5.62],[-6.23,5.62],[-6.23,5.62],[-6.22,5.62],[-6.22,5.62],[-6.22,5.62],[-6.22,5.62],[-6.22,5.62],[-6.22,5.62],[-6.22,5.63],[-6.22,5.63],[-6.22,5.63],[-6.22,5.63],[-6.22,5.63],[-6.22,5.63],[-6.21,5.63],[-6.21,5.63],[-6.21,5.63],[-6.21,5.63],[-6.21,5.63],[-6.21,5.63],[-6.21,5.63],[-6.21,5.64],[-6.21,5.63],[-6.21,5.63],[-6.21,5.63],[-6.21,5.63],[-6.21,5.63],[-6.21,5.63],[-6.21,5.63],[-6.2,5.63],[-6.2,5.63],[-6.2,5.63],[-6.2,5.63],[-6.2,5.63],[-6.2,5.63],[-6.2,5.63],[-6.19,5.63],[-6.19,5.63],[-6.19,5.63],[-6.19,5.62],[-6.19,5.62],[-6.19,5.62],[-6.19,5.62],[-6.19,5.62],[-6.19,5.62],[-6.19,5.62],[-6.19,5.62],[-6.19,5.61],[-6.2,5.61],[-6.2,5.61],[-6.2,5.61],[-6.2,5.61],[-6.2,5.61],[-6.2,5.61],[-6.2,5.61],[-6.2,5.61],[-6.2,5.61],[-6.2,5.61],[-6.2,5.61],[-6.2,5.61],[-6.2,5.61],[-6.2,5.6],[-6.2,5.6],[-6.2,5.6],[-6.2,5.6],[-6.2,5.6],[-6.2,5.6],[-6.2,5.6],[-6.2,5.6],[-6.19,5.6],[-6.19,5.59],[-6.19,5.59],[-6.2,5.59],[-6.2,5.59],[-6.2,5.59],[-6.2,5.59],[-6.2,5.59],[-6.2,5.59],[-6.2,5.58],[-6.2,5.58],[-6.2,5.58],[-6.2,5.58],[-6.2,5.58],[-6.2,5.58],[-6.2,5.58],[-6.2,5.58],[-6.2,5.58],[-6.2,5.57],[-6.2,5.57],[-6.2,5.57],[-6.2,5.57],[-6.2,5.57],[-6.2,5.56],[-6.2,5.56],[-6.2,5.56],[-6.2,5.56],[-6.2,5.56],[-6.2,5.55],[-6.2,5.55],[-6.2,5.55],[-6.2,5.55],[-6.2,5.55],[-6.2,5.55],[-6.2,5.54],[-6.2,5.54],[-6.2,5.54],[-6.2,5.54],[-6.2,5.54],[-6.2,5.54],[-6.2,5.54],[-6.2,5.54],[-6.2,5.53],[-6.2,5.53],[-6.2,5.53],[-6.2,5.53],[-6.2,5.53],[-6.2,5.53],[-6.19,5.53],[-6.19,5.53],[-6.19,5.53],[-6.19,5.53],[-6.19,5.53],[-6.19,5.53],[-6.19,5.52],[-6.19,5.52],[-6.19,5.52],[-6.19,5.52],[-6.19,5.52],[-6.18,5.52],[-6.18,5.52],[-6.18,5.52],[-6.18,5.51],[-6.18,5.51],[-6.18,5.51],[-6.18,5.51],[-6.18,5.51],[-6.18,5.51],[-6.18,5.5],[-6.18,5.5],[-6.19,5.5],[-6.19,5.49],[-6.19,5.49],[-6.19,5.49],[-6.19,5.48],[-6.19,5.48],[-6.2,5.48],[-6.2,5.47],[-6.2,5.47],[-6.2,5.47],[-6.2,5.47],[-6.2,5.47],[-6.21,5.46],[-6.21,5.46],[-6.21,5.45],[-6.21,5.45],[-6.21,5.45],[-6.21,5.45],[-6.21,5.44],[-6.21,5.44],[-6.21,5.44],[-6.2,5.43],[-6.2,5.43],[-6.2,5.43],[-6.19,5.42],[-6.19,5.42],[-6.18,5.42],[-6.18,5.42],[-6.17,5.42],[-6.17,5.41],[-6.16,5.41],[-6.16,5.41],[-6.16,5.41],[-6.15,5.41],[-6.15,5.41],[-6.15,5.41],[-6.15,5.4],[-6.15,5.4],[-6.15,5.4],[-6.15,5.4],[-6.15,5.39],[-6.15,5.39],[-6.14,5.39],[-6.14,5.39],[-6.14,5.39],[-6.14,5.39],[-6.14,5.39],[-6.14,5.38],[-6.14,5.38],[-6.14,5.38],[-6.14,5.38],[-6.14,5.38],[-6.14,5.38],[-6.14,5.38],[-6.14,5.38],[-6.14,5.38],[-6.14,5.38],[-6.14,5.37],[-6.13,5.37],[-6.13,5.37],[-6.13,5.37],[-6.13,5.37],[-6.13,5.37],[-6.13,5.37],[-6.13,5.37],[-6.13,5.37],[-6.12,5.37],[-6.12,5.37],[-6.12,5.37],[-6.12,5.37],[-6.12,5.38],[-6.12,5.38],[-6.12,5.38],[-6.12,5.38],[-6.12,5.38],[-6.12,5.38],[-6.12,5.38],[-6.12,5.38],[-6.12,5.38],[-6.12,5.38],[-6.11,5.38],[-6.1,5.38],[-6.09,5.38],[-6.09,5.38],[-6.09,5.38],[-6.09,5.38],[-6.09,5.38],[-6.09,5.38],[-6.08,5.37],[-6.08,5.37],[-6.08,5.37],[-6.08,5.37],[-6.08,5.37],[-6.08,5.37],[-6.07,5.38],[-6.07,5.38],[-6.07,5.38],[-6.07,5.38],[-6.07,5.38],[-6.06,5.38],[-6.06,5.38],[-6.06,5.38],[-6.06,5.38],[-6.05,5.38],[-6.05,5.37],[-6.05,5.37],[-6.04,5.37],[-6.04,5.37],[-6.04,5.37],[-6.04,5.37],[-6.04,5.37],[-6.04,5.37],[-6.04,5.36],[-6.04,5.36],[-6.04,5.36],[-6.04,5.36],[-6.04,5.36],[-6.04,5.36],[-6.04,5.36],[-6.03,5.35],[-6.03,5.35],[-6.03,5.35],[-6.03,5.35],[-6.03,5.35],[-6.03,5.35],[-6.03,5.35],[-6.02,5.35],[-6.02,5.35],[-6.02,5.35],[-6.02,5.35],[-6.02,5.35],[-6.02,5.35],[-6.01,5.35],[-6.01,5.35],[-6.01,5.35],[-6.01,5.36],[-6.01,5.36],[-6.0,5.36],[-6.0,5.36],[-6.0,5.36],[-6.0,5.36],[-6.0,5.37],[-6.0,5.37],[-6.0,5.37],[-6.0,5.37],[-6.0,5.37],[-6.0,5.37],[-6.0,5.37],[-6.0,5.38],[-5.99,5.38],[-5.99,5.38],[-5.99,5.38],[-5.99,5.38],[-5.99,5.38],[-5.99,5.38],[-5.99,5.38],[-5.99,5.38],[-5.99,5.38],[-5.99,5.39],[-5.99,5.39],[-5.99,5.39],[-5.99,5.39],[-5.99,5.39],[-5.99,5.39],[-5.99,5.4],[-5.99,5.4],[-5.99,5.4],[-5.99,5.4],[-5.99,5.4],[-5.99,5.41],[-5.99,5.41],[-5.99,5.41],[-5.99,5.41],[-5.99,5.41],[-5.99,5.41],[-5.99,5.41],[-5.99,5.42],[-5.98,5.42],[-5.98,5.42],[-5.98,5.42],[-5.98,5.42],[-5.98,5.42],[-5.98,5.42],[-5.98,5.42],[-5.98,5.42],[-5.97,5.43],[-5.97,5.43],[-5.97,5.43],[-5.97,5.43],[-5.97,5.43],[-5.97,5.43],[-5.97,5.44],[-5.97,5.44],[-5.97,5.44],[-5.97,5.44],[-5.97,5.44],[-5.96,5.44],[-5.96,5.44],[-5.96,5.44],[-5.96,5.44],[-5.96,5.44],[-5.96,5.44],[-5.96,5.45],[-5.96,5.45],[-5.96,5.45],[-5.96,5.45],[-5.96,5.45],[-5.96,5.45],[-5.96,5.45],[-5.96,5.46],[-5.96,5.46],[-5.96,5.46],[-5.96,5.46],[-5.96,5.46],[-5.96,5.46],[-5.96,5.46],[-5.96,5.46],[-5.96,5.46],[-5.97,5.46],[-5.97,5.47],[-5.97,5.47],[-5.97,5.47],[-5.97,5.47],[-5.97,5.47],[-5.97,5.47],[-5.97,5.47],[-5.97,5.48],[-5.97,5.48],[-5.97,5.48],[-5.97,5.48],[-5.97,5.48],[-5.97,5.48],[-5.98,5.48],[-5.98,5.49],[-5.98,5.49],[-5.98,5.49],[-5.98,5.49],[-5.98,5.49],[-5.98,5.49],[-5.98,5.49],[-5.98,5.49],[-5.98,5.5],[-5.98,5.5],[-5.98,5.5],[-5.98,5.5],[-5.98,5.5],[-5.98,5.5],[-5.98,5.5],[-5.97,5.5],[-5.97,5.5],[-5.97,5.51],[-5.97,5.51],[-5.97,5.51],[-5.97,5.51],[-5.98,5.51],[-5.98,5.52],[-5.98,5.52],[-5.98,5.52],[-5.98,5.52],[-5.98,5.52],[-5.98,5.52],[-5.98,5.52],[-5.98,5.53],[-5.98,5.53],[-5.98,5.53],[-5.98,5.52],[-5.99,5.52],[-5.99,5.52],[-5.99,5.53],[-5.99,5.53],[-5.99,5.52],[-5.99,5.52],[-5.99,5.52],[-5.99,5.52],[-5.99,5.53],[-6.0,5.53],[-6.0,5.53],[-6.0,5.53],[-6.0,5.53],[-6.0,5.53],[-6.0,5.53],[-6.0,5.54],[-6.0,5.54],[-6.0,5.54],[-6.0,5.54],[-6.0,5.54],[-6.0,5.54],[-6.0,5.54],[-6.0,5.55],[-6.0,5.55],[-6.0,5.55],[-6.0,5.55],[-6.0,5.55],[-6.01,5.55],[-6.01,5.55],[-6.01,5.55],[-6.01,5.55],[-6.01,5.55],[-6.01,5.55],[-6.01,5.55],[-6.01,5.55],[-6.01,5.55],[-6.01,5.56],[-6.01,5.56],[-6.01,5.56],[-6.01,5.56],[-6.01,5.56],[-6.02,5.56],[-6.02,5.56],[-6.02,5.56],[-6.02,5.56],[-6.02,5.57],[-6.02,5.57],[-6.02,5.57],[-6.02,5.57],[-6.02,5.57],[-6.02,5.57],[-6.02,5.57],[-6.02,5.57],[-6.02,5.58],[-6.02,5.58],[-6.02,5.58],[-6.02,5.58],[-6.02,5.58],[-6.02,5.58],[-6.02,5.58],[-6.02,5.58],[-6.03,5.59],[-6.03,5.59],[-6.03,5.59],[-6.03,5.59],[-6.03,5.59],[-6.03,5.59],[-6.03,5.59],[-6.03,5.59],[-6.02,5.6],[-6.02,5.6],[-6.02,5.6],[-6.03,5.6],[-6.02,5.6],[-6.03,5.6],[-6.03,5.6],[-6.03,5.6],[-6.03,5.6],[-6.03,5.6],[-6.03,5.6],[-6.03,5.6],[-6.03,5.6],[-6.03,5.6],[-6.04,5.6],[-6.04,5.61],[-6.03,5.61],[-6.03,5.61],[-6.03,5.61],[-6.03,5.61],[-6.03,5.61],[-6.03,5.61],[-6.03,5.61],[-6.02,5.61],[-6.02,5.61],[-6.02,5.61],[-6.02,5.61],[-6.02,5.61],[-6.02,5.61],[-6.02,5.61],[-6.02,5.61],[-6.02,5.62],[-6.02,5.62],[-6.02,5.62],[-6.02,5.62],[-6.02,5.62],[-6.02,5.62],[-6.02,5.62],[-6.02,5.62],[-6.02,5.62],[-6.02,5.63],[-6.02,5.63],[-6.02,5.63],[-6.02,5.63],[-6.02,5.63],[-6.02,5.63],[-6.02,5.63],[-6.02,5.63],[-6.02,5.63],[-6.02,5.63],[-6.02,5.63],[-6.02,5.64],[-6.02,5.64],[-6.02,5.64],[-6.02,5.64],[-6.02,5.64],[-6.02,5.64],[-6.02,5.64],[-6.02,5.64],[-6.02,5.64],[-6.02,5.64],[-6.02,5.64],[-6.02,5.64],[-6.02,5.64],[-6.02,5.64],[-6.03,5.64],[-6.03,5.64],[-6.03,5.64],[-6.03,5.65],[-6.03,5.65],[-6.03,5.65],[-6.03,5.65],[-6.03,5.65],[-6.03,5.66],[-6.03,5.66],[-6.03,5.65],[-6.04,5.66],[-6.04,5.66],[-6.04,5.66],[-6.04,5.67],[-6.05,5.67],[-6.05,5.68],[-6.05,5.68],[-6.06,5.68],[-6.05,5.69],[-6.06,5.69],[-6.06,5.7],[-6.06,5.7],[-6.06,5.7],[-6.07,5.71],[-6.07,5.71],[-6.07,5.71],[-6.07,5.7],[-6.07,5.7],[-6.07,5.7],[-6.08,5.7],[-6.08,5.7],[-6.07,5.7],[-6.07,5.71],[-6.07,5.71],[-6.08,5.71],[-6.08,5.71],[-6.08,5.72],[-6.08,5.72],[-6.07,5.72],[-6.07,5.73],[-6.07,5.73],[-6.07,5.73],[-6.07,5.73],[-6.07,5.74],[-6.07,5.74],[-6.08,5.74],[-6.08,5.74],[-6.08,5.75],[-6.09,5.75],[-6.09,5.75],[-6.09,5.75],[-6.1,5.75],[-6.1,5.75],[-6.1,5.75],[-6.11,5.75],[-6.11,5.76],[-6.1,5.76],[-6.1,5.77],[-6.11,5.77],[-6.11,5.77],[-6.12,5.77],[-6.19,5.77],[-6.22,5.7],[-6.23,5.7],[-6.23,5.7],[-6.23,5.7],[-6.23,5.7],[-6.23,5.7],[-6.23,5.7],[-6.23,5.71],[-6.23,5.71],[-6.22,5.71],[-6.22,5.71],[-6.22,5.71],[-6.22,5.71],[-6.22,5.71],[-6.22,5.71],[-6.22,5.71],[-6.22,5.71],[-6.22,5.72],[-6.22,5.72],[-6.23,5.72],[-6.23,5.72],[-6.23,5.72],[-6.23,5.72],[-6.23,5.72],[-6.23,5.73],[-6.23,5.73],[-6.23,5.73],[-6.23,5.73],[-6.23,5.73],[-6.23,5.73],[-6.23,5.73],[-6.23,5.74],[-6.23,5.74],[-6.23,5.74],[-6.23,5.74],[-6.23,5.74],[-6.23,5.74],[-6.23,5.74],[-6.23,5.74],[-6.22,5.74],[-6.22,5.74],[-6.22,5.75],[-6.22,5.75],[-6.22,5.75],[-6.22,5.75],[-6.22,5.75],[-6.22,5.75],[-6.22,5.75],[-6.22,5.75],[-6.22,5.75],[-6.22,5.75],[-6.22,5.75],[-6.22,5.75],[-6.22,5.76],[-6.22,5.76],[-6.22,5.76],[-6.22,5.76],[-6.22,5.76],[-6.23,5.76],[-6.23,5.76],[-6.23,5.76],[-6.23,5.76],[-6.23,5.76],[-6.23,5.76],[-6.23,5.76],[-6.23,5.76],[-6.23,5.76],[-6.23,5.77],[-6.23,5.77],[-6.23,5.77],[-6.23,5.77],[-6.23,5.77],[-6.23,5.77],[-6.23,5.77],[-6.23,5.77],[-6.23,5.77],[-6.23,5.77],[-6.23,5.78],[-6.23,5.78],[-6.23,5.78],[-6.23,5.78],[-6.23,5.78],[-6.23,5.78],[-6.23,5.78],[-6.23,5.78],[-6.23,5.79],[-6.23,5.79],[-6.23,5.79],[-6.23,5.79],[-6.23,5.79],[-6.23,5.79],[-6.24,5.79],[-6.24,5.79],[-6.24,5.79],[-6.24,5.79],[-6.24,5.79],[-6.24,5.8],[-6.24,5.8],[-6.24,5.8],[-6.24,5.8],[-6.24,5.8],[-6.24,5.8],[-6.25,5.8],[-6.25,5.8],[-6.25,5.81],[-6.25,5.81],[-6.25,5.81],[-6.25,5.81],[-6.25,5.81],[-6.25,5.81],[-6.25,5.82],[-6.24,5.82],[-6.24,5.82],[-6.24,5.82],[-6.24,5.82],[-6.24,5.82],[-6.24,5.82],[-6.24,5.83],[-6.24,5.83],[-6.24,5.83],[-6.24,5.83],[-6.25,5.83],[-6.25,5.83],[-6.25,5.83],[-6.25,5.83],[-6.25,5.83],[-6.25,5.84],[-6.25,5.84],[-6.25,5.84],[-6.25,5.84],[-6.25,5.84],[-6.25,5.84],[-6.25,5.84],[-6.25,5.84],[-6.25,5.85],[-6.25,5.85],[-6.25,5.85],[-6.25,5.85],[-6.26,5.85],[-6.26,5.85],[-6.26,5.85],[-6.26,5.85],[-6.26,5.85],[-6.26,5.85],[-6.26,5.85],[-6.26,5.85],[-6.26,5.85],[-6.27,5.85],[-6.27,5.86],[-6.27,5.86],[-6.27,5.86],[-6.27,5.86],[-6.28,5.86],[-6.28,5.87],[-6.28,5.87],[-6.28,5.88],[-6.28,5.88],[-6.28,5.88],[-6.28,5.88],[-6.28,5.88],[-6.28,5.89],[-6.28,5.89],[-6.28,5.89],[-6.28,5.89],[-6.28,5.89],[-6.28,5.9],[-6.28,5.9],[-6.28,5.9],[-6.28,5.9],[-6.28,5.9],[-6.28,5.9],[-6.28,5.9],[-6.28,5.91],[-6.29,5.91],[-6.29,5.91],[-6.29,5.91],[-6.29,5.91],[-6.29,5.91],[-6.29,5.91],[-6.29,5.92],[-6.29,5.92],[-6.29,5.92],[-6.29,5.92],[-6.29,5.92],[-6.29,5.93],[-6.29,5.93],[-6.29,5.93],[-6.29,5.93],[-6.29,5.94],[-6.32,5.98],[-6.35,6.02],[-6.36,6.03],[-6.38,6.1],[-6.4,6.13],[-6.41,6.16],[-6.41,6.3],[-6.41,6.3],[-6.41,6.3],[-6.41,6.3],[-6.41,6.3],[-6.42,6.29],[-6.42,6.29],[-6.42,6.29],[-6.42,6.29],[-6.42,6.29],[-6.42,6.29],[-6.43,6.29],[-6.43,6.29],[-6.43,6.29],[-6.43,6.29],[-6.43,6.29],[-6.44,6.29],[-6.44,6.29],[-6.48,6.27],[-6.51,6.26],[-6.57,6.31],[-6.59,6.32],[-6.61,6.3],[-6.62,6.3],[-6.64,6.3],[-6.65,6.3],[-6.65,6.3],[-6.66,6.3],[-6.66,6.3],[-6.66,6.3],[-6.66,6.3],[-6.67,6.3],[-6.67,6.3],[-6.67,6.3],[-6.67,6.3],[-6.68,6.3],[-6.68,6.3],[-6.68,6.29],[-6.69,6.29],[-6.69,6.29],[-6.69,6.29],[-6.69,6.29],[-6.7,6.29],[-6.7,6.29],[-6.7,6.29],[-6.71,6.29],[-6.71,6.29],[-6.71,6.29],[-6.71,6.29],[-6.72,6.29],[-6.72,6.29],[-6.72,6.29],[-6.73,6.29],[-6.73,6.29],[-6.73,6.29],[-6.74,6.29],[-6.76,6.28],[-6.77,6.28],[-6.79,6.28],[-6.8,6.28],[-6.8,6.28],[-6.8,6.28],[-6.81,6.27],[-6.81,6.27],[-6.82,6.27],[-6.82,6.27],[-6.83,6.27],[-6.83,6.27],[-6.83,6.27],[-6.84,6.28],[-6.86,6.28],[-6.86,6.28],[-6.87,6.28],[-6.87,6.28],[-6.87,6.28],[-6.87,6.28],[-6.9,6.32],[-6.92,6.35],[-6.93,6.37],[-6.93,6.38],[-6.98,6.42],[-6.98,6.42],[-6.98,6.43],[-6.98,6.43],[-6.98,6.43],[-6.98,6.44],[-6.98,6.44],[-6.98,6.44],[-6.99,6.44],[-6.99,6.44],[-6.99,6.45],[-6.99,6.45],[-6.99,6.45],[-6.99,6.45],[-6.99,6.45],[-7.0,6.45],[-7.0,6.45],[-7.0,6.45],[-7.0,6.45],[-7.0,6.45],[-7.0,6.45],[-7.0,6.45],[-7.0,6.45],[-7.0,6.46],[-7.0,6.46],[-7.0,6.46],[-7.0,6.46],[-7.0,6.46],[-7.0,6.46],[-7.0,6.46],[-7.0,6.46],[-7.0,6.46],[-6.99,6.46],[-6.99,6.46],[-6.99,6.46],[-6.99,6.46],[-6.99,6.46],[-6.98,6.46],[-6.98,6.46],[-6.98,6.46],[-6.98,6.46],[-6.98,6.46],[-6.97,6.46],[-6.97,6.46],[-6.97,6.46],[-6.97,6.47],[-6.97,6.47],[-6.97,6.47],[-6.96,6.47],[-6.96,6.47],[-6.96,6.47],[-6.96,6.47],[-6.96,6.47],[-6.96,6.48],[-6.96,6.48],[-6.96,6.48],[-6.95,6.48],[-6.95,6.48],[-6.95,6.48],[-6.95,6.49],[-6.95,6.49],[-6.95,6.49],[-6.95,6.49],[-6.95,6.49],[-6.96,6.49],[-6.96,6.5],[-6.96,6.5],[-6.96,6.5],[-6.96,6.5],[-6.96,6.5],[-6.96,6.5],[-6.96,6.51],[-6.96,6.51],[-6.96,6.51],[-6.96,6.51],[-6.96,6.51],[-6.96,6.51],[-6.96,6.52],[-6.96,6.52],[-6.96,6.52],[-6.96,6.52],[-6.96,6.52],[-6.97,6.53],[-6.97,6.53],[-6.97,6.53],[-6.97,6.53],[-6.97,6.53],[-6.97,6.54],[-6.97,6.54],[-6.98,6.54],[-6.98,6.54],[-6.98,6.54],[-6.98,6.54],[-6.98,6.55],[-6.98,6.55],[-6.98,6.55],[-6.98,6.55],[-6.98,6.55]]]}},{"type":"Feature","properties":{"name":"Poro","code":"CI28","level":"region","status":"pending","schools":441,"students":88233,"girls":42044,"boys":46189,"district":"Savanes"},"geometry":{"type":"Polygon","coordinates":[[[-5.8,10.38],[-5.8,10.38],[-5.8,10.38],[-5.8,10.38],[-5.79,10.38],[-5.79,10.38],[-5.79,10.38],[-5.79,10.38],[-5.79,10.38],[-5.79,10.38],[-5.79,10.38],[-5.79,10.38],[-5.79,10.39],[-5.79,10.39],[-5.78,10.39],[-5.78,10.39],[-5.78,10.39],[-5.78,10.39],[-5.78,10.4],[-5.78,10.4],[-5.78,10.4],[-5.78,10.4],[-5.78,10.4],[-5.78,10.4],[-5.78,10.41],[-5.78,10.41],[-5.79,10.41],[-5.79,10.41],[-5.79,10.41],[-5.79,10.41],[-5.79,10.41],[-5.79,10.41],[-5.8,10.41],[-5.8,10.41],[-5.8,10.41],[-5.8,10.41],[-5.8,10.41],[-5.81,10.41],[-5.81,10.41],[-5.81,10.41],[-5.82,10.41],[-5.82,10.4],[-5.82,10.39],[-5.83,10.39],[-5.83,10.38],[-5.85,10.37],[-5.86,10.37],[-5.86,10.38],[-5.87,10.37],[-5.88,10.33],[-5.87,10.32],[-5.89,10.3],[-5.89,10.3],[-5.88,10.29],[-5.88,10.28],[-5.88,10.27],[-5.89,10.26],[-5.89,10.26],[-5.9,10.26],[-5.91,10.27],[-5.92,10.28],[-5.93,10.28],[-5.94,10.27],[-5.95,10.27],[-5.96,10.27],[-5.95,10.25],[-5.95,10.25],[-5.96,10.24],[-5.96,10.23],[-5.97,10.22],[-5.98,10.21],[-5.99,10.2],[-5.99,10.19],[-6.0,10.2],[-6.01,10.2],[-6.03,10.2],[-6.04,10.2],[-6.05,10.21],[-6.07,10.21],[-6.07,10.22],[-6.08,10.21],[-6.1,10.22],[-6.12,10.21],[-6.13,10.21],[-6.14,10.21],[-6.15,10.22],[-6.15,10.22],[-6.17,10.23],[-6.18,10.23],[-6.19,10.23],[-6.2,10.24],[-6.2,10.24],[-6.2,10.24],[-6.2,10.24],[-6.2,10.23],[-6.2,10.23],[-6.2,10.23],[-6.2,10.23],[-6.2,10.23],[-6.2,10.23],[-6.2,10.23],[-6.2,10.23],[-6.2,10.22],[-6.21,10.22],[-6.21,10.22],[-6.21,10.23],[-6.21,10.23],[-6.21,10.23],[-6.21,10.23],[-6.21,10.23],[-6.21,10.23],[-6.21,10.23],[-6.21,10.23],[-6.21,10.23],[-6.22,10.23],[-6.22,10.23],[-6.22,10.23],[-6.22,10.23],[-6.22,10.23],[-6.22,10.22],[-6.22,10.22],[-6.22,10.22],[-6.22,10.22],[-6.22,10.22],[-6.22,10.22],[-6.22,10.22],[-6.22,10.22],[-6.22,10.21],[-6.22,10.21],[-6.22,10.21],[-6.22,10.21],[-6.22,10.21],[-6.22,10.21],[-6.22,10.21],[-6.22,10.21],[-6.22,10.2],[-6.22,10.2],[-6.22,10.2],[-6.21,10.2],[-6.21,10.2],[-6.21,10.2],[-6.21,10.2],[-6.21,10.2],[-6.21,10.2],[-6.21,10.2],[-6.21,10.2],[-6.21,10.19],[-6.21,10.19],[-6.21,10.19],[-6.21,10.19],[-6.21,10.19],[-6.21,10.19],[-6.21,10.19],[-6.21,10.19],[-6.21,10.18],[-6.21,10.18],[-6.21,10.18],[-6.21,10.18],[-6.22,10.18],[-6.22,10.18],[-6.22,10.18],[-6.22,10.18],[-6.22,10.18],[-6.22,10.18],[-6.22,10.18],[-6.22,10.18],[-6.22,10.18],[-6.23,10.18],[-6.23,10.17],[-6.23,10.17],[-6.23,10.17],[-6.23,10.17],[-6.24,10.17],[-6.24,10.17],[-6.24,10.17],[-6.24,10.16],[-6.24,10.16],[-6.24,10.16],[-6.24,10.16],[-6.24,10.16],[-6.24,10.16],[-6.24,10.16],[-6.24,10.16],[-6.24,10.15],[-6.24,10.15],[-6.24,10.15],[-6.24,10.15],[-6.24,10.15],[-6.24,10.15],[-6.24,10.15],[-6.24,10.15],[-6.24,10.15],[-6.23,10.15],[-6.23,10.15],[-6.23,10.15],[-6.23,10.15],[-6.23,10.15],[-6.23,10.15],[-6.23,10.15],[-6.23,10.15],[-6.23,10.15],[-6.23,10.15],[-6.23,10.14],[-6.23,10.14],[-6.23,10.14],[-6.23,10.14],[-6.22,10.14],[-6.22,10.14],[-6.23,10.14],[-6.23,10.13],[-6.23,10.13],[-6.23,10.13],[-6.23,10.13],[-6.23,10.13],[-6.23,10.13],[-6.23,10.12],[-6.23,10.12],[-6.23,10.12],[-6.23,10.12],[-6.23,10.12],[-6.23,10.12],[-6.23,10.12],[-6.23,10.12],[-6.23,10.12],[-6.23,10.12],[-6.23,10.12],[-6.23,10.12],[-6.24,10.12],[-6.24,10.12],[-6.24,10.12],[-6.24,10.12],[-6.24,10.12],[-6.24,10.12],[-6.24,10.12],[-6.24,10.13],[-6.24,10.13],[-6.24,10.13],[-6.24,10.13],[-6.24,10.13],[-6.24,10.13],[-6.24,10.13],[-6.24,10.14],[-6.24,10.14],[-6.24,10.14],[-6.24,10.14],[-6.25,10.14],[-6.25,10.14],[-6.25,10.14],[-6.25,10.14],[-6.25,10.14],[-6.25,10.14],[-6.25,10.14],[-6.25,10.14],[-6.25,10.14],[-6.25,10.14],[-6.25,10.14],[-6.25,10.14],[-6.26,10.14],[-6.26,10.14],[-6.26,10.13],[-6.26,10.13],[-6.26,10.13],[-6.26,10.13],[-6.26,10.13],[-6.26,10.13],[-6.26,10.13],[-6.27,10.13],[-6.27,10.12],[-6.27,10.12],[-6.27,10.12],[-6.27,10.12],[-6.27,10.12],[-6.27,10.12],[-6.27,10.12],[-6.27,10.12],[-6.28,10.12],[-6.28,10.12],[-6.28,10.12],[-6.28,10.12],[-6.28,10.12],[-6.28,10.11],[-6.28,10.12],[-6.27,10.12],[-6.27,10.12],[-6.27,10.12],[-6.27,10.12],[-6.27,10.12],[-6.27,10.12],[-6.27,10.12],[-6.26,10.12],[-6.26,10.12],[-6.26,10.12],[-6.26,10.12],[-6.26,10.12],[-6.26,10.12],[-6.26,10.12],[-6.26,10.12],[-6.26,10.12],[-6.26,10.11],[-6.26,10.11],[-6.26,10.11],[-6.26,10.11],[-6.26,10.11],[-6.26,10.11],[-6.26,10.1],[-6.26,10.1],[-6.26,10.1],[-6.26,10.1],[-6.26,10.1],[-6.26,10.09],[-6.26,10.09],[-6.26,10.09],[-6.26,10.09],[-6.26,10.09],[-6.26,10.08],[-6.26,10.08],[-6.26,10.08],[-6.27,10.08],[-6.27,10.08],[-6.27,10.08],[-6.27,10.08],[-6.27,10.08],[-6.27,10.08],[-6.27,10.08],[-6.28,10.08],[-6.28,10.08],[-6.28,10.09],[-6.28,10.09],[-6.28,10.09],[-6.28,10.09],[-6.28,10.09],[-6.28,10.09],[-6.29,10.09],[-6.29,10.09],[-6.29,10.09],[-6.29,10.1],[-6.29,10.1],[-6.29,10.1],[-6.29,10.1],[-6.29,10.1],[-6.29,10.1],[-6.29,10.1],[-6.29,10.11],[-6.29,10.11],[-6.29,10.11],[-6.29,10.11],[-6.29,10.11],[-6.29,10.11],[-6.29,10.11],[-6.29,10.11],[-6.29,10.11],[-6.29,10.11],[-6.29,10.11],[-6.29,10.1],[-6.29,10.1],[-6.29,10.1],[-6.29,10.1],[-6.29,10.1],[-6.29,10.1],[-6.29,10.1],[-6.29,10.1],[-6.3,10.09],[-6.3,10.09],[-6.3,10.09],[-6.3,10.09],[-6.3,10.09],[-6.3,10.09],[-6.3,10.09],[-6.3,10.09],[-6.31,10.09],[-6.31,10.09],[-6.31,10.09],[-6.31,10.09],[-6.31,10.09],[-6.31,10.09],[-6.31,10.09],[-6.31,10.09],[-6.31,10.09],[-6.31,10.09],[-6.31,10.08],[-6.3,10.09],[-6.3,10.09],[-6.3,10.09],[-6.3,10.09],[-6.3,10.09],[-6.3,10.09],[-6.29,10.09],[-6.29,10.09],[-6.29,10.09],[-6.29,10.08],[-6.29,10.08],[-6.29,10.08],[-6.29,10.08],[-6.29,10.08],[-6.29,10.08],[-6.29,10.08],[-6.29,10.08],[-6.29,10.07],[-6.29,10.07],[-6.29,10.07],[-6.29,10.07],[-6.28,10.07],[-6.28,10.07],[-6.28,10.07],[-6.28,10.07],[-6.28,10.06],[-6.28,10.06],[-6.28,10.06],[-6.28,10.06],[-6.28,10.06],[-6.27,10.06],[-6.27,10.06],[-6.28,10.06],[-6.28,10.06],[-6.27,10.05],[-6.27,10.05],[-6.26,10.06],[-6.26,10.05],[-6.26,10.05],[-6.26,10.05],[-6.26,10.05],[-6.25,10.05],[-6.25,10.05],[-6.25,10.05],[-6.25,10.05],[-6.25,10.05],[-6.24,10.05],[-6.24,10.05],[-6.24,10.05],[-6.24,10.05],[-6.23,10.05],[-6.23,10.04],[-6.23,10.04],[-6.23,10.04],[-6.22,10.04],[-6.22,10.04],[-6.22,10.04],[-6.22,10.04],[-6.22,10.04],[-6.21,10.04],[-6.21,10.04],[-6.21,10.04],[-6.21,10.04],[-6.21,10.04],[-6.21,10.04],[-6.2,10.04],[-6.2,10.04],[-6.2,10.04],[-6.2,10.04],[-6.2,10.04],[-6.19,10.04],[-6.19,10.04],[-6.19,10.04],[-6.19,10.04],[-6.18,10.04],[-6.18,10.04],[-6.18,10.04],[-6.18,10.04],[-6.18,10.04],[-6.18,10.04],[-6.17,10.04],[-6.17,10.04],[-6.17,10.04],[-6.17,10.04],[-6.16,10.04],[-6.16,10.04],[-6.16,10.04],[-6.16,10.04],[-6.16,10.04],[-6.15,10.04],[-6.15,10.04],[-6.15,10.04],[-6.15,10.04],[-6.14,10.03],[-6.14,10.03],[-6.14,10.03],[-6.14,10.03],[-6.13,10.03],[-6.13,10.03],[-6.13,10.03],[-6.12,10.02],[-6.12,10.02],[-6.12,10.02],[-6.12,10.02],[-6.12,10.02],[-6.12,10.01],[-6.12,10.01],[-6.12,10.01],[-6.12,10.01],[-6.12,10.01],[-6.12,10.0],[-6.12,10.0],[-6.12,10.0],[-6.12,10.0],[-6.12,10.0],[-6.13,10.0],[-6.13,10.0],[-6.13,9.99],[-6.13,9.99],[-6.13,9.99],[-6.13,9.99],[-6.14,9.99],[-6.14,9.99],[-6.14,9.98],[-6.14,9.98],[-6.14,9.98],[-6.14,9.98],[-6.14,9.98],[-6.15,9.98],[-6.15,9.98],[-6.15,9.98],[-6.15,9.98],[-6.15,9.98],[-6.16,9.98],[-6.16,9.98],[-6.16,9.98],[-6.16,9.97],[-6.16,9.97],[-6.17,9.97],[-6.17,9.97],[-6.17,9.97],[-6.17,9.97],[-6.17,9.97],[-6.17,9.97],[-6.17,9.96],[-6.17,9.96],[-6.18,9.96],[-6.18,9.95],[-6.18,9.95],[-6.18,9.95],[-6.18,9.95],[-6.18,9.94],[-6.18,9.94],[-6.18,9.94],[-6.18,9.94],[-6.18,9.94],[-6.18,9.94],[-6.18,9.93],[-6.18,9.93],[-6.18,9.93],[-6.17,9.93],[-6.17,9.93],[-6.17,9.93],[-6.17,9.92],[-6.17,9.92],[-6.17,9.92],[-6.17,9.92],[-6.17,9.92],[-6.16,9.92],[-6.16,9.91],[-6.16,9.91],[-6.16,9.91],[-6.15,9.91],[-6.15,9.91],[-6.15,9.91],[-6.15,9.91],[-6.15,9.91],[-6.15,9.91],[-6.14,9.9],[-6.14,9.9],[-6.14,9.9],[-6.14,9.9],[-6.14,9.9],[-6.14,9.9],[-6.14,9.89],[-6.13,9.89],[-6.13,9.89],[-6.13,9.89],[-6.13,9.89],[-6.13,9.89],[-6.12,9.89],[-6.12,9.89],[-6.12,9.89],[-6.12,9.89],[-6.12,9.89],[-6.12,9.89],[-6.11,9.89],[-6.11,9.89],[-6.11,9.89],[-6.11,9.88],[-6.11,9.88],[-6.11,9.88],[-6.1,9.88],[-6.1,9.88],[-6.1,9.88],[-6.1,9.88],[-6.1,9.88],[-6.09,9.88],[-6.09,9.88],[-6.09,9.88],[-6.09,9.88],[-6.09,9.88],[-6.09,9.88],[-6.08,9.88],[-6.08,9.87],[-6.08,9.87],[-6.08,9.87],[-6.08,9.87],[-6.08,9.87],[-6.08,9.87],[-6.07,9.87],[-6.07,9.87],[-6.07,9.87],[-6.07,9.87],[-6.07,9.86],[-6.06,9.86],[-6.06,9.86],[-6.06,9.86],[-6.06,9.86],[-6.06,9.86],[-6.05,9.86],[-6.05,9.85],[-6.05,9.85],[-6.05,9.85],[-6.05,9.85],[-6.05,9.85],[-6.05,9.84],[-6.05,9.84],[-6.04,9.84],[-6.04,9.84],[-6.04,9.84],[-6.04,9.83],[-6.04,9.83],[-6.04,9.83],[-6.04,9.83],[-6.03,9.83],[-6.03,9.83],[-6.03,9.83],[-6.03,9.83],[-6.02,9.82],[-6.02,9.82],[-6.02,9.82],[-6.02,9.81],[-6.02,9.81],[-6.02,9.81],[-6.02,9.81],[-6.03,9.81],[-6.03,9.8],[-6.03,9.8],[-6.03,9.8],[-6.03,9.8],[-6.03,9.8],[-6.03,9.8],[-6.03,9.79],[-6.04,9.79],[-6.04,9.79],[-6.04,9.79],[-6.04,9.79],[-6.04,9.78],[-6.04,9.78],[-6.04,9.78],[-6.05,9.78],[-6.05,9.78],[-6.05,9.79],[-6.06,9.79],[-6.06,9.79],[-6.06,9.79],[-6.06,9.79],[-6.06,9.79],[-6.07,9.79],[-6.07,9.79],[-6.07,9.79],[-6.07,9.79],[-6.07,9.79],[-6.08,9.79],[-6.08,9.8],[-6.08,9.8],[-6.08,9.8],[-6.08,9.8],[-6.08,9.8],[-6.08,9.81],[-6.09,9.81],[-6.09,9.81],[-6.09,9.81],[-6.09,9.81],[-6.09,9.82],[-6.1,9.82],[-6.1,9.82],[-6.1,9.81],[-6.1,9.81],[-6.1,9.8],[-6.1,9.8],[-6.11,9.8],[-6.11,9.8],[-6.11,9.79],[-6.11,9.79],[-6.11,9.79],[-6.11,9.79],[-6.11,9.79],[-6.11,9.78],[-6.11,9.78],[-6.11,9.78],[-6.11,9.77],[-6.11,9.77],[-6.11,9.77],[-6.11,9.77],[-6.11,9.76],[-6.11,9.76],[-6.11,9.76],[-6.11,9.76],[-6.11,9.76],[-6.11,9.75],[-6.11,9.75],[-6.11,9.75],[-6.11,9.75],[-6.11,9.74],[-6.11,9.74],[-6.11,9.74],[-6.11,9.74],[-6.1,9.73],[-6.1,9.73],[-6.1,9.73],[-6.1,9.72],[-6.1,9.72],[-6.1,9.72],[-6.1,9.72],[-6.09,9.71],[-6.09,9.71],[-6.09,9.71],[-6.09,9.7],[-6.09,9.7],[-6.09,9.7],[-6.09,9.7],[-6.1,9.7],[-6.1,9.69],[-6.1,9.69],[-6.1,9.69],[-6.1,9.68],[-6.1,9.68],[-6.11,9.68],[-6.11,9.68],[-6.11,9.68],[-6.11,9.68],[-6.11,9.67],[-6.11,9.67],[-6.11,9.67],[-6.11,9.66],[-6.11,9.66],[-6.11,9.66],[-6.11,9.66],[-6.11,9.66],[-6.11,9.65],[-6.11,9.65],[-6.11,9.65],[-6.12,9.65],[-6.12,9.65],[-6.12,9.65],[-6.13,9.65],[-6.13,9.64],[-6.13,9.64],[-6.13,9.64],[-6.14,9.64],[-6.14,9.64],[-6.14,9.64],[-6.14,9.63],[-6.14,9.63],[-6.15,9.63],[-6.15,9.63],[-6.15,9.63],[-6.15,9.63],[-6.15,9.62],[-6.15,9.62],[-6.16,9.62],[-6.16,9.62],[-6.16,9.62],[-6.16,9.61],[-6.16,9.61],[-6.16,9.61],[-6.16,9.6],[-6.16,9.6],[-6.16,9.6],[-6.15,9.6],[-6.15,9.59],[-6.15,9.59],[-6.15,9.59],[-6.15,9.58],[-6.15,9.58],[-6.15,9.58],[-6.15,9.58],[-6.15,9.57],[-6.15,9.57],[-6.15,9.57],[-6.15,9.57],[-6.15,9.56],[-6.15,9.56],[-6.15,9.56],[-6.15,9.56],[-6.15,9.56],[-6.15,9.55],[-6.16,9.55],[-6.16,9.55],[-6.16,9.55],[-6.16,9.54],[-6.16,9.54],[-6.16,9.54],[-6.15,9.54],[-6.15,9.53],[-6.15,9.53],[-6.15,9.53],[-6.15,9.53],[-6.15,9.53],[-6.15,9.52],[-6.15,9.52],[-6.15,9.52],[-6.15,9.51],[-6.15,9.51],[-6.14,9.51],[-6.14,9.51],[-6.14,9.51],[-6.14,9.5],[-6.15,9.5],[-6.15,9.5],[-6.15,9.5],[-6.15,9.49],[-6.15,9.49],[-6.15,9.49],[-6.15,9.49],[-6.15,9.48],[-6.15,9.48],[-6.15,9.48],[-6.16,9.48],[-6.16,9.47],[-6.16,9.47],[-6.16,9.47],[-6.16,9.46],[-6.17,9.46],[-6.17,9.46],[-6.18,9.45],[-6.18,9.45],[-6.18,9.45],[-6.18,9.45],[-6.19,9.45],[-6.19,9.45],[-6.19,9.45],[-6.2,9.45],[-6.2,9.45],[-6.2,9.45],[-6.2,9.44],[-6.2,9.44],[-6.21,9.44],[-6.21,9.44],[-6.21,9.44],[-6.22,9.44],[-6.22,9.44],[-6.22,9.44],[-6.23,9.43],[-6.23,9.43],[-6.23,9.43],[-6.24,9.43],[-6.24,9.43],[-6.24,9.43],[-6.24,9.42],[-6.25,9.42],[-6.25,9.42],[-6.25,9.42],[-6.25,9.42],[-6.26,9.42],[-6.26,9.41],[-6.26,9.41],[-6.26,9.41],[-6.26,9.41],[-6.26,9.41],[-6.27,9.4],[-6.27,9.4],[-6.27,9.4],[-6.27,9.4],[-6.27,9.4],[-6.27,9.39],[-6.27,9.39],[-6.27,9.39],[-6.27,9.39],[-6.27,9.38],[-6.27,9.38],[-6.27,9.38],[-6.27,9.38],[-6.27,9.37],[-6.27,9.37],[-6.27,9.37],[-6.27,9.37],[-6.27,9.37],[-6.27,9.36],[-6.27,9.36],[-6.27,9.36],[-6.28,9.36],[-6.28,9.36],[-6.28,9.35],[-6.27,9.35],[-6.27,9.35],[-6.27,9.35],[-6.27,9.34],[-6.27,9.34],[-6.27,9.34],[-6.27,9.34],[-6.27,9.33],[-6.27,9.33],[-6.27,9.33],[-6.27,9.33],[-6.28,9.33],[-6.28,9.33],[-6.28,9.32],[-6.28,9.32],[-6.27,9.32],[-6.27,9.32],[-6.27,9.32],[-6.27,9.31],[-6.27,9.31],[-6.27,9.31],[-6.27,9.31],[-6.26,9.3],[-6.27,9.3],[-6.27,9.3],[-6.27,9.3],[-6.27,9.29],[-6.27,9.29],[-6.27,9.29],[-6.27,9.29],[-6.27,9.29],[-6.28,9.27],[-6.28,9.27],[-6.28,9.27],[-6.28,9.27],[-6.28,9.27],[-6.28,9.27],[-6.28,9.26],[-6.28,9.26],[-6.28,9.26],[-6.28,9.26],[-6.29,9.26],[-6.29,9.25],[-6.29,9.25],[-6.29,9.25],[-6.29,9.25],[-6.29,9.25],[-6.29,9.25],[-6.29,9.24],[-6.29,9.24],[-6.29,9.24],[-6.29,9.24],[-6.29,9.24],[-6.29,9.24],[-6.29,9.23],[-6.29,9.23],[-6.29,9.23],[-6.3,9.23],[-6.3,9.23],[-6.3,9.23],[-6.3,9.22],[-6.3,9.22],[-6.31,9.22],[-6.31,9.22],[-6.31,9.22],[-6.31,9.22],[-6.31,9.21],[-6.31,9.21],[-6.31,9.21],[-6.31,9.21],[-6.32,9.21],[-6.32,9.21],[-6.32,9.21],[-6.32,9.21],[-6.32,9.21],[-6.32,9.2],[-6.32,9.2],[-6.31,9.2],[-6.31,9.2],[-6.31,9.2],[-6.31,9.2],[-6.31,9.2],[-6.3,9.2],[-6.3,9.2],[-6.3,9.2],[-6.3,9.2],[-6.3,9.2],[-6.29,9.2],[-6.29,9.2],[-6.29,9.2],[-6.29,9.2],[-6.29,9.2],[-6.29,9.2],[-6.28,9.2],[-6.28,9.19],[-6.28,9.19],[-6.28,9.19],[-6.28,9.2],[-6.28,9.2],[-6.28,9.2],[-6.27,9.2],[-6.27,9.2],[-6.27,9.2],[-6.27,9.2],[-6.27,9.2],[-6.26,9.2],[-6.26,9.2],[-6.26,9.2],[-6.26,9.2],[-6.26,9.2],[-6.26,9.2],[-6.26,9.19],[-6.25,9.19],[-6.25,9.19],[-6.25,9.19],[-6.25,9.19],[-6.25,9.18],[-6.25,9.18],[-6.25,9.18],[-6.24,9.18],[-6.24,9.18],[-6.24,9.17],[-6.24,9.17],[-6.24,9.17],[-6.23,9.17],[-6.23,9.17],[-6.23,9.16],[-6.23,9.16],[-6.23,9.16],[-6.23,9.16],[-6.22,9.16],[-6.22,9.16],[-6.22,9.15],[-6.22,9.15],[-6.22,9.15],[-6.22,9.15],[-6.22,9.14],[-6.22,9.14],[-6.22,9.14],[-6.22,9.14],[-6.22,9.14],[-6.23,9.13],[-6.23,9.13],[-6.23,9.13],[-6.23,9.13],[-6.23,9.12],[-6.23,9.12],[-6.23,9.12],[-6.23,9.12],[-6.23,9.12],[-6.24,9.12],[-6.24,9.12],[-6.24,9.11],[-6.24,9.11],[-6.24,9.11],[-6.24,9.11],[-6.25,9.11],[-6.25,9.1],[-6.25,9.1],[-6.25,9.1],[-6.25,9.1],[-6.25,9.1],[-6.25,9.09],[-6.26,9.09],[-6.26,9.09],[-6.26,9.09],[-6.26,9.08],[-6.26,9.08],[-6.26,9.08],[-6.26,9.08],[-6.26,9.07],[-6.26,9.07],[-6.27,9.07],[-6.27,9.07],[-6.27,9.06],[-6.27,9.06],[-6.27,9.06],[-6.27,9.06],[-6.27,9.06],[-6.26,9.05],[-6.26,9.05],[-6.26,9.05],[-6.26,9.05],[-6.26,9.05],[-6.26,9.04],[-6.26,9.04],[-6.25,9.04],[-6.25,9.04],[-6.25,9.04],[-6.25,9.03],[-6.25,9.03],[-6.25,9.03],[-6.25,9.03],[-6.25,9.02],[-6.25,9.02],[-6.25,9.02],[-6.25,9.02],[-6.25,9.01],[-6.25,9.01],[-6.25,9.01],[-6.25,9.01],[-6.25,9.0],[-6.25,9.0],[-6.25,9.0],[-6.25,8.99],[-6.13,8.94],[-6.13,8.91],[-6.12,8.89],[-6.06,8.8],[-6.01,8.7],[-6.0,8.7],[-6.0,8.7],[-6.0,8.69],[-6.0,8.69],[-6.0,8.69],[-6.0,8.69],[-6.0,8.68],[-6.0,8.68],[-6.0,8.68],[-5.99,8.67],[-5.99,8.67],[-5.99,8.67],[-5.99,8.67],[-5.99,8.67],[-5.99,8.66],[-5.99,8.66],[-5.98,8.66],[-5.98,8.66],[-5.98,8.66],[-5.98,8.66],[-5.98,8.66],[-5.98,8.65],[-5.98,8.65],[-5.97,8.65],[-5.97,8.65],[-5.97,8.65],[-5.97,8.65],[-5.97,8.65],[-5.96,8.65],[-5.96,8.65],[-5.96,8.65],[-5.96,8.65],[-5.96,8.65],[-5.96,8.65],[-5.96,8.65],[-5.95,8.65],[-5.95,8.65],[-5.95,8.65],[-5.95,8.65],[-5.95,8.65],[-5.94,8.65],[-5.94,8.65],[-5.94,8.65],[-5.93,8.65],[-5.93,8.65],[-5.93,8.65],[-5.92,8.65],[-5.92,8.64],[-5.92,8.64],[-5.92,8.64],[-5.91,8.64],[-5.91,8.65],[-5.71,8.54],[-5.64,8.54],[-5.64,8.55],[-5.65,8.55],[-5.65,8.55],[-5.65,8.55],[-5.65,8.56],[-5.65,8.56],[-5.64,8.56],[-5.64,8.56],[-5.64,8.56],[-5.64,8.56],[-5.64,8.56],[-5.64,8.57],[-5.65,8.57],[-5.65,8.57],[-5.65,8.57],[-5.64,8.57],[-5.64,8.57],[-5.64,8.58],[-5.64,8.58],[-5.65,8.58],[-5.65,8.59],[-5.65,8.59],[-5.65,8.59],[-5.65,8.59],[-5.65,8.6],[-5.64,8.59],[-5.64,8.59],[-5.64,8.59],[-5.64,8.59],[-5.63,8.59],[-5.63,8.59],[-5.63,8.6],[-5.63,8.6],[-5.64,8.6],[-5.64,8.6],[-5.64,8.61],[-5.64,8.61],[-5.64,8.61],[-5.64,8.61],[-5.65,8.61],[-5.65,8.61],[-5.65,8.61],[-5.65,8.61],[-5.66,8.61],[-5.66,8.61],[-5.66,8.61],[-5.66,8.62],[-5.67,8.62],[-5.67,8.62],[-5.67,8.62],[-5.67,8.61],[-5.67,8.61],[-5.68,8.61],[-5.68,8.61],[-5.68,8.6],[-5.68,8.6],[-5.68,8.6],[-5.68,8.6],[-5.69,8.6],[-5.69,8.6],[-5.69,8.61],[-5.69,8.61],[-5.69,8.61],[-5.7,8.62],[-5.7,8.62],[-5.7,8.62],[-5.7,8.62],[-5.71,8.62],[-5.71,8.62],[-5.71,8.62],[-5.71,8.63],[-5.71,8.63],[-5.7,8.63],[-5.7,8.63],[-5.7,8.64],[-5.71,8.64],[-5.71,8.64],[-5.71,8.64],[-5.71,8.65],[-5.71,8.65],[-5.71,8.65],[-5.71,8.65],[-5.71,8.66],[-5.71,8.66],[-5.71,8.66],[-5.7,8.66],[-5.7,8.66],[-5.7,8.66],[-5.69,8.66],[-5.69,8.66],[-5.69,8.66],[-5.69,8.67],[-5.69,8.67],[-5.7,8.67],[-5.7,8.67],[-5.69,8.68],[-5.69,8.68],[-5.69,8.68],[-5.69,8.68],[-5.69,8.68],[-5.69,8.69],[-5.69,8.69],[-5.69,8.69],[-5.68,8.69],[-5.69,8.7],[-5.68,8.7],[-5.68,8.7],[-5.68,8.7],[-5.68,8.71],[-5.68,8.71],[-5.68,8.71],[-5.69,8.71],[-5.69,8.71],[-5.69,8.71],[-5.69,8.72],[-5.7,8.72],[-5.7,8.72],[-5.7,8.72],[-5.7,8.72],[-5.71,8.72],[-5.71,8.72],[-5.71,8.72],[-5.71,8.73],[-5.7,8.73],[-5.7,8.73],[-5.7,8.73],[-5.69,8.73],[-5.69,8.73],[-5.69,8.73],[-5.68,8.73],[-5.68,8.73],[-5.68,8.73],[-5.67,8.73],[-5.67,8.73],[-5.67,8.73],[-5.67,8.74],[-5.67,8.74],[-5.68,8.74],[-5.68,8.74],[-5.68,8.74],[-5.69,8.74],[-5.69,8.74],[-5.69,8.74],[-5.69,8.75],[-5.7,8.75],[-5.7,8.75],[-5.7,8.75],[-5.7,8.75],[-5.7,8.76],[-5.69,8.76],[-5.69,8.76],[-5.69,8.76],[-5.69,8.76],[-5.69,8.77],[-5.7,8.77],[-5.7,8.77],[-5.7,8.77],[-5.7,8.77],[-5.71,8.77],[-5.71,8.77],[-5.71,8.78],[-5.71,8.77],[-5.71,8.77],[-5.72,8.77],[-5.72,8.77],[-5.72,8.77],[-5.73,8.77],[-5.73,8.77],[-5.73,8.78],[-5.73,8.78],[-5.72,8.78],[-5.72,8.78],[-5.72,8.79],[-5.72,8.79],[-5.72,8.79],[-5.72,8.8],[-5.72,8.8],[-5.72,8.8],[-5.72,8.81],[-5.72,8.81],[-5.71,8.81],[-5.71,8.81],[-5.71,8.82],[-5.71,8.82],[-5.71,8.82],[-5.7,8.82],[-5.71,8.83],[-5.71,8.83],[-5.71,8.83],[-5.7,8.84],[-5.7,8.84],[-5.7,8.84],[-5.71,8.84],[-5.7,8.84],[-5.7,8.84],[-5.7,8.85],[-5.7,8.85],[-5.7,8.85],[-5.7,8.84],[-5.69,8.84],[-5.69,8.84],[-5.69,8.84],[-5.69,8.84],[-5.69,8.84],[-5.68,8.84],[-5.68,8.84],[-5.68,8.84],[-5.68,8.84],[-5.68,8.83],[-5.68,8.83],[-5.68,8.83],[-5.67,8.83],[-5.67,8.83],[-5.67,8.83],[-5.67,8.83],[-5.67,8.83],[-5.67,8.83],[-5.67,8.83],[-5.66,8.83],[-5.66,8.84],[-5.66,8.84],[-5.66,8.84],[-5.66,8.84],[-5.66,8.83],[-5.65,8.83],[-5.65,8.83],[-5.65,8.83],[-5.65,8.83],[-5.65,8.83],[-5.65,8.83],[-5.65,8.83],[-5.65,8.83],[-5.64,8.83],[-5.64,8.83],[-5.64,8.83],[-5.64,8.83],[-5.64,8.83],[-5.63,8.83],[-5.63,8.83],[-5.63,8.83],[-5.63,8.83],[-5.62,8.84],[-5.62,8.84],[-5.62,8.84],[-5.62,8.84],[-5.61,8.84],[-5.61,8.84],[-5.61,8.84],[-5.61,8.84],[-5.6,8.84],[-5.6,8.84],[-5.6,8.84],[-5.6,8.84],[-5.6,8.85],[-5.59,8.85],[-5.59,8.85],[-5.59,8.85],[-5.59,8.85],[-5.59,8.86],[-5.59,8.86],[-5.59,8.86],[-5.59,8.86],[-5.59,8.86],[-5.59,8.87],[-5.59,8.87],[-5.58,8.87],[-5.58,8.87],[-5.58,8.87],[-5.58,8.87],[-5.58,8.87],[-5.57,8.87],[-5.57,8.87],[-5.57,8.87],[-5.57,8.87],[-5.57,8.87],[-5.56,8.87],[-5.56,8.87],[-5.56,8.87],[-5.56,8.87],[-5.56,8.87],[-5.56,8.87],[-5.55,8.87],[-5.55,8.87],[-5.55,8.87],[-5.55,8.87],[-5.55,8.87],[-5.54,8.87],[-5.54,8.87],[-5.54,8.87],[-5.54,8.87],[-5.53,8.87],[-5.53,8.87],[-5.53,8.87],[-5.53,8.87],[-5.53,8.87],[-5.52,8.87],[-5.52,8.87],[-5.52,8.87],[-5.52,8.87],[-5.52,8.87],[-5.51,8.87],[-5.51,8.87],[-5.51,8.87],[-5.51,8.87],[-5.51,8.87],[-5.5,8.87],[-5.5,8.87],[-5.5,8.87],[-5.5,8.87],[-5.5,8.87],[-5.5,8.87],[-5.5,8.87],[-5.49,8.87],[-5.49,8.87],[-5.49,8.87],[-5.49,8.87],[-5.49,8.87],[-5.49,8.87],[-5.48,8.86],[-5.48,8.86],[-5.48,8.86],[-5.48,8.86],[-5.48,8.86],[-5.48,8.86],[-5.47,8.86],[-5.47,8.86],[-5.47,8.86],[-5.47,8.86],[-5.47,8.86],[-5.46,8.86],[-5.46,8.86],[-5.46,8.86],[-5.46,8.87],[-5.46,8.87],[-5.46,8.87],[-5.45,8.87],[-5.45,8.87],[-5.45,8.87],[-5.45,8.87],[-5.45,8.87],[-5.45,8.88],[-5.45,8.88],[-5.45,8.88],[-5.45,8.88],[-5.46,8.88],[-5.46,8.88],[-5.46,8.88],[-5.46,8.88],[-5.46,8.88],[-5.46,8.89],[-5.47,8.89],[-5.47,8.89],[-5.47,8.89],[-5.47,8.89],[-5.47,8.89],[-5.48,8.89],[-5.48,8.89],[-5.48,8.89],[-5.48,8.89],[-5.48,8.89],[-5.49,8.89],[-5.49,8.89],[-5.49,8.9],[-5.49,8.9],[-5.49,8.9],[-5.49,8.9],[-5.49,8.9],[-5.49,8.91],[-5.49,8.91],[-5.49,8.91],[-5.49,8.91],[-5.49,8.91],[-5.49,8.91],[-5.49,8.91],[-5.48,8.91],[-5.48,8.91],[-5.48,8.91],[-5.48,8.9],[-5.47,8.9],[-5.47,8.9],[-5.47,8.9],[-5.47,8.9],[-5.47,8.9],[-5.47,8.9],[-5.46,8.9],[-5.46,8.9],[-5.46,8.9],[-5.46,8.9],[-5.46,8.9],[-5.46,8.9],[-5.46,8.91],[-5.46,8.91],[-5.46,8.91],[-5.46,8.91],[-5.46,8.92],[-5.46,8.92],[-5.46,8.92],[-5.46,8.92],[-5.46,8.92],[-5.46,8.92],[-5.46,8.93],[-5.47,8.93],[-5.47,8.93],[-5.47,8.93],[-5.47,8.93],[-5.47,8.93],[-5.48,8.93],[-5.48,8.93],[-5.48,8.94],[-5.48,8.94],[-5.48,8.94],[-5.47,8.94],[-5.47,8.94],[-5.47,8.94],[-5.47,8.95],[-5.47,8.95],[-5.47,8.95],[-5.47,8.95],[-5.47,8.96],[-5.47,8.96],[-5.47,8.96],[-5.47,8.96],[-5.47,8.96],[-5.47,8.96],[-5.47,8.97],[-5.47,8.97],[-5.47,8.97],[-5.47,8.97],[-5.47,8.97],[-5.47,8.97],[-5.47,8.97],[-5.47,8.97],[-5.46,8.97],[-5.46,8.97],[-5.46,8.97],[-5.46,8.97],[-5.46,8.96],[-5.46,8.96],[-5.46,8.96],[-5.46,8.96],[-5.45,8.96],[-5.45,8.96],[-5.45,8.96],[-5.45,8.96],[-5.45,8.96],[-5.45,8.96],[-5.45,8.96],[-5.45,8.96],[-5.45,8.97],[-5.44,8.97],[-5.44,8.97],[-5.44,8.97],[-5.44,8.97],[-5.45,8.97],[-5.45,8.98],[-5.45,8.98],[-5.45,8.98],[-5.45,8.98],[-5.45,8.98],[-5.45,8.98],[-5.46,8.98],[-5.46,8.98],[-5.46,8.98],[-5.46,8.98],[-5.46,8.98],[-5.46,8.98],[-5.46,8.98],[-5.46,8.99],[-5.46,8.99],[-5.46,8.99],[-5.46,8.99],[-5.46,8.99],[-5.46,8.99],[-5.45,8.99],[-5.45,8.99],[-5.45,8.99],[-5.45,8.99],[-5.45,8.99],[-5.44,8.99],[-5.44,8.99],[-5.44,8.99],[-5.44,8.99],[-5.44,8.99],[-5.43,8.99],[-5.43,8.99],[-5.43,8.99],[-5.43,8.98],[-5.43,8.98],[-5.43,8.98],[-5.42,8.98],[-5.42,8.98],[-5.42,8.98],[-5.42,8.98],[-5.42,8.98],[-5.42,8.98],[-5.42,8.98],[-5.42,8.99],[-5.42,8.99],[-5.42,8.99],[-5.42,8.99],[-5.42,8.99],[-5.42,9.0],[-5.42,9.0],[-5.42,9.0],[-5.42,9.0],[-5.42,9.01],[-5.43,9.01],[-5.43,9.01],[-5.43,9.01],[-5.43,9.01],[-5.43,9.02],[-5.43,9.02],[-5.43,9.02],[-5.44,9.02],[-5.44,9.02],[-5.44,9.03],[-5.44,9.03],[-5.45,9.03],[-5.45,9.03],[-5.45,9.03],[-5.45,9.03],[-5.45,9.03],[-5.46,9.04],[-5.46,9.04],[-5.46,9.04],[-5.47,9.04],[-5.47,9.04],[-5.47,9.04],[-5.47,9.04],[-5.48,9.04],[-5.48,9.04],[-5.48,9.04],[-5.48,9.04],[-5.49,9.04],[-5.49,9.04],[-5.49,9.04],[-5.49,9.05],[-5.49,9.05],[-5.5,9.05],[-5.5,9.05],[-5.5,9.05],[-5.5,9.05],[-5.5,9.06],[-5.5,9.06],[-5.5,9.06],[-5.5,9.06],[-5.5,9.07],[-5.5,9.07],[-5.5,9.07],[-5.5,9.07],[-5.5,9.07],[-5.5,9.07],[-5.49,9.07],[-5.49,9.08],[-5.49,9.08],[-5.49,9.08],[-5.49,9.08],[-5.5,9.09],[-5.49,9.09],[-5.49,9.09],[-5.49,9.09],[-5.49,9.09],[-5.49,9.09],[-5.49,9.09],[-5.48,9.09],[-5.48,9.09],[-5.48,9.09],[-5.48,9.09],[-5.47,9.09],[-5.47,9.09],[-5.47,9.09],[-5.47,9.09],[-5.47,9.09],[-5.46,9.09],[-5.46,9.09],[-5.46,9.09],[-5.46,9.09],[-5.46,9.1],[-5.45,9.1],[-5.45,9.1],[-5.45,9.1],[-5.45,9.1],[-5.45,9.11],[-5.45,9.11],[-5.45,9.11],[-5.46,9.11],[-5.46,9.12],[-5.46,9.12],[-5.46,9.12],[-5.46,9.12],[-5.46,9.12],[-5.46,9.12],[-5.46,9.12],[-5.46,9.13],[-5.46,9.13],[-5.45,9.13],[-5.45,9.13],[-5.45,9.13],[-5.45,9.13],[-5.45,9.13],[-5.45,9.13],[-5.44,9.14],[-5.44,9.14],[-5.44,9.14],[-5.44,9.14],[-5.44,9.14],[-5.44,9.14],[-5.44,9.15],[-5.44,9.15],[-5.44,9.15],[-5.44,9.15],[-5.44,9.15],[-5.44,9.15],[-5.45,9.15],[-5.45,9.16],[-5.44,9.16],[-5.44,9.16],[-5.44,9.16],[-5.44,9.16],[-5.44,9.16],[-5.43,9.16],[-5.43,9.16],[-5.43,9.16],[-5.43,9.17],[-5.43,9.17],[-5.43,9.17],[-5.43,9.17],[-5.43,9.17],[-5.43,9.18],[-5.43,9.18],[-5.43,9.18],[-5.44,9.18],[-5.44,9.18],[-5.44,9.18],[-5.44,9.19],[-5.43,9.19],[-5.43,9.19],[-5.43,9.19],[-5.43,9.19],[-5.42,9.19],[-5.42,9.19],[-5.42,9.19],[-5.43,9.19],[-5.43,9.19],[-5.43,9.19],[-5.44,9.19],[-5.44,9.2],[-5.44,9.2],[-5.44,9.2],[-5.44,9.2],[-5.44,9.2],[-5.44,9.2],[-5.44,9.2],[-5.43,9.2],[-5.43,9.2],[-5.43,9.2],[-5.43,9.2],[-5.43,9.2],[-5.42,9.2],[-5.42,9.19],[-5.42,9.19],[-5.42,9.2],[-5.42,9.2],[-5.41,9.2],[-5.41,9.2],[-5.41,9.2],[-5.41,9.2],[-5.41,9.2],[-5.41,9.21],[-5.41,9.21],[-5.41,9.21],[-5.4,9.21],[-5.4,9.21],[-5.4,9.21],[-5.4,9.21],[-5.4,9.22],[-5.4,9.22],[-5.4,9.22],[-5.4,9.22],[-5.4,9.22],[-5.4,9.22],[-5.4,9.23],[-5.4,9.23],[-5.4,9.23],[-5.4,9.23],[-5.4,9.23],[-5.4,9.23],[-5.4,9.23],[-5.4,9.24],[-5.4,9.24],[-5.4,9.24],[-5.4,9.24],[-5.39,9.24],[-5.39,9.25],[-5.39,9.25],[-5.39,9.25],[-5.39,9.25],[-5.39,9.25],[-5.39,9.26],[-5.39,9.26],[-5.38,9.26],[-5.38,9.26],[-5.38,9.27],[-5.38,9.27],[-5.38,9.27],[-5.39,9.27],[-5.39,9.27],[-5.39,9.27],[-5.39,9.28],[-5.38,9.28],[-5.38,9.28],[-5.38,9.28],[-5.38,9.28],[-5.38,9.28],[-5.38,9.28],[-5.38,9.29],[-5.38,9.29],[-5.38,9.29],[-5.38,9.29],[-5.38,9.29],[-5.38,9.29],[-5.39,9.29],[-5.39,9.3],[-5.39,9.3],[-5.39,9.3],[-5.39,9.3],[-5.39,9.3],[-5.38,9.3],[-5.38,9.3],[-5.38,9.3],[-5.38,9.3],[-5.38,9.3],[-5.38,9.3],[-5.37,9.3],[-5.37,9.3],[-5.37,9.3],[-5.37,9.3],[-5.37,9.3],[-5.37,9.3],[-5.36,9.3],[-5.36,9.3],[-5.36,9.31],[-5.36,9.31],[-5.36,9.31],[-5.36,9.31],[-5.36,9.31],[-5.36,9.31],[-5.35,9.31],[-5.35,9.32],[-5.35,9.32],[-5.35,9.32],[-5.36,9.32],[-5.36,9.32],[-5.36,9.33],[-5.36,9.33],[-5.36,9.33],[-5.35,9.33],[-5.35,9.33],[-5.35,9.33],[-5.34,9.33],[-5.34,9.34],[-5.35,9.34],[-5.35,9.34],[-5.35,9.34],[-5.35,9.34],[-5.36,9.34],[-5.35,9.34],[-5.35,9.34],[-5.35,9.34],[-5.34,9.35],[-5.34,9.35],[-5.34,9.35],[-5.34,9.35],[-5.34,9.35],[-5.34,9.35],[-5.34,9.35],[-5.33,9.35],[-5.33,9.36],[-5.33,9.36],[-5.33,9.36],[-5.33,9.36],[-5.33,9.36],[-5.33,9.37],[-5.33,9.37],[-5.34,9.37],[-5.34,9.37],[-5.34,9.38],[-5.34,9.38],[-5.34,9.38],[-5.34,9.39],[-5.35,9.39],[-5.35,9.39],[-5.35,9.39],[-5.34,9.4],[-5.34,9.4],[-5.34,9.4],[-5.34,9.4],[-5.34,9.4],[-5.33,9.41],[-5.33,9.41],[-5.34,9.41],[-5.34,9.41],[-5.34,9.41],[-5.34,9.41],[-5.33,9.42],[-5.33,9.42],[-5.33,9.42],[-5.33,9.42],[-5.33,9.42],[-5.33,9.43],[-5.33,9.43],[-5.33,9.43],[-5.33,9.43],[-5.33,9.43],[-5.33,9.44],[-5.33,9.44],[-5.33,9.44],[-5.33,9.44],[-5.32,9.44],[-5.32,9.44],[-5.32,9.44],[-5.32,9.44],[-5.31,9.44],[-5.31,9.44],[-5.31,9.44],[-5.31,9.45],[-5.31,9.45],[-5.31,9.45],[-5.31,9.45],[-5.31,9.45],[-5.31,9.46],[-5.31,9.46],[-5.31,9.46],[-5.31,9.46],[-5.31,9.46],[-5.32,9.46],[-5.32,9.47],[-5.32,9.47],[-5.32,9.47],[-5.32,9.46],[-5.32,9.46],[-5.33,9.47],[-5.33,9.47],[-5.32,9.47],[-5.32,9.47],[-5.32,9.47],[-5.32,9.48],[-5.31,9.48],[-5.31,9.48],[-5.31,9.48],[-5.31,9.48],[-5.31,9.48],[-5.3,9.48],[-5.3,9.48],[-5.3,9.48],[-5.29,9.48],[-5.29,9.48],[-5.29,9.49],[-5.29,9.49],[-5.29,9.49],[-5.3,9.49],[-5.3,9.49],[-5.3,9.49],[-5.3,9.49],[-5.31,9.49],[-5.31,9.49],[-5.31,9.49],[-5.31,9.49],[-5.32,9.48],[-5.32,9.48],[-5.32,9.48],[-5.32,9.49],[-5.33,9.49],[-5.33,9.49],[-5.33,9.5],[-5.33,9.5],[-5.33,9.5],[-5.33,9.51],[-5.33,9.51],[-5.33,9.51],[-5.33,9.51],[-5.33,9.51],[-5.33,9.51],[-5.32,9.51],[-5.32,9.51],[-5.32,9.51],[-5.32,9.51],[-5.31,9.51],[-5.31,9.51],[-5.31,9.51],[-5.31,9.51],[-5.3,9.51],[-5.3,9.52],[-5.3,9.52],[-5.3,9.52],[-5.3,9.53],[-5.3,9.53],[-5.3,9.53],[-5.3,9.53],[-5.3,9.54],[-5.3,9.54],[-5.3,9.54],[-5.31,9.54],[-5.31,9.55],[-5.3,9.55],[-5.3,9.55],[-5.3,9.55],[-5.3,9.55],[-5.3,9.56],[-5.3,9.56],[-5.3,9.56],[-5.3,9.56],[-5.31,9.56],[-5.31,9.56],[-5.3,9.57],[-5.3,9.57],[-5.3,9.57],[-5.3,9.57],[-5.29,9.57],[-5.29,9.57],[-5.3,9.57],[-5.3,9.58],[-5.3,9.58],[-5.3,9.58],[-5.3,9.58],[-5.31,9.59],[-5.31,9.59],[-5.31,9.59],[-5.31,9.59],[-5.3,9.59],[-5.3,9.59],[-5.3,9.6],[-5.3,9.6],[-5.3,9.6],[-5.31,9.6],[-5.31,9.6],[-5.32,9.6],[-5.32,9.6],[-5.32,9.6],[-5.32,9.6],[-5.33,9.6],[-5.33,9.61],[-5.33,9.61],[-5.33,9.61],[-5.32,9.61],[-5.32,9.61],[-5.32,9.61],[-5.32,9.61],[-5.32,9.61],[-5.32,9.62],[-5.32,9.62],[-5.32,9.62],[-5.33,9.62],[-5.33,9.62],[-5.33,9.62],[-5.33,9.62],[-5.33,9.62],[-5.33,9.62],[-5.33,9.62],[-5.33,9.62],[-5.33,9.63],[-5.33,9.63],[-5.33,9.63],[-5.33,9.63],[-5.33,9.64],[-5.33,9.64],[-5.32,9.64],[-5.33,9.64],[-5.33,9.64],[-5.33,9.64],[-5.33,9.64],[-5.33,9.63],[-5.33,9.63],[-5.34,9.63],[-5.34,9.63],[-5.34,9.63],[-5.34,9.62],[-5.34,9.62],[-5.35,9.62],[-5.35,9.62],[-5.35,9.63],[-5.35,9.63],[-5.35,9.63],[-5.35,9.64],[-5.34,9.64],[-5.34,9.64],[-5.34,9.64],[-5.35,9.65],[-5.35,9.65],[-5.35,9.65],[-5.35,9.65],[-5.35,9.64],[-5.36,9.64],[-5.36,9.64],[-5.36,9.64],[-5.36,9.64],[-5.37,9.64],[-5.37,9.64],[-5.37,9.65],[-5.37,9.65],[-5.37,9.65],[-5.37,9.65],[-5.37,9.66],[-5.37,9.66],[-5.37,9.66],[-5.37,9.66],[-5.37,9.66],[-5.37,9.67],[-5.37,9.67],[-5.37,9.67],[-5.38,9.67],[-5.38,9.67],[-5.38,9.67],[-5.38,9.67],[-5.39,9.67],[-5.39,9.67],[-5.39,9.67],[-5.39,9.67],[-5.39,9.68],[-5.39,9.68],[-5.39,9.68],[-5.39,9.68],[-5.39,9.69],[-5.39,9.69],[-5.39,9.69],[-5.4,9.69],[-5.4,9.69],[-5.4,9.69],[-5.41,9.69],[-5.41,9.69],[-5.41,9.69],[-5.41,9.69],[-5.41,9.7],[-5.41,9.7],[-5.42,9.7],[-5.42,9.7],[-5.42,9.71],[-5.42,9.71],[-5.43,9.7],[-5.43,9.7],[-5.43,9.7],[-5.43,9.7],[-5.44,9.7],[-5.44,9.7],[-5.44,9.71],[-5.44,9.71],[-5.44,9.71],[-5.45,9.71],[-5.45,9.72],[-5.45,9.72],[-5.45,9.72],[-5.45,9.72],[-5.46,9.72],[-5.46,9.71],[-5.46,9.71],[-5.47,9.71],[-5.47,9.71],[-5.47,9.72],[-5.47,9.72],[-5.47,9.72],[-5.47,9.73],[-5.46,9.73],[-5.46,9.73],[-5.46,9.72],[-5.46,9.72],[-5.46,9.72],[-5.45,9.72],[-5.45,9.73],[-5.45,9.73],[-5.45,9.73],[-5.45,9.73],[-5.46,9.73],[-5.46,9.73],[-5.46,9.73],[-5.46,9.73],[-5.46,9.73],[-5.46,9.73],[-5.47,9.73],[-5.47,9.73],[-5.47,9.74],[-5.46,9.74],[-5.46,9.74],[-5.46,9.74],[-5.47,9.75],[-5.47,9.75],[-5.47,9.75],[-5.47,9.76],[-5.47,9.76],[-5.47,9.75],[-5.47,9.75],[-5.48,9.75],[-5.48,9.75],[-5.48,9.75],[-5.48,9.75],[-5.49,9.75],[-5.49,9.75],[-5.49,9.74],[-5.49,9.74],[-5.5,9.74],[-5.5,9.74],[-5.5,9.74],[-5.5,9.74],[-5.5,9.74],[-5.5,9.74],[-5.5,9.74],[-5.51,9.74],[-5.51,9.74],[-5.51,9.74],[-5.51,9.74],[-5.51,9.74],[-5.52,9.73],[-5.52,9.73],[-5.52,9.73],[-5.52,9.74],[-5.52,9.74],[-5.52,9.74],[-5.52,9.74],[-5.52,9.74],[-5.52,9.74],[-5.53,9.74],[-5.53,9.74],[-5.53,9.74],[-5.53,9.74],[-5.53,9.74],[-5.53,9.73],[-5.54,9.73],[-5.54,9.73],[-5.54,9.74],[-5.54,9.73],[-5.55,9.73],[-5.55,9.73],[-5.55,9.73],[-5.55,9.73],[-5.55,9.74],[-5.56,9.74],[-5.56,9.74],[-5.56,9.73],[-5.56,9.73],[-5.55,9.73],[-5.55,9.73],[-5.55,9.73],[-5.55,9.73],[-5.55,9.72],[-5.55,9.72],[-5.55,9.72],[-5.56,9.72],[-5.56,9.72],[-5.56,9.72],[-5.56,9.72],[-5.56,9.73],[-5.56,9.73],[-5.57,9.73],[-5.57,9.73],[-5.57,9.73],[-5.57,9.74],[-5.57,9.74],[-5.57,9.74],[-5.56,9.74],[-5.56,9.74],[-5.56,9.74],[-5.56,9.74],[-5.57,9.74],[-5.57,9.74],[-5.57,9.74],[-5.57,9.74],[-5.58,9.74],[-5.57,9.74],[-5.57,9.73],[-5.58,9.73],[-5.58,9.73],[-5.58,9.73],[-5.58,9.73],[-5.58,9.74],[-5.58,9.74],[-5.59,9.74],[-5.59,9.74],[-5.59,9.74],[-5.59,9.74],[-5.59,9.74],[-5.6,9.74],[-5.6,9.74],[-5.6,9.74],[-5.6,9.74],[-5.6,9.74],[-5.61,9.74],[-5.61,9.74],[-5.61,9.74],[-5.61,9.74],[-5.61,9.74],[-5.61,9.74],[-5.62,9.74],[-5.62,9.74],[-5.62,9.74],[-5.62,9.75],[-5.62,9.75],[-5.62,9.75],[-5.62,9.75],[-5.62,9.75],[-5.62,9.76],[-5.62,9.76],[-5.62,9.76],[-5.62,9.76],[-5.63,9.76],[-5.63,9.76],[-5.63,9.76],[-5.63,9.75],[-5.63,9.75],[-5.63,9.75],[-5.64,9.76],[-5.64,9.76],[-5.64,9.76],[-5.64,9.76],[-5.64,9.76],[-5.64,9.77],[-5.64,9.77],[-5.64,9.77],[-5.64,9.77],[-5.64,9.77],[-5.65,9.77],[-5.65,9.77],[-5.65,9.77],[-5.65,9.77],[-5.65,9.77],[-5.65,9.78],[-5.65,9.78],[-5.65,9.78],[-5.65,9.78],[-5.65,9.78],[-5.64,9.78],[-5.64,9.78],[-5.64,9.78],[-5.64,9.79],[-5.64,9.79],[-5.64,9.79],[-5.64,9.79],[-5.64,9.79],[-5.63,9.79],[-5.63,9.79],[-5.63,9.79],[-5.63,9.79],[-5.63,9.8],[-5.63,9.8],[-5.63,9.8],[-5.63,9.8],[-5.63,9.8],[-5.63,9.81],[-5.63,9.81],[-5.63,9.81],[-5.63,9.81],[-5.63,9.81],[-5.63,9.81],[-5.63,9.81],[-5.63,9.82],[-5.63,9.82],[-5.63,9.82],[-5.63,9.82],[-5.63,9.82],[-5.63,9.82],[-5.63,9.82],[-5.64,9.82],[-5.64,9.82],[-5.64,9.83],[-5.64,9.83],[-5.64,9.83],[-5.64,9.83],[-5.64,9.83],[-5.65,9.83],[-5.65,9.83],[-5.65,9.83],[-5.65,9.83],[-5.65,9.83],[-5.65,9.83],[-5.66,9.83],[-5.66,9.84],[-5.66,9.84],[-5.66,9.84],[-5.66,9.84],[-5.66,9.84],[-5.66,9.84],[-5.67,9.84],[-5.67,9.84],[-5.67,9.85],[-5.67,9.85],[-5.67,9.85],[-5.67,9.85],[-5.67,9.85],[-5.67,9.86],[-5.67,9.86],[-5.67,9.86],[-5.67,9.86],[-5.67,9.86],[-5.67,9.86],[-5.67,9.86],[-5.68,9.86],[-5.68,9.86],[-5.68,9.86],[-5.68,9.86],[-5.68,9.86],[-5.68,9.86],[-5.68,9.86],[-5.68,9.87],[-5.69,9.87],[-5.69,9.87],[-5.69,9.87],[-5.69,9.87],[-5.69,9.88],[-5.68,9.88],[-5.68,9.88],[-5.68,9.88],[-5.68,9.88],[-5.68,9.88],[-5.68,9.88],[-5.68,9.88],[-5.68,9.89],[-5.68,9.89],[-5.68,9.89],[-5.68,9.89],[-5.68,9.89],[-5.68,9.9],[-5.68,9.9],[-5.68,9.9],[-5.69,9.9],[-5.69,9.9],[-5.69,9.9],[-5.69,9.9],[-5.7,9.9],[-5.7,9.9],[-5.7,9.9],[-5.7,9.9],[-5.7,9.9],[-5.7,9.91],[-5.71,9.91],[-5.71,9.91],[-5.71,9.91],[-5.71,9.91],[-5.71,9.91],[-5.71,9.92],[-5.71,9.92],[-5.71,9.92],[-5.71,9.92],[-5.71,9.92],[-5.71,9.93],[-5.71,9.93],[-5.71,9.93],[-5.72,9.93],[-5.71,9.93],[-5.71,9.93],[-5.71,9.93],[-5.72,9.93],[-5.72,9.94],[-5.72,9.94],[-5.72,9.94],[-5.72,9.94],[-5.71,9.95],[-5.72,9.95],[-5.72,9.95],[-5.72,9.95],[-5.72,9.95],[-5.72,9.95],[-5.72,9.96],[-5.72,9.96],[-5.72,9.96],[-5.72,9.96],[-5.72,9.96],[-5.72,9.96],[-5.72,9.96],[-5.72,9.96],[-5.72,9.96],[-5.72,9.97],[-5.72,9.97],[-5.72,9.97],[-5.72,9.97],[-5.72,9.97],[-5.72,9.98],[-5.72,9.98],[-5.73,9.98],[-5.73,9.98],[-5.73,9.98],[-5.73,9.99],[-5.73,9.99],[-5.73,9.99],[-5.73,9.99],[-5.73,9.99],[-5.73,10.0],[-5.73,10.0],[-5.73,10.0],[-5.73,10.0],[-5.73,10.0],[-5.73,10.0],[-5.73,10.0],[-5.73,10.01],[-5.73,10.01],[-5.73,10.01],[-5.73,10.01],[-5.73,10.01],[-5.72,10.02],[-5.72,10.02],[-5.72,10.02],[-5.72,10.02],[-5.72,10.02],[-5.73,10.02],[-5.73,10.03],[-5.73,10.03],[-5.73,10.03],[-5.73,10.03],[-5.73,10.03],[-5.73,10.04],[-5.73,10.04],[-5.73,10.04],[-5.73,10.04],[-5.73,10.04],[-5.73,10.04],[-5.73,10.05],[-5.73,10.05],[-5.73,10.05],[-5.73,10.05],[-5.73,10.05],[-5.73,10.05],[-5.73,10.06],[-5.73,10.06],[-5.73,10.06],[-5.73,10.06],[-5.72,10.06],[-5.72,10.07],[-5.72,10.07],[-5.72,10.07],[-5.72,10.07],[-5.72,10.07],[-5.72,10.07],[-5.72,10.07],[-5.72,10.08],[-5.72,10.08],[-5.72,10.08],[-5.72,10.08],[-5.72,10.08],[-5.72,10.09],[-5.72,10.09],[-5.72,10.09],[-5.73,10.09],[-5.73,10.09],[-5.73,10.09],[-5.73,10.1],[-5.73,10.1],[-5.73,10.1],[-5.73,10.1],[-5.74,10.1],[-5.74,10.1],[-5.74,10.11],[-5.74,10.11],[-5.74,10.11],[-5.74,10.11],[-5.74,10.11],[-5.74,10.11],[-5.74,10.11],[-5.74,10.12],[-5.74,10.12],[-5.74,10.12],[-5.73,10.12],[-5.73,10.12],[-5.74,10.12],[-5.74,10.13],[-5.74,10.13],[-5.74,10.13],[-5.74,10.13],[-5.74,10.13],[-5.74,10.14],[-5.75,10.14],[-5.75,10.14],[-5.75,10.14],[-5.75,10.14],[-5.75,10.14],[-5.76,10.15],[-5.76,10.15],[-5.76,10.15],[-5.76,10.15],[-5.76,10.15],[-5.76,10.15],[-5.76,10.16],[-5.76,10.16],[-5.76,10.16],[-5.77,10.16],[-5.77,10.16],[-5.77,10.17],[-5.77,10.17],[-5.77,10.17],[-5.77,10.17],[-5.77,10.17],[-5.78,10.17],[-5.78,10.17],[-5.78,10.18],[-5.78,10.18],[-5.78,10.18],[-5.78,10.18],[-5.78,10.18],[-5.78,10.19],[-5.78,10.19],[-5.78,10.19],[-5.78,10.19],[-5.78,10.19],[-5.78,10.19],[-5.78,10.2],[-5.79,10.2],[-5.79,10.2],[-5.79,10.2],[-5.79,10.2],[-5.79,10.2],[-5.79,10.2],[-5.8,10.21],[-5.8,10.21],[-5.8,10.21],[-5.8,10.21],[-5.8,10.21],[-5.79,10.21],[-5.79,10.22],[-5.79,10.22],[-5.79,10.22],[-5.79,10.22],[-5.79,10.22],[-5.79,10.22],[-5.79,10.22],[-5.79,10.22],[-5.79,10.23],[-5.78,10.23],[-5.78,10.23],[-5.78,10.23],[-5.78,10.23],[-5.78,10.23],[-5.78,10.23],[-5.78,10.24],[-5.78,10.24],[-5.78,10.24],[-5.78,10.24],[-5.78,10.25],[-5.78,10.25],[-5.78,10.25],[-5.79,10.25],[-5.79,10.25],[-5.79,10.25],[-5.79,10.25],[-5.79,10.26],[-5.79,10.26],[-5.79,10.26],[-5.79,10.26],[-5.79,10.26],[-5.79,10.26],[-5.79,10.26],[-5.79,10.27],[-5.79,10.27],[-5.79,10.27],[-5.79,10.27],[-5.79,10.27],[-5.79,10.27],[-5.79,10.27],[-5.79,10.28],[-5.79,10.28],[-5.79,10.28],[-5.79,10.28],[-5.79,10.28],[-5.79,10.28],[-5.79,10.29],[-5.79,10.29],[-5.79,10.29],[-5.79,10.29],[-5.79,10.29],[-5.79,10.29],[-5.79,10.29],[-5.79,10.3],[-5.79,10.3],[-5.8,10.3],[-5.8,10.3],[-5.8,10.3],[-5.8,10.3],[-5.8,10.3],[-5.8,10.31],[-5.8,10.31],[-5.8,10.31],[-5.81,10.31],[-5.81,10.31],[-5.81,10.31],[-5.81,10.31],[-5.81,10.32],[-5.81,10.32],[-5.81,10.32],[-5.81,10.32],[-5.81,10.32],[-5.81,10.32],[-5.81,10.32],[-5.81,10.33],[-5.81,10.33],[-5.81,10.33],[-5.81,10.33],[-5.81,10.33],[-5.81,10.34],[-5.81,10.34],[-5.81,10.34],[-5.82,10.34],[-5.82,10.34],[-5.82,10.34],[-5.82,10.34],[-5.82,10.35],[-5.82,10.35],[-5.82,10.35],[-5.82,10.35],[-5.82,10.35],[-5.82,10.35],[-5.82,10.35],[-5.83,10.35],[-5.83,10.36],[-5.82,10.36],[-5.82,10.36],[-5.82,10.36],[-5.83,10.36],[-5.83,10.36],[-5.83,10.36],[-5.83,10.37],[-5.83,10.37],[-5.83,10.37],[-5.82,10.37],[-5.82,10.37],[-5.82,10.37],[-5.82,10.37],[-5.82,10.37],[-5.82,10.37],[-5.82,10.37],[-5.81,10.37],[-5.81,10.37],[-5.81,10.37],[-5.81,10.37],[-5.81,10.37],[-5.8,10.37],[-5.8,10.37],[-5.8,10.38]]]}},{"type":"Feature","properties":{"name":"San Pedro","code":"CI29","level":"region","status":"pending","schools":645,"students":75432,"girls":37639,"boys":37793,"district":"Bas-Sassandra"},"geometry":{"type":"Polygon","coordinates":[[[-7.07,5.64],[-7.07,5.65],[-7.07,5.65],[-7.07,5.65],[-7.07,5.65],[-7.07,5.66],[-7.07,5.66],[-7.07,5.66],[-7.08,5.66],[-7.08,5.66],[-7.08,5.67],[-7.08,5.67],[-7.08,5.67],[-7.08,5.67],[-7.08,5.67],[-7.09,5.67],[-7.09,5.67],[-7.09,5.67],[-7.25,5.64],[-7.26,5.64],[-7.26,5.64],[-7.26,5.64],[-7.26,5.64],[-7.26,5.64],[-7.26,5.64],[-7.26,5.63],[-7.27,5.63],[-7.27,5.63],[-7.27,5.63],[-7.27,5.62],[-7.27,5.62],[-7.27,5.62],[-7.27,5.62],[-7.28,5.62],[-7.28,5.62],[-7.28,5.62],[-7.28,5.62],[-7.29,5.62],[-7.29,5.62],[-7.29,5.62],[-7.29,5.62],[-7.3,5.63],[-7.3,5.63],[-7.3,5.63],[-7.3,5.63],[-7.31,5.63],[-7.31,5.62],[-7.31,5.62],[-7.31,5.62],[-7.32,5.62],[-7.32,5.62],[-7.32,5.62],[-7.32,5.62],[-7.33,5.62],[-7.33,5.62],[-7.33,5.62],[-7.33,5.62],[-7.33,5.62],[-7.34,5.62],[-7.34,5.63],[-7.34,5.63],[-7.34,5.63],[-7.35,5.62],[-7.35,5.62],[-7.35,5.62],[-7.35,5.62],[-7.35,5.62],[-7.36,5.62],[-7.36,5.62],[-7.36,5.62],[-7.36,5.62],[-7.37,5.62],[-7.37,5.62],[-7.37,5.62],[-7.37,5.62],[-7.37,5.62],[-7.38,5.62],[-7.38,5.62],[-7.38,5.62],[-7.38,5.61],[-7.38,5.61],[-7.38,5.6],[-7.39,5.6],[-7.38,5.59],[-7.38,5.59],[-7.38,5.58],[-7.38,5.58],[-7.39,5.58],[-7.39,5.58],[-7.4,5.58],[-7.4,5.58],[-7.4,5.57],[-7.4,5.56],[-7.4,5.55],[-7.4,5.55],[-7.4,5.55],[-7.4,5.54],[-7.39,5.54],[-7.39,5.54],[-7.38,5.53],[-7.39,5.52],[-7.39,5.52],[-7.4,5.53],[-7.4,5.53],[-7.41,5.53],[-7.41,5.52],[-7.41,5.52],[-7.41,5.52],[-7.41,5.52],[-7.4,5.51],[-7.39,5.51],[-7.4,5.51],[-7.4,5.51],[-7.4,5.51],[-7.41,5.5],[-7.41,5.5],[-7.41,5.5],[-7.41,5.5],[-7.41,5.5],[-7.41,5.49],[-7.41,5.49],[-7.42,5.48],[-7.42,5.48],[-7.42,5.48],[-7.42,5.48],[-7.43,5.48],[-7.43,5.47],[-7.43,5.47],[-7.43,5.46],[-7.43,5.46],[-7.42,5.45],[-7.42,5.45],[-7.42,5.44],[-7.42,5.44],[-7.42,5.43],[-7.42,5.43],[-7.43,5.43],[-7.43,5.43],[-7.44,5.43],[-7.44,5.44],[-7.44,5.44],[-7.44,5.45],[-7.44,5.45],[-7.45,5.44],[-7.45,5.44],[-7.45,5.44],[-7.46,5.43],[-7.46,5.43],[-7.45,5.42],[-7.44,5.41],[-7.43,5.41],[-7.43,5.4],[-7.43,5.4],[-7.43,5.39],[-7.43,5.38],[-7.42,5.38],[-7.42,5.37],[-7.41,5.36],[-7.41,5.36],[-7.4,5.36],[-7.39,5.37],[-7.39,5.37],[-7.39,5.38],[-7.39,5.38],[-7.39,5.38],[-7.38,5.38],[-7.38,5.38],[-7.39,5.38],[-7.39,5.37],[-7.39,5.36],[-7.39,5.35],[-7.39,5.34],[-7.39,5.34],[-7.38,5.33],[-7.38,5.33],[-7.37,5.33],[-7.37,5.33],[-7.38,5.33],[-7.38,5.32],[-7.39,5.32],[-7.39,5.32],[-7.4,5.32],[-7.4,5.31],[-7.4,5.31],[-7.4,5.3],[-7.4,5.29],[-7.4,5.29],[-7.4,5.29],[-7.41,5.29],[-7.41,5.28],[-7.41,5.28],[-7.41,5.27],[-7.41,5.27],[-7.42,5.27],[-7.42,5.26],[-7.42,5.26],[-7.43,5.26],[-7.42,5.26],[-7.42,5.27],[-7.42,5.27],[-7.42,5.28],[-7.43,5.28],[-7.43,5.28],[-7.43,5.28],[-7.42,5.28],[-7.42,5.29],[-7.42,5.29],[-7.41,5.29],[-7.42,5.3],[-7.42,5.3],[-7.42,5.3],[-7.43,5.3],[-7.43,5.3],[-7.44,5.3],[-7.44,5.3],[-7.44,5.29],[-7.45,5.29],[-7.45,5.29],[-7.45,5.29],[-7.46,5.29],[-7.46,5.28],[-7.46,5.28],[-7.47,5.28],[-7.47,5.28],[-7.47,5.29],[-7.47,5.29],[-7.48,5.28],[-7.48,5.27],[-7.48,5.27],[-7.48,5.26],[-7.47,5.26],[-7.47,5.26],[-7.47,5.25],[-7.47,5.24],[-7.47,5.24],[-7.47,5.24],[-7.47,5.24],[-7.48,5.24],[-7.48,5.24],[-7.49,5.22],[-7.49,5.22],[-7.49,5.21],[-7.48,5.21],[-7.48,5.2],[-7.48,5.19],[-7.48,5.19],[-7.48,5.18],[-7.47,5.18],[-7.48,5.17],[-7.48,5.17],[-7.48,5.16],[-7.48,5.15],[-7.49,5.15],[-7.49,5.14],[-7.49,5.13],[-7.49,5.13],[-7.49,5.13],[-7.5,5.13],[-7.5,5.12],[-7.51,5.12],[-7.51,5.11],[-7.5,5.11],[-7.51,5.11],[-7.51,5.1],[-7.52,5.1],[-7.52,5.1],[-7.52,5.11],[-7.52,5.11],[-7.52,5.12],[-7.53,5.12],[-7.53,5.11],[-7.54,5.11],[-7.54,5.11],[-7.54,5.1],[-7.55,5.1],[-7.55,5.1],[-7.55,5.1],[-7.56,5.09],[-7.56,5.09],[-7.57,5.09],[-7.57,5.08],[-7.57,5.08],[-7.57,5.08],[-7.56,5.08],[-7.56,5.07],[-7.56,5.07],[-7.56,5.07],[-7.56,5.06],[-7.56,5.06],[-7.56,5.06],[-7.56,5.05],[-7.56,5.05],[-7.55,5.04],[-7.55,5.04],[-7.56,5.04],[-7.56,5.03],[-7.56,5.02],[-7.56,5.02],[-7.56,5.01],[-7.55,5.01],[-7.55,5.0],[-7.55,5.0],[-7.55,4.99],[-7.55,4.99],[-7.56,4.99],[-7.56,4.98],[-7.56,4.98],[-7.57,4.97],[-7.56,4.97],[-7.56,4.96],[-7.56,4.96],[-7.55,4.96],[-7.55,4.96],[-7.54,4.96],[-7.54,4.95],[-7.54,4.95],[-7.54,4.95],[-7.54,4.94],[-7.54,4.94],[-7.54,4.94],[-7.54,4.93],[-7.53,4.92],[-7.53,4.92],[-7.53,4.92],[-7.54,4.92],[-7.54,4.92],[-7.55,4.92],[-7.55,4.92],[-7.55,4.92],[-7.55,4.92],[-7.56,4.92],[-7.56,4.92],[-7.57,4.92],[-7.57,4.92],[-7.57,4.91],[-7.57,4.91],[-7.57,4.91],[-7.58,4.91],[-7.58,4.91],[-7.58,4.91],[-7.58,4.91],[-7.59,4.91],[-7.59,4.91],[-7.6,4.91],[-7.6,4.91],[-7.6,4.9],[-7.61,4.89],[-7.61,4.89],[-7.61,4.88],[-7.6,4.88],[-7.59,4.88],[-7.59,4.88],[-7.6,4.87],[-7.59,4.87],[-7.59,4.86],[-7.59,4.86],[-7.59,4.86],[-7.6,4.85],[-7.6,4.85],[-7.6,4.84],[-7.59,4.84],[-7.59,4.83],[-7.59,4.83],[-7.59,4.83],[-7.59,4.83],[-7.6,4.82],[-7.6,4.82],[-7.6,4.81],[-7.6,4.81],[-7.6,4.8],[-7.6,4.8],[-7.6,4.8],[-7.59,4.79],[-7.59,4.79],[-7.59,4.79],[-7.58,4.79],[-7.58,4.78],[-7.57,4.78],[-7.57,4.78],[-7.57,4.78],[-7.57,4.78],[-7.57,4.77],[-7.57,4.77],[-7.57,4.76],[-7.57,4.76],[-7.57,4.76],[-7.57,4.75],[-7.57,4.75],[-7.57,4.74],[-7.56,4.74],[-7.56,4.73],[-7.57,4.73],[-7.57,4.72],[-7.57,4.71],[-7.56,4.7],[-7.56,4.7],[-7.56,4.69],[-7.57,4.7],[-7.58,4.69],[-7.58,4.69],[-7.58,4.68],[-7.57,4.68],[-7.57,4.68],[-7.57,4.67],[-7.57,4.67],[-7.57,4.67],[-7.58,4.67],[-7.58,4.66],[-7.58,4.65],[-7.58,4.65],[-7.57,4.65],[-7.57,4.65],[-7.57,4.64],[-7.56,4.63],[-7.56,4.62],[-7.56,4.61],[-7.55,4.61],[-7.55,4.61],[-7.56,4.61],[-7.56,4.6],[-7.56,4.6],[-7.56,4.59],[-7.57,4.59],[-7.57,4.59],[-7.58,4.59],[-7.58,4.59],[-7.58,4.59],[-7.58,4.58],[-7.58,4.58],[-7.58,4.58],[-7.57,4.57],[-7.57,4.57],[-7.57,4.56],[-7.57,4.56],[-7.57,4.55],[-7.56,4.55],[-7.57,4.54],[-7.57,4.54],[-7.57,4.54],[-7.57,4.53],[-7.57,4.53],[-7.57,4.52],[-7.56,4.52],[-7.56,4.51],[-7.56,4.51],[-7.56,4.5],[-7.56,4.5],[-7.56,4.49],[-7.56,4.49],[-7.56,4.49],[-7.57,4.48],[-7.57,4.48],[-7.57,4.47],[-7.57,4.47],[-7.57,4.46],[-7.57,4.45],[-7.57,4.45],[-7.56,4.44],[-7.55,4.44],[-7.55,4.44],[-7.55,4.43],[-7.55,4.43],[-7.56,4.43],[-7.57,4.42],[-7.57,4.42],[-7.57,4.41],[-7.58,4.41],[-7.58,4.4],[-7.58,4.39],[-7.57,4.39],[-7.57,4.38],[-7.56,4.38],[-7.56,4.37],[-7.56,4.37],[-7.55,4.37],[-7.54,4.37],[-7.54,4.36],[-7.53,4.36],[-7.52,4.36],[-7.5,4.36],[-7.49,4.36],[-7.47,4.37],[-7.47,4.37],[-7.46,4.37],[-7.44,4.38],[-7.43,4.38],[-7.42,4.38],[-7.4,4.39],[-7.4,4.4],[-7.37,4.41],[-7.35,4.42],[-7.34,4.42],[-7.33,4.43],[-7.32,4.44],[-7.31,4.45],[-7.3,4.45],[-7.29,4.46],[-7.28,4.46],[-7.26,4.46],[-7.25,4.49],[-7.24,4.49],[-7.22,4.5],[-7.21,4.5],[-7.21,4.51],[-7.21,4.51],[-7.19,4.52],[-7.17,4.52],[-7.16,4.53],[-7.16,4.53],[-7.15,4.53],[-7.14,4.53],[-7.12,4.53],[-7.1,4.53],[-7.09,4.53],[-7.08,4.53],[-7.07,4.53],[-7.06,4.53],[-7.06,4.54],[-7.04,4.54],[-7.04,4.54],[-7.04,4.55],[-7.03,4.55],[-7.03,4.56],[-7.03,4.56],[-7.02,4.57],[-7.02,4.57],[-7.01,4.58],[-7.0,4.59],[-7.0,4.59],[-6.99,4.59],[-6.99,4.59],[-6.99,4.6],[-6.98,4.61],[-6.98,4.61],[-6.97,4.61],[-6.96,4.62],[-6.96,4.62],[-6.96,4.62],[-6.95,4.62],[-6.94,4.63],[-6.94,4.63],[-6.93,4.64],[-6.92,4.64],[-6.92,4.66],[-6.92,4.66],[-6.92,4.66],[-6.91,4.66],[-6.9,4.67],[-6.89,4.67],[-6.88,4.67],[-6.87,4.67],[-6.78,4.69],[-6.77,4.69],[-6.77,4.69],[-6.76,4.69],[-6.75,4.69],[-6.74,4.69],[-6.74,4.69],[-6.73,4.69],[-6.71,4.69],[-6.71,4.71],[-6.69,4.71],[-6.68,4.71],[-6.67,4.71],[-6.65,4.72],[-6.64,4.72],[-6.63,4.73],[-6.63,4.73],[-6.62,4.74],[-6.61,4.74],[-6.61,4.74],[-6.61,4.75],[-6.61,4.75],[-6.59,4.76],[-6.58,4.76],[-6.58,4.77],[-6.57,4.77],[-6.56,4.77],[-6.56,4.77],[-6.54,4.77],[-6.53,4.77],[-6.52,4.78],[-6.51,4.78],[-6.5,4.78],[-6.49,4.78],[-6.48,4.78],[-6.46,4.79],[-6.46,4.79],[-6.45,4.79],[-6.45,4.8],[-6.44,4.8],[-6.44,4.81],[-6.43,4.81],[-6.42,4.81],[-6.41,4.81],[-6.41,4.82],[-6.4,4.82],[-6.4,4.82],[-6.39,4.82],[-6.38,4.82],[-6.38,4.83],[-6.37,4.83],[-6.36,4.83],[-6.36,4.83],[-6.35,4.83],[-6.34,4.84],[-6.33,4.84],[-6.32,4.85],[-6.31,4.85],[-6.3,4.85],[-6.3,4.85],[-6.3,4.86],[-6.3,4.86],[-6.3,4.86],[-6.3,4.86],[-6.3,4.86],[-6.3,4.86],[-6.3,4.86],[-6.3,4.87],[-6.3,4.87],[-6.3,4.87],[-6.3,4.87],[-6.3,4.87],[-6.3,4.87],[-6.3,4.88],[-6.3,4.88],[-6.3,4.88],[-6.3,4.88],[-6.3,4.88],[-6.3,4.88],[-6.3,4.88],[-6.3,4.88],[-6.3,4.88],[-6.3,4.88],[-6.31,4.88],[-6.31,4.88],[-6.31,4.88],[-6.31,4.88],[-6.31,4.88],[-6.31,4.88],[-6.31,4.88],[-6.31,4.88],[-6.32,4.88],[-6.32,4.89],[-6.32,4.89],[-6.32,4.89],[-6.32,4.89],[-6.32,4.89],[-6.32,4.89],[-6.32,4.89],[-6.32,4.89],[-6.32,4.9],[-6.32,4.9],[-6.32,4.9],[-6.32,4.9],[-6.32,4.9],[-6.32,4.9],[-6.32,4.9],[-6.32,4.9],[-6.33,4.91],[-6.33,4.91],[-6.33,4.91],[-6.33,4.91],[-6.33,4.91],[-6.33,4.91],[-6.34,4.91],[-6.34,4.91],[-6.34,4.91],[-6.34,4.91],[-6.34,4.91],[-6.34,4.91],[-6.34,4.91],[-6.34,4.91],[-6.34,4.91],[-6.34,4.91],[-6.35,4.91],[-6.35,4.91],[-6.35,4.91],[-6.35,4.91],[-6.35,4.91],[-6.35,4.91],[-6.36,4.91],[-6.36,4.91],[-6.36,4.91],[-6.36,4.91],[-6.36,4.91],[-6.36,4.9],[-6.36,4.9],[-6.37,4.9],[-6.37,4.9],[-6.37,4.9],[-6.37,4.9],[-6.37,4.9],[-6.37,4.9],[-6.37,4.9],[-6.37,4.9],[-6.38,4.9],[-6.38,4.9],[-6.38,4.9],[-6.38,4.9],[-6.38,4.9],[-6.38,4.9],[-6.38,4.91],[-6.38,4.91],[-6.38,4.91],[-6.38,4.91],[-6.38,4.91],[-6.38,4.91],[-6.39,4.91],[-6.39,4.91],[-6.39,4.92],[-6.39,4.92],[-6.39,4.92],[-6.39,4.92],[-6.39,4.92],[-6.39,4.92],[-6.39,4.92],[-6.4,4.92],[-6.4,4.92],[-6.4,4.92],[-6.4,4.92],[-6.4,4.92],[-6.41,4.93],[-6.41,4.93],[-6.41,4.93],[-6.41,4.93],[-6.41,4.93],[-6.41,4.93],[-6.41,4.93],[-6.41,4.93],[-6.41,4.93],[-6.41,4.94],[-6.41,4.94],[-6.41,4.94],[-6.41,4.94],[-6.41,4.94],[-6.41,4.94],[-6.41,4.94],[-6.41,4.94],[-6.4,4.94],[-6.4,4.94],[-6.4,4.94],[-6.4,4.94],[-6.4,4.94],[-6.4,4.94],[-6.4,4.94],[-6.4,4.94],[-6.39,4.94],[-6.39,4.94],[-6.39,4.94],[-6.39,4.94],[-6.39,4.94],[-6.39,4.94],[-6.39,4.94],[-6.39,4.94],[-6.39,4.95],[-6.39,4.95],[-6.38,4.95],[-6.38,4.95],[-6.38,4.95],[-6.38,4.95],[-6.38,4.95],[-6.38,4.95],[-6.38,4.95],[-6.38,4.95],[-6.38,4.95],[-6.38,4.95],[-6.37,4.96],[-6.37,4.96],[-6.37,4.96],[-6.37,4.96],[-6.37,4.96],[-6.37,4.96],[-6.37,4.96],[-6.37,4.96],[-6.37,4.96],[-6.36,4.96],[-6.36,4.96],[-6.36,4.96],[-6.36,4.96],[-6.36,4.96],[-6.36,4.96],[-6.36,4.96],[-6.36,4.96],[-6.36,4.96],[-6.36,4.96],[-6.36,4.96],[-6.35,4.96],[-6.35,4.97],[-6.35,4.97],[-6.35,4.97],[-6.35,4.97],[-6.35,4.97],[-6.35,4.97],[-6.35,4.97],[-6.34,4.97],[-6.34,4.97],[-6.34,4.98],[-6.34,4.98],[-6.34,4.98],[-6.34,4.98],[-6.34,4.98],[-6.34,4.98],[-6.34,4.98],[-6.34,4.98],[-6.34,4.98],[-6.34,4.99],[-6.34,4.99],[-6.34,4.99],[-6.34,4.99],[-6.34,4.99],[-6.34,4.99],[-6.34,4.99],[-6.34,5.0],[-6.34,5.0],[-6.34,5.0],[-6.34,5.0],[-6.34,5.0],[-6.34,5.0],[-6.34,5.0],[-6.34,5.0],[-6.34,5.0],[-6.34,5.01],[-6.34,5.01],[-6.34,5.01],[-6.35,5.01],[-6.35,5.01],[-6.35,5.01],[-6.35,5.02],[-6.35,5.02],[-6.35,5.02],[-6.35,5.02],[-6.35,5.02],[-6.35,5.02],[-6.35,5.02],[-6.35,5.03],[-6.35,5.03],[-6.36,5.03],[-6.36,5.03],[-6.36,5.03],[-6.36,5.03],[-6.36,5.03],[-6.36,5.03],[-6.36,5.03],[-6.36,5.03],[-6.36,5.04],[-6.37,5.04],[-6.37,5.04],[-6.37,5.04],[-6.37,5.04],[-6.37,5.04],[-6.37,5.04],[-6.37,5.04],[-6.37,5.05],[-6.37,5.05],[-6.37,5.05],[-6.37,5.05],[-6.37,5.05],[-6.37,5.05],[-6.37,5.05],[-6.37,5.05],[-6.37,5.06],[-6.37,5.06],[-6.37,5.06],[-6.37,5.06],[-6.37,5.06],[-6.37,5.06],[-6.36,5.06],[-6.36,5.06],[-6.36,5.06],[-6.36,5.07],[-6.36,5.07],[-6.36,5.07],[-6.36,5.07],[-6.36,5.07],[-6.35,5.07],[-6.35,5.07],[-6.35,5.07],[-6.35,5.07],[-6.35,5.07],[-6.35,5.07],[-6.35,5.07],[-6.34,5.07],[-6.34,5.07],[-6.34,5.07],[-6.35,5.08],[-6.35,5.08],[-6.35,5.08],[-6.35,5.08],[-6.35,5.08],[-6.35,5.08],[-6.35,5.08],[-6.35,5.08],[-6.35,5.08],[-6.35,5.08],[-6.35,5.09],[-6.35,5.09],[-6.35,5.09],[-6.35,5.09],[-6.35,5.09],[-6.35,5.1],[-6.35,5.1],[-6.35,5.1],[-6.35,5.1],[-6.35,5.11],[-6.35,5.11],[-6.35,5.11],[-6.35,5.11],[-6.35,5.11],[-6.35,5.12],[-6.35,5.12],[-6.35,5.12],[-6.35,5.12],[-6.34,5.12],[-6.34,5.12],[-6.34,5.12],[-6.34,5.13],[-6.34,5.13],[-6.34,5.13],[-6.35,5.13],[-6.35,5.13],[-6.35,5.13],[-6.35,5.14],[-6.35,5.14],[-6.35,5.14],[-6.35,5.14],[-6.35,5.14],[-6.35,5.14],[-6.35,5.15],[-6.35,5.15],[-6.35,5.15],[-6.35,5.15],[-6.36,5.15],[-6.36,5.15],[-6.36,5.15],[-6.36,5.15],[-6.36,5.15],[-6.36,5.15],[-6.36,5.15],[-6.36,5.15],[-6.36,5.15],[-6.37,5.15],[-6.37,5.16],[-6.37,5.16],[-6.37,5.16],[-6.37,5.16],[-6.37,5.16],[-6.37,5.16],[-6.37,5.16],[-6.38,5.16],[-6.38,5.16],[-6.38,5.16],[-6.38,5.17],[-6.38,5.17],[-6.38,5.17],[-6.38,5.17],[-6.38,5.17],[-6.38,5.17],[-6.38,5.17],[-6.38,5.17],[-6.38,5.18],[-6.38,5.18],[-6.38,5.18],[-6.38,5.18],[-6.38,5.18],[-6.38,5.18],[-6.38,5.18],[-6.38,5.19],[-6.39,5.19],[-6.39,5.19],[-6.39,5.19],[-6.39,5.19],[-6.39,5.19],[-6.39,5.19],[-6.39,5.19],[-6.4,5.19],[-6.4,5.2],[-6.4,5.2],[-6.4,5.2],[-6.39,5.2],[-6.39,5.2],[-6.39,5.2],[-6.39,5.21],[-6.39,5.21],[-6.39,5.21],[-6.39,5.21],[-6.39,5.21],[-6.39,5.21],[-6.39,5.21],[-6.39,5.21],[-6.39,5.21],[-6.4,5.21],[-6.4,5.22],[-6.4,5.22],[-6.4,5.22],[-6.4,5.22],[-6.4,5.22],[-6.4,5.22],[-6.4,5.22],[-6.39,5.23],[-6.39,5.23],[-6.4,5.23],[-6.4,5.23],[-6.4,5.23],[-6.4,5.23],[-6.4,5.23],[-6.39,5.24],[-6.39,5.24],[-6.39,5.24],[-6.39,5.24],[-6.4,5.24],[-6.4,5.24],[-6.4,5.24],[-6.4,5.24],[-6.4,5.24],[-6.4,5.24],[-6.4,5.25],[-6.4,5.25],[-6.4,5.25],[-6.4,5.25],[-6.4,5.25],[-6.4,5.27],[-6.4,5.27],[-6.45,5.27],[-6.47,5.26],[-6.48,5.28],[-6.48,5.28],[-6.51,5.31],[-6.54,5.31],[-6.54,5.3],[-6.55,5.31],[-6.55,5.31],[-6.57,5.3],[-6.57,5.3],[-6.57,5.3],[-6.57,5.3],[-6.57,5.3],[-6.57,5.3],[-6.58,5.3],[-6.58,5.3],[-6.58,5.3],[-6.58,5.29],[-6.58,5.29],[-6.58,5.29],[-6.58,5.29],[-6.58,5.29],[-6.59,5.29],[-6.59,5.29],[-6.59,5.29],[-6.59,5.29],[-6.6,5.29],[-6.6,5.29],[-6.6,5.29],[-6.6,5.28],[-6.61,5.28],[-6.61,5.28],[-6.61,5.28],[-6.61,5.28],[-6.61,5.28],[-6.61,5.28],[-6.62,5.28],[-6.62,5.28],[-6.62,5.28],[-6.62,5.28],[-6.62,5.28],[-6.62,5.28],[-6.62,5.28],[-6.63,5.28],[-6.63,5.28],[-6.63,5.28],[-6.63,5.28],[-6.63,5.28],[-6.63,5.27],[-6.63,5.27],[-6.63,5.27],[-6.63,5.27],[-6.63,5.27],[-6.63,5.27],[-6.64,5.26],[-6.64,5.26],[-6.64,5.26],[-6.64,5.26],[-6.64,5.26],[-6.65,5.26],[-6.65,5.26],[-6.65,5.26],[-6.65,5.26],[-6.66,5.27],[-6.66,5.27],[-6.66,5.27],[-6.66,5.27],[-6.66,5.33],[-6.67,5.34],[-6.67,5.34],[-6.67,5.33],[-6.67,5.34],[-6.67,5.34],[-6.67,5.34],[-6.67,5.34],[-6.67,5.34],[-6.68,5.34],[-6.68,5.34],[-6.68,5.34],[-6.68,5.34],[-6.68,5.34],[-6.69,5.34],[-6.69,5.34],[-6.69,5.34],[-6.69,5.34],[-6.69,5.34],[-6.7,5.34],[-6.7,5.34],[-6.7,5.34],[-6.7,5.35],[-6.69,5.35],[-6.7,5.35],[-6.7,5.35],[-6.7,5.35],[-6.7,5.35],[-6.7,5.35],[-6.71,5.35],[-6.71,5.35],[-6.71,5.35],[-6.71,5.35],[-6.71,5.36],[-6.71,5.36],[-6.71,5.36],[-6.71,5.36],[-6.72,5.36],[-6.72,5.36],[-6.72,5.36],[-6.72,5.37],[-6.72,5.37],[-6.72,5.37],[-6.72,5.37],[-6.72,5.37],[-6.72,5.38],[-6.73,5.38],[-6.73,5.38],[-6.73,5.38],[-6.73,5.38],[-6.73,5.38],[-6.73,5.39],[-6.73,5.39],[-6.73,5.39],[-6.73,5.39],[-6.73,5.39],[-6.73,5.4],[-6.73,5.4],[-6.73,5.4],[-6.73,5.4],[-6.73,5.4],[-6.73,5.4],[-6.73,5.41],[-6.73,5.41],[-6.73,5.41],[-6.73,5.41],[-6.73,5.41],[-6.76,5.42],[-6.78,5.42],[-6.78,5.42],[-6.82,5.46],[-6.82,5.46],[-6.83,5.46],[-6.83,5.46],[-6.83,5.46],[-6.83,5.46],[-6.83,5.46],[-6.84,5.46],[-6.84,5.46],[-6.84,5.46],[-6.84,5.46],[-6.84,5.46],[-6.85,5.46],[-6.85,5.46],[-6.85,5.46],[-6.85,5.47],[-6.86,5.46],[-6.86,5.46],[-6.86,5.46],[-6.86,5.46],[-6.87,5.46],[-6.87,5.46],[-6.87,5.46],[-6.87,5.46],[-6.87,5.46],[-6.88,5.46],[-6.88,5.46],[-6.88,5.46],[-6.88,5.46],[-6.89,5.46],[-6.89,5.46],[-6.89,5.46],[-6.89,5.46],[-6.9,5.46],[-6.9,5.46],[-6.9,5.46],[-6.9,5.46],[-6.91,5.46],[-6.91,5.46],[-6.91,5.46],[-6.91,5.46],[-6.92,5.46],[-6.92,5.46],[-6.92,5.46],[-6.92,5.46],[-6.92,5.46],[-6.92,5.46],[-6.92,5.46],[-6.92,5.46],[-6.92,5.45],[-6.92,5.45],[-6.92,5.45],[-6.93,5.44],[-6.95,5.45],[-6.97,5.45],[-7.02,5.47],[-7.02,5.47],[-7.02,5.47],[-7.01,5.47],[-7.02,5.48],[-7.02,5.48],[-7.01,5.48],[-7.01,5.48],[-7.02,5.48],[-7.02,5.49],[-7.02,5.49],[-7.02,5.49],[-7.03,5.49],[-7.03,5.49],[-7.03,5.49],[-7.03,5.49],[-7.03,5.5],[-7.03,5.5],[-7.03,5.5],[-7.03,5.5],[-7.03,5.5],[-7.03,5.51],[-7.03,5.51],[-7.03,5.51],[-7.03,5.51],[-7.03,5.51],[-7.04,5.52],[-7.04,5.52],[-7.04,5.52],[-7.04,5.52],[-7.04,5.52],[-7.04,5.52],[-7.04,5.52],[-7.05,5.52],[-7.05,5.52],[-7.05,5.52],[-7.05,5.52],[-7.06,5.52],[-7.06,5.53],[-7.06,5.53],[-7.06,5.53],[-7.06,5.53],[-7.06,5.53],[-7.06,5.54],[-7.07,5.54],[-7.07,5.54],[-7.06,5.54],[-7.06,5.54],[-7.06,5.54],[-7.06,5.55],[-7.06,5.55],[-7.05,5.55],[-7.05,5.55],[-7.05,5.55],[-7.05,5.55],[-7.05,5.55],[-7.06,5.56],[-7.06,5.56],[-7.06,5.56],[-7.06,5.56],[-7.06,5.57],[-7.06,5.57],[-7.06,5.57],[-7.06,5.57],[-7.06,5.57],[-7.06,5.58],[-7.06,5.58],[-7.06,5.58],[-7.06,5.58],[-7.06,5.59],[-7.06,5.59],[-7.06,5.59],[-7.06,5.59],[-7.06,5.59],[-7.06,5.6],[-7.06,5.6],[-7.06,5.6],[-7.05,5.61],[-7.05,5.61],[-7.05,5.61],[-7.05,5.61],[-7.06,5.61],[-7.06,5.62],[-7.06,5.62],[-7.06,5.62],[-7.06,5.62],[-7.06,5.62],[-7.06,5.63],[-7.06,5.63],[-7.06,5.63],[-7.07,5.63],[-7.07,5.64],[-7.07,5.64],[-7.07,5.64],[-7.07,5.64]]]}},{"type":"Feature","properties":{"name":"Sud-Comoe","code":"CI30","level":"region","status":"collected","schools":227,"students":55240,"girls":24989,"boys":30251,"district":"Bas-Sassandra"},"geometry":{"type":"Polygon","coordinates":[[[-3.11,6.16],[-3.16,6.24],[-3.18,6.25],[-3.18,6.24],[-3.19,6.24],[-3.19,6.23],[-3.19,6.23],[-3.19,6.23],[-3.19,6.23],[-3.19,6.23],[-3.19,6.22],[-3.18,6.22],[-3.18,6.22],[-3.19,6.22],[-3.19,6.22],[-3.19,6.21],[-3.19,6.21],[-3.19,6.21],[-3.19,6.21],[-3.19,6.21],[-3.2,6.21],[-3.2,6.21],[-3.2,6.21],[-3.2,6.2],[-3.2,6.2],[-3.2,6.2],[-3.2,6.2],[-3.2,6.2],[-3.2,6.2],[-3.2,6.19],[-3.2,6.19],[-3.2,6.19],[-3.2,6.19],[-3.21,6.19],[-3.21,6.19],[-3.21,6.18],[-3.21,6.18],[-3.21,6.18],[-3.21,6.18],[-3.21,6.18],[-3.21,6.17],[-3.21,6.17],[-3.2,6.17],[-3.2,6.17],[-3.2,6.17],[-3.2,6.17],[-3.2,6.17],[-3.2,6.16],[-3.2,6.16],[-3.2,6.16],[-3.2,6.16],[-3.2,6.16],[-3.2,6.15],[-3.2,6.15],[-3.2,6.15],[-3.2,6.15],[-3.2,6.14],[-3.2,6.14],[-3.2,6.14],[-3.21,6.14],[-3.21,6.14],[-3.21,6.14],[-3.21,6.14],[-3.21,6.14],[-3.21,6.14],[-3.21,6.13],[-3.21,6.13],[-3.21,6.13],[-3.21,6.13],[-3.21,6.13],[-3.21,6.12],[-3.21,6.12],[-3.21,6.12],[-3.21,6.12],[-3.21,6.12],[-3.21,6.12],[-3.21,6.11],[-3.22,6.11],[-3.22,6.11],[-3.22,6.11],[-3.22,6.11],[-3.22,6.11],[-3.22,6.1],[-3.22,6.1],[-3.22,6.1],[-3.23,6.1],[-3.23,6.1],[-3.23,6.1],[-3.23,6.09],[-3.23,6.09],[-3.23,6.09],[-3.23,6.09],[-3.23,6.09],[-3.23,6.09],[-3.23,6.08],[-3.23,6.08],[-3.23,6.08],[-3.23,6.08],[-3.23,6.08],[-3.23,6.08],[-3.23,6.08],[-3.23,6.07],[-3.23,6.07],[-3.23,6.07],[-3.23,6.07],[-3.23,6.07],[-3.23,6.06],[-3.23,6.06],[-3.23,6.06],[-3.23,6.06],[-3.23,6.06],[-3.23,6.06],[-3.23,6.05],[-3.23,6.05],[-3.23,6.05],[-3.23,6.05],[-3.23,6.05],[-3.23,6.05],[-3.23,6.04],[-3.23,6.04],[-3.23,6.04],[-3.23,6.04],[-3.23,6.04],[-3.23,6.04],[-3.23,6.04],[-3.23,6.04],[-3.23,6.03],[-3.23,6.03],[-3.23,6.03],[-3.23,6.03],[-3.23,6.03],[-3.23,6.03],[-3.23,6.03],[-3.23,6.02],[-3.23,6.02],[-3.23,6.02],[-3.23,6.02],[-3.23,6.02],[-3.23,6.02],[-3.24,6.02],[-3.24,6.01],[-3.24,6.01],[-3.24,6.01],[-3.24,6.01],[-3.24,6.01],[-3.24,6.01],[-3.24,6.01],[-3.24,6.01],[-3.24,6.01],[-3.25,6.01],[-3.25,6.01],[-3.25,6.0],[-3.25,6.0],[-3.25,6.0],[-3.25,6.0],[-3.25,6.0],[-3.25,6.0],[-3.25,6.0],[-3.25,5.99],[-3.25,5.99],[-3.25,5.99],[-3.25,5.99],[-3.26,5.99],[-3.26,5.99],[-3.26,5.99],[-3.26,5.99],[-3.26,5.99],[-3.26,5.99],[-3.26,5.99],[-3.26,5.99],[-3.27,5.99],[-3.27,5.99],[-3.27,5.99],[-3.27,5.98],[-3.27,5.98],[-3.27,5.98],[-3.27,5.98],[-3.27,5.98],[-3.27,5.98],[-3.27,5.98],[-3.27,5.98],[-3.27,5.98],[-3.27,5.97],[-3.27,5.97],[-3.27,5.97],[-3.27,5.97],[-3.27,5.97],[-3.27,5.97],[-3.27,5.97],[-3.26,5.97],[-3.26,5.97],[-3.26,5.96],[-3.26,5.96],[-3.26,5.96],[-3.27,5.96],[-3.27,5.96],[-3.27,5.96],[-3.27,5.96],[-3.27,5.96],[-3.26,5.96],[-3.26,5.96],[-3.26,5.96],[-3.26,5.96],[-3.26,5.96],[-3.26,5.96],[-3.26,5.96],[-3.26,5.96],[-3.26,5.96],[-3.26,5.96],[-3.26,5.95],[-3.25,5.95],[-3.25,5.95],[-3.25,5.95],[-3.25,5.95],[-3.25,5.95],[-3.25,5.95],[-3.25,5.95],[-3.25,5.95],[-3.25,5.94],[-3.25,5.94],[-3.25,5.94],[-3.25,5.94],[-3.25,5.94],[-3.25,5.94],[-3.26,5.94],[-3.26,5.93],[-3.26,5.93],[-3.26,5.93],[-3.26,5.94],[-3.27,5.94],[-3.27,5.93],[-3.27,5.93],[-3.27,5.93],[-3.27,5.93],[-3.27,5.93],[-3.27,5.93],[-3.27,5.93],[-3.27,5.93],[-3.27,5.93],[-3.28,5.93],[-3.28,5.93],[-3.28,5.93],[-3.28,5.93],[-3.28,5.93],[-3.29,5.93],[-3.29,5.93],[-3.29,5.93],[-3.29,5.93],[-3.29,5.93],[-3.29,5.93],[-3.3,5.93],[-3.3,5.93],[-3.3,5.92],[-3.3,5.92],[-3.3,5.92],[-3.3,5.92],[-3.3,5.92],[-3.31,5.92],[-3.31,5.92],[-3.31,5.92],[-3.31,5.92],[-3.31,5.92],[-3.31,5.91],[-3.31,5.91],[-3.31,5.91],[-3.32,5.91],[-3.32,5.91],[-3.32,5.91],[-3.32,5.91],[-3.32,5.91],[-3.32,5.9],[-3.32,5.9],[-3.32,5.9],[-3.32,5.9],[-3.32,5.89],[-3.32,5.89],[-3.32,5.89],[-3.32,5.89],[-3.32,5.89],[-3.32,5.89],[-3.33,5.89],[-3.33,5.88],[-3.33,5.88],[-3.33,5.88],[-3.33,5.88],[-3.33,5.88],[-3.34,5.88],[-3.34,5.88],[-3.34,5.88],[-3.34,5.88],[-3.34,5.88],[-3.34,5.87],[-3.35,5.87],[-3.35,5.87],[-3.35,5.87],[-3.35,5.87],[-3.35,5.87],[-3.35,5.87],[-3.35,5.87],[-3.35,5.87],[-3.36,5.87],[-3.36,5.87],[-3.36,5.87],[-3.36,5.87],[-3.36,5.87],[-3.37,5.87],[-3.37,5.87],[-3.37,5.87],[-3.37,5.87],[-3.37,5.87],[-3.37,5.87],[-3.37,5.87],[-3.38,5.87],[-3.38,5.87],[-3.38,5.87],[-3.38,5.87],[-3.38,5.87],[-3.38,5.87],[-3.38,5.87],[-3.39,5.87],[-3.39,5.87],[-3.39,5.87],[-3.39,5.87],[-3.39,5.86],[-3.39,5.86],[-3.39,5.86],[-3.39,5.86],[-3.39,5.86],[-3.39,5.86],[-3.39,5.86],[-3.39,5.85],[-3.4,5.85],[-3.4,5.85],[-3.4,5.85],[-3.4,5.84],[-3.4,5.84],[-3.4,5.84],[-3.4,5.84],[-3.4,5.84],[-3.4,5.83],[-3.4,5.83],[-3.4,5.83],[-3.4,5.83],[-3.4,5.83],[-3.4,5.82],[-3.4,5.82],[-3.4,5.82],[-3.4,5.82],[-3.4,5.82],[-3.4,5.82],[-3.4,5.81],[-3.4,5.81],[-3.4,5.81],[-3.4,5.81],[-3.4,5.81],[-3.4,5.8],[-3.4,5.8],[-3.4,5.8],[-3.4,5.8],[-3.4,5.8],[-3.4,5.8],[-3.4,5.79],[-3.41,5.79],[-3.41,5.79],[-3.41,5.8],[-3.41,5.8],[-3.41,5.8],[-3.41,5.8],[-3.41,5.8],[-3.42,5.8],[-3.42,5.8],[-3.42,5.8],[-3.42,5.8],[-3.42,5.8],[-3.42,5.8],[-3.43,5.8],[-3.43,5.8],[-3.43,5.8],[-3.43,5.8],[-3.43,5.8],[-3.43,5.8],[-3.43,5.8],[-3.44,5.8],[-3.44,5.8],[-3.44,5.8],[-3.43,5.79],[-3.43,5.79],[-3.43,5.79],[-3.43,5.79],[-3.43,5.79],[-3.43,5.79],[-3.43,5.79],[-3.43,5.79],[-3.43,5.78],[-3.43,5.78],[-3.43,5.78],[-3.43,5.78],[-3.43,5.78],[-3.44,5.78],[-3.44,5.77],[-3.44,5.77],[-3.44,5.77],[-3.44,5.77],[-3.44,5.77],[-3.44,5.77],[-3.44,5.76],[-3.44,5.76],[-3.44,5.76],[-3.44,5.76],[-3.44,5.76],[-3.44,5.76],[-3.43,5.76],[-3.43,5.76],[-3.43,5.75],[-3.43,5.75],[-3.42,5.75],[-3.42,5.75],[-3.42,5.75],[-3.42,5.75],[-3.42,5.75],[-3.42,5.75],[-3.42,5.75],[-3.42,5.75],[-3.41,5.75],[-3.41,5.75],[-3.41,5.75],[-3.41,5.75],[-3.41,5.75],[-3.41,5.75],[-3.41,5.75],[-3.41,5.74],[-3.41,5.74],[-3.4,5.74],[-3.4,5.74],[-3.4,5.74],[-3.4,5.74],[-3.4,5.74],[-3.4,5.74],[-3.4,5.74],[-3.39,5.74],[-3.39,5.74],[-3.39,5.74],[-3.39,5.74],[-3.39,5.74],[-3.39,5.74],[-3.39,5.74],[-3.38,5.74],[-3.38,5.74],[-3.38,5.74],[-3.38,5.74],[-3.38,5.74],[-3.38,5.74],[-3.38,5.74],[-3.38,5.74],[-3.38,5.74],[-3.38,5.74],[-3.37,5.74],[-3.37,5.74],[-3.37,5.74],[-3.37,5.74],[-3.37,5.74],[-3.37,5.74],[-3.37,5.74],[-3.37,5.73],[-3.3,5.72],[-3.32,5.66],[-3.32,5.66],[-3.33,5.66],[-3.33,5.66],[-3.33,5.66],[-3.33,5.66],[-3.33,5.66],[-3.33,5.66],[-3.34,5.65],[-3.34,5.65],[-3.34,5.65],[-3.33,5.64],[-3.33,5.64],[-3.33,5.64],[-3.33,5.64],[-3.34,5.64],[-3.34,5.64],[-3.34,5.64],[-3.34,5.64],[-3.35,5.65],[-3.35,5.65],[-3.35,5.65],[-3.35,5.65],[-3.36,5.65],[-3.36,5.65],[-3.36,5.65],[-3.36,5.65],[-3.37,5.65],[-3.37,5.65],[-3.37,5.65],[-3.37,5.65],[-3.38,5.65],[-3.38,5.65],[-3.38,5.65],[-3.38,5.65],[-3.38,5.65],[-3.38,5.65],[-3.39,5.64],[-3.39,5.64],[-3.39,5.64],[-3.39,5.64],[-3.4,5.64],[-3.4,5.64],[-3.4,5.64],[-3.4,5.63],[-3.4,5.63],[-3.41,5.63],[-3.41,5.63],[-3.41,5.63],[-3.41,5.63],[-3.42,5.63],[-3.42,5.63],[-3.42,5.62],[-3.42,5.62],[-3.42,5.62],[-3.42,5.62],[-3.42,5.62],[-3.42,5.62],[-3.42,5.61],[-3.42,5.61],[-3.42,5.61],[-3.42,5.61],[-3.42,5.6],[-3.42,5.6],[-3.44,5.6],[-3.44,5.6],[-3.44,5.6],[-3.44,5.6],[-3.44,5.6],[-3.44,5.6],[-3.44,5.6],[-3.44,5.6],[-3.44,5.6],[-3.44,5.6],[-3.45,5.6],[-3.45,5.6],[-3.45,5.6],[-3.45,5.6],[-3.45,5.6],[-3.45,5.6],[-3.45,5.6],[-3.46,5.59],[-3.46,5.59],[-3.46,5.59],[-3.46,5.59],[-3.46,5.59],[-3.46,5.59],[-3.46,5.59],[-3.46,5.59],[-3.46,5.59],[-3.46,5.59],[-3.46,5.59],[-3.46,5.59],[-3.46,5.59],[-3.46,5.58],[-3.47,5.58],[-3.47,5.58],[-3.47,5.58],[-3.47,5.58],[-3.47,5.58],[-3.47,5.59],[-3.48,5.59],[-3.48,5.59],[-3.48,5.59],[-3.48,5.59],[-3.48,5.59],[-3.48,5.59],[-3.48,5.59],[-3.48,5.59],[-3.48,5.59],[-3.48,5.59],[-3.48,5.59],[-3.48,5.59],[-3.49,5.59],[-3.49,5.59],[-3.49,5.59],[-3.49,5.59],[-3.49,5.59],[-3.49,5.59],[-3.49,5.59],[-3.49,5.58],[-3.49,5.58],[-3.49,5.58],[-3.49,5.58],[-3.49,5.58],[-3.49,5.58],[-3.49,5.58],[-3.49,5.58],[-3.49,5.57],[-3.48,5.57],[-3.48,5.57],[-3.49,5.57],[-3.49,5.57],[-3.49,5.57],[-3.49,5.57],[-3.49,5.57],[-3.5,5.56],[-3.5,5.56],[-3.5,5.56],[-3.5,5.56],[-3.5,5.56],[-3.5,5.56],[-3.51,5.56],[-3.51,5.56],[-3.51,5.55],[-3.51,5.55],[-3.51,5.55],[-3.51,5.55],[-3.52,5.55],[-3.52,5.55],[-3.52,5.55],[-3.52,5.55],[-3.52,5.54],[-3.53,5.54],[-3.53,5.54],[-3.53,5.54],[-3.53,5.54],[-3.53,5.54],[-3.54,5.54],[-3.54,5.54],[-3.54,5.54],[-3.54,5.54],[-3.54,5.54],[-3.54,5.54],[-3.55,5.54],[-3.55,5.54],[-3.55,5.54],[-3.55,5.54],[-3.55,5.54],[-3.56,5.54],[-3.56,5.54],[-3.56,5.54],[-3.56,5.54],[-3.57,5.54],[-3.57,5.54],[-3.57,5.54],[-3.57,5.54],[-3.57,5.54],[-3.57,5.54],[-3.57,5.54],[-3.58,5.54],[-3.58,5.53],[-3.58,5.53],[-3.58,5.53],[-3.58,5.53],[-3.58,5.53],[-3.58,5.53],[-3.58,5.53],[-3.58,5.52],[-3.58,5.52],[-3.58,5.52],[-3.58,5.52],[-3.58,5.52],[-3.58,5.52],[-3.58,5.52],[-3.58,5.52],[-3.58,5.51],[-3.58,5.51],[-3.58,5.51],[-3.58,5.51],[-3.58,5.51],[-3.58,5.51],[-3.58,5.5],[-3.58,5.5],[-3.58,5.5],[-3.58,5.5],[-3.58,5.5],[-3.58,5.5],[-3.58,5.5],[-3.58,5.5],[-3.58,5.49],[-3.58,5.49],[-3.58,5.49],[-3.58,5.49],[-3.58,5.49],[-3.58,5.48],[-3.58,5.48],[-3.58,5.48],[-3.58,5.48],[-3.58,5.48],[-3.58,5.48],[-3.58,5.47],[-3.58,5.47],[-3.58,5.47],[-3.58,5.47],[-3.58,5.47],[-3.58,5.47],[-3.58,5.47],[-3.58,5.47],[-3.58,5.47],[-3.58,5.47],[-3.58,5.46],[-3.58,5.46],[-3.58,5.46],[-3.58,5.46],[-3.58,5.46],[-3.58,5.46],[-3.58,5.46],[-3.58,5.46],[-3.58,5.45],[-3.58,5.45],[-3.58,5.45],[-3.58,5.45],[-3.58,5.45],[-3.58,5.45],[-3.58,5.45],[-3.58,5.45],[-3.58,5.45],[-3.58,5.44],[-3.58,5.44],[-3.58,5.44],[-3.58,5.44],[-3.58,5.44],[-3.58,5.44],[-3.58,5.44],[-3.58,5.44],[-3.58,5.44],[-3.58,5.43],[-3.58,5.43],[-3.58,5.43],[-3.58,5.43],[-3.58,5.43],[-3.58,5.43],[-3.58,5.43],[-3.58,5.43],[-3.58,5.43],[-3.58,5.43],[-3.58,5.42],[-3.58,5.42],[-3.58,5.42],[-3.58,5.42],[-3.58,5.42],[-3.58,5.42],[-3.58,5.42],[-3.58,5.42],[-3.58,5.42],[-3.58,5.42],[-3.58,5.42],[-3.58,5.42],[-3.58,5.41],[-3.58,5.41],[-3.58,5.41],[-3.58,5.41],[-3.58,5.41],[-3.58,5.41],[-3.58,5.41],[-3.58,5.4],[-3.58,5.4],[-3.58,5.4],[-3.58,5.4],[-3.58,5.4],[-3.59,5.4],[-3.59,5.4],[-3.58,5.4],[-3.59,5.4],[-3.58,5.39],[-3.59,5.39],[-3.59,5.39],[-3.58,5.39],[-3.59,5.39],[-3.59,5.39],[-3.59,5.39],[-3.59,5.39],[-3.59,5.39],[-3.59,5.38],[-3.59,5.38],[-3.59,5.38],[-3.59,5.38],[-3.59,5.38],[-3.59,5.38],[-3.59,5.38],[-3.59,5.38],[-3.59,5.38],[-3.59,5.38],[-3.59,5.37],[-3.59,5.37],[-3.58,5.37],[-3.58,5.37],[-3.59,5.37],[-3.59,5.37],[-3.59,5.37],[-3.59,5.37],[-3.59,5.37],[-3.59,5.36],[-3.59,5.36],[-3.59,5.36],[-3.59,5.36],[-3.59,5.36],[-3.59,5.36],[-3.59,5.36],[-3.59,5.36],[-3.59,5.36],[-3.59,5.36],[-3.59,5.36],[-3.59,5.35],[-3.59,5.35],[-3.59,5.35],[-3.59,5.35],[-3.59,5.35],[-3.59,5.35],[-3.59,5.35],[-3.59,5.35],[-3.59,5.35],[-3.59,5.34],[-3.59,5.34],[-3.59,5.34],[-3.59,5.34],[-3.59,5.34],[-3.59,5.34],[-3.59,5.34],[-3.6,5.34],[-3.6,5.34],[-3.6,5.34],[-3.6,5.34],[-3.6,5.33],[-3.6,5.33],[-3.6,5.33],[-3.6,5.33],[-3.6,5.33],[-3.6,5.33],[-3.6,5.33],[-3.6,5.33],[-3.6,5.33],[-3.61,5.33],[-3.61,5.33],[-3.61,5.33],[-3.61,5.33],[-3.61,5.33],[-3.61,5.32],[-3.61,5.32],[-3.61,5.32],[-3.61,5.32],[-3.61,5.32],[-3.61,5.32],[-3.61,5.32],[-3.61,5.32],[-3.61,5.32],[-3.61,5.32],[-3.61,5.31],[-3.61,5.31],[-3.61,5.31],[-3.61,5.31],[-3.61,5.31],[-3.61,5.31],[-3.61,5.31],[-3.61,5.31],[-3.61,5.31],[-3.61,5.31],[-3.61,5.31],[-3.61,5.3],[-3.61,5.3],[-3.62,5.3],[-3.62,5.3],[-3.62,5.3],[-3.62,5.3],[-3.62,5.3],[-3.62,5.3],[-3.62,5.3],[-3.62,5.3],[-3.62,5.3],[-3.62,5.3],[-3.62,5.3],[-3.62,5.3],[-3.62,5.3],[-3.62,5.3],[-3.62,5.3],[-3.62,5.29],[-3.62,5.29],[-3.62,5.29],[-3.62,5.29],[-3.62,5.29],[-3.62,5.29],[-3.62,5.29],[-3.62,5.29],[-3.62,5.29],[-3.62,5.29],[-3.62,5.28],[-3.62,5.28],[-3.62,5.28],[-3.62,5.28],[-3.62,5.28],[-3.62,5.28],[-3.62,5.28],[-3.62,5.28],[-3.62,5.28],[-3.62,5.28],[-3.62,5.28],[-3.62,5.27],[-3.62,5.27],[-3.62,5.27],[-3.62,5.27],[-3.62,5.27],[-3.62,5.27],[-3.62,5.27],[-3.62,5.27],[-3.62,5.27],[-3.62,5.26],[-3.62,5.26],[-3.62,5.26],[-3.62,5.26],[-3.62,5.26],[-3.62,5.26],[-3.62,5.26],[-3.62,5.26],[-3.62,5.26],[-3.62,5.26],[-3.63,5.25],[-3.63,5.25],[-3.63,5.25],[-3.63,5.25],[-3.63,5.25],[-3.63,5.25],[-3.63,5.25],[-3.63,5.25],[-3.63,5.25],[-3.64,5.25],[-3.64,5.25],[-3.64,5.25],[-3.64,5.25],[-3.64,5.25],[-3.64,5.26],[-3.65,5.26],[-3.65,5.26],[-3.65,5.26],[-3.65,5.26],[-3.65,5.26],[-3.65,5.26],[-3.65,5.26],[-3.66,5.26],[-3.66,5.26],[-3.66,5.26],[-3.66,5.26],[-3.66,5.26],[-3.66,5.26],[-3.66,5.26],[-3.67,5.26],[-3.67,5.26],[-3.67,5.26],[-3.67,5.26],[-3.67,5.26],[-3.67,5.26],[-3.67,5.26],[-3.67,5.25],[-3.67,5.25],[-3.67,5.25],[-3.67,5.25],[-3.67,5.25],[-3.67,5.25],[-3.67,5.25],[-3.67,5.25],[-3.67,5.25],[-3.67,5.25],[-3.68,5.24],[-3.68,5.24],[-3.68,5.24],[-3.68,5.24],[-3.68,5.24],[-3.68,5.24],[-3.68,5.24],[-3.68,5.23],[-3.68,5.23],[-3.68,5.23],[-3.68,5.23],[-3.69,5.23],[-3.69,5.23],[-3.69,5.23],[-3.69,5.23],[-3.69,5.23],[-3.69,5.23],[-3.69,5.23],[-3.69,5.23],[-3.69,5.23],[-3.7,5.23],[-3.7,5.23],[-3.7,5.24],[-3.7,5.24],[-3.7,5.24],[-3.71,5.24],[-3.71,5.24],[-3.71,5.24],[-3.71,5.24],[-3.71,5.24],[-3.71,5.23],[-3.71,5.23],[-3.71,5.23],[-3.71,5.23],[-3.71,5.23],[-3.72,5.24],[-3.72,5.24],[-3.72,5.25],[-3.73,5.25],[-3.73,5.25],[-3.73,5.25],[-3.73,5.25],[-3.73,5.26],[-3.73,5.26],[-3.73,5.26],[-3.73,5.27],[-3.73,5.27],[-3.73,5.27],[-3.72,5.28],[-3.72,5.28],[-3.72,5.28],[-3.72,5.28],[-3.72,5.29],[-3.72,5.29],[-3.72,5.29],[-3.72,5.29],[-3.72,5.3],[-3.72,5.3],[-3.79,5.27],[-3.81,5.29],[-3.82,5.27],[-3.82,5.27],[-3.82,5.27],[-3.82,5.27],[-3.82,5.27],[-3.82,5.26],[-3.82,5.26],[-3.82,5.26],[-3.82,5.26],[-3.81,5.26],[-3.81,5.26],[-3.81,5.26],[-3.81,5.26],[-3.81,5.25],[-3.81,5.25],[-3.81,5.25],[-3.81,5.25],[-3.82,5.25],[-3.82,5.25],[-3.84,5.25],[-3.85,5.23],[-3.85,5.23],[-3.85,5.22],[-3.85,5.22],[-3.83,5.22],[-3.82,5.21],[-3.8,5.21],[-3.77,5.2],[-3.77,5.2],[-3.76,5.2],[-3.76,5.2],[-3.74,5.19],[-3.73,5.19],[-3.7,5.18],[-3.64,5.17],[-3.63,5.17],[-3.61,5.17],[-3.58,5.16],[-3.57,5.16],[-3.56,5.16],[-3.55,5.16],[-3.54,5.16],[-3.53,5.16],[-3.52,5.16],[-3.5,5.16],[-3.5,5.16],[-3.49,5.16],[-3.48,5.16],[-3.48,5.15],[-3.47,5.15],[-3.45,5.15],[-3.44,5.15],[-3.43,5.14],[-3.4,5.14],[-3.38,5.14],[-3.37,5.14],[-3.35,5.13],[-3.35,5.13],[-3.33,5.13],[-3.32,5.13],[-3.31,5.12],[-3.29,5.12],[-3.28,5.12],[-3.27,5.12],[-3.26,5.12],[-3.24,5.11],[-3.23,5.11],[-3.22,5.11],[-3.21,5.11],[-3.2,5.1],[-3.19,5.1],[-3.16,5.09],[-3.11,5.08],[-3.12,5.1],[-3.12,5.1],[-3.12,5.11],[-3.12,5.11],[-3.11,5.11],[-3.11,5.11],[-3.11,5.11],[-3.11,5.11],[-3.11,5.12],[-3.11,5.12],[-3.1,5.11],[-3.1,5.11],[-3.1,5.11],[-3.1,5.11],[-3.1,5.11],[-3.09,5.11],[-3.09,5.11],[-3.09,5.11],[-3.09,5.11],[-3.09,5.11],[-3.08,5.11],[-3.08,5.11],[-3.08,5.11],[-3.08,5.11],[-3.07,5.11],[-3.07,5.11],[-3.07,5.11],[-3.07,5.12],[-3.07,5.12],[-3.06,5.11],[-3.06,5.11],[-3.06,5.11],[-3.05,5.11],[-3.05,5.11],[-3.05,5.11],[-3.04,5.11],[-3.04,5.11],[-3.04,5.11],[-3.03,5.11],[-3.02,5.11],[-3.02,5.11],[-3.01,5.11],[-3.01,5.11],[-3.0,5.1],[-3.0,5.1],[-2.99,5.09],[-2.98,5.08],[-2.97,5.08],[-2.97,5.08],[-2.96,5.08],[-2.95,5.08],[-2.95,5.08],[-2.94,5.08],[-2.94,5.09],[-2.93,5.09],[-2.93,5.09],[-2.93,5.09],[-2.93,5.09],[-2.93,5.1],[-2.93,5.1],[-2.92,5.1],[-2.92,5.1],[-2.92,5.1],[-2.92,5.09],[-2.92,5.09],[-2.91,5.08],[-2.91,5.08],[-2.91,5.08],[-2.9,5.08],[-2.9,5.08],[-2.89,5.08],[-2.89,5.09],[-2.89,5.09],[-2.89,5.09],[-2.89,5.1],[-2.89,5.11],[-2.9,5.11],[-2.91,5.11],[-2.91,5.11],[-2.9,5.11],[-2.9,5.11],[-2.9,5.11],[-2.9,5.12],[-2.89,5.12],[-2.88,5.12],[-2.87,5.12],[-2.87,5.12],[-2.86,5.11],[-2.85,5.11],[-2.85,5.1],[-2.85,5.1],[-2.84,5.1],[-2.84,5.1],[-2.84,5.11],[-2.84,5.11],[-2.83,5.12],[-2.83,5.11],[-2.83,5.11],[-2.83,5.11],[-2.82,5.1],[-2.82,5.1],[-2.81,5.1],[-2.81,5.1],[-2.8,5.1],[-2.79,5.1],[-2.79,5.1],[-2.78,5.11],[-2.78,5.11],[-2.77,5.1],[-2.77,5.1],[-2.76,5.1],[-2.76,5.09],[-2.75,5.11],[-2.75,5.11],[-2.74,5.11],[-2.74,5.12],[-2.73,5.12],[-2.73,5.12],[-2.73,5.13],[-2.73,5.14],[-2.73,5.14],[-2.74,5.15],[-2.74,5.15],[-2.74,5.16],[-2.74,5.17],[-2.75,5.18],[-2.75,5.19],[-2.75,5.2],[-2.76,5.2],[-2.76,5.2],[-2.76,5.21],[-2.76,5.22],[-2.76,5.23],[-2.76,5.23],[-2.76,5.24],[-2.76,5.25],[-2.76,5.25],[-2.77,5.25],[-2.78,5.25],[-2.77,5.26],[-2.77,5.26],[-2.77,5.26],[-2.78,5.27],[-2.78,5.27],[-2.79,5.28],[-2.79,5.28],[-2.79,5.28],[-2.79,5.29],[-2.78,5.29],[-2.77,5.29],[-2.77,5.29],[-2.77,5.3],[-2.77,5.31],[-2.77,5.32],[-2.77,5.32],[-2.78,5.33],[-2.77,5.34],[-2.77,5.34],[-2.77,5.35],[-2.75,5.34],[-2.73,5.33],[-2.73,5.35],[-2.73,5.39],[-2.74,5.41],[-2.74,5.41],[-2.76,5.45],[-2.77,5.58],[-2.77,5.59],[-2.78,5.6],[-2.79,5.62],[-2.8,5.61],[-2.81,5.61],[-2.81,5.62],[-2.82,5.62],[-2.86,5.64],[-2.86,5.65],[-2.87,5.66],[-2.87,5.66],[-2.88,5.65],[-2.88,5.65],[-2.88,5.65],[-2.9,5.64],[-2.91,5.62],[-2.92,5.62],[-2.94,5.61],[-2.95,5.61],[-2.97,5.63],[-2.96,5.71],[-3.03,5.71],[-3.03,5.71],[-3.04,5.71],[-3.02,5.85],[-3.06,5.93],[-3.06,5.94],[-3.08,6.0],[-3.11,6.16]]]}},{"type":"Feature","properties":{"name":"Tchologo","code":"CI31","level":"region","status":"pending","schools":661,"students":90398,"girls":42746,"boys":47652,"district":"Savanes"},"geometry":{"type":"Polygon","coordinates":[[[-5.65,10.46],[-5.65,10.46],[-5.65,10.46],[-5.65,10.46],[-5.65,10.46],[-5.66,10.46],[-5.66,10.46],[-5.66,10.46],[-5.66,10.46],[-5.66,10.46],[-5.67,10.46],[-5.67,10.46],[-5.67,10.46],[-5.67,10.46],[-5.67,10.46],[-5.67,10.46],[-5.68,10.46],[-5.68,10.46],[-5.68,10.46],[-5.68,10.46],[-5.68,10.46],[-5.69,10.46],[-5.69,10.46],[-5.69,10.46],[-5.69,10.45],[-5.69,10.45],[-5.69,10.45],[-5.7,10.45],[-5.7,10.45],[-5.7,10.45],[-5.7,10.45],[-5.7,10.44],[-5.7,10.44],[-5.7,10.44],[-5.71,10.44],[-5.71,10.44],[-5.71,10.44],[-5.71,10.44],[-5.71,10.43],[-5.71,10.43],[-5.71,10.43],[-5.71,10.43],[-5.72,10.43],[-5.72,10.43],[-5.72,10.43],[-5.72,10.43],[-5.72,10.43],[-5.73,10.43],[-5.73,10.43],[-5.73,10.43],[-5.74,10.43],[-5.74,10.43],[-5.74,10.43],[-5.74,10.43],[-5.74,10.43],[-5.75,10.43],[-5.75,10.43],[-5.75,10.43],[-5.75,10.43],[-5.75,10.43],[-5.76,10.43],[-5.76,10.43],[-5.76,10.44],[-5.76,10.44],[-5.76,10.44],[-5.77,10.44],[-5.77,10.44],[-5.77,10.44],[-5.77,10.44],[-5.77,10.44],[-5.78,10.44],[-5.78,10.44],[-5.78,10.44],[-5.78,10.43],[-5.78,10.43],[-5.79,10.43],[-5.79,10.43],[-5.79,10.43],[-5.79,10.43],[-5.79,10.43],[-5.79,10.43],[-5.8,10.43],[-5.8,10.42],[-5.8,10.42],[-5.8,10.42],[-5.8,10.42],[-5.8,10.42],[-5.8,10.42],[-5.81,10.41],[-5.81,10.41],[-5.8,10.41],[-5.8,10.41],[-5.8,10.41],[-5.8,10.41],[-5.8,10.41],[-5.79,10.41],[-5.79,10.41],[-5.79,10.41],[-5.79,10.41],[-5.79,10.41],[-5.79,10.41],[-5.78,10.41],[-5.78,10.41],[-5.78,10.4],[-5.78,10.4],[-5.78,10.4],[-5.78,10.4],[-5.78,10.4],[-5.78,10.4],[-5.78,10.39],[-5.78,10.39],[-5.78,10.39],[-5.78,10.39],[-5.79,10.39],[-5.79,10.39],[-5.79,10.38],[-5.79,10.38],[-5.79,10.38],[-5.79,10.38],[-5.79,10.38],[-5.79,10.38],[-5.79,10.38],[-5.79,10.38],[-5.8,10.38],[-5.8,10.38],[-5.8,10.38],[-5.8,10.38],[-5.8,10.37],[-5.8,10.37],[-5.81,10.37],[-5.81,10.37],[-5.81,10.37],[-5.81,10.37],[-5.81,10.37],[-5.82,10.37],[-5.82,10.37],[-5.82,10.37],[-5.82,10.37],[-5.82,10.37],[-5.82,10.37],[-5.82,10.37],[-5.83,10.37],[-5.83,10.37],[-5.83,10.37],[-5.83,10.36],[-5.83,10.36],[-5.83,10.36],[-5.82,10.36],[-5.82,10.36],[-5.82,10.36],[-5.83,10.36],[-5.83,10.35],[-5.82,10.35],[-5.82,10.35],[-5.82,10.35],[-5.82,10.35],[-5.82,10.35],[-5.82,10.35],[-5.82,10.35],[-5.82,10.34],[-5.82,10.34],[-5.82,10.34],[-5.82,10.34],[-5.81,10.34],[-5.81,10.34],[-5.81,10.34],[-5.81,10.33],[-5.81,10.33],[-5.81,10.33],[-5.81,10.33],[-5.81,10.33],[-5.81,10.32],[-5.81,10.32],[-5.81,10.32],[-5.81,10.32],[-5.81,10.32],[-5.81,10.32],[-5.81,10.32],[-5.81,10.31],[-5.81,10.31],[-5.81,10.31],[-5.81,10.31],[-5.8,10.31],[-5.8,10.31],[-5.8,10.31],[-5.8,10.3],[-5.8,10.3],[-5.8,10.3],[-5.8,10.3],[-5.8,10.3],[-5.79,10.3],[-5.79,10.3],[-5.79,10.29],[-5.79,10.29],[-5.79,10.29],[-5.79,10.29],[-5.79,10.29],[-5.79,10.29],[-5.79,10.29],[-5.79,10.28],[-5.79,10.28],[-5.79,10.28],[-5.79,10.28],[-5.79,10.28],[-5.79,10.28],[-5.79,10.27],[-5.79,10.27],[-5.79,10.27],[-5.79,10.27],[-5.79,10.27],[-5.79,10.27],[-5.79,10.27],[-5.79,10.26],[-5.79,10.26],[-5.79,10.26],[-5.79,10.26],[-5.79,10.26],[-5.79,10.26],[-5.79,10.26],[-5.79,10.25],[-5.79,10.25],[-5.79,10.25],[-5.79,10.25],[-5.78,10.25],[-5.78,10.25],[-5.78,10.25],[-5.78,10.24],[-5.78,10.24],[-5.78,10.24],[-5.78,10.24],[-5.78,10.23],[-5.78,10.23],[-5.78,10.23],[-5.78,10.23],[-5.78,10.23],[-5.78,10.23],[-5.79,10.23],[-5.79,10.22],[-5.79,10.22],[-5.79,10.22],[-5.79,10.22],[-5.79,10.22],[-5.79,10.22],[-5.79,10.22],[-5.79,10.22],[-5.79,10.21],[-5.8,10.21],[-5.8,10.21],[-5.8,10.21],[-5.8,10.21],[-5.8,10.21],[-5.79,10.2],[-5.79,10.2],[-5.79,10.2],[-5.79,10.2],[-5.79,10.2],[-5.79,10.2],[-5.78,10.2],[-5.78,10.19],[-5.78,10.19],[-5.78,10.19],[-5.78,10.19],[-5.78,10.19],[-5.78,10.19],[-5.78,10.18],[-5.78,10.18],[-5.78,10.18],[-5.78,10.18],[-5.78,10.18],[-5.78,10.17],[-5.78,10.17],[-5.77,10.17],[-5.77,10.17],[-5.77,10.17],[-5.77,10.17],[-5.77,10.17],[-5.77,10.16],[-5.77,10.16],[-5.76,10.16],[-5.76,10.16],[-5.76,10.16],[-5.76,10.15],[-5.76,10.15],[-5.76,10.15],[-5.76,10.15],[-5.76,10.15],[-5.76,10.15],[-5.75,10.14],[-5.75,10.14],[-5.75,10.14],[-5.75,10.14],[-5.75,10.14],[-5.74,10.14],[-5.74,10.13],[-5.74,10.13],[-5.74,10.13],[-5.74,10.13],[-5.74,10.13],[-5.74,10.12],[-5.73,10.12],[-5.73,10.12],[-5.74,10.12],[-5.74,10.12],[-5.74,10.12],[-5.74,10.11],[-5.74,10.11],[-5.74,10.11],[-5.74,10.11],[-5.74,10.11],[-5.74,10.11],[-5.74,10.11],[-5.74,10.1],[-5.74,10.1],[-5.73,10.1],[-5.73,10.1],[-5.73,10.1],[-5.73,10.1],[-5.73,10.09],[-5.73,10.09],[-5.73,10.09],[-5.72,10.09],[-5.72,10.09],[-5.72,10.09],[-5.72,10.08],[-5.72,10.08],[-5.72,10.08],[-5.72,10.08],[-5.72,10.08],[-5.72,10.07],[-5.72,10.07],[-5.72,10.07],[-5.72,10.07],[-5.72,10.07],[-5.72,10.07],[-5.72,10.07],[-5.72,10.06],[-5.73,10.06],[-5.73,10.06],[-5.73,10.06],[-5.73,10.06],[-5.73,10.05],[-5.73,10.05],[-5.73,10.05],[-5.73,10.05],[-5.73,10.05],[-5.73,10.05],[-5.73,10.04],[-5.73,10.04],[-5.73,10.04],[-5.73,10.04],[-5.73,10.04],[-5.73,10.04],[-5.73,10.03],[-5.73,10.03],[-5.73,10.03],[-5.73,10.03],[-5.73,10.03],[-5.73,10.02],[-5.72,10.02],[-5.72,10.02],[-5.72,10.02],[-5.72,10.02],[-5.72,10.02],[-5.73,10.01],[-5.73,10.01],[-5.73,10.01],[-5.73,10.01],[-5.73,10.01],[-5.73,10.0],[-5.73,10.0],[-5.73,10.0],[-5.73,10.0],[-5.73,10.0],[-5.73,10.0],[-5.73,10.0],[-5.73,9.99],[-5.73,9.99],[-5.73,9.99],[-5.73,9.99],[-5.73,9.99],[-5.73,9.98],[-5.73,9.98],[-5.73,9.98],[-5.72,9.98],[-5.72,9.98],[-5.72,9.97],[-5.72,9.97],[-5.72,9.97],[-5.72,9.97],[-5.72,9.97],[-5.72,9.96],[-5.72,9.96],[-5.72,9.96],[-5.72,9.96],[-5.72,9.96],[-5.72,9.96],[-5.72,9.96],[-5.72,9.96],[-5.72,9.96],[-5.72,9.95],[-5.72,9.95],[-5.72,9.95],[-5.72,9.95],[-5.72,9.95],[-5.71,9.95],[-5.72,9.94],[-5.72,9.94],[-5.72,9.94],[-5.72,9.94],[-5.72,9.93],[-5.71,9.93],[-5.71,9.93],[-5.71,9.93],[-5.72,9.93],[-5.71,9.93],[-5.71,9.93],[-5.71,9.93],[-5.71,9.92],[-5.71,9.92],[-5.71,9.92],[-5.71,9.92],[-5.71,9.92],[-5.71,9.91],[-5.71,9.91],[-5.71,9.91],[-5.71,9.91],[-5.71,9.91],[-5.7,9.91],[-5.7,9.9],[-5.7,9.9],[-5.7,9.9],[-5.7,9.9],[-5.7,9.9],[-5.69,9.9],[-5.69,9.9],[-5.69,9.9],[-5.69,9.9],[-5.68,9.9],[-5.68,9.9],[-5.68,9.9],[-5.68,9.89],[-5.68,9.89],[-5.68,9.89],[-5.68,9.89],[-5.68,9.89],[-5.68,9.88],[-5.68,9.88],[-5.68,9.88],[-5.68,9.88],[-5.68,9.88],[-5.68,9.88],[-5.68,9.88],[-5.69,9.88],[-5.69,9.87],[-5.69,9.87],[-5.69,9.87],[-5.69,9.87],[-5.68,9.87],[-5.68,9.86],[-5.68,9.86],[-5.68,9.86],[-5.68,9.86],[-5.68,9.86],[-5.68,9.86],[-5.68,9.86],[-5.67,9.86],[-5.67,9.86],[-5.67,9.86],[-5.67,9.86],[-5.67,9.86],[-5.67,9.86],[-5.67,9.86],[-5.67,9.85],[-5.67,9.85],[-5.67,9.85],[-5.67,9.85],[-5.67,9.85],[-5.67,9.84],[-5.67,9.84],[-5.66,9.84],[-5.66,9.84],[-5.66,9.84],[-5.66,9.84],[-5.66,9.84],[-5.66,9.84],[-5.66,9.83],[-5.65,9.83],[-5.65,9.83],[-5.65,9.83],[-5.65,9.83],[-5.65,9.83],[-5.65,9.83],[-5.64,9.83],[-5.64,9.83],[-5.64,9.83],[-5.64,9.83],[-5.64,9.83],[-5.64,9.82],[-5.64,9.82],[-5.63,9.82],[-5.63,9.82],[-5.63,9.82],[-5.63,9.82],[-5.63,9.82],[-5.63,9.82],[-5.63,9.82],[-5.63,9.81],[-5.63,9.81],[-5.63,9.81],[-5.63,9.81],[-5.63,9.81],[-5.63,9.81],[-5.63,9.81],[-5.63,9.8],[-5.63,9.8],[-5.63,9.8],[-5.63,9.8],[-5.63,9.8],[-5.63,9.79],[-5.63,9.79],[-5.63,9.79],[-5.63,9.79],[-5.64,9.79],[-5.64,9.79],[-5.64,9.79],[-5.64,9.79],[-5.64,9.79],[-5.64,9.78],[-5.64,9.78],[-5.64,9.78],[-5.65,9.78],[-5.65,9.78],[-5.65,9.78],[-5.65,9.78],[-5.65,9.78],[-5.65,9.77],[-5.65,9.77],[-5.65,9.77],[-5.65,9.77],[-5.65,9.77],[-5.64,9.77],[-5.64,9.77],[-5.64,9.77],[-5.64,9.77],[-5.64,9.77],[-5.64,9.76],[-5.64,9.76],[-5.64,9.76],[-5.64,9.76],[-5.64,9.76],[-5.63,9.75],[-5.63,9.75],[-5.63,9.75],[-5.63,9.76],[-5.63,9.76],[-5.63,9.76],[-5.62,9.76],[-5.62,9.76],[-5.62,9.76],[-5.62,9.76],[-5.62,9.75],[-5.62,9.75],[-5.62,9.75],[-5.62,9.75],[-5.62,9.75],[-5.62,9.74],[-5.62,9.74],[-5.62,9.74],[-5.61,9.74],[-5.61,9.74],[-5.61,9.74],[-5.61,9.74],[-5.61,9.74],[-5.61,9.74],[-5.6,9.74],[-5.6,9.74],[-5.6,9.74],[-5.6,9.74],[-5.6,9.74],[-5.59,9.74],[-5.59,9.74],[-5.59,9.74],[-5.59,9.74],[-5.59,9.74],[-5.58,9.74],[-5.58,9.74],[-5.58,9.73],[-5.58,9.73],[-5.58,9.73],[-5.58,9.73],[-5.57,9.73],[-5.57,9.74],[-5.58,9.74],[-5.57,9.74],[-5.57,9.74],[-5.57,9.74],[-5.57,9.74],[-5.56,9.74],[-5.56,9.74],[-5.56,9.74],[-5.56,9.74],[-5.57,9.74],[-5.57,9.74],[-5.57,9.74],[-5.57,9.73],[-5.57,9.73],[-5.57,9.73],[-5.56,9.73],[-5.56,9.73],[-5.56,9.72],[-5.56,9.72],[-5.56,9.72],[-5.56,9.72],[-5.55,9.72],[-5.55,9.72],[-5.55,9.72],[-5.55,9.73],[-5.55,9.73],[-5.55,9.73],[-5.55,9.73],[-5.56,9.73],[-5.56,9.73],[-5.56,9.74],[-5.56,9.74],[-5.55,9.74],[-5.55,9.73],[-5.55,9.73],[-5.55,9.73],[-5.55,9.73],[-5.54,9.73],[-5.54,9.74],[-5.54,9.73],[-5.54,9.73],[-5.53,9.73],[-5.53,9.74],[-5.53,9.74],[-5.53,9.74],[-5.53,9.74],[-5.53,9.74],[-5.52,9.74],[-5.52,9.74],[-5.52,9.74],[-5.52,9.74],[-5.52,9.74],[-5.52,9.74],[-5.52,9.73],[-5.52,9.73],[-5.52,9.73],[-5.51,9.74],[-5.51,9.74],[-5.51,9.74],[-5.51,9.74],[-5.51,9.74],[-5.5,9.74],[-5.5,9.74],[-5.5,9.74],[-5.5,9.74],[-5.5,9.74],[-5.5,9.74],[-5.5,9.74],[-5.49,9.74],[-5.49,9.74],[-5.49,9.75],[-5.49,9.75],[-5.48,9.75],[-5.48,9.75],[-5.48,9.75],[-5.48,9.75],[-5.47,9.75],[-5.47,9.75],[-5.47,9.76],[-5.47,9.76],[-5.47,9.75],[-5.47,9.75],[-5.47,9.75],[-5.46,9.74],[-5.46,9.74],[-5.46,9.74],[-5.47,9.74],[-5.47,9.73],[-5.47,9.73],[-5.46,9.73],[-5.46,9.73],[-5.46,9.73],[-5.46,9.73],[-5.46,9.73],[-5.46,9.73],[-5.45,9.73],[-5.45,9.73],[-5.45,9.73],[-5.45,9.73],[-5.45,9.72],[-5.46,9.72],[-5.46,9.72],[-5.46,9.72],[-5.46,9.73],[-5.46,9.73],[-5.47,9.73],[-5.47,9.72],[-5.47,9.72],[-5.47,9.72],[-5.47,9.71],[-5.47,9.71],[-5.46,9.71],[-5.46,9.71],[-5.46,9.72],[-5.45,9.72],[-5.45,9.72],[-5.45,9.72],[-5.45,9.72],[-5.45,9.71],[-5.44,9.71],[-5.44,9.71],[-5.44,9.71],[-5.44,9.7],[-5.44,9.7],[-5.43,9.7],[-5.43,9.7],[-5.43,9.7],[-5.43,9.7],[-5.42,9.71],[-5.42,9.71],[-5.42,9.7],[-5.42,9.7],[-5.41,9.7],[-5.41,9.7],[-5.41,9.69],[-5.41,9.69],[-5.41,9.69],[-5.41,9.69],[-5.4,9.69],[-5.4,9.69],[-5.4,9.69],[-5.39,9.69],[-5.39,9.69],[-5.39,9.69],[-5.39,9.68],[-5.39,9.68],[-5.39,9.68],[-5.39,9.68],[-5.39,9.67],[-5.39,9.67],[-5.39,9.67],[-5.39,9.67],[-5.38,9.67],[-5.38,9.67],[-5.38,9.67],[-5.38,9.67],[-5.37,9.67],[-5.37,9.67],[-5.37,9.67],[-5.37,9.66],[-5.37,9.66],[-5.37,9.66],[-5.37,9.66],[-5.37,9.66],[-5.37,9.65],[-5.37,9.65],[-5.37,9.65],[-5.37,9.65],[-5.37,9.64],[-5.37,9.64],[-5.36,9.64],[-5.36,9.64],[-5.36,9.64],[-5.36,9.64],[-5.35,9.64],[-5.35,9.65],[-5.35,9.65],[-5.35,9.65],[-5.35,9.65],[-5.34,9.64],[-5.34,9.64],[-5.34,9.64],[-5.35,9.64],[-5.35,9.63],[-5.35,9.63],[-5.35,9.63],[-5.35,9.62],[-5.35,9.62],[-5.34,9.62],[-5.34,9.62],[-5.34,9.63],[-5.34,9.63],[-5.34,9.63],[-5.33,9.63],[-5.33,9.63],[-5.33,9.64],[-5.33,9.64],[-5.33,9.64],[-5.33,9.64],[-5.32,9.64],[-5.33,9.64],[-5.33,9.64],[-5.33,9.63],[-5.33,9.63],[-5.33,9.63],[-5.33,9.63],[-5.33,9.62],[-5.33,9.62],[-5.33,9.62],[-5.33,9.62],[-5.33,9.62],[-5.33,9.62],[-5.33,9.62],[-5.33,9.62],[-5.32,9.62],[-5.32,9.62],[-5.32,9.62],[-5.32,9.61],[-5.32,9.61],[-5.32,9.61],[-5.32,9.61],[-5.32,9.61],[-5.33,9.61],[-5.33,9.61],[-5.33,9.61],[-5.33,9.6],[-5.32,9.6],[-5.32,9.6],[-5.32,9.6],[-5.32,9.6],[-5.31,9.6],[-5.31,9.6],[-5.3,9.6],[-5.3,9.6],[-5.3,9.6],[-5.3,9.59],[-5.3,9.59],[-5.31,9.59],[-5.31,9.59],[-5.31,9.59],[-5.31,9.59],[-5.3,9.58],[-5.3,9.58],[-5.3,9.58],[-5.3,9.58],[-5.3,9.57],[-5.29,9.57],[-5.29,9.57],[-5.3,9.57],[-5.3,9.57],[-5.3,9.57],[-5.3,9.57],[-5.31,9.56],[-5.31,9.56],[-5.3,9.56],[-5.3,9.56],[-5.3,9.56],[-5.3,9.56],[-5.3,9.55],[-5.3,9.55],[-5.3,9.55],[-5.3,9.55],[-5.31,9.55],[-5.31,9.54],[-5.3,9.54],[-5.3,9.54],[-5.3,9.54],[-5.3,9.53],[-5.3,9.53],[-5.3,9.53],[-5.3,9.53],[-5.3,9.52],[-5.3,9.52],[-5.3,9.52],[-5.3,9.51],[-5.31,9.51],[-5.31,9.51],[-5.31,9.51],[-5.31,9.51],[-5.32,9.51],[-5.32,9.51],[-5.32,9.51],[-5.32,9.51],[-5.33,9.51],[-5.33,9.51],[-5.33,9.51],[-5.33,9.51],[-5.33,9.51],[-5.33,9.51],[-5.33,9.5],[-5.33,9.5],[-5.33,9.5],[-5.33,9.49],[-5.33,9.49],[-5.32,9.49],[-5.32,9.48],[-5.32,9.48],[-5.32,9.48],[-5.31,9.49],[-5.31,9.49],[-5.31,9.49],[-5.31,9.49],[-5.3,9.49],[-5.3,9.49],[-5.3,9.49],[-5.3,9.49],[-5.29,9.49],[-5.29,9.49],[-5.29,9.49],[-5.29,9.48],[-5.29,9.48],[-5.3,9.48],[-5.3,9.48],[-5.3,9.48],[-5.31,9.48],[-5.31,9.48],[-5.31,9.48],[-5.31,9.48],[-5.31,9.48],[-5.32,9.48],[-5.32,9.47],[-5.32,9.47],[-5.32,9.47],[-5.33,9.47],[-5.33,9.47],[-5.32,9.46],[-5.32,9.46],[-5.32,9.47],[-5.32,9.47],[-5.32,9.47],[-5.32,9.46],[-5.31,9.46],[-5.31,9.46],[-5.31,9.46],[-5.31,9.46],[-5.31,9.46],[-5.31,9.45],[-5.31,9.45],[-5.31,9.45],[-5.31,9.45],[-5.31,9.45],[-5.31,9.44],[-5.31,9.44],[-5.31,9.44],[-5.32,9.44],[-5.32,9.44],[-5.32,9.44],[-5.32,9.44],[-5.33,9.44],[-5.33,9.44],[-5.33,9.44],[-5.33,9.44],[-5.33,9.43],[-5.33,9.43],[-5.33,9.43],[-5.33,9.43],[-5.33,9.43],[-5.33,9.42],[-5.33,9.42],[-5.33,9.42],[-5.33,9.42],[-5.33,9.42],[-5.34,9.41],[-5.34,9.41],[-5.34,9.41],[-5.34,9.41],[-5.33,9.41],[-5.33,9.41],[-5.34,9.4],[-5.34,9.4],[-5.34,9.4],[-5.34,9.4],[-5.34,9.4],[-5.35,9.39],[-5.35,9.39],[-5.35,9.39],[-5.34,9.39],[-5.34,9.38],[-5.34,9.38],[-5.34,9.39],[-5.34,9.39],[-5.34,9.39],[-5.34,9.39],[-5.33,9.39],[-5.32,9.39],[-5.32,9.39],[-5.32,9.39],[-5.32,9.39],[-5.32,9.39],[-5.31,9.39],[-5.31,9.39],[-5.31,9.39],[-5.31,9.39],[-5.3,9.39],[-5.3,9.39],[-5.3,9.39],[-5.29,9.39],[-5.29,9.39],[-5.29,9.39],[-5.29,9.39],[-5.29,9.39],[-5.29,9.4],[-5.28,9.4],[-5.28,9.4],[-5.28,9.4],[-5.28,9.4],[-5.28,9.4],[-5.27,9.4],[-5.27,9.4],[-5.27,9.4],[-5.26,9.4],[-5.26,9.4],[-5.26,9.4],[-5.26,9.4],[-5.25,9.4],[-5.25,9.4],[-5.25,9.4],[-5.25,9.4],[-5.25,9.4],[-5.24,9.41],[-5.24,9.41],[-5.24,9.41],[-5.24,9.41],[-5.23,9.41],[-5.23,9.41],[-5.23,9.41],[-5.23,9.41],[-5.22,9.41],[-5.22,9.41],[-5.22,9.41],[-5.21,9.41],[-5.21,9.41],[-5.21,9.41],[-5.21,9.41],[-5.21,9.42],[-5.21,9.42],[-5.21,9.42],[-5.21,9.42],[-5.2,9.43],[-5.2,9.43],[-5.2,9.43],[-5.2,9.43],[-5.2,9.42],[-5.2,9.42],[-5.2,9.42],[-5.2,9.42],[-5.2,9.42],[-5.19,9.42],[-5.19,9.42],[-5.19,9.42],[-5.19,9.41],[-5.19,9.41],[-5.19,9.41],[-5.19,9.41],[-5.19,9.41],[-5.19,9.41],[-5.19,9.4],[-5.19,9.4],[-5.19,9.4],[-5.19,9.4],[-5.19,9.4],[-5.19,9.4],[-5.19,9.39],[-5.18,9.39],[-5.18,9.39],[-5.18,9.39],[-5.18,9.39],[-5.18,9.39],[-5.18,9.38],[-5.18,9.38],[-5.18,9.38],[-5.18,9.38],[-5.18,9.38],[-5.18,9.38],[-5.17,9.37],[-5.17,9.37],[-5.17,9.37],[-5.17,9.37],[-5.17,9.37],[-5.17,9.36],[-5.16,9.36],[-5.16,9.36],[-5.16,9.36],[-5.16,9.35],[-5.16,9.35],[-5.15,9.35],[-5.15,9.34],[-5.15,9.34],[-5.14,9.34],[-5.14,9.34],[-5.14,9.34],[-5.14,9.34],[-5.14,9.33],[-5.14,9.33],[-5.13,9.33],[-5.13,9.33],[-5.13,9.33],[-5.13,9.33],[-5.13,9.33],[-5.12,9.33],[-5.12,9.33],[-5.12,9.33],[-5.12,9.33],[-5.11,9.32],[-5.11,9.32],[-5.11,9.32],[-5.1,9.32],[-5.1,9.32],[-5.09,9.32],[-5.09,9.32],[-5.09,9.32],[-5.08,9.32],[-5.08,9.32],[-5.08,9.32],[-5.08,9.32],[-5.07,9.31],[-5.07,9.31],[-5.07,9.31],[-5.06,9.31],[-5.06,9.31],[-5.06,9.31],[-5.05,9.31],[-5.05,9.31],[-5.05,9.31],[-5.05,9.31],[-5.04,9.31],[-5.04,9.31],[-5.04,9.31],[-5.04,9.31],[-5.03,9.31],[-5.03,9.31],[-5.03,9.31],[-5.02,9.31],[-5.02,9.31],[-5.02,9.3],[-5.01,9.3],[-5.01,9.3],[-5.01,9.29],[-5.01,9.29],[-5.01,9.29],[-5.01,9.29],[-5.01,9.29],[-5.01,9.28],[-5.01,9.28],[-5.01,9.28],[-5.01,9.28],[-5.01,9.27],[-5.01,9.27],[-5.01,9.27],[-5.01,9.27],[-5.01,9.26],[-5.01,9.26],[-5.01,9.26],[-5.01,9.25],[-5.01,9.25],[-5.01,9.25],[-5.01,9.24],[-5.01,9.24],[-5.01,9.24],[-5.01,9.24],[-5.01,9.23],[-5.01,9.23],[-5.01,9.23],[-5.01,9.22],[-5.01,9.22],[-5.0,9.22],[-5.0,9.22],[-5.0,9.22],[-5.0,9.22],[-5.0,9.21],[-4.99,9.21],[-4.99,9.21],[-4.99,9.21],[-4.99,9.21],[-4.99,9.21],[-4.99,9.2],[-4.98,9.2],[-4.98,9.2],[-4.98,9.2],[-4.98,9.19],[-4.98,9.19],[-4.98,9.19],[-4.98,9.19],[-4.98,9.18],[-4.98,9.18],[-4.98,9.18],[-4.98,9.18],[-4.98,9.17],[-4.98,9.17],[-4.98,9.17],[-4.98,9.16],[-4.98,9.16],[-4.98,9.16],[-4.97,9.16],[-4.97,9.16],[-4.97,9.16],[-4.96,9.16],[-4.96,9.15],[-4.96,9.15],[-4.96,9.15],[-4.96,9.15],[-4.96,9.15],[-4.95,9.14],[-4.95,9.14],[-4.95,9.14],[-4.95,9.14],[-4.95,9.14],[-4.95,9.13],[-4.95,9.13],[-4.94,9.13],[-4.94,9.13],[-4.94,9.13],[-4.93,9.13],[-4.93,9.13],[-4.93,9.13],[-4.93,9.13],[-4.93,9.12],[-4.92,9.12],[-4.92,9.12],[-4.92,9.12],[-4.92,9.12],[-4.91,9.12],[-4.91,9.12],[-4.91,9.12],[-4.91,9.12],[-4.91,9.12],[-4.9,9.12],[-4.9,9.12],[-4.9,9.12],[-4.9,9.12],[-4.89,9.12],[-4.89,9.12],[-4.89,9.12],[-4.89,9.12],[-4.89,9.11],[-4.89,9.11],[-4.88,9.11],[-4.88,9.1],[-4.88,9.1],[-4.88,9.1],[-4.89,9.1],[-4.88,9.09],[-4.88,9.09],[-4.89,9.09],[-4.89,9.08],[-4.89,9.08],[-4.89,9.08],[-4.89,9.08],[-4.89,9.07],[-4.89,9.07],[-4.89,9.07],[-4.89,9.07],[-4.89,9.07],[-4.89,9.06],[-4.89,9.06],[-4.89,9.06],[-4.89,9.06],[-4.89,9.06],[-4.9,9.05],[-4.9,9.05],[-4.9,9.05],[-4.9,9.05],[-4.9,9.04],[-4.9,9.04],[-4.9,9.04],[-4.9,9.03],[-4.9,9.03],[-4.91,9.03],[-4.91,9.03],[-4.91,9.02],[-4.91,9.02],[-4.91,9.02],[-4.91,9.01],[-4.91,9.01],[-4.91,9.01],[-4.91,9.01],[-4.91,9.0],[-4.91,9.0],[-4.91,9.0],[-4.91,9.0],[-4.91,8.99],[-4.91,8.99],[-4.91,8.99],[-4.91,8.99],[-4.91,8.98],[-4.91,8.98],[-4.91,8.98],[-4.91,8.98],[-4.92,8.98],[-4.92,8.97],[-4.92,8.97],[-4.92,8.97],[-4.92,8.96],[-4.92,8.96],[-4.92,8.96],[-4.92,8.96],[-4.92,8.96],[-4.93,8.96],[-4.93,8.96],[-4.93,8.95],[-4.93,8.95],[-4.93,8.95],[-4.93,8.95],[-4.93,8.95],[-4.93,8.95],[-4.94,8.94],[-4.94,8.94],[-4.94,8.94],[-4.94,8.94],[-4.94,8.94],[-4.95,8.93],[-4.95,8.94],[-4.95,8.94],[-4.95,8.94],[-4.95,8.94],[-4.96,8.94],[-4.96,8.94],[-4.96,8.94],[-4.96,8.93],[-4.96,8.93],[-4.96,8.93],[-4.96,8.93],[-4.96,8.93],[-4.61,8.92],[-4.58,8.92],[-4.58,8.92],[-4.57,8.92],[-4.56,8.93],[-4.55,8.93],[-4.55,8.92],[-4.55,8.92],[-4.55,8.92],[-4.55,8.92],[-4.55,8.92],[-4.54,8.92],[-4.54,8.91],[-4.53,8.91],[-4.53,8.91],[-4.53,8.91],[-4.53,8.92],[-4.52,8.92],[-4.52,8.92],[-4.51,8.92],[-4.51,8.91],[-4.51,8.91],[-4.51,8.91],[-4.5,8.91],[-4.5,8.9],[-4.5,8.9],[-4.5,8.9],[-4.5,8.9],[-4.5,8.9],[-4.5,8.89],[-4.5,8.89],[-4.5,8.89],[-4.5,8.89],[-4.5,8.88],[-4.49,8.88],[-4.49,8.89],[-4.49,8.89],[-4.49,8.88],[-4.49,8.89],[-4.48,8.89],[-4.48,8.88],[-4.48,8.88],[-4.48,8.88],[-4.49,8.88],[-4.49,8.88],[-4.49,8.88],[-4.49,8.87],[-4.49,8.87],[-4.49,8.87],[-4.49,8.87],[-4.49,8.86],[-4.49,8.86],[-4.49,8.86],[-4.5,8.86],[-4.5,8.85],[-4.5,8.85],[-4.5,8.85],[-4.5,8.85],[-4.5,8.85],[-4.5,8.84],[-4.5,8.84],[-4.51,8.84],[-4.51,8.84],[-4.51,8.84],[-4.51,8.83],[-4.51,8.83],[-4.51,8.83],[-4.5,8.82],[-4.5,8.82],[-4.5,8.82],[-4.5,8.82],[-4.5,8.81],[-4.5,8.81],[-4.5,8.81],[-4.5,8.81],[-4.49,8.8],[-4.49,8.8],[-4.49,8.8],[-4.49,8.79],[-4.49,8.79],[-4.49,8.79],[-4.48,8.79],[-4.48,8.79],[-4.48,8.79],[-4.48,8.79],[-4.47,8.78],[-4.47,8.78],[-4.47,8.78],[-4.47,8.78],[-4.47,8.78],[-4.47,8.78],[-4.47,8.78],[-4.47,8.77],[-4.47,8.77],[-4.46,8.77],[-4.46,8.77],[-4.46,8.77],[-4.46,8.77],[-4.46,8.77],[-4.45,8.77],[-4.45,8.77],[-4.45,8.77],[-4.45,8.77],[-4.45,8.77],[-4.45,8.77],[-4.45,8.77],[-4.44,8.76],[-4.44,8.76],[-4.44,8.76],[-4.44,8.76],[-4.44,8.76],[-4.44,8.75],[-4.44,8.75],[-4.44,8.75],[-4.44,8.75],[-4.44,8.75],[-4.44,8.74],[-4.43,8.74],[-4.43,8.74],[-4.43,8.74],[-4.43,8.74],[-4.43,8.74],[-4.43,8.74],[-4.43,8.74],[-4.43,8.74],[-4.43,8.75],[-4.42,8.75],[-4.42,8.75],[-4.42,8.75],[-4.42,8.75],[-4.42,8.75],[-4.42,8.75],[-4.42,8.75],[-4.41,8.75],[-4.41,8.75],[-4.41,8.75],[-4.41,8.75],[-4.41,8.75],[-4.4,8.75],[-4.4,8.75],[-4.4,8.75],[-4.4,8.75],[-4.4,8.75],[-4.4,8.75],[-4.39,8.75],[-4.39,8.75],[-4.39,8.75],[-4.39,8.75],[-4.38,8.75],[-4.38,8.75],[-4.38,8.75],[-4.38,8.75],[-4.38,8.75],[-4.38,8.75],[-4.37,8.75],[-4.37,8.75],[-4.37,8.75],[-4.37,8.75],[-4.37,8.75],[-4.37,8.76],[-4.37,8.76],[-4.36,8.76],[-4.36,8.75],[-4.36,8.75],[-4.36,8.75],[-4.36,8.75],[-4.36,8.75],[-4.36,8.74],[-4.36,8.74],[-4.36,8.74],[-4.36,8.74],[-4.35,8.73],[-4.35,8.73],[-4.35,8.73],[-4.35,8.73],[-4.35,8.73],[-4.35,8.72],[-4.34,8.72],[-4.34,8.72],[-4.34,8.73],[-4.34,8.73],[-4.34,8.73],[-4.32,8.73],[-4.32,8.73],[-4.32,8.73],[-4.32,8.73],[-4.32,8.73],[-4.32,8.73],[-4.32,8.74],[-4.32,8.74],[-4.32,8.74],[-4.32,8.74],[-4.31,8.74],[-4.31,8.74],[-4.31,8.74],[-4.31,8.74],[-4.31,8.74],[-4.3,8.74],[-4.3,8.74],[-4.3,8.74],[-4.3,8.74],[-4.3,8.74],[-4.29,8.74],[-4.29,8.74],[-4.29,8.74],[-4.29,8.75],[-4.28,8.75],[-4.28,8.75],[-4.28,8.75],[-4.28,8.75],[-4.28,8.75],[-4.28,8.74],[-4.28,8.74],[-4.28,8.74],[-4.28,8.74],[-4.27,8.74],[-4.27,8.75],[-4.27,8.75],[-4.27,8.75],[-4.27,8.75],[-4.26,8.75],[-4.26,8.74],[-4.26,8.74],[-4.26,8.74],[-4.26,8.74],[-4.26,8.74],[-4.26,8.74],[-4.26,8.73],[-4.26,8.73],[-4.26,8.73],[-4.26,8.73],[-4.26,8.73],[-4.26,8.73],[-4.26,8.73],[-4.26,8.72],[-4.26,8.72],[-4.26,8.72],[-4.26,8.72],[-4.26,8.72],[-4.26,8.72],[-4.26,8.72],[-4.26,8.71],[-4.26,8.71],[-4.26,8.71],[-4.25,8.71],[-4.25,8.71],[-4.25,8.71],[-4.25,8.71],[-4.25,8.71],[-4.25,8.71],[-4.25,8.71],[-4.25,8.7],[-4.25,8.7],[-4.25,8.7],[-4.25,8.7],[-4.25,8.7],[-4.25,8.69],[-4.24,8.69],[-4.24,8.69],[-4.24,8.69],[-4.24,8.69],[-4.24,8.69],[-4.24,8.69],[-4.24,8.69],[-4.24,8.68],[-4.24,8.68],[-4.24,8.68],[-4.23,8.68],[-4.23,8.68],[-4.23,8.68],[-4.23,8.68],[-4.23,8.67],[-4.23,8.67],[-4.22,8.67],[-4.22,8.67],[-4.22,8.67],[-4.22,8.67],[-4.22,8.67],[-4.22,8.67],[-4.22,8.67],[-4.21,8.67],[-4.21,8.67],[-4.21,8.66],[-4.21,8.66],[-4.21,8.66],[-4.21,8.66],[-4.21,8.66],[-4.2,8.66],[-4.2,8.66],[-4.2,8.66],[-4.2,8.66],[-4.2,8.66],[-4.2,8.66],[-4.2,8.67],[-4.2,8.67],[-4.2,8.67],[-4.2,8.67],[-4.2,8.68],[-4.19,8.68],[-4.19,8.67],[-4.19,8.67],[-4.19,8.68],[-4.19,8.68],[-4.19,8.68],[-4.19,8.68],[-4.19,8.68],[-4.19,8.68],[-4.19,8.68],[-4.18,8.68],[-4.18,8.68],[-4.18,8.68],[-4.18,8.68],[-4.18,8.68],[-4.18,8.68],[-4.18,8.68],[-4.17,8.68],[-4.17,8.67],[-4.17,8.67],[-4.17,8.67],[-4.16,8.67],[-4.16,8.67],[-4.16,8.66],[-4.16,8.66],[-4.16,8.66],[-4.16,8.66],[-4.16,8.66],[-4.16,8.66],[-4.16,8.65],[-4.16,8.66],[-4.16,8.66],[-4.16,8.66],[-4.16,8.66],[-4.16,8.66],[-4.16,8.66],[-4.15,8.67],[-4.15,8.67],[-4.15,8.67],[-4.15,8.67],[-4.15,8.67],[-4.14,8.66],[-4.14,8.66],[-4.14,8.66],[-4.14,8.66],[-4.14,8.66],[-4.14,8.66],[-4.13,8.66],[-4.13,8.66],[-4.13,8.66],[-4.13,8.66],[-4.13,8.66],[-4.13,8.65],[-4.13,8.65],[-4.12,8.65],[-4.12,8.65],[-4.12,8.65],[-4.12,8.65],[-4.12,8.65],[-4.12,8.65],[-4.11,8.65],[-4.11,8.65],[-4.11,8.65],[-4.11,8.65],[-4.11,8.65],[-4.11,8.65],[-4.11,8.65],[-4.11,8.66],[-4.11,8.66],[-4.11,8.66],[-4.1,8.66],[-4.1,8.66],[-4.1,8.66],[-4.1,8.66],[-4.1,8.66],[-4.1,8.65],[-4.1,8.65],[-4.09,8.65],[-4.09,8.65],[-4.09,8.65],[-4.09,8.65],[-4.09,8.65],[-4.09,8.65],[-4.09,8.66],[-4.09,8.66],[-4.09,8.66],[-4.08,8.66],[-4.08,8.66],[-4.08,8.66],[-4.08,8.66],[-4.08,8.66],[-4.08,8.66],[-4.08,8.65],[-4.07,8.65],[-4.07,8.65],[-4.07,8.66],[-4.07,8.66],[-4.07,8.66],[-4.08,8.66],[-4.08,8.66],[-4.08,8.66],[-4.08,8.67],[-4.07,8.67],[-4.07,8.67],[-4.07,8.67],[-4.07,8.66],[-4.07,8.66],[-4.07,8.66],[-4.06,8.66],[-4.06,8.66],[-4.06,8.66],[-4.06,8.65],[-4.06,8.65],[-4.06,8.66],[-4.05,8.65],[-4.05,8.66],[-4.05,8.65],[-4.05,8.65],[-4.05,8.65],[-4.05,8.65],[-4.04,8.65],[-4.04,8.65],[-4.04,8.65],[-4.04,8.65],[-4.04,8.65],[-4.04,8.66],[-4.04,8.66],[-4.04,8.66],[-4.04,8.66],[-4.03,8.66],[-4.03,8.66],[-4.03,8.66],[-4.02,8.66],[-4.02,8.66],[-4.02,8.66],[-4.02,8.65],[-4.02,8.65],[-4.01,8.65],[-4.01,8.65],[-4.01,8.65],[-4.01,8.65],[-4.01,8.65],[-4.0,8.65],[-4.0,8.65],[-4.0,8.65],[-4.0,8.65],[-4.0,8.65],[-4.0,8.65],[-4.0,8.65],[-4.0,8.65],[-3.99,8.65],[-3.99,8.65],[-3.99,8.65],[-3.99,8.65],[-3.99,8.65],[-3.98,8.65],[-3.98,8.64],[-3.98,8.64],[-3.98,8.64],[-3.98,8.64],[-3.98,8.64],[-3.98,8.64],[-3.98,8.64],[-3.98,8.63],[-3.98,8.63],[-3.98,8.63],[-3.98,8.63],[-3.97,8.63],[-3.97,8.63],[-3.97,8.63],[-3.97,8.63],[-3.97,8.63],[-3.97,8.63],[-3.97,8.64],[-3.97,8.64],[-3.97,8.64],[-3.97,8.63],[-3.96,8.63],[-3.96,8.63],[-3.96,8.63],[-3.96,8.63],[-3.96,8.63],[-3.96,8.63],[-3.95,8.63],[-3.95,8.64],[-3.95,8.64],[-3.95,8.64],[-3.95,8.64],[-3.95,8.64],[-3.94,8.64],[-3.94,8.64],[-3.94,8.64],[-3.94,8.64],[-3.94,8.65],[-3.94,8.65],[-3.94,8.65],[-3.94,8.66],[-3.94,8.66],[-3.94,8.67],[-3.94,8.67],[-3.94,8.67],[-3.94,8.67],[-3.94,8.68],[-3.94,8.68],[-3.93,8.68],[-3.93,8.68],[-3.93,8.69],[-3.92,8.69],[-3.92,8.68],[-3.92,8.68],[-3.92,8.68],[-3.91,8.68],[-3.91,8.68],[-3.9,8.69],[-3.89,8.69],[-3.89,8.69],[-3.89,8.7],[-3.88,8.7],[-3.88,8.7],[-3.87,8.69],[-3.86,8.69],[-3.87,8.7],[-3.87,8.7],[-3.87,8.7],[-3.86,8.73],[-3.81,8.78],[-3.81,8.82],[-3.81,8.83],[-3.81,8.83],[-3.81,8.83],[-3.81,8.83],[-3.82,8.83],[-3.82,8.83],[-3.82,8.83],[-3.82,8.83],[-3.83,8.86],[-3.83,8.87],[-3.83,8.87],[-3.84,8.87],[-3.84,8.88],[-3.85,8.88],[-3.85,8.88],[-3.86,8.9],[-3.86,8.91],[-3.86,8.91],[-3.87,8.92],[-3.88,8.92],[-3.88,8.92],[-3.89,8.92],[-3.89,8.93],[-3.89,8.93],[-3.9,8.95],[-3.88,8.96],[-3.88,8.96],[-3.88,8.96],[-3.88,8.96],[-3.87,8.96],[-3.87,8.95],[-3.87,8.95],[-3.87,8.95],[-3.86,8.95],[-3.86,8.95],[-3.86,8.96],[-3.86,8.96],[-3.85,8.96],[-3.85,8.96],[-3.85,8.97],[-3.85,8.97],[-3.85,8.97],[-3.85,8.97],[-3.84,8.97],[-3.84,8.97],[-3.84,8.97],[-3.83,8.98],[-3.83,8.97],[-3.83,8.98],[-3.83,8.98],[-3.82,8.98],[-3.82,8.98],[-3.82,8.98],[-3.82,8.98],[-3.81,8.99],[-3.81,8.99],[-3.81,8.99],[-3.81,8.99],[-3.8,8.99],[-3.8,8.99],[-3.8,8.99],[-3.8,9.0],[-3.79,9.0],[-3.79,9.0],[-3.8,9.0],[-3.8,9.01],[-3.8,9.01],[-3.8,9.01],[-3.81,9.01],[-3.81,9.01],[-3.81,9.01],[-3.81,9.02],[-3.81,9.02],[-3.82,9.02],[-3.82,9.02],[-3.82,9.02],[-3.82,9.02],[-3.83,9.02],[-3.83,9.03],[-3.83,9.03],[-3.83,9.03],[-3.84,9.03],[-3.84,9.03],[-3.85,9.03],[-3.85,9.03],[-3.85,9.03],[-3.85,9.03],[-3.86,9.03],[-3.86,9.03],[-3.86,9.04],[-3.86,9.04],[-3.87,9.04],[-3.87,9.04],[-3.87,9.04],[-3.87,9.05],[-3.87,9.05],[-3.87,9.05],[-3.88,9.05],[-3.88,9.05],[-3.88,9.05],[-3.88,9.05],[-3.89,9.05],[-3.89,9.05],[-3.89,9.05],[-3.9,9.05],[-3.9,9.05],[-3.9,9.05],[-3.9,9.06],[-3.9,9.06],[-3.9,9.06],[-3.9,9.06],[-3.89,9.06],[-3.89,9.06],[-3.89,9.06],[-3.88,9.07],[-3.88,9.07],[-3.89,9.07],[-3.89,9.07],[-3.89,9.08],[-3.89,9.08],[-3.89,9.09],[-3.89,9.09],[-3.88,9.09],[-3.88,9.1],[-3.88,9.1],[-3.88,9.1],[-3.88,9.1],[-3.87,9.1],[-3.87,9.1],[-3.87,9.1],[-3.87,9.1],[-3.86,9.1],[-3.86,9.09],[-3.86,9.09],[-3.86,9.09],[-3.86,9.08],[-3.86,9.08],[-3.85,9.08],[-3.85,9.08],[-3.85,9.08],[-3.85,9.08],[-3.85,9.08],[-3.85,9.08],[-3.84,9.08],[-3.84,9.09],[-3.84,9.09],[-3.84,9.09],[-3.84,9.1],[-3.84,9.1],[-3.84,9.1],[-3.85,9.1],[-3.85,9.11],[-3.85,9.11],[-3.84,9.11],[-3.84,9.12],[-3.84,9.12],[-3.85,9.12],[-3.85,9.12],[-3.85,9.12],[-3.85,9.12],[-3.86,9.12],[-3.86,9.12],[-3.86,9.12],[-3.86,9.12],[-3.87,9.12],[-3.87,9.11],[-3.87,9.11],[-3.87,9.11],[-3.87,9.11],[-3.88,9.11],[-3.88,9.11],[-3.88,9.11],[-3.89,9.11],[-3.89,9.11],[-3.89,9.11],[-3.9,9.11],[-3.9,9.11],[-3.9,9.11],[-3.9,9.11],[-3.9,9.12],[-3.9,9.12],[-3.91,9.12],[-3.91,9.13],[-3.91,9.13],[-3.91,9.13],[-3.91,9.14],[-3.91,9.14],[-3.91,9.14],[-3.91,9.14],[-3.9,9.15],[-3.9,9.15],[-3.9,9.15],[-3.9,9.16],[-3.9,9.16],[-3.89,9.16],[-3.89,9.16],[-3.89,9.17],[-3.88,9.17],[-3.88,9.17],[-3.89,9.17],[-3.89,9.17],[-3.89,9.17],[-3.9,9.17],[-3.9,9.17],[-3.9,9.17],[-3.9,9.17],[-3.9,9.17],[-3.91,9.17],[-3.91,9.17],[-3.91,9.17],[-3.92,9.17],[-3.92,9.17],[-3.92,9.17],[-3.93,9.17],[-3.93,9.17],[-3.93,9.17],[-3.94,9.17],[-3.94,9.18],[-3.94,9.18],[-3.94,9.18],[-3.94,9.18],[-3.95,9.18],[-3.95,9.19],[-3.95,9.19],[-3.95,9.19],[-3.95,9.19],[-3.95,9.2],[-3.95,9.2],[-3.95,9.2],[-3.96,9.21],[-3.96,9.21],[-3.96,9.21],[-3.97,9.21],[-3.97,9.21],[-3.97,9.21],[-3.98,9.21],[-3.98,9.21],[-3.98,9.21],[-3.99,9.21],[-3.99,9.21],[-3.99,9.2],[-3.99,9.2],[-4.0,9.2],[-4.0,9.2],[-4.0,9.21],[-4.0,9.21],[-4.0,9.21],[-4.01,9.21],[-4.01,9.21],[-4.01,9.21],[-4.01,9.22],[-4.02,9.21],[-4.02,9.21],[-4.02,9.21],[-4.03,9.21],[-4.03,9.21],[-4.03,9.22],[-4.03,9.22],[-4.04,9.22],[-4.04,9.22],[-4.04,9.23],[-4.04,9.23],[-4.04,9.23],[-4.04,9.23],[-4.05,9.24],[-4.05,9.24],[-4.05,9.24],[-4.06,9.24],[-4.06,9.24],[-4.07,9.24],[-4.07,9.24],[-4.07,9.25],[-4.07,9.25],[-4.07,9.26],[-4.07,9.26],[-4.07,9.26],[-4.08,9.26],[-4.08,9.26],[-4.08,9.26],[-4.09,9.26],[-4.09,9.26],[-4.09,9.26],[-4.1,9.26],[-4.1,9.26],[-4.1,9.26],[-4.11,9.26],[-4.12,9.26],[-4.12,9.26],[-4.12,9.26],[-4.12,9.26],[-4.13,9.26],[-4.13,9.26],[-4.13,9.26],[-4.13,9.25],[-4.14,9.25],[-4.14,9.25],[-4.14,9.25],[-4.15,9.24],[-4.15,9.24],[-4.15,9.24],[-4.16,9.24],[-4.16,9.24],[-4.16,9.23],[-4.16,9.23],[-4.16,9.23],[-4.17,9.23],[-4.17,9.23],[-4.17,9.23],[-4.18,9.24],[-4.18,9.24],[-4.19,9.25],[-4.19,9.25],[-4.19,9.25],[-4.2,9.26],[-4.2,9.26],[-4.2,9.26],[-4.2,9.26],[-4.2,9.27],[-4.19,9.27],[-4.19,9.27],[-4.19,9.28],[-4.18,9.28],[-4.18,9.28],[-4.18,9.28],[-4.18,9.28],[-4.17,9.28],[-4.17,9.29],[-4.17,9.29],[-4.17,9.29],[-4.17,9.29],[-4.17,9.3],[-4.18,9.3],[-4.18,9.3],[-4.18,9.31],[-4.18,9.31],[-4.19,9.31],[-4.19,9.31],[-4.19,9.32],[-4.19,9.32],[-4.19,9.32],[-4.2,9.32],[-4.2,9.33],[-4.2,9.33],[-4.2,9.33],[-4.2,9.33],[-4.2,9.34],[-4.21,9.34],[-4.21,9.35],[-4.21,9.35],[-4.21,9.35],[-4.2,9.35],[-4.2,9.35],[-4.19,9.36],[-4.19,9.36],[-4.19,9.36],[-4.19,9.36],[-4.19,9.37],[-4.19,9.38],[-4.19,9.38],[-4.19,9.38],[-4.18,9.38],[-4.18,9.39],[-4.18,9.39],[-4.18,9.39],[-4.18,9.4],[-4.18,9.4],[-4.18,9.4],[-4.18,9.41],[-4.19,9.4],[-4.19,9.41],[-4.19,9.41],[-4.2,9.41],[-4.2,9.41],[-4.2,9.42],[-4.19,9.42],[-4.2,9.43],[-4.19,9.43],[-4.19,9.43],[-4.19,9.44],[-4.19,9.44],[-4.19,9.44],[-4.19,9.45],[-4.19,9.45],[-4.19,9.45],[-4.2,9.46],[-4.2,9.46],[-4.2,9.46],[-4.21,9.46],[-4.21,9.46],[-4.21,9.46],[-4.21,9.47],[-4.22,9.47],[-4.22,9.47],[-4.22,9.47],[-4.22,9.47],[-4.23,9.48],[-4.23,9.48],[-4.23,9.48],[-4.23,9.48],[-4.24,9.49],[-4.24,9.49],[-4.24,9.49],[-4.24,9.49],[-4.24,9.5],[-4.24,9.5],[-4.24,9.51],[-4.24,9.51],[-4.24,9.51],[-4.24,9.52],[-4.24,9.52],[-4.24,9.52],[-4.24,9.53],[-4.24,9.53],[-4.24,9.53],[-4.24,9.54],[-4.24,9.54],[-4.25,9.54],[-4.25,9.54],[-4.25,9.54],[-4.26,9.55],[-4.26,9.55],[-4.26,9.55],[-4.27,9.55],[-4.27,9.56],[-4.28,9.56],[-4.28,9.56],[-4.28,9.57],[-4.29,9.57],[-4.29,9.57],[-4.29,9.58],[-4.3,9.59],[-4.3,9.59],[-4.3,9.59],[-4.31,9.59],[-4.31,9.6],[-4.31,9.59],[-4.31,9.59],[-4.31,9.59],[-4.31,9.59],[-4.32,9.6],[-4.32,9.6],[-4.32,9.6],[-4.32,9.6],[-4.32,9.6],[-4.32,9.6],[-4.32,9.6],[-4.33,9.61],[-4.33,9.61],[-4.33,9.61],[-4.33,9.61],[-4.33,9.61],[-4.33,9.61],[-4.33,9.62],[-4.33,9.62],[-4.33,9.62],[-4.33,9.62],[-4.34,9.62],[-4.34,9.62],[-4.34,9.62],[-4.34,9.62],[-4.35,9.62],[-4.35,9.62],[-4.35,9.62],[-4.35,9.62],[-4.35,9.62],[-4.36,9.62],[-4.36,9.62],[-4.36,9.62],[-4.36,9.62],[-4.36,9.62],[-4.37,9.62],[-4.37,9.62],[-4.37,9.62],[-4.37,9.61],[-4.37,9.61],[-4.37,9.61],[-4.37,9.61],[-4.37,9.61],[-4.37,9.6],[-4.37,9.6],[-4.37,9.6],[-4.37,9.6],[-4.37,9.59],[-4.37,9.59],[-4.37,9.59],[-4.37,9.59],[-4.38,9.59],[-4.38,9.59],[-4.38,9.59],[-4.38,9.59],[-4.38,9.59],[-4.39,9.59],[-4.39,9.59],[-4.39,9.59],[-4.39,9.6],[-4.39,9.6],[-4.39,9.6],[-4.39,9.6],[-4.4,9.6],[-4.4,9.6],[-4.4,9.61],[-4.4,9.61],[-4.4,9.61],[-4.4,9.61],[-4.4,9.61],[-4.4,9.62],[-4.4,9.62],[-4.41,9.62],[-4.41,9.62],[-4.41,9.62],[-4.41,9.62],[-4.41,9.63],[-4.41,9.63],[-4.41,9.63],[-4.41,9.63],[-4.41,9.63],[-4.41,9.64],[-4.41,9.64],[-4.41,9.64],[-4.41,9.64],[-4.41,9.64],[-4.41,9.65],[-4.41,9.65],[-4.41,9.65],[-4.41,9.65],[-4.42,9.65],[-4.42,9.65],[-4.42,9.66],[-4.42,9.66],[-4.42,9.66],[-4.42,9.66],[-4.43,9.66],[-4.43,9.66],[-4.43,9.66],[-4.43,9.66],[-4.43,9.66],[-4.43,9.66],[-4.44,9.66],[-4.44,9.66],[-4.44,9.65],[-4.44,9.65],[-4.44,9.65],[-4.45,9.65],[-4.45,9.65],[-4.45,9.65],[-4.45,9.65],[-4.45,9.65],[-4.46,9.65],[-4.46,9.65],[-4.46,9.65],[-4.46,9.65],[-4.46,9.65],[-4.47,9.65],[-4.47,9.65],[-4.47,9.65],[-4.47,9.65],[-4.47,9.65],[-4.48,9.65],[-4.48,9.65],[-4.48,9.65],[-4.48,9.65],[-4.48,9.65],[-4.49,9.65],[-4.49,9.65],[-4.49,9.65],[-4.49,9.65],[-4.49,9.65],[-4.5,9.64],[-4.5,9.64],[-4.5,9.64],[-4.5,9.64],[-4.5,9.64],[-4.51,9.65],[-4.51,9.65],[-4.51,9.65],[-4.51,9.65],[-4.51,9.65],[-4.51,9.65],[-4.51,9.66],[-4.51,9.66],[-4.51,9.66],[-4.52,9.66],[-4.52,9.66],[-4.52,9.67],[-4.52,9.67],[-4.52,9.67],[-4.52,9.67],[-4.52,9.67],[-4.52,9.68],[-4.52,9.68],[-4.52,9.68],[-4.52,9.68],[-4.52,9.69],[-4.52,9.69],[-4.52,9.69],[-4.52,9.69],[-4.52,9.69],[-4.52,9.7],[-4.52,9.7],[-4.52,9.7],[-4.52,9.7],[-4.52,9.7],[-4.51,9.71],[-4.51,9.71],[-4.51,9.71],[-4.51,9.71],[-4.51,9.71],[-4.51,9.71],[-4.51,9.71],[-4.5,9.71],[-4.5,9.72],[-4.5,9.72],[-4.5,9.72],[-4.5,9.72],[-4.5,9.72],[-4.5,9.73],[-4.5,9.73],[-4.5,9.73],[-4.5,9.73],[-4.5,9.73],[-4.5,9.74],[-4.5,9.74],[-4.5,9.74],[-4.5,9.74],[-4.51,9.74],[-4.51,9.74],[-4.51,9.75],[-4.51,9.75],[-4.51,9.75],[-4.51,9.75],[-4.51,9.75],[-4.52,9.75],[-4.52,9.75],[-4.52,9.75],[-4.52,9.75],[-4.53,9.75],[-4.53,9.75],[-4.53,9.75],[-4.53,9.75],[-4.54,9.75],[-4.54,9.75],[-4.54,9.75],[-4.54,9.75],[-4.54,9.75],[-4.54,9.75],[-4.55,9.74],[-4.55,9.74],[-4.55,9.74],[-4.55,9.74],[-4.55,9.74],[-4.55,9.74],[-4.55,9.73],[-4.55,9.73],[-4.55,9.73],[-4.55,9.73],[-4.55,9.73],[-4.55,9.72],[-4.54,9.72],[-4.54,9.72],[-4.54,9.72],[-4.54,9.72],[-4.54,9.72],[-4.54,9.71],[-4.54,9.71],[-4.54,9.71],[-4.54,9.71],[-4.55,9.71],[-4.55,9.71],[-4.55,9.7],[-4.55,9.7],[-4.55,9.7],[-4.55,9.7],[-4.55,9.7],[-4.55,9.7],[-4.56,9.69],[-4.56,9.69],[-4.56,9.69],[-4.56,9.69],[-4.56,9.69],[-4.57,9.69],[-4.57,9.69],[-4.57,9.69],[-4.57,9.69],[-4.57,9.69],[-4.58,9.69],[-4.58,9.69],[-4.58,9.69],[-4.58,9.69],[-4.58,9.69],[-4.58,9.7],[-4.58,9.7],[-4.58,9.7],[-4.59,9.7],[-4.59,9.7],[-4.59,9.7],[-4.59,9.71],[-4.59,9.71],[-4.59,9.71],[-4.59,9.71],[-4.6,9.71],[-4.6,9.71],[-4.6,9.71],[-4.6,9.71],[-4.6,9.71],[-4.6,9.72],[-4.61,9.72],[-4.61,9.72],[-4.61,9.72],[-4.61,9.72],[-4.61,9.72],[-4.61,9.72],[-4.61,9.71],[-4.61,9.71],[-4.61,9.71],[-4.62,9.71],[-4.62,9.71],[-4.62,9.71],[-4.62,9.7],[-4.62,9.7],[-4.62,9.7],[-4.62,9.7],[-4.63,9.7],[-4.63,9.7],[-4.63,9.7],[-4.63,9.7],[-4.63,9.71],[-4.63,9.71],[-4.64,9.71],[-4.64,9.71],[-4.64,9.71],[-4.64,9.71],[-4.64,9.71],[-4.65,9.71],[-4.65,9.71],[-4.65,9.71],[-4.65,9.7],[-4.65,9.7],[-4.65,9.7],[-4.65,9.7],[-4.65,9.7],[-4.65,9.69],[-4.65,9.69],[-4.65,9.69],[-4.65,9.69],[-4.65,9.69],[-4.66,9.68],[-4.66,9.68],[-4.66,9.68],[-4.66,9.68],[-4.66,9.68],[-4.67,9.68],[-4.67,9.68],[-4.67,9.68],[-4.67,9.68],[-4.67,9.68],[-4.67,9.68],[-4.68,9.68],[-4.68,9.68],[-4.68,9.68],[-4.68,9.68],[-4.68,9.68],[-4.69,9.68],[-4.69,9.68],[-4.69,9.68],[-4.69,9.68],[-4.69,9.68],[-4.69,9.68],[-4.7,9.68],[-4.7,9.69],[-4.7,9.69],[-4.7,9.69],[-4.7,9.69],[-4.7,9.69],[-4.7,9.69],[-4.7,9.69],[-4.7,9.7],[-4.71,9.7],[-4.71,9.7],[-4.71,9.7],[-4.71,9.7],[-4.71,9.71],[-4.71,9.71],[-4.71,9.71],[-4.71,9.71],[-4.71,9.71],[-4.71,9.71],[-4.71,9.72],[-4.71,9.72],[-4.71,9.72],[-4.72,9.72],[-4.72,9.72],[-4.72,9.73],[-4.72,9.73],[-4.72,9.73],[-4.72,9.73],[-4.72,9.73],[-4.73,9.73],[-4.73,9.73],[-4.73,9.74],[-4.73,9.74],[-4.73,9.74],[-4.73,9.74],[-4.73,9.74],[-4.73,9.75],[-4.73,9.75],[-4.74,9.75],[-4.74,9.75],[-4.74,9.75],[-4.74,9.75],[-4.74,9.75],[-4.74,9.75],[-4.75,9.75],[-4.75,9.75],[-4.75,9.75],[-4.75,9.75],[-4.75,9.76],[-4.76,9.76],[-4.76,9.76],[-4.76,9.76],[-4.76,9.75],[-4.76,9.75],[-4.76,9.75],[-4.76,9.75],[-4.76,9.75],[-4.76,9.74],[-4.76,9.74],[-4.76,9.74],[-4.76,9.74],[-4.76,9.74],[-4.76,9.74],[-4.76,9.74],[-4.77,9.74],[-4.77,9.74],[-4.77,9.74],[-4.77,9.74],[-4.77,9.74],[-4.78,9.74],[-4.78,9.74],[-4.78,9.74],[-4.78,9.74],[-4.78,9.75],[-4.78,9.75],[-4.78,9.75],[-4.78,9.75],[-4.78,9.75],[-4.78,9.76],[-4.78,9.76],[-4.79,9.76],[-4.79,9.76],[-4.79,9.76],[-4.79,9.76],[-4.79,9.76],[-4.79,9.76],[-4.79,9.77],[-4.79,9.77],[-4.79,9.77],[-4.79,9.77],[-4.79,9.77],[-4.8,9.77],[-4.8,9.77],[-4.8,9.77],[-4.8,9.77],[-4.8,9.77],[-4.81,9.77],[-4.81,9.77],[-4.81,9.78],[-4.81,9.78],[-4.81,9.78],[-4.81,9.78],[-4.81,9.78],[-4.81,9.79],[-4.81,9.79],[-4.81,9.79],[-4.8,9.79],[-4.8,9.79],[-4.8,9.79],[-4.8,9.79],[-4.8,9.79],[-4.79,9.78],[-4.79,9.78],[-4.79,9.78],[-4.79,9.78],[-4.79,9.78],[-4.79,9.78],[-4.78,9.78],[-4.78,9.78],[-4.78,9.78],[-4.78,9.78],[-4.78,9.79],[-4.78,9.79],[-4.78,9.79],[-4.78,9.79],[-4.79,9.79],[-4.79,9.79],[-4.79,9.79],[-4.79,9.8],[-4.79,9.8],[-4.79,9.8],[-4.79,9.8],[-4.79,9.8],[-4.79,9.81],[-4.79,9.81],[-4.79,9.81],[-4.79,9.81],[-4.79,9.81],[-4.79,9.82],[-4.79,9.82],[-4.79,9.82],[-4.78,9.82],[-4.78,9.82],[-4.78,9.82],[-4.78,9.83],[-4.78,9.83],[-4.78,9.83],[-4.78,9.83],[-4.78,9.83],[-4.79,9.84],[-4.79,9.84],[-4.79,9.84],[-4.79,9.84],[-4.79,9.84],[-4.79,9.84],[-4.79,9.84],[-4.8,9.84],[-4.8,9.84],[-4.8,9.84],[-4.8,9.84],[-4.8,9.84],[-4.81,9.84],[-4.81,9.84],[-4.81,9.84],[-4.81,9.84],[-4.82,9.84],[-4.82,9.85],[-4.82,9.85],[-4.82,9.85],[-4.82,9.85],[-4.82,9.85],[-4.82,9.86],[-4.82,9.86],[-4.82,9.86],[-4.82,9.86],[-4.82,9.86],[-4.82,9.86],[-4.82,9.87],[-4.83,9.87],[-4.83,9.87],[-4.83,9.87],[-4.83,9.87],[-4.83,9.87],[-4.83,9.87],[-4.84,9.87],[-4.84,9.87],[-4.84,9.87],[-4.84,9.87],[-4.84,9.87],[-4.85,9.87],[-4.85,9.87],[-4.85,9.87],[-4.85,9.87],[-4.85,9.87],[-4.86,9.87],[-4.86,9.87],[-4.86,9.87],[-4.86,9.87],[-4.86,9.87],[-4.87,9.88],[-4.87,9.88],[-4.87,9.88],[-4.87,9.88],[-4.88,9.88],[-4.88,9.88],[-4.88,9.88],[-4.88,9.88],[-4.88,9.88],[-4.88,9.88],[-4.89,9.88],[-4.89,9.88],[-4.89,9.88],[-4.89,9.88],[-4.89,9.88],[-4.89,9.89],[-4.9,9.89],[-4.9,9.89],[-4.9,9.89],[-4.9,9.89],[-4.9,9.89],[-4.91,9.89],[-4.91,9.89],[-4.91,9.89],[-4.91,9.89],[-4.92,9.89],[-4.92,9.89],[-4.92,9.89],[-4.92,9.88],[-4.92,9.88],[-4.92,9.88],[-4.92,9.88],[-4.92,9.88],[-4.92,9.88],[-4.92,9.87],[-4.92,9.87],[-4.93,9.87],[-4.93,9.87],[-4.93,9.87],[-4.93,9.87],[-4.93,9.87],[-4.93,9.87],[-4.93,9.88],[-4.93,9.88],[-4.94,9.88],[-4.94,9.88],[-4.94,9.88],[-4.94,9.88],[-4.94,9.88],[-4.95,9.88],[-4.95,9.88],[-4.95,9.88],[-4.95,9.88],[-4.95,9.89],[-4.96,9.89],[-4.96,9.89],[-4.96,9.89],[-4.96,9.89],[-4.96,9.89],[-4.96,9.89],[-4.96,9.9],[-4.96,9.9],[-4.96,9.9],[-4.96,9.9],[-4.96,9.9],[-4.96,9.9],[-4.96,9.91],[-4.96,9.91],[-4.96,9.91],[-4.96,9.91],[-4.96,9.91],[-4.96,9.92],[-4.96,9.92],[-4.96,9.92],[-4.95,9.92],[-4.95,9.92],[-4.95,9.92],[-4.95,9.93],[-4.95,9.93],[-4.95,9.93],[-4.95,9.93],[-4.96,9.93],[-4.96,9.94],[-4.96,9.94],[-4.96,9.94],[-4.96,9.94],[-4.96,9.94],[-4.96,9.95],[-4.95,9.95],[-4.95,9.95],[-4.95,9.95],[-4.95,9.94],[-4.95,9.94],[-4.94,9.94],[-4.94,9.94],[-4.94,9.95],[-4.94,9.95],[-4.93,9.95],[-4.93,9.95],[-4.94,9.95],[-4.94,9.95],[-4.94,9.96],[-4.94,9.96],[-4.94,9.96],[-4.94,9.96],[-4.95,9.96],[-4.95,9.96],[-4.95,9.96],[-4.95,9.96],[-4.95,9.96],[-4.95,9.97],[-4.95,9.97],[-4.95,9.97],[-4.95,9.97],[-4.95,9.97],[-4.96,9.97],[-4.96,9.98],[-4.96,9.98],[-4.96,9.98],[-4.96,9.98],[-4.97,9.98],[-4.97,9.98],[-4.97,9.98],[-4.97,9.98],[-4.97,9.98],[-4.97,9.98],[-4.98,9.98],[-4.98,9.98],[-4.98,9.98],[-4.98,9.99],[-4.98,9.99],[-4.98,9.99],[-4.98,9.99],[-4.98,9.99],[-4.98,10.0],[-4.98,10.0],[-4.98,10.0],[-4.98,10.0],[-4.97,10.01],[-4.97,10.01],[-4.97,10.01],[-4.97,10.01],[-4.97,10.01],[-4.97,10.0],[-4.97,10.0],[-4.97,10.0],[-4.96,10.0],[-4.96,10.0],[-4.96,10.0],[-4.96,9.99],[-4.96,9.99],[-4.96,10.0],[-4.96,10.0],[-4.96,10.0],[-4.95,10.0],[-4.96,10.0],[-4.96,10.01],[-4.96,10.01],[-4.96,10.01],[-4.96,10.01],[-4.96,10.01],[-4.96,10.02],[-4.96,10.02],[-4.96,10.02],[-4.96,10.02],[-4.96,10.02],[-4.96,10.03],[-4.96,10.03],[-4.96,10.03],[-4.96,10.03],[-4.97,10.03],[-4.97,10.03],[-4.97,10.04],[-4.97,10.04],[-4.97,10.04],[-4.97,10.04],[-4.97,10.04],[-4.97,10.04],[-4.98,10.04],[-4.98,10.04],[-4.98,10.05],[-4.98,10.05],[-4.98,10.05],[-4.98,10.05],[-4.99,10.05],[-4.99,10.05],[-4.99,10.06],[-4.99,10.06],[-4.99,10.06],[-4.99,10.06],[-4.99,10.06],[-5.0,10.06],[-5.0,10.06],[-5.0,10.06],[-5.0,10.06],[-5.0,10.06],[-5.0,10.06],[-5.01,10.06],[-5.01,10.06],[-5.01,10.06],[-5.01,10.06],[-5.01,10.07],[-5.02,10.07],[-5.02,10.07],[-5.02,10.07],[-5.02,10.07],[-5.02,10.08],[-5.02,10.08],[-5.02,10.08],[-5.01,10.08],[-5.01,10.08],[-5.01,10.08],[-5.01,10.09],[-5.01,10.09],[-5.01,10.09],[-5.01,10.09],[-5.01,10.09],[-5.0,10.09],[-5.0,10.1],[-5.0,10.1],[-5.0,10.1],[-5.0,10.1],[-5.0,10.1],[-5.01,10.1],[-5.01,10.1],[-5.01,10.1],[-5.01,10.1],[-5.01,10.1],[-5.02,10.1],[-5.02,10.1],[-5.02,10.1],[-5.02,10.1],[-5.02,10.1],[-5.03,10.1],[-5.03,10.09],[-5.03,10.09],[-5.03,10.09],[-5.03,10.09],[-5.03,10.09],[-5.03,10.09],[-5.04,10.09],[-5.04,10.08],[-5.04,10.08],[-5.04,10.08],[-5.04,10.08],[-5.05,10.09],[-5.05,10.09],[-5.05,10.09],[-5.05,10.08],[-5.05,10.08],[-5.06,10.08],[-5.06,10.08],[-5.06,10.09],[-5.06,10.09],[-5.06,10.09],[-5.06,10.09],[-5.05,10.09],[-5.05,10.09],[-5.05,10.09],[-5.05,10.09],[-5.05,10.09],[-5.04,10.1],[-5.04,10.1],[-5.04,10.1],[-5.04,10.1],[-5.04,10.1],[-5.04,10.1],[-5.04,10.11],[-5.04,10.11],[-5.04,10.11],[-5.05,10.1],[-5.05,10.1],[-5.05,10.1],[-5.05,10.1],[-5.05,10.1],[-5.06,10.1],[-5.06,10.1],[-5.06,10.1],[-5.06,10.1],[-5.06,10.1],[-5.07,10.1],[-5.07,10.11],[-5.07,10.11],[-5.07,10.11],[-5.07,10.11],[-5.08,10.11],[-5.08,10.11],[-5.08,10.11],[-5.07,10.12],[-5.07,10.12],[-5.07,10.12],[-5.07,10.12],[-5.07,10.12],[-5.07,10.12],[-5.07,10.12],[-5.06,10.12],[-5.06,10.12],[-5.06,10.12],[-5.06,10.12],[-5.06,10.12],[-5.05,10.12],[-5.05,10.12],[-5.05,10.12],[-5.05,10.12],[-5.05,10.12],[-5.05,10.12],[-5.04,10.12],[-5.04,10.12],[-5.04,10.12],[-5.04,10.12],[-5.04,10.12],[-5.04,10.12],[-5.04,10.13],[-5.04,10.13],[-5.04,10.13],[-5.04,10.13],[-5.05,10.13],[-5.05,10.13],[-5.05,10.13],[-5.05,10.13],[-5.05,10.13],[-5.06,10.13],[-5.06,10.13],[-5.06,10.13],[-5.06,10.13],[-5.06,10.13],[-5.07,10.13],[-5.07,10.13],[-5.07,10.14],[-5.07,10.14],[-5.07,10.14],[-5.07,10.14],[-5.07,10.14],[-5.07,10.14],[-5.07,10.15],[-5.07,10.15],[-5.07,10.15],[-5.07,10.15],[-5.07,10.15],[-5.07,10.16],[-5.07,10.16],[-5.07,10.16],[-5.07,10.16],[-5.07,10.16],[-5.06,10.17],[-5.06,10.17],[-5.06,10.17],[-5.06,10.17],[-5.06,10.17],[-5.06,10.18],[-5.06,10.18],[-5.07,10.18],[-5.07,10.18],[-5.07,10.18],[-5.07,10.18],[-5.08,10.18],[-5.08,10.18],[-5.08,10.18],[-5.08,10.17],[-5.08,10.17],[-5.08,10.17],[-5.09,10.17],[-5.09,10.17],[-5.09,10.17],[-5.09,10.17],[-5.09,10.17],[-5.1,10.17],[-5.1,10.17],[-5.1,10.17],[-5.1,10.17],[-5.1,10.17],[-5.1,10.17],[-5.1,10.18],[-5.1,10.18],[-5.1,10.18],[-5.1,10.18],[-5.1,10.18],[-5.09,10.18],[-5.09,10.18],[-5.09,10.18],[-5.09,10.18],[-5.09,10.18],[-5.09,10.18],[-5.08,10.19],[-5.08,10.19],[-5.08,10.19],[-5.08,10.19],[-5.08,10.19],[-5.08,10.2],[-5.08,10.2],[-5.08,10.2],[-5.08,10.2],[-5.08,10.2],[-5.08,10.21],[-5.08,10.21],[-5.08,10.21],[-5.08,10.21],[-5.08,10.21],[-5.08,10.22],[-5.08,10.22],[-5.08,10.22],[-5.09,10.22],[-5.09,10.22],[-5.09,10.22],[-5.09,10.22],[-5.09,10.22],[-5.09,10.21],[-5.09,10.21],[-5.1,10.21],[-5.1,10.21],[-5.1,10.21],[-5.1,10.21],[-5.1,10.21],[-5.11,10.21],[-5.11,10.21],[-5.11,10.21],[-5.11,10.21],[-5.11,10.2],[-5.12,10.2],[-5.12,10.2],[-5.12,10.2],[-5.12,10.2],[-5.12,10.2],[-5.12,10.21],[-5.12,10.21],[-5.12,10.21],[-5.12,10.21],[-5.12,10.21],[-5.12,10.21],[-5.12,10.22],[-5.12,10.22],[-5.12,10.22],[-5.11,10.22],[-5.11,10.22],[-5.11,10.22],[-5.11,10.23],[-5.11,10.23],[-5.11,10.23],[-5.11,10.23],[-5.11,10.24],[-5.11,10.24],[-5.11,10.24],[-5.11,10.24],[-5.11,10.24],[-5.12,10.24],[-5.12,10.24],[-5.12,10.24],[-5.12,10.24],[-5.12,10.24],[-5.12,10.25],[-5.12,10.25],[-5.12,10.25],[-5.12,10.25],[-5.12,10.25],[-5.12,10.26],[-5.12,10.26],[-5.12,10.26],[-5.12,10.26],[-5.11,10.26],[-5.11,10.26],[-5.11,10.26],[-5.11,10.26],[-5.1,10.26],[-5.1,10.26],[-5.1,10.27],[-5.1,10.27],[-5.1,10.27],[-5.1,10.27],[-5.1,10.27],[-5.1,10.27],[-5.1,10.28],[-5.1,10.28],[-5.11,10.28],[-5.11,10.28],[-5.11,10.28],[-5.11,10.28],[-5.11,10.28],[-5.12,10.28],[-5.12,10.28],[-5.12,10.28],[-5.12,10.28],[-5.12,10.28],[-5.12,10.28],[-5.12,10.29],[-5.12,10.29],[-5.12,10.29],[-5.12,10.29],[-5.12,10.29],[-5.11,10.29],[-5.11,10.29],[-5.11,10.3],[-5.11,10.3],[-5.11,10.3],[-5.11,10.3],[-5.11,10.3],[-5.11,10.3],[-5.12,10.3],[-5.12,10.3],[-5.12,10.3],[-5.12,10.3],[-5.12,10.3],[-5.12,10.3],[-5.13,10.3],[-5.13,10.3],[-5.13,10.3],[-5.13,10.31],[-5.13,10.31],[-5.13,10.31],[-5.13,10.31],[-5.13,10.3],[-5.14,10.3],[-5.14,10.3],[-5.14,10.3],[-5.14,10.3],[-5.14,10.29],[-5.14,10.29],[-5.14,10.29],[-5.14,10.29],[-5.14,10.29],[-5.15,10.29],[-5.15,10.29],[-5.15,10.29],[-5.15,10.29],[-5.16,10.28],[-5.16,10.28],[-5.16,10.28],[-5.16,10.28],[-5.16,10.28],[-5.17,10.28],[-5.17,10.28],[-5.17,10.28],[-5.17,10.29],[-5.17,10.29],[-5.17,10.29],[-5.17,10.29],[-5.18,10.29],[-5.18,10.29],[-5.18,10.29],[-5.18,10.29],[-5.18,10.3],[-5.18,10.3],[-5.18,10.3],[-5.19,10.3],[-5.19,10.3],[-5.19,10.3],[-5.19,10.3],[-5.19,10.3],[-5.2,10.3],[-5.2,10.3],[-5.2,10.3],[-5.2,10.31],[-5.2,10.31],[-5.2,10.31],[-5.2,10.31],[-5.2,10.31],[-5.19,10.31],[-5.19,10.32],[-5.2,10.32],[-5.2,10.32],[-5.2,10.32],[-5.2,10.32],[-5.2,10.31],[-5.2,10.31],[-5.2,10.31],[-5.21,10.31],[-5.21,10.31],[-5.21,10.31],[-5.21,10.31],[-5.21,10.3],[-5.21,10.3],[-5.22,10.3],[-5.22,10.3],[-5.22,10.31],[-5.22,10.31],[-5.22,10.31],[-5.22,10.31],[-5.23,10.31],[-5.23,10.31],[-5.23,10.31],[-5.23,10.31],[-5.23,10.31],[-5.24,10.31],[-5.24,10.31],[-5.24,10.31],[-5.24,10.31],[-5.24,10.31],[-5.25,10.31],[-5.25,10.31],[-5.25,10.31],[-5.25,10.31],[-5.25,10.3],[-5.25,10.3],[-5.26,10.3],[-5.26,10.3],[-5.26,10.3],[-5.26,10.31],[-5.26,10.31],[-5.26,10.31],[-5.27,10.31],[-5.27,10.31],[-5.27,10.31],[-5.27,10.31],[-5.27,10.31],[-5.28,10.31],[-5.28,10.31],[-5.28,10.31],[-5.28,10.31],[-5.28,10.31],[-5.28,10.31],[-5.28,10.31],[-5.29,10.31],[-5.29,10.32],[-5.29,10.32],[-5.29,10.32],[-5.29,10.32],[-5.29,10.31],[-5.3,10.31],[-5.3,10.31],[-5.3,10.31],[-5.3,10.31],[-5.29,10.31],[-5.29,10.3],[-5.29,10.3],[-5.29,10.3],[-5.29,10.3],[-5.3,10.3],[-5.3,10.3],[-5.3,10.3],[-5.3,10.3],[-5.3,10.3],[-5.31,10.3],[-5.31,10.3],[-5.31,10.3],[-5.31,10.3],[-5.31,10.3],[-5.32,10.3],[-5.32,10.29],[-5.32,10.29],[-5.32,10.29],[-5.32,10.29],[-5.32,10.29],[-5.33,10.29],[-5.33,10.29],[-5.33,10.29],[-5.33,10.29],[-5.33,10.29],[-5.33,10.29],[-5.33,10.29],[-5.34,10.29],[-5.34,10.29],[-5.34,10.29],[-5.34,10.29],[-5.34,10.29],[-5.35,10.3],[-5.35,10.3],[-5.35,10.3],[-5.35,10.3],[-5.35,10.3],[-5.35,10.3],[-5.35,10.29],[-5.36,10.29],[-5.36,10.29],[-5.36,10.29],[-5.36,10.29],[-5.36,10.28],[-5.36,10.28],[-5.36,10.28],[-5.36,10.28],[-5.37,10.28],[-5.37,10.28],[-5.37,10.28],[-5.37,10.28],[-5.37,10.29],[-5.37,10.29],[-5.37,10.29],[-5.37,10.29],[-5.38,10.29],[-5.38,10.29],[-5.38,10.29],[-5.38,10.29],[-5.38,10.29],[-5.38,10.29],[-5.39,10.29],[-5.39,10.29],[-5.39,10.29],[-5.39,10.29],[-5.39,10.29],[-5.4,10.29],[-5.4,10.29],[-5.4,10.29],[-5.4,10.3],[-5.4,10.3],[-5.41,10.3],[-5.41,10.3],[-5.41,10.3],[-5.41,10.3],[-5.41,10.3],[-5.41,10.3],[-5.41,10.31],[-5.42,10.31],[-5.42,10.31],[-5.42,10.31],[-5.42,10.31],[-5.42,10.32],[-5.42,10.32],[-5.42,10.32],[-5.42,10.32],[-5.42,10.32],[-5.42,10.32],[-5.43,10.32],[-5.43,10.32],[-5.43,10.32],[-5.43,10.32],[-5.43,10.32],[-5.43,10.32],[-5.44,10.32],[-5.44,10.32],[-5.44,10.32],[-5.44,10.32],[-5.44,10.33],[-5.44,10.33],[-5.44,10.33],[-5.44,10.33],[-5.44,10.34],[-5.44,10.34],[-5.44,10.34],[-5.44,10.34],[-5.45,10.34],[-5.45,10.34],[-5.45,10.34],[-5.45,10.34],[-5.45,10.34],[-5.46,10.34],[-5.46,10.34],[-5.46,10.34],[-5.46,10.34],[-5.46,10.34],[-5.46,10.34],[-5.46,10.35],[-5.46,10.35],[-5.46,10.35],[-5.46,10.35],[-5.46,10.35],[-5.46,10.36],[-5.46,10.36],[-5.46,10.36],[-5.46,10.36],[-5.46,10.36],[-5.46,10.37],[-5.46,10.37],[-5.46,10.37],[-5.47,10.37],[-5.47,10.37],[-5.47,10.37],[-5.47,10.38],[-5.47,10.37],[-5.47,10.37],[-5.47,10.37],[-5.48,10.37],[-5.48,10.37],[-5.48,10.37],[-5.48,10.37],[-5.48,10.37],[-5.48,10.38],[-5.48,10.38],[-5.48,10.38],[-5.48,10.38],[-5.49,10.38],[-5.49,10.39],[-5.49,10.39],[-5.49,10.39],[-5.49,10.39],[-5.49,10.39],[-5.49,10.39],[-5.49,10.4],[-5.49,10.4],[-5.49,10.4],[-5.49,10.4],[-5.49,10.4],[-5.49,10.4],[-5.5,10.41],[-5.5,10.41],[-5.5,10.41],[-5.5,10.41],[-5.5,10.41],[-5.5,10.41],[-5.5,10.41],[-5.51,10.42],[-5.51,10.42],[-5.51,10.42],[-5.51,10.42],[-5.51,10.42],[-5.51,10.42],[-5.51,10.42],[-5.51,10.43],[-5.51,10.43],[-5.52,10.43],[-5.52,10.43],[-5.52,10.43],[-5.52,10.43],[-5.52,10.43],[-5.52,10.43],[-5.53,10.44],[-5.53,10.44],[-5.53,10.44],[-5.53,10.44],[-5.53,10.44],[-5.53,10.44],[-5.54,10.44],[-5.54,10.44],[-5.54,10.44],[-5.54,10.45],[-5.54,10.45],[-5.54,10.45],[-5.55,10.45],[-5.55,10.45],[-5.55,10.45],[-5.55,10.45],[-5.55,10.45],[-5.55,10.46],[-5.55,10.46],[-5.56,10.46],[-5.56,10.46],[-5.56,10.46],[-5.56,10.46],[-5.56,10.46],[-5.56,10.46],[-5.57,10.46],[-5.57,10.46],[-5.57,10.46],[-5.57,10.46],[-5.57,10.46],[-5.58,10.46],[-5.58,10.45],[-5.58,10.45],[-5.58,10.45],[-5.58,10.45],[-5.58,10.45],[-5.59,10.45],[-5.59,10.45],[-5.59,10.45],[-5.59,10.45],[-5.6,10.45],[-5.6,10.46],[-5.6,10.46],[-5.6,10.46],[-5.61,10.46],[-5.61,10.45],[-5.61,10.45],[-5.61,10.45],[-5.61,10.45],[-5.61,10.45],[-5.62,10.45],[-5.62,10.45],[-5.62,10.45],[-5.62,10.45],[-5.62,10.45],[-5.63,10.46],[-5.63,10.46],[-5.63,10.46],[-5.63,10.46],[-5.63,10.46],[-5.63,10.46],[-5.64,10.46],[-5.64,10.46],[-5.64,10.46],[-5.64,10.46],[-5.64,10.46],[-5.65,10.46]]]}},{"type":"Feature","properties":{"name":"Tonkpi","code":"CI32","level":"region","status":"waiting","schools":259,"students":152750,"girls":74204,"boys":78546,"district":"Montagnes"},"geometry":{"type":"Polygon","coordinates":[[[-7.44,8.15],[-7.44,8.15],[-7.44,8.15],[-7.44,8.15],[-7.44,8.15],[-7.45,8.15],[-7.45,8.15],[-7.45,8.15],[-7.45,8.15],[-7.46,8.15],[-7.46,8.15],[-7.46,8.15],[-7.46,8.15],[-7.47,8.15],[-7.47,8.15],[-7.47,8.15],[-7.47,8.15],[-7.47,8.14],[-7.48,8.14],[-7.48,8.14],[-7.48,8.14],[-7.48,8.14],[-7.48,8.13],[-7.48,8.13],[-7.48,8.13],[-7.49,8.13],[-7.49,8.13],[-7.49,8.12],[-7.49,8.12],[-7.49,8.12],[-7.49,8.12],[-7.49,8.12],[-7.49,8.11],[-7.49,8.11],[-7.49,8.11],[-7.49,8.11],[-7.49,8.1],[-7.49,8.1],[-7.49,8.1],[-7.5,8.1],[-7.5,8.1],[-7.5,8.1],[-7.5,8.09],[-7.5,8.09],[-7.5,8.09],[-7.51,8.09],[-7.51,8.09],[-7.51,8.09],[-7.51,8.09],[-7.51,8.09],[-7.51,8.08],[-7.51,8.08],[-7.52,8.08],[-7.52,8.08],[-7.52,8.07],[-7.52,8.07],[-7.52,8.07],[-7.52,8.07],[-7.52,8.06],[-7.52,8.06],[-7.52,8.06],[-7.52,8.05],[-7.52,8.05],[-7.52,8.05],[-7.52,8.05],[-7.52,8.05],[-7.51,8.05],[-7.51,8.04],[-7.51,8.04],[-7.51,8.04],[-7.51,8.04],[-7.51,8.04],[-7.51,8.04],[-7.51,8.03],[-7.51,8.03],[-7.51,8.03],[-7.51,8.03],[-7.51,8.02],[-7.51,8.02],[-7.51,8.02],[-7.52,8.02],[-7.51,8.02],[-7.51,8.01],[-7.51,8.01],[-7.51,8.01],[-7.51,8.01],[-7.51,8.0],[-7.51,8.0],[-7.51,8.0],[-7.51,8.0],[-7.51,7.99],[-7.52,7.99],[-7.52,7.99],[-7.52,7.99],[-7.52,7.99],[-7.52,7.98],[-7.52,7.98],[-7.52,7.98],[-7.52,7.98],[-7.52,7.98],[-7.52,7.97],[-7.52,7.97],[-7.52,7.97],[-7.52,7.97],[-7.52,7.97],[-7.52,7.96],[-7.52,7.96],[-7.52,7.96],[-7.52,7.96],[-7.52,7.95],[-7.52,7.95],[-7.52,7.95],[-7.52,7.95],[-7.52,7.95],[-7.52,7.94],[-7.52,7.94],[-7.52,7.94],[-7.52,7.94],[-7.52,7.94],[-7.52,7.93],[-7.52,7.93],[-7.52,7.93],[-7.51,7.93],[-7.51,7.93],[-7.51,7.93],[-7.51,7.93],[-7.51,7.93],[-7.51,7.93],[-7.51,7.92],[-7.51,7.92],[-7.51,7.92],[-7.51,7.92],[-7.51,7.92],[-7.52,7.92],[-7.52,7.92],[-7.52,7.92],[-7.52,7.92],[-7.52,7.92],[-7.53,7.91],[-7.53,7.91],[-7.52,7.91],[-7.52,7.91],[-7.52,7.91],[-7.52,7.91],[-7.52,7.91],[-7.52,7.9],[-7.52,7.9],[-7.52,7.9],[-7.52,7.9],[-7.52,7.89],[-7.52,7.89],[-7.52,7.89],[-7.52,7.89],[-7.53,7.89],[-7.53,7.89],[-7.52,7.88],[-7.52,7.88],[-7.52,7.88],[-7.52,7.88],[-7.52,7.88],[-7.53,7.88],[-7.53,7.87],[-7.53,7.87],[-7.53,7.87],[-7.53,7.87],[-7.53,7.87],[-7.53,7.87],[-7.54,7.87],[-7.54,7.87],[-7.54,7.87],[-7.54,7.87],[-7.54,7.87],[-7.54,7.87],[-7.54,7.86],[-7.54,7.86],[-7.54,7.86],[-7.55,7.86],[-7.55,7.86],[-7.55,7.87],[-7.55,7.87],[-7.55,7.87],[-7.55,7.87],[-7.55,7.87],[-7.55,7.87],[-7.55,7.88],[-7.55,7.87],[-7.55,7.87],[-7.55,7.87],[-7.55,7.87],[-7.55,7.87],[-7.56,7.87],[-7.56,7.87],[-7.56,7.87],[-7.56,7.87],[-7.56,7.86],[-7.57,7.86],[-7.57,7.86],[-7.57,7.86],[-7.57,7.86],[-7.57,7.86],[-7.58,7.86],[-7.58,7.86],[-7.58,7.86],[-7.58,7.86],[-7.58,7.86],[-7.58,7.86],[-7.58,7.86],[-7.58,7.86],[-7.59,7.87],[-7.59,7.87],[-7.59,7.87],[-7.58,7.87],[-7.59,7.87],[-7.59,7.87],[-7.59,7.88],[-7.59,7.88],[-7.59,7.87],[-7.59,7.87],[-7.59,7.87],[-7.59,7.87],[-7.6,7.87],[-7.6,7.87],[-7.6,7.87],[-7.61,7.87],[-7.61,7.87],[-7.61,7.87],[-7.61,7.87],[-7.61,7.87],[-7.61,7.87],[-7.61,7.87],[-7.62,7.86],[-7.62,7.86],[-7.62,7.86],[-7.61,7.86],[-7.61,7.86],[-7.61,7.86],[-7.61,7.85],[-7.61,7.85],[-7.62,7.85],[-7.62,7.85],[-7.62,7.85],[-7.62,7.85],[-7.62,7.85],[-7.62,7.85],[-7.63,7.85],[-7.63,7.85],[-7.63,7.84],[-7.63,7.84],[-7.63,7.84],[-7.63,7.84],[-7.64,7.84],[-7.64,7.84],[-7.64,7.84],[-7.64,7.84],[-7.64,7.85],[-7.65,7.84],[-7.65,7.84],[-7.65,7.84],[-7.65,7.84],[-7.65,7.84],[-7.66,7.84],[-7.66,7.84],[-7.66,7.85],[-7.66,7.85],[-7.66,7.85],[-7.66,7.85],[-7.67,7.85],[-7.67,7.86],[-7.67,7.85],[-7.67,7.85],[-7.67,7.85],[-7.67,7.85],[-7.68,7.85],[-7.68,7.85],[-7.68,7.85],[-7.68,7.85],[-7.68,7.85],[-7.68,7.85],[-7.69,7.85],[-7.69,7.85],[-7.69,7.86],[-7.69,7.86],[-7.69,7.86],[-7.69,7.86],[-7.69,7.86],[-7.69,7.87],[-7.69,7.87],[-7.69,7.87],[-7.69,7.87],[-7.7,7.86],[-7.7,7.86],[-7.7,7.86],[-7.7,7.86],[-7.7,7.87],[-7.71,7.87],[-7.71,7.87],[-7.71,7.87],[-7.71,7.87],[-7.71,7.87],[-7.71,7.88],[-7.71,7.88],[-7.71,7.88],[-7.71,7.88],[-7.7,7.88],[-7.71,7.88],[-7.71,7.89],[-7.71,7.89],[-7.71,7.89],[-7.71,7.89],[-7.71,7.88],[-7.72,7.88],[-7.72,7.88],[-7.72,7.88],[-7.72,7.88],[-7.72,7.88],[-7.73,7.88],[-7.73,7.88],[-7.74,7.88],[-7.76,7.89],[-7.76,7.89],[-7.76,7.89],[-7.77,7.89],[-7.77,7.89],[-7.77,7.89],[-7.77,7.89],[-7.77,7.89],[-7.77,7.9],[-7.78,7.9],[-7.78,7.9],[-7.78,7.9],[-7.78,7.9],[-7.78,7.9],[-7.78,7.91],[-7.78,7.91],[-7.78,7.91],[-7.78,7.91],[-7.79,7.91],[-7.79,7.91],[-7.79,7.91],[-7.79,7.92],[-7.79,7.92],[-7.79,7.92],[-7.8,7.92],[-7.8,7.92],[-7.8,7.92],[-7.8,7.91],[-7.8,7.92],[-7.8,7.92],[-7.8,7.92],[-7.8,7.92],[-7.8,7.92],[-7.8,7.93],[-7.8,7.93],[-7.8,7.93],[-7.8,7.93],[-7.8,7.93],[-7.8,7.93],[-7.8,7.94],[-7.8,7.94],[-7.8,7.94],[-7.8,7.94],[-7.8,7.94],[-7.8,7.94],[-7.81,7.94],[-7.81,7.94],[-7.81,7.94],[-7.81,7.94],[-7.82,7.94],[-7.82,7.95],[-7.82,7.95],[-7.82,7.95],[-7.82,7.95],[-7.82,7.96],[-7.83,7.95],[-7.83,7.95],[-7.83,7.95],[-7.83,7.95],[-7.83,7.95],[-7.83,7.96],[-7.84,7.96],[-7.84,7.96],[-7.84,7.96],[-7.84,7.96],[-7.84,7.96],[-7.84,7.96],[-7.84,7.95],[-7.85,7.96],[-7.85,7.96],[-7.85,7.96],[-7.85,7.96],[-7.85,7.96],[-7.85,7.97],[-7.85,7.97],[-7.85,7.97],[-7.85,7.97],[-7.84,7.97],[-7.84,7.97],[-7.84,7.98],[-7.84,7.98],[-7.84,7.98],[-7.84,7.98],[-7.85,7.98],[-7.85,7.99],[-7.85,7.99],[-7.85,7.99],[-7.85,7.99],[-7.85,7.99],[-7.85,7.99],[-7.85,7.99],[-7.85,8.0],[-7.85,8.0],[-7.85,8.0],[-7.85,8.0],[-7.85,8.0],[-7.86,8.0],[-7.86,8.0],[-7.86,8.01],[-7.86,8.01],[-7.86,8.01],[-7.85,8.02],[-7.86,8.02],[-7.86,8.02],[-7.86,8.02],[-7.86,8.02],[-7.86,8.02],[-7.87,8.02],[-7.87,8.02],[-7.87,8.02],[-7.87,8.02],[-7.88,8.02],[-7.87,8.02],[-7.88,8.02],[-7.88,8.02],[-7.88,8.02],[-7.88,8.02],[-7.88,8.02],[-7.88,8.02],[-7.88,8.02],[-7.89,8.02],[-7.89,8.02],[-7.88,8.02],[-7.89,8.02],[-7.89,8.02],[-7.89,8.01],[-7.89,8.01],[-7.89,8.01],[-7.89,8.01],[-7.89,8.01],[-7.89,8.01],[-7.9,8.01],[-7.9,8.01],[-7.9,8.01],[-7.91,8.01],[-7.91,8.01],[-7.91,8.01],[-7.91,8.01],[-7.91,8.01],[-7.91,8.01],[-7.91,8.01],[-7.91,8.01],[-7.91,8.02],[-7.92,8.02],[-7.92,8.01],[-7.92,8.01],[-7.92,8.01],[-7.92,8.01],[-7.93,8.01],[-7.93,8.01],[-7.93,8.02],[-7.93,8.02],[-7.93,8.02],[-7.93,8.02],[-7.93,8.02],[-7.93,8.01],[-7.93,8.01],[-7.94,8.01],[-7.94,8.01],[-7.94,8.01],[-7.94,8.01],[-7.94,8.01],[-7.95,8.01],[-7.95,8.01],[-7.95,8.01],[-7.95,8.02],[-7.95,8.02],[-7.95,8.02],[-7.96,8.02],[-7.96,8.02],[-7.96,8.02],[-7.96,8.02],[-7.96,8.02],[-7.96,8.02],[-7.97,8.02],[-7.97,8.02],[-7.97,8.02],[-7.97,8.01],[-7.97,8.01],[-7.97,8.02],[-7.98,8.02],[-7.98,8.02],[-7.98,8.02],[-7.98,8.02],[-7.98,8.03],[-7.97,8.03],[-7.97,8.03],[-7.97,8.03],[-7.97,8.03],[-7.98,8.03],[-7.98,8.03],[-7.98,8.04],[-7.98,8.04],[-7.98,8.04],[-7.98,8.04],[-7.99,8.04],[-7.99,8.04],[-7.99,8.04],[-7.99,8.04],[-7.99,8.04],[-8.0,8.04],[-8.0,8.04],[-8.0,8.04],[-8.0,8.04],[-8.0,8.03],[-8.0,8.03],[-8.01,8.03],[-8.01,8.03],[-8.01,8.03],[-8.01,8.03],[-8.02,8.03],[-8.02,8.03],[-8.02,8.03],[-8.02,8.03],[-8.02,8.03],[-8.03,8.03],[-8.03,8.03],[-8.03,8.04],[-8.03,8.04],[-8.03,8.04],[-8.03,8.04],[-8.04,8.04],[-8.04,8.04],[-8.04,8.04],[-8.04,8.04],[-8.04,8.04],[-8.04,8.04],[-8.05,8.04],[-8.05,8.03],[-8.05,8.03],[-8.05,8.03],[-8.05,8.03],[-8.05,8.03],[-8.05,8.03],[-8.05,8.02],[-8.06,8.02],[-8.06,8.02],[-8.06,8.02],[-8.06,8.02],[-8.06,8.02],[-8.06,8.02],[-8.06,8.01],[-8.06,8.01],[-8.06,8.01],[-8.06,8.01],[-8.07,8.01],[-8.07,8.01],[-8.07,8.0],[-8.07,8.0],[-8.07,8.0],[-8.07,8.0],[-8.07,8.0],[-8.08,8.0],[-8.08,8.0],[-8.08,8.0],[-8.08,8.0],[-8.09,7.98],[-8.09,7.97],[-8.1,7.97],[-8.1,7.96],[-8.1,7.96],[-8.1,7.95],[-8.1,7.94],[-8.12,7.9],[-8.12,7.89],[-8.12,7.89],[-8.13,7.88],[-8.13,7.86],[-8.12,7.84],[-8.13,7.84],[-8.12,7.83],[-8.11,7.83],[-8.11,7.83],[-8.11,7.82],[-8.09,7.79],[-8.1,7.78],[-8.1,7.76],[-8.11,7.74],[-8.11,7.73],[-8.12,7.72],[-8.13,7.7],[-8.15,7.67],[-8.15,7.67],[-8.14,7.66],[-8.15,7.65],[-8.15,7.65],[-8.17,7.64],[-8.17,7.62],[-8.18,7.61],[-8.18,7.58],[-8.17,7.57],[-8.18,7.56],[-8.19,7.55],[-8.2,7.55],[-8.21,7.53],[-8.22,7.54],[-8.24,7.55],[-8.27,7.57],[-8.3,7.59],[-8.31,7.61],[-8.33,7.6],[-8.34,7.58],[-8.35,7.58],[-8.36,7.58],[-8.38,7.58],[-8.38,7.58],[-8.38,7.6],[-8.38,7.61],[-8.38,7.61],[-8.39,7.61],[-8.39,7.62],[-8.39,7.63],[-8.4,7.62],[-8.43,7.59],[-8.47,7.55],[-8.47,7.54],[-8.46,7.53],[-8.46,7.53],[-8.45,7.52],[-8.44,7.53],[-8.44,7.53],[-8.43,7.53],[-8.43,7.52],[-8.43,7.51],[-8.43,7.51],[-8.43,7.5],[-8.42,7.49],[-8.42,7.49],[-8.42,7.48],[-8.41,7.47],[-8.41,7.47],[-8.41,7.45],[-8.41,7.44],[-8.42,7.43],[-8.42,7.42],[-8.41,7.42],[-8.4,7.41],[-8.4,7.39],[-8.4,7.37],[-8.4,7.34],[-8.4,7.33],[-8.4,7.32],[-8.38,7.3],[-8.38,7.29],[-8.36,7.28],[-8.37,7.27],[-8.36,7.27],[-8.36,7.27],[-8.36,7.26],[-8.36,7.25],[-8.36,7.25],[-8.37,7.24],[-8.36,7.24],[-8.37,7.24],[-8.36,7.23],[-8.36,7.23],[-8.35,7.23],[-8.35,7.23],[-8.35,7.22],[-8.34,7.22],[-8.34,7.21],[-8.34,7.21],[-8.34,7.2],[-8.33,7.2],[-8.32,7.2],[-8.32,7.2],[-8.32,7.2],[-8.31,7.19],[-8.31,7.19],[-8.3,7.19],[-8.3,7.18],[-8.29,7.18],[-8.29,7.18],[-8.28,7.18],[-8.28,7.18],[-8.29,7.17],[-8.28,7.17],[-8.28,7.16],[-8.28,7.15],[-8.29,7.15],[-8.3,7.13],[-8.3,7.13],[-8.3,7.13],[-8.3,7.13],[-8.3,7.12],[-8.3,7.11],[-8.3,7.1],[-8.3,7.09],[-8.31,7.09],[-8.3,7.08],[-8.3,7.07],[-8.3,7.06],[-8.29,7.04],[-8.29,7.03],[-8.29,7.02],[-8.29,7.02],[-8.28,7.02],[-8.28,7.01],[-8.28,7.01],[-8.28,7.0],[-8.28,7.0],[-8.28,6.99],[-8.29,6.99],[-8.29,6.98],[-8.29,6.98],[-8.3,6.98],[-8.3,6.97],[-8.3,6.97],[-8.31,6.97],[-8.31,6.97],[-8.31,6.97],[-8.32,6.97],[-8.32,6.96],[-8.32,6.96],[-8.32,6.96],[-8.32,6.95],[-8.32,6.95],[-8.32,6.93],[-8.32,6.92],[-8.31,6.92],[-8.31,6.91],[-8.31,6.9],[-8.31,6.9],[-8.32,6.9],[-8.33,6.9],[-8.33,6.89],[-8.33,6.89],[-8.33,6.88],[-8.33,6.88],[-8.33,6.88],[-8.33,6.87],[-8.33,6.87],[-8.33,6.86],[-8.32,6.86],[-8.32,6.85],[-8.32,6.85],[-8.32,6.85],[-8.31,6.85],[-8.31,6.85],[-8.31,6.86],[-8.31,6.86],[-8.31,6.86],[-8.31,6.86],[-8.31,6.86],[-8.31,6.86],[-8.31,6.85],[-8.31,6.85],[-8.31,6.84],[-8.32,6.84],[-8.32,6.83],[-8.33,6.83],[-8.33,6.83],[-8.33,6.82],[-8.32,6.82],[-8.32,6.81],[-8.32,6.81],[-8.33,6.81],[-8.33,6.81],[-8.33,6.81],[-8.33,6.8],[-8.33,6.8],[-8.34,6.79],[-8.34,6.79],[-8.35,6.79],[-8.35,6.79],[-8.34,6.78],[-8.34,6.78],[-8.35,6.77],[-8.34,6.76],[-8.34,6.76],[-8.34,6.76],[-8.35,6.76],[-8.35,6.76],[-8.35,6.76],[-8.35,6.76],[-8.36,6.76],[-8.36,6.76],[-8.36,6.76],[-8.36,6.76],[-8.36,6.75],[-8.36,6.75],[-8.36,6.75],[-8.36,6.75],[-8.36,6.74],[-8.37,6.74],[-8.37,6.74],[-8.37,6.74],[-8.37,6.74],[-8.37,6.74],[-8.38,6.74],[-8.38,6.73],[-8.38,6.73],[-8.38,6.73],[-8.38,6.72],[-8.38,6.72],[-8.38,6.72],[-8.38,6.72],[-8.39,6.72],[-8.39,6.72],[-8.39,6.72],[-8.39,6.72],[-8.39,6.71],[-8.4,6.71],[-8.4,6.71],[-8.41,6.7],[-8.41,6.7],[-8.41,6.69],[-8.4,6.68],[-8.41,6.68],[-8.41,6.68],[-8.41,6.67],[-8.42,6.67],[-8.42,6.67],[-8.43,6.67],[-8.43,6.67],[-8.43,6.66],[-8.43,6.66],[-8.43,6.66],[-8.43,6.66],[-8.44,6.66],[-8.44,6.66],[-8.44,6.66],[-8.44,6.66],[-8.32,6.58],[-8.32,6.58],[-8.32,6.58],[-8.32,6.58],[-8.31,6.59],[-8.31,6.59],[-8.31,6.59],[-8.31,6.59],[-8.31,6.59],[-8.31,6.59],[-8.31,6.6],[-8.31,6.6],[-8.3,6.6],[-8.3,6.6],[-8.3,6.6],[-8.3,6.6],[-8.3,6.6],[-8.29,6.6],[-8.29,6.6],[-8.29,6.6],[-8.29,6.6],[-8.29,6.6],[-8.29,6.6],[-8.29,6.6],[-8.28,6.6],[-8.28,6.6],[-8.28,6.61],[-8.28,6.61],[-8.28,6.61],[-8.28,6.61],[-8.28,6.61],[-8.28,6.62],[-8.27,6.62],[-8.27,6.62],[-8.27,6.62],[-8.27,6.62],[-8.27,6.62],[-8.27,6.62],[-8.26,6.62],[-8.26,6.62],[-8.26,6.62],[-8.26,6.62],[-8.25,6.62],[-8.25,6.62],[-8.25,6.62],[-8.25,6.62],[-8.25,6.62],[-8.24,6.62],[-8.24,6.62],[-8.24,6.62],[-8.24,6.63],[-8.24,6.63],[-8.25,6.63],[-8.25,6.64],[-8.25,6.64],[-8.24,6.64],[-8.24,6.64],[-8.25,6.64],[-8.25,6.64],[-8.25,6.64],[-8.25,6.64],[-8.25,6.64],[-8.25,6.65],[-8.25,6.65],[-8.25,6.65],[-8.24,6.65],[-8.24,6.65],[-8.24,6.65],[-8.24,6.65],[-8.24,6.65],[-8.24,6.66],[-8.24,6.66],[-8.24,6.66],[-8.24,6.66],[-8.24,6.66],[-8.25,6.66],[-8.25,6.67],[-8.25,6.67],[-8.25,6.67],[-8.25,6.67],[-8.25,6.67],[-8.25,6.67],[-8.24,6.67],[-8.24,6.67],[-8.24,6.67],[-8.24,6.67],[-8.24,6.66],[-8.24,6.66],[-8.23,6.66],[-8.23,6.67],[-8.23,6.67],[-8.24,6.67],[-8.24,6.67],[-8.23,6.67],[-8.23,6.67],[-8.23,6.67],[-8.23,6.67],[-8.23,6.67],[-8.22,6.67],[-8.22,6.67],[-8.22,6.67],[-8.22,6.68],[-8.22,6.68],[-8.22,6.68],[-8.22,6.68],[-8.22,6.68],[-8.21,6.68],[-8.22,6.68],[-8.22,6.68],[-8.22,6.68],[-8.22,6.68],[-8.22,6.69],[-8.22,6.69],[-8.22,6.69],[-8.22,6.69],[-8.23,6.69],[-8.23,6.69],[-8.23,6.7],[-8.23,6.7],[-8.23,6.7],[-8.23,6.7],[-8.22,6.7],[-8.22,6.7],[-8.22,6.7],[-8.22,6.71],[-8.22,6.71],[-8.22,6.71],[-8.22,6.71],[-8.22,6.71],[-8.22,6.71],[-8.21,6.71],[-8.21,6.71],[-8.21,6.71],[-8.21,6.72],[-8.21,6.72],[-8.21,6.72],[-8.21,6.73],[-8.21,6.73],[-8.21,6.73],[-8.21,6.73],[-8.2,6.73],[-8.2,6.73],[-8.2,6.73],[-8.2,6.73],[-8.19,6.72],[-8.19,6.72],[-8.19,6.72],[-8.19,6.71],[-8.19,6.71],[-8.19,6.71],[-8.2,6.71],[-8.2,6.71],[-8.2,6.71],[-8.19,6.71],[-8.19,6.71],[-8.19,6.71],[-8.18,6.71],[-8.18,6.71],[-8.18,6.71],[-8.18,6.71],[-8.18,6.71],[-8.18,6.71],[-8.17,6.72],[-8.17,6.72],[-8.17,6.72],[-8.17,6.72],[-8.16,6.72],[-8.16,6.72],[-8.16,6.72],[-8.16,6.72],[-8.16,6.72],[-8.17,6.72],[-8.17,6.72],[-8.16,6.72],[-8.16,6.72],[-8.16,6.72],[-8.16,6.73],[-8.16,6.73],[-8.16,6.73],[-8.16,6.73],[-8.16,6.73],[-8.16,6.74],[-8.16,6.74],[-8.16,6.74],[-8.16,6.74],[-8.16,6.74],[-8.16,6.75],[-8.16,6.75],[-8.16,6.75],[-8.16,6.75],[-8.16,6.75],[-8.16,6.75],[-8.16,6.76],[-8.16,6.76],[-8.17,6.76],[-8.16,6.76],[-8.16,6.76],[-8.16,6.76],[-8.16,6.77],[-8.16,6.77],[-8.15,6.76],[-8.15,6.76],[-8.15,6.76],[-8.15,6.76],[-8.15,6.76],[-8.14,6.77],[-8.14,6.77],[-8.14,6.77],[-8.14,6.78],[-8.14,6.78],[-8.14,6.78],[-8.14,6.78],[-8.14,6.78],[-8.14,6.78],[-8.13,6.79],[-8.13,6.79],[-8.13,6.79],[-8.13,6.79],[-8.13,6.79],[-8.12,6.78],[-8.12,6.78],[-8.12,6.78],[-8.12,6.79],[-8.12,6.79],[-8.12,6.79],[-8.12,6.79],[-8.12,6.79],[-8.11,6.79],[-8.11,6.79],[-8.11,6.79],[-8.11,6.79],[-8.11,6.8],[-8.12,6.8],[-8.11,6.8],[-8.11,6.8],[-8.11,6.8],[-8.11,6.8],[-8.11,6.8],[-8.11,6.8],[-8.1,6.8],[-8.1,6.8],[-8.1,6.8],[-8.1,6.8],[-8.1,6.81],[-8.1,6.81],[-8.1,6.81],[-8.1,6.81],[-8.1,6.8],[-8.09,6.8],[-8.09,6.8],[-8.09,6.8],[-8.09,6.8],[-8.08,6.81],[-8.08,6.81],[-8.09,6.81],[-8.09,6.81],[-8.09,6.81],[-8.09,6.81],[-8.09,6.81],[-8.09,6.81],[-8.09,6.81],[-8.09,6.81],[-8.09,6.81],[-8.09,6.82],[-8.09,6.82],[-8.09,6.82],[-8.09,6.82],[-8.09,6.82],[-8.09,6.82],[-8.09,6.82],[-8.09,6.83],[-8.1,6.83],[-8.1,6.83],[-8.1,6.83],[-8.1,6.83],[-8.1,6.83],[-8.1,6.83],[-8.1,6.83],[-8.09,6.83],[-8.09,6.84],[-8.09,6.84],[-8.1,6.84],[-8.1,6.84],[-8.1,6.84],[-8.1,6.84],[-8.1,6.84],[-8.1,6.84],[-8.1,6.84],[-8.1,6.83],[-8.1,6.83],[-8.11,6.83],[-8.11,6.83],[-8.11,6.83],[-8.11,6.84],[-8.11,6.84],[-8.11,6.84],[-8.11,6.84],[-8.11,6.84],[-8.11,6.84],[-8.11,6.85],[-8.11,6.85],[-8.11,6.85],[-8.11,6.85],[-8.11,6.85],[-8.1,6.85],[-8.1,6.86],[-8.1,6.86],[-8.1,6.86],[-8.1,6.86],[-8.1,6.86],[-8.09,6.86],[-8.09,6.86],[-8.09,6.86],[-8.09,6.86],[-8.09,6.86],[-8.09,6.86],[-8.09,6.86],[-8.09,6.86],[-8.09,6.86],[-8.1,6.87],[-8.1,6.87],[-8.1,6.87],[-8.1,6.87],[-8.09,6.87],[-8.1,6.88],[-8.09,6.88],[-8.09,6.88],[-8.09,6.88],[-8.09,6.87],[-8.09,6.88],[-8.09,6.88],[-8.09,6.88],[-8.09,6.88],[-8.09,6.88],[-8.09,6.88],[-8.09,6.88],[-8.1,6.88],[-8.1,6.88],[-8.1,6.88],[-8.1,6.89],[-8.1,6.89],[-8.1,6.89],[-8.1,6.89],[-8.1,6.89],[-8.1,6.89],[-8.1,6.89],[-8.1,6.89],[-8.1,6.89],[-8.1,6.89],[-8.1,6.89],[-8.09,6.89],[-8.09,6.9],[-8.09,6.9],[-8.09,6.9],[-8.09,6.9],[-8.08,6.9],[-8.08,6.9],[-8.08,6.89],[-8.08,6.89],[-8.08,6.89],[-8.08,6.89],[-8.08,6.9],[-8.08,6.9],[-8.08,6.9],[-8.08,6.9],[-8.08,6.9],[-8.08,6.91],[-8.08,6.91],[-8.07,6.91],[-8.07,6.91],[-8.07,6.91],[-8.07,6.92],[-8.07,6.92],[-8.07,6.92],[-8.07,6.92],[-8.07,6.92],[-8.07,6.92],[-8.06,6.92],[-8.06,6.92],[-8.06,6.92],[-8.06,6.92],[-8.06,6.92],[-8.06,6.91],[-8.06,6.91],[-8.06,6.91],[-8.06,6.91],[-8.06,6.91],[-8.06,6.92],[-8.06,6.92],[-8.05,6.92],[-8.05,6.92],[-8.05,6.92],[-8.05,6.92],[-8.04,6.92],[-8.04,6.92],[-8.04,6.92],[-8.05,6.93],[-8.05,6.93],[-8.04,6.93],[-8.04,6.93],[-8.04,6.93],[-8.04,6.93],[-8.03,6.93],[-8.03,6.93],[-8.03,6.93],[-8.04,6.94],[-8.03,6.94],[-8.03,6.94],[-8.03,6.94],[-8.03,6.94],[-8.03,6.94],[-8.02,6.94],[-8.02,6.94],[-8.02,6.94],[-8.02,6.95],[-8.02,6.95],[-8.02,6.95],[-8.01,6.95],[-8.02,6.95],[-8.02,6.95],[-8.02,6.95],[-8.02,6.95],[-8.02,6.96],[-8.02,6.96],[-8.02,6.96],[-8.01,6.96],[-8.01,6.96],[-8.01,6.96],[-8.01,6.96],[-8.01,6.96],[-8.01,6.96],[-8.01,6.96],[-8.01,6.96],[-8.01,6.96],[-8.0,6.96],[-8.0,6.96],[-8.0,6.96],[-8.0,6.96],[-8.0,6.96],[-8.0,6.97],[-8.0,6.97],[-8.0,6.97],[-8.0,6.97],[-8.0,6.97],[-8.0,6.97],[-8.0,6.97],[-7.99,6.97],[-7.99,6.97],[-7.99,6.97],[-7.99,6.97],[-7.99,6.97],[-7.99,6.97],[-7.99,6.98],[-7.99,6.98],[-7.99,6.98],[-8.0,6.98],[-8.0,6.98],[-8.0,6.98],[-8.0,6.98],[-8.0,6.98],[-7.99,6.98],[-7.99,6.98],[-7.99,6.98],[-7.99,6.98],[-7.99,6.98],[-7.99,6.98],[-7.99,6.98],[-7.99,6.98],[-7.99,6.99],[-7.99,6.99],[-7.99,6.99],[-7.99,6.99],[-7.99,6.99],[-7.99,6.99],[-7.99,6.99],[-7.99,6.99],[-7.99,6.99],[-7.99,6.99],[-7.99,6.99],[-7.99,7.0],[-7.99,7.0],[-7.99,7.0],[-7.98,7.0],[-7.98,7.0],[-7.98,7.0],[-7.98,7.0],[-7.98,7.0],[-7.98,7.0],[-7.98,7.0],[-7.98,7.01],[-7.98,7.01],[-7.98,7.01],[-7.98,7.01],[-7.98,7.01],[-7.98,7.01],[-7.98,7.01],[-7.97,7.01],[-7.97,7.01],[-7.97,7.01],[-7.97,7.02],[-7.97,7.02],[-7.97,7.02],[-7.97,7.02],[-7.97,7.02],[-7.97,7.02],[-7.97,7.02],[-7.97,7.02],[-7.97,7.03],[-7.97,7.03],[-7.97,7.03],[-7.96,7.03],[-7.96,7.03],[-7.96,7.03],[-7.96,7.03],[-7.96,7.03],[-7.96,7.03],[-7.96,7.03],[-7.96,7.03],[-7.96,7.03],[-7.96,7.03],[-7.96,7.03],[-7.95,7.03],[-7.95,7.04],[-7.95,7.04],[-7.95,7.04],[-7.95,7.04],[-7.95,7.04],[-7.95,7.04],[-7.95,7.04],[-7.94,7.04],[-7.94,7.04],[-7.95,7.04],[-7.94,7.04],[-7.94,7.04],[-7.94,7.04],[-7.94,7.05],[-7.94,7.05],[-7.94,7.05],[-7.94,7.05],[-7.93,7.05],[-7.93,7.05],[-7.93,7.05],[-7.93,7.05],[-7.93,7.05],[-7.93,7.05],[-7.93,7.05],[-7.93,7.05],[-7.93,7.06],[-7.93,7.06],[-7.93,7.06],[-7.93,7.06],[-7.92,7.06],[-7.92,7.06],[-7.92,7.06],[-7.93,7.06],[-7.93,7.07],[-7.93,7.07],[-7.93,7.07],[-7.93,7.07],[-7.92,7.07],[-7.92,7.07],[-7.92,7.07],[-7.92,7.07],[-7.92,7.07],[-7.92,7.07],[-7.92,7.07],[-7.92,7.07],[-7.92,7.07],[-7.92,7.07],[-7.92,7.07],[-7.91,7.07],[-7.91,7.07],[-7.91,7.07],[-7.91,7.08],[-7.91,7.08],[-7.91,7.08],[-7.91,7.08],[-7.91,7.08],[-7.91,7.08],[-7.91,7.08],[-7.9,7.09],[-7.9,7.1],[-7.9,7.1],[-7.9,7.09],[-7.9,7.09],[-7.89,7.09],[-7.89,7.09],[-7.89,7.09],[-7.89,7.09],[-7.89,7.09],[-7.89,7.09],[-7.86,7.08],[-7.82,7.05],[-7.78,7.04],[-7.75,7.01],[-7.73,7.01],[-7.73,7.01],[-7.73,7.01],[-7.73,7.01],[-7.73,7.01],[-7.73,7.02],[-7.73,7.02],[-7.73,7.02],[-7.72,7.03],[-7.72,7.03],[-7.72,7.03],[-7.72,7.03],[-7.72,7.03],[-7.72,7.04],[-7.72,7.04],[-7.72,7.04],[-7.72,7.04],[-7.72,7.04],[-7.72,7.04],[-7.72,7.04],[-7.72,7.05],[-7.72,7.05],[-7.72,7.05],[-7.72,7.05],[-7.72,7.05],[-7.72,7.05],[-7.71,7.05],[-7.71,7.05],[-7.71,7.06],[-7.71,7.06],[-7.71,7.06],[-7.71,7.06],[-7.7,7.07],[-7.7,7.07],[-7.7,7.07],[-7.7,7.07],[-7.69,7.08],[-7.69,7.08],[-7.69,7.08],[-7.69,7.08],[-7.69,7.08],[-7.69,7.08],[-7.68,7.08],[-7.68,7.08],[-7.68,7.08],[-7.68,7.08],[-7.68,7.08],[-7.68,7.08],[-7.68,7.08],[-7.68,7.08],[-7.67,7.07],[-7.67,7.07],[-7.67,7.07],[-7.67,7.07],[-7.67,7.07],[-7.67,7.07],[-7.66,7.07],[-7.66,7.07],[-7.66,7.07],[-7.66,7.07],[-7.66,7.07],[-7.65,7.07],[-7.65,7.07],[-7.65,7.07],[-7.65,7.07],[-7.64,7.07],[-7.64,7.07],[-7.64,7.07],[-7.64,7.07],[-7.64,7.06],[-7.64,7.06],[-7.63,7.06],[-7.63,7.05],[-7.62,7.05],[-7.62,7.05],[-7.62,7.05],[-7.61,7.05],[-7.61,7.04],[-7.61,7.05],[-7.61,7.05],[-7.6,7.05],[-7.6,7.05],[-7.6,7.05],[-7.59,7.05],[-7.59,7.04],[-7.59,7.04],[-7.59,7.04],[-7.59,7.04],[-7.59,7.04],[-7.59,7.04],[-7.59,7.04],[-7.58,7.04],[-7.58,7.04],[-7.58,7.04],[-7.58,7.04],[-7.58,7.04],[-7.58,7.04],[-7.58,7.04],[-7.58,7.04],[-7.58,7.04],[-7.57,7.04],[-7.57,7.04],[-7.57,7.04],[-7.57,7.05],[-7.57,7.05],[-7.57,7.05],[-7.57,7.05],[-7.58,7.05],[-7.58,7.05],[-7.58,7.05],[-7.58,7.05],[-7.58,7.06],[-7.58,7.06],[-7.58,7.06],[-7.57,7.06],[-7.56,7.05],[-7.51,7.06],[-7.51,7.06],[-7.51,7.06],[-7.51,7.06],[-7.51,7.06],[-7.51,7.06],[-7.51,7.07],[-7.51,7.07],[-7.51,7.07],[-7.51,7.07],[-7.51,7.07],[-7.51,7.07],[-7.51,7.07],[-7.51,7.08],[-7.51,7.08],[-7.51,7.08],[-7.51,7.08],[-7.51,7.08],[-7.51,7.08],[-7.52,7.08],[-7.52,7.09],[-7.52,7.09],[-7.52,7.09],[-7.52,7.09],[-7.52,7.09],[-7.52,7.09],[-7.52,7.1],[-7.52,7.1],[-7.52,7.1],[-7.53,7.1],[-7.53,7.1],[-7.53,7.1],[-7.53,7.11],[-7.53,7.11],[-7.53,7.11],[-7.52,7.11],[-7.52,7.11],[-7.52,7.11],[-7.52,7.11],[-7.52,7.12],[-7.52,7.12],[-7.52,7.12],[-7.52,7.12],[-7.52,7.12],[-7.52,7.12],[-7.51,7.12],[-7.51,7.12],[-7.51,7.12],[-7.51,7.12],[-7.51,7.12],[-7.51,7.12],[-7.51,7.13],[-7.51,7.13],[-7.51,7.13],[-7.51,7.13],[-7.51,7.13],[-7.5,7.13],[-7.5,7.13],[-7.5,7.13],[-7.5,7.13],[-7.5,7.13],[-7.5,7.14],[-7.5,7.14],[-7.5,7.14],[-7.5,7.14],[-7.5,7.14],[-7.49,7.14],[-7.5,7.14],[-7.5,7.14],[-7.49,7.14],[-7.49,7.14],[-7.49,7.14],[-7.49,7.14],[-7.49,7.14],[-7.49,7.15],[-7.49,7.15],[-7.49,7.15],[-7.48,7.15],[-7.48,7.15],[-7.48,7.15],[-7.49,7.15],[-7.49,7.15],[-7.49,7.15],[-7.49,7.15],[-7.49,7.15],[-7.49,7.16],[-7.49,7.16],[-7.49,7.16],[-7.48,7.16],[-7.48,7.16],[-7.48,7.16],[-7.48,7.16],[-7.48,7.16],[-7.48,7.16],[-7.48,7.16],[-7.48,7.17],[-7.48,7.17],[-7.48,7.17],[-7.48,7.17],[-7.48,7.17],[-7.48,7.17],[-7.48,7.17],[-7.48,7.17],[-7.48,7.17],[-7.48,7.17],[-7.47,7.17],[-7.47,7.17],[-7.47,7.17],[-7.47,7.17],[-7.47,7.17],[-7.47,7.16],[-7.47,7.17],[-7.47,7.17],[-7.47,7.17],[-7.47,7.17],[-7.47,7.17],[-7.47,7.17],[-7.47,7.17],[-7.47,7.17],[-7.47,7.17],[-7.47,7.18],[-7.47,7.18],[-7.47,7.18],[-7.47,7.18],[-7.47,7.18],[-7.47,7.18],[-7.47,7.18],[-7.47,7.18],[-7.47,7.18],[-7.47,7.18],[-7.47,7.18],[-7.47,7.18],[-7.47,7.18],[-7.47,7.19],[-7.47,7.19],[-7.47,7.19],[-7.47,7.19],[-7.48,7.19],[-7.48,7.19],[-7.48,7.19],[-7.48,7.19],[-7.48,7.19],[-7.48,7.2],[-7.48,7.2],[-7.48,7.19],[-7.48,7.19],[-7.48,7.19],[-7.48,7.19],[-7.48,7.19],[-7.48,7.19],[-7.49,7.2],[-7.49,7.2],[-7.49,7.2],[-7.49,7.2],[-7.49,7.2],[-7.49,7.2],[-7.49,7.2],[-7.49,7.2],[-7.49,7.2],[-7.48,7.2],[-7.48,7.2],[-7.48,7.21],[-7.48,7.21],[-7.49,7.21],[-7.49,7.21],[-7.49,7.21],[-7.49,7.21],[-7.49,7.21],[-7.49,7.21],[-7.49,7.21],[-7.49,7.21],[-7.49,7.21],[-7.49,7.21],[-7.49,7.21],[-7.49,7.21],[-7.49,7.22],[-7.49,7.22],[-7.49,7.22],[-7.49,7.22],[-7.49,7.22],[-7.49,7.22],[-7.5,7.22],[-7.5,7.22],[-7.49,7.22],[-7.49,7.22],[-7.49,7.22],[-7.5,7.22],[-7.5,7.22],[-7.5,7.22],[-7.5,7.23],[-7.49,7.23],[-7.49,7.23],[-7.49,7.23],[-7.49,7.23],[-7.5,7.23],[-7.5,7.23],[-7.49,7.23],[-7.49,7.23],[-7.49,7.23],[-7.5,7.23],[-7.5,7.23],[-7.5,7.23],[-7.5,7.24],[-7.5,7.24],[-7.5,7.24],[-7.5,7.24],[-7.5,7.24],[-7.5,7.24],[-7.5,7.24],[-7.5,7.24],[-7.5,7.24],[-7.5,7.24],[-7.5,7.25],[-7.5,7.25],[-7.5,7.25],[-7.5,7.25],[-7.5,7.25],[-7.5,7.24],[-7.5,7.24],[-7.5,7.24],[-7.5,7.24],[-7.51,7.24],[-7.51,7.24],[-7.51,7.25],[-7.51,7.25],[-7.51,7.25],[-7.51,7.25],[-7.51,7.25],[-7.51,7.25],[-7.51,7.24],[-7.51,7.25],[-7.51,7.25],[-7.51,7.25],[-7.51,7.25],[-7.51,7.25],[-7.51,7.25],[-7.51,7.25],[-7.51,7.25],[-7.51,7.25],[-7.51,7.25],[-7.51,7.25],[-7.51,7.26],[-7.51,7.26],[-7.52,7.26],[-7.52,7.26],[-7.52,7.26],[-7.52,7.26],[-7.52,7.26],[-7.52,7.26],[-7.52,7.26],[-7.52,7.26],[-7.52,7.26],[-7.52,7.27],[-7.52,7.27],[-7.52,7.27],[-7.52,7.27],[-7.52,7.27],[-7.52,7.27],[-7.52,7.27],[-7.52,7.27],[-7.52,7.27],[-7.52,7.27],[-7.52,7.27],[-7.52,7.27],[-7.52,7.27],[-7.52,7.27],[-7.52,7.27],[-7.52,7.27],[-7.52,7.27],[-7.52,7.28],[-7.52,7.28],[-7.52,7.28],[-7.52,7.28],[-7.51,7.28],[-7.51,7.28],[-7.51,7.28],[-7.52,7.28],[-7.51,7.28],[-7.51,7.28],[-7.51,7.29],[-7.51,7.29],[-7.51,7.29],[-7.51,7.29],[-7.51,7.29],[-7.51,7.29],[-7.51,7.29],[-7.51,7.29],[-7.51,7.3],[-7.51,7.3],[-7.51,7.3],[-7.51,7.3],[-7.51,7.3],[-7.51,7.3],[-7.51,7.3],[-7.51,7.3],[-7.51,7.3],[-7.5,7.31],[-7.5,7.31],[-7.5,7.31],[-7.5,7.31],[-7.5,7.31],[-7.5,7.31],[-7.5,7.31],[-7.5,7.32],[-7.5,7.32],[-7.5,7.32],[-7.5,7.32],[-7.5,7.32],[-7.5,7.32],[-7.5,7.32],[-7.5,7.32],[-7.51,7.32],[-7.51,7.32],[-7.51,7.33],[-7.51,7.33],[-7.51,7.33],[-7.51,7.33],[-7.51,7.33],[-7.51,7.33],[-7.5,7.33],[-7.5,7.33],[-7.5,7.33],[-7.5,7.33],[-7.5,7.33],[-7.5,7.33],[-7.5,7.33],[-7.5,7.33],[-7.5,7.33],[-7.5,7.33],[-7.5,7.33],[-7.49,7.33],[-7.49,7.33],[-7.49,7.33],[-7.49,7.33],[-7.49,7.33],[-7.49,7.33],[-7.49,7.33],[-7.49,7.34],[-7.49,7.34],[-7.49,7.34],[-7.49,7.34],[-7.48,7.34],[-7.48,7.34],[-7.48,7.35],[-7.48,7.35],[-7.49,7.35],[-7.49,7.35],[-7.49,7.36],[-7.49,7.36],[-7.49,7.36],[-7.49,7.36],[-7.49,7.37],[-7.49,7.37],[-7.49,7.37],[-7.48,7.37],[-7.48,7.38],[-7.48,7.38],[-7.48,7.38],[-7.48,7.38],[-7.48,7.38],[-7.48,7.38],[-7.48,7.39],[-7.48,7.39],[-7.47,7.39],[-7.47,7.39],[-7.47,7.39],[-7.47,7.39],[-7.47,7.39],[-7.46,7.39],[-7.46,7.39],[-7.46,7.4],[-7.46,7.4],[-7.46,7.4],[-7.46,7.4],[-7.46,7.41],[-7.46,7.41],[-7.46,7.41],[-7.46,7.41],[-7.45,7.41],[-7.45,7.42],[-7.45,7.42],[-7.45,7.42],[-7.45,7.42],[-7.45,7.42],[-7.44,7.42],[-7.44,7.42],[-7.44,7.42],[-7.44,7.42],[-7.43,7.42],[-7.43,7.42],[-7.43,7.42],[-7.43,7.42],[-7.43,7.42],[-7.43,7.43],[-7.43,7.43],[-7.43,7.43],[-7.42,7.43],[-7.42,7.43],[-7.42,7.44],[-7.42,7.44],[-7.42,7.44],[-7.42,7.44],[-7.41,7.44],[-7.41,7.44],[-7.41,7.44],[-7.41,7.44],[-7.4,7.44],[-7.4,7.44],[-7.4,7.44],[-7.4,7.44],[-7.4,7.44],[-7.4,7.44],[-7.39,7.45],[-7.39,7.45],[-7.39,7.45],[-7.39,7.45],[-7.39,7.45],[-7.39,7.45],[-7.38,7.45],[-7.38,7.45],[-7.38,7.45],[-7.38,7.45],[-7.38,7.45],[-7.38,7.45],[-7.38,7.46],[-7.38,7.46],[-7.38,7.46],[-7.38,7.46],[-7.38,7.46],[-7.38,7.46],[-7.38,7.46],[-7.37,7.47],[-7.37,7.47],[-7.37,7.47],[-7.37,7.47],[-7.37,7.47],[-7.37,7.47],[-7.36,7.47],[-7.36,7.47],[-7.36,7.47],[-7.36,7.47],[-7.36,7.47],[-7.36,7.47],[-7.36,7.47],[-7.35,7.47],[-7.35,7.48],[-7.35,7.48],[-7.35,7.48],[-7.35,7.48],[-7.35,7.48],[-7.34,7.48],[-7.34,7.48],[-7.34,7.48],[-7.34,7.48],[-7.34,7.48],[-7.34,7.49],[-7.34,7.49],[-7.34,7.49],[-7.34,7.49],[-7.33,7.49],[-7.33,7.49],[-7.33,7.49],[-7.33,7.49],[-7.33,7.49],[-7.33,7.49],[-7.32,7.49],[-7.32,7.49],[-7.32,7.49],[-7.32,7.49],[-7.32,7.49],[-7.32,7.49],[-7.31,7.49],[-7.31,7.49],[-7.31,7.49],[-7.31,7.49],[-7.31,7.49],[-7.3,7.49],[-7.3,7.49],[-7.3,7.49],[-7.3,7.49],[-7.3,7.5],[-7.3,7.5],[-7.29,7.5],[-7.29,7.5],[-7.29,7.5],[-7.29,7.5],[-7.29,7.5],[-7.29,7.5],[-7.29,7.5],[-7.29,7.5],[-7.29,7.5],[-7.29,7.5],[-7.28,7.51],[-7.28,7.51],[-7.28,7.51],[-7.28,7.51],[-7.28,7.51],[-7.28,7.52],[-7.28,7.52],[-7.28,7.52],[-7.28,7.52],[-7.28,7.53],[-7.28,7.53],[-7.28,7.53],[-7.29,7.53],[-7.29,7.53],[-7.29,7.54],[-7.29,7.54],[-7.29,7.54],[-7.29,7.54],[-7.29,7.54],[-7.29,7.54],[-7.29,7.54],[-7.29,7.55],[-7.29,7.55],[-7.29,7.55],[-7.29,7.55],[-7.29,7.55],[-7.29,7.55],[-7.29,7.55],[-7.29,7.55],[-7.29,7.56],[-7.29,7.56],[-7.29,7.56],[-7.29,7.56],[-7.29,7.56],[-7.28,7.57],[-7.28,7.57],[-7.28,7.57],[-7.28,7.57],[-7.28,7.57],[-7.28,7.58],[-7.28,7.58],[-7.28,7.58],[-7.28,7.58],[-7.28,7.59],[-7.28,7.59],[-7.28,7.59],[-7.27,7.59],[-7.27,7.59],[-7.27,7.59],[-7.27,7.59],[-7.27,7.6],[-7.27,7.6],[-7.26,7.6],[-7.26,7.6],[-7.26,7.61],[-7.26,7.61],[-7.26,7.61],[-7.26,7.61],[-7.26,7.62],[-7.25,7.62],[-7.25,7.62],[-7.25,7.62],[-7.25,7.62],[-7.25,7.62],[-7.25,7.63],[-7.25,7.63],[-7.25,7.63],[-7.25,7.63],[-7.25,7.63],[-7.25,7.64],[-7.25,7.64],[-7.25,7.64],[-7.25,7.64],[-7.25,7.64],[-7.25,7.65],[-7.24,7.65],[-7.24,7.65],[-7.24,7.65],[-7.24,7.65],[-7.24,7.65],[-7.23,7.65],[-7.23,7.65],[-7.23,7.66],[-7.23,7.66],[-7.23,7.66],[-7.23,7.66],[-7.23,7.66],[-7.22,7.66],[-7.22,7.66],[-7.22,7.66],[-7.22,7.66],[-7.21,7.66],[-7.21,7.66],[-7.21,7.66],[-7.21,7.66],[-7.2,7.66],[-7.2,7.66],[-7.2,7.66],[-7.2,7.66],[-7.2,7.66],[-7.19,7.66],[-7.19,7.66],[-7.19,7.66],[-7.19,7.66],[-7.18,7.67],[-7.18,7.67],[-7.18,7.67],[-7.18,7.67],[-7.18,7.67],[-7.18,7.67],[-7.18,7.67],[-7.17,7.68],[-7.17,7.68],[-7.17,7.68],[-7.17,7.68],[-7.17,7.68],[-7.17,7.69],[-7.17,7.69],[-7.17,7.69],[-7.17,7.7],[-7.17,7.7],[-7.17,7.7],[-7.17,7.7],[-7.17,7.7],[-7.16,7.7],[-7.16,7.71],[-7.16,7.71],[-7.16,7.71],[-7.16,7.71],[-7.15,7.71],[-7.15,7.72],[-7.15,7.72],[-7.15,7.72],[-7.15,7.72],[-7.15,7.72],[-7.14,7.72],[-7.14,7.72],[-7.14,7.72],[-7.14,7.72],[-7.13,7.72],[-7.13,7.72],[-7.13,7.72],[-7.13,7.73],[-7.13,7.73],[-7.12,7.72],[-7.12,7.72],[-7.12,7.72],[-7.12,7.72],[-7.12,7.72],[-7.12,7.72],[-7.11,7.72],[-7.11,7.72],[-7.11,7.72],[-7.11,7.72],[-7.11,7.72],[-7.1,7.72],[-7.1,7.72],[-7.1,7.71],[-7.1,7.71],[-7.1,7.72],[-7.09,7.72],[-7.09,7.72],[-7.09,7.72],[-7.09,7.72],[-7.08,7.72],[-7.08,7.72],[-7.08,7.72],[-7.08,7.72],[-7.08,7.72],[-7.08,7.72],[-7.08,7.72],[-7.08,7.72],[-7.08,7.72],[-7.08,7.72],[-7.08,7.72],[-7.08,7.72],[-7.08,7.73],[-7.08,7.73],[-7.08,7.73],[-7.08,7.73],[-7.08,7.73],[-7.08,7.73],[-7.08,7.74],[-7.08,7.74],[-7.08,7.74],[-7.08,7.74],[-7.08,7.74],[-7.08,7.74],[-7.08,7.74],[-7.08,7.74],[-7.08,7.75],[-7.08,7.75],[-7.08,7.75],[-7.08,7.75],[-7.08,7.75],[-7.08,7.75],[-7.08,7.75],[-7.08,7.76],[-7.08,7.76],[-7.08,7.76],[-7.08,7.76],[-7.08,7.76],[-7.08,7.76],[-7.08,7.76],[-7.08,7.76],[-7.08,7.76],[-7.08,7.77],[-7.08,7.77],[-7.08,7.77],[-7.08,7.77],[-7.08,7.77],[-7.08,7.77],[-7.08,7.77],[-7.08,7.77],[-7.08,7.77],[-7.08,7.78],[-7.08,7.78],[-7.08,7.78],[-7.08,7.78],[-7.08,7.78],[-7.08,7.78],[-7.08,7.78],[-7.08,7.79],[-7.08,7.79],[-7.08,7.79],[-7.08,7.79],[-7.08,7.79],[-7.08,7.79],[-7.08,7.79],[-7.08,7.79],[-7.08,7.79],[-7.08,7.8],[-7.08,7.8],[-7.08,7.8],[-7.08,7.8],[-7.08,7.8],[-7.08,7.8],[-7.08,7.81],[-7.08,7.81],[-7.08,7.81],[-7.08,7.81],[-7.08,7.81],[-7.08,7.81],[-7.08,7.81],[-7.08,7.81],[-7.08,7.82],[-7.08,7.82],[-7.08,7.82],[-7.08,7.82],[-7.08,7.82],[-7.08,7.82],[-7.08,7.82],[-7.08,7.82],[-7.08,7.83],[-7.08,7.83],[-7.08,7.83],[-7.08,7.83],[-7.08,7.83],[-7.08,7.83],[-7.08,7.83],[-7.08,7.83],[-7.08,7.83],[-7.08,7.84],[-7.08,7.84],[-7.08,7.84],[-7.08,7.84],[-7.08,7.84],[-7.08,7.84],[-7.08,7.84],[-7.08,7.84],[-7.08,7.84],[-7.08,7.85],[-7.08,7.85],[-7.08,7.85],[-7.08,7.85],[-7.08,7.85],[-7.08,7.85],[-7.08,7.85],[-7.08,7.85],[-7.08,7.85],[-7.08,7.86],[-7.08,7.86],[-7.09,7.86],[-7.09,7.86],[-7.09,7.86],[-7.09,7.86],[-7.09,7.86],[-7.09,7.86],[-7.09,7.86],[-7.09,7.86],[-7.09,7.86],[-7.1,7.86],[-7.1,7.86],[-7.1,7.86],[-7.1,7.86],[-7.1,7.86],[-7.1,7.86],[-7.1,7.86],[-7.1,7.86],[-7.11,7.86],[-7.11,7.86],[-7.11,7.86],[-7.11,7.86],[-7.11,7.86],[-7.11,7.86],[-7.11,7.86],[-7.12,7.86],[-7.12,7.86],[-7.12,7.86],[-7.12,7.86],[-7.12,7.86],[-7.12,7.87],[-7.12,7.87],[-7.12,7.87],[-7.12,7.87],[-7.12,7.88],[-7.12,7.88],[-7.12,7.88],[-7.12,7.88],[-7.11,7.88],[-7.11,7.88],[-7.11,7.88],[-7.11,7.88],[-7.1,7.88],[-7.1,7.89],[-7.1,7.89],[-7.1,7.89],[-7.1,7.89],[-7.1,7.9],[-7.1,7.9],[-7.1,7.9],[-7.1,7.9],[-7.1,7.9],[-7.1,7.91],[-7.1,7.91],[-7.09,7.91],[-7.09,7.91],[-7.09,7.91],[-7.09,7.91],[-7.09,7.92],[-7.08,7.92],[-7.08,7.92],[-7.08,7.92],[-7.08,7.92],[-7.08,7.92],[-7.08,7.92],[-7.07,7.92],[-7.07,7.93],[-7.07,7.93],[-7.07,7.93],[-7.07,7.93],[-7.07,7.94],[-7.07,7.94],[-7.07,7.94],[-7.07,7.94],[-7.07,7.95],[-7.07,7.95],[-7.07,7.95],[-7.07,7.95],[-7.08,7.95],[-7.08,7.96],[-7.08,7.96],[-7.08,7.96],[-7.08,7.96],[-7.08,7.96],[-7.08,7.96],[-7.08,7.97],[-7.08,7.97],[-7.07,7.97],[-7.07,7.97],[-7.07,7.98],[-7.07,7.98],[-7.07,7.98],[-7.07,7.99],[-7.07,7.99],[-7.12,7.98],[-7.25,7.98],[-7.25,7.98],[-7.25,7.98],[-7.25,7.98],[-7.25,7.99],[-7.25,7.99],[-7.25,7.99],[-7.25,7.99],[-7.26,7.99],[-7.26,7.99],[-7.26,8.0],[-7.26,8.0],[-7.26,8.0],[-7.26,8.01],[-7.26,8.01],[-7.26,8.01],[-7.26,8.01],[-7.26,8.01],[-7.26,8.02],[-7.26,8.02],[-7.27,8.02],[-7.27,8.02],[-7.27,8.02],[-7.27,8.02],[-7.27,8.03],[-7.27,8.03],[-7.27,8.03],[-7.27,8.03],[-7.28,8.04],[-7.28,8.04],[-7.28,8.04],[-7.28,8.04],[-7.28,8.04],[-7.28,8.04],[-7.29,8.04],[-7.29,8.04],[-7.29,8.04],[-7.29,8.05],[-7.29,8.05],[-7.29,8.05],[-7.29,8.05],[-7.29,8.05],[-7.29,8.06],[-7.29,8.06],[-7.3,8.06],[-7.3,8.06],[-7.3,8.06],[-7.3,8.06],[-7.3,8.06],[-7.31,8.06],[-7.31,8.06],[-7.31,8.06],[-7.31,8.07],[-7.31,8.07],[-7.32,8.07],[-7.32,8.07],[-7.32,8.07],[-7.32,8.07],[-7.32,8.07],[-7.32,8.07],[-7.33,8.07],[-7.33,8.08],[-7.33,8.08],[-7.33,8.08],[-7.33,8.08],[-7.33,8.08],[-7.34,8.08],[-7.34,8.08],[-7.34,8.08],[-7.34,8.08],[-7.35,8.08],[-7.35,8.09],[-7.35,8.09],[-7.35,8.09],[-7.35,8.09],[-7.36,8.09],[-7.36,8.09],[-7.36,8.1],[-7.36,8.1],[-7.37,8.1],[-7.37,8.1],[-7.37,8.1],[-7.37,8.1],[-7.38,8.1],[-7.38,8.1],[-7.38,8.11],[-7.38,8.11],[-7.38,8.11],[-7.39,8.11],[-7.39,8.11],[-7.39,8.11],[-7.39,8.11],[-7.39,8.11],[-7.4,8.12],[-7.4,8.12],[-7.4,8.12],[-7.4,8.12],[-7.4,8.12],[-7.41,8.12],[-7.41,8.12],[-7.41,8.12],[-7.41,8.12],[-7.41,8.12],[-7.42,8.12],[-7.42,8.12],[-7.42,8.12],[-7.42,8.12],[-7.43,8.13],[-7.43,8.13],[-7.43,8.13],[-7.43,8.13],[-7.43,8.13],[-7.43,8.14],[-7.43,8.14],[-7.43,8.14],[-7.43,8.14],[-7.43,8.14],[-7.43,8.15],[-7.43,8.15],[-7.44,8.15],[-7.44,8.15]]]}},{"type":"Feature","properties":{"name":"Worodougou","code":"CI33","level":"region","status":"waiting","schools":655,"students":121205,"girls":64463,"boys":56742,"district":"Woroba"},"geometry":{"type":"Polygon","coordinates":[[[-6.75,9.12],[-6.75,9.12],[-6.76,9.12],[-6.76,9.11],[-6.76,9.11],[-6.76,9.11],[-6.76,9.11],[-6.77,9.11],[-6.77,9.11],[-6.77,9.11],[-6.77,9.11],[-6.77,9.11],[-6.78,9.11],[-6.78,9.11],[-6.78,9.11],[-6.78,9.11],[-6.79,9.11],[-6.79,9.1],[-6.79,9.1],[-6.79,9.1],[-6.79,9.1],[-6.79,9.1],[-6.8,9.1],[-6.8,9.1],[-6.8,9.1],[-6.8,9.1],[-6.8,9.09],[-6.8,9.09],[-6.8,9.09],[-6.81,9.09],[-6.81,9.09],[-6.81,9.09],[-6.81,9.09],[-6.81,9.09],[-6.82,9.09],[-6.82,9.09],[-6.82,9.08],[-6.82,9.08],[-6.82,9.08],[-6.82,9.08],[-6.82,9.08],[-6.83,9.07],[-6.83,9.07],[-6.83,9.07],[-6.83,9.07],[-6.84,9.07],[-6.84,9.07],[-6.84,9.07],[-6.84,9.07],[-6.84,9.07],[-6.84,9.07],[-6.85,9.07],[-6.85,9.08],[-6.85,9.08],[-6.85,9.08],[-6.85,9.08],[-6.85,9.08],[-6.86,9.08],[-6.86,9.08],[-6.86,9.08],[-6.86,9.08],[-6.87,9.08],[-6.87,9.08],[-6.87,9.08],[-6.87,9.08],[-6.87,9.08],[-6.87,9.08],[-6.88,9.07],[-6.88,9.07],[-6.88,9.07],[-6.88,9.07],[-6.88,9.07],[-6.88,9.07],[-6.88,9.07],[-6.89,9.07],[-6.89,9.07],[-6.89,9.07],[-6.89,9.07],[-6.89,9.06],[-6.89,9.06],[-6.89,9.06],[-6.89,9.06],[-6.89,9.06],[-6.89,9.06],[-6.9,9.06],[-6.9,9.06],[-6.9,9.05],[-6.9,9.05],[-6.9,9.05],[-6.9,9.05],[-6.9,9.05],[-6.9,9.05],[-6.9,9.05],[-6.9,9.04],[-6.9,9.04],[-6.9,9.04],[-6.9,9.04],[-6.9,9.04],[-6.9,9.04],[-6.9,9.04],[-6.9,9.03],[-6.9,9.03],[-6.9,9.03],[-6.9,9.03],[-6.9,9.03],[-6.9,9.03],[-6.9,9.03],[-6.9,9.02],[-6.9,9.02],[-6.9,9.02],[-6.91,9.02],[-6.91,9.02],[-6.91,9.02],[-6.9,9.02],[-6.9,9.01],[-6.9,9.01],[-6.9,9.01],[-6.91,9.01],[-6.91,9.01],[-6.91,9.01],[-6.91,9.0],[-6.91,9.0],[-6.91,9.0],[-6.91,9.0],[-6.91,9.0],[-6.91,9.0],[-6.91,8.99],[-6.91,8.99],[-6.91,8.99],[-6.91,8.99],[-6.91,8.99],[-6.91,8.99],[-6.91,8.98],[-6.91,8.98],[-6.91,8.98],[-6.91,8.98],[-6.91,8.98],[-6.91,8.98],[-6.91,8.97],[-6.9,8.97],[-6.9,8.97],[-6.9,8.97],[-6.9,8.97],[-6.9,8.96],[-6.9,8.96],[-6.9,8.96],[-6.9,8.96],[-6.9,8.96],[-6.9,8.95],[-6.9,8.95],[-6.9,8.95],[-6.9,8.95],[-6.9,8.95],[-6.9,8.95],[-6.9,8.95],[-6.9,8.94],[-6.9,8.94],[-6.9,8.94],[-6.9,8.94],[-6.9,8.94],[-6.91,8.94],[-6.91,8.94],[-6.91,8.94],[-6.91,8.94],[-6.92,8.94],[-6.92,8.94],[-6.92,8.95],[-6.92,8.95],[-6.92,8.95],[-6.92,8.95],[-6.92,8.95],[-6.92,8.95],[-6.92,8.95],[-6.92,8.95],[-6.92,8.96],[-6.92,8.96],[-6.92,8.96],[-6.93,8.96],[-6.93,8.96],[-6.93,8.96],[-6.93,8.96],[-6.93,8.96],[-6.93,8.96],[-6.93,8.96],[-6.93,8.97],[-6.94,8.97],[-6.94,8.97],[-6.94,8.97],[-6.94,8.97],[-6.94,8.97],[-6.94,8.97],[-6.94,8.97],[-6.94,8.97],[-6.95,8.97],[-6.95,8.97],[-6.95,8.97],[-6.95,8.97],[-6.95,8.97],[-6.95,8.97],[-6.95,8.97],[-6.96,8.97],[-6.96,8.97],[-6.96,8.97],[-6.96,8.97],[-6.96,8.96],[-6.96,8.96],[-6.96,8.96],[-6.96,8.96],[-6.97,8.96],[-6.97,8.96],[-6.97,8.97],[-6.97,8.97],[-6.97,8.97],[-6.97,8.97],[-6.97,8.97],[-6.98,8.97],[-6.98,8.97],[-6.98,8.97],[-6.98,8.97],[-6.98,8.97],[-6.98,8.97],[-6.99,8.97],[-6.99,8.97],[-6.99,8.97],[-6.99,8.97],[-6.99,8.97],[-7.0,8.97],[-7.0,8.97],[-7.0,8.97],[-7.0,8.97],[-7.0,8.97],[-7.01,8.97],[-7.01,8.97],[-7.01,8.97],[-7.01,8.97],[-7.01,8.97],[-7.02,8.97],[-7.02,8.97],[-7.02,8.97],[-7.02,8.97],[-7.02,8.97],[-7.03,8.97],[-7.03,8.97],[-7.03,8.98],[-7.03,8.98],[-7.03,8.98],[-7.04,8.98],[-7.04,8.98],[-7.04,8.98],[-7.04,8.98],[-7.04,8.98],[-7.04,8.99],[-7.04,8.99],[-7.04,8.99],[-7.04,8.99],[-7.05,8.99],[-7.05,8.99],[-7.05,8.99],[-7.05,8.99],[-7.05,9.0],[-7.05,9.0],[-7.05,9.0],[-7.05,9.0],[-7.05,9.0],[-7.05,9.0],[-7.05,9.0],[-7.05,9.01],[-7.05,9.01],[-7.05,9.01],[-7.06,9.01],[-7.06,9.01],[-7.06,9.01],[-7.06,9.02],[-7.06,9.02],[-7.06,9.02],[-7.07,9.02],[-7.07,9.02],[-7.07,9.03],[-7.07,9.03],[-7.07,9.03],[-7.07,9.03],[-7.08,9.03],[-7.08,9.03],[-7.08,9.03],[-7.08,9.03],[-7.08,9.04],[-7.08,9.04],[-7.09,9.04],[-7.09,9.04],[-7.09,9.04],[-7.09,9.04],[-7.09,9.04],[-7.09,9.04],[-7.1,9.04],[-7.1,9.04],[-7.1,9.04],[-7.1,9.04],[-7.1,9.04],[-7.1,9.04],[-7.11,9.05],[-7.11,9.05],[-7.11,9.05],[-7.11,9.05],[-7.11,9.05],[-7.11,9.04],[-7.11,9.04],[-7.11,9.04],[-7.12,9.04],[-7.12,9.04],[-7.12,9.04],[-7.12,9.04],[-7.12,9.04],[-7.12,9.04],[-7.12,9.03],[-7.12,9.03],[-7.12,9.03],[-7.12,9.03],[-7.12,9.03],[-7.13,9.03],[-7.13,9.03],[-7.13,9.02],[-7.13,9.02],[-7.13,9.02],[-7.13,9.02],[-7.13,9.02],[-7.14,9.02],[-7.14,9.01],[-7.14,9.01],[-7.14,9.01],[-7.14,9.01],[-7.14,9.01],[-7.14,9.01],[-7.14,9.01],[-7.14,9.01],[-7.14,9.0],[-7.14,9.0],[-7.14,9.0],[-7.15,9.0],[-7.15,9.0],[-7.15,9.0],[-7.15,9.0],[-7.15,9.0],[-7.15,9.0],[-7.15,9.0],[-7.15,9.0],[-7.16,9.0],[-7.16,9.0],[-7.16,9.0],[-7.16,9.0],[-7.16,9.0],[-7.16,9.0],[-7.16,8.99],[-7.16,8.99],[-7.16,8.99],[-7.17,8.99],[-7.17,8.99],[-7.17,8.99],[-7.17,8.99],[-7.17,8.99],[-7.17,8.99],[-7.17,8.99],[-7.17,8.99],[-7.17,8.98],[-7.17,8.98],[-7.17,8.98],[-7.17,8.98],[-7.17,8.98],[-7.17,8.98],[-7.17,8.97],[-7.17,8.97],[-7.17,8.97],[-7.17,8.97],[-7.17,8.97],[-7.17,8.96],[-7.17,8.96],[-7.17,8.96],[-7.18,8.96],[-7.18,8.95],[-7.18,8.95],[-7.18,8.95],[-7.18,8.95],[-7.18,8.95],[-7.19,8.95],[-7.19,8.95],[-7.19,8.95],[-7.2,8.96],[-7.2,8.96],[-7.2,8.96],[-7.2,8.96],[-7.2,8.96],[-7.21,8.96],[-7.21,8.96],[-7.21,8.96],[-7.21,8.95],[-7.21,8.96],[-7.21,8.96],[-7.21,8.96],[-7.22,8.96],[-7.22,8.96],[-7.22,8.96],[-7.22,8.96],[-7.22,8.95],[-7.22,8.95],[-7.23,8.95],[-7.23,8.95],[-7.23,8.95],[-7.23,8.95],[-7.23,8.94],[-7.23,8.94],[-7.23,8.94],[-7.23,8.94],[-7.23,8.94],[-7.23,8.93],[-7.23,8.93],[-7.23,8.93],[-7.22,8.93],[-7.22,8.93],[-7.22,8.93],[-7.22,8.93],[-7.22,8.92],[-7.22,8.92],[-7.21,8.92],[-7.21,8.92],[-7.21,8.92],[-7.21,8.92],[-7.21,8.92],[-7.21,8.91],[-7.21,8.91],[-7.21,8.91],[-7.21,8.91],[-7.21,8.91],[-7.21,8.9],[-7.22,8.9],[-7.22,8.9],[-7.22,8.9],[-7.22,8.9],[-7.22,8.9],[-7.22,8.89],[-7.22,8.89],[-7.21,8.89],[-7.21,8.89],[-7.21,8.89],[-7.21,8.88],[-7.21,8.88],[-7.21,8.88],[-7.21,8.88],[-7.22,8.88],[-7.22,8.88],[-7.22,8.88],[-7.22,8.88],[-7.22,8.88],[-7.22,8.88],[-7.22,8.88],[-7.22,8.88],[-7.22,8.88],[-7.22,8.88],[-7.22,8.87],[-7.22,8.87],[-7.22,8.87],[-7.21,8.87],[-7.21,8.87],[-7.21,8.87],[-7.21,8.87],[-7.21,8.87],[-7.21,8.86],[-7.21,8.86],[-7.21,8.86],[-7.21,8.86],[-7.21,8.85],[-7.21,8.85],[-7.21,8.85],[-7.21,8.85],[-7.21,8.84],[-7.21,8.84],[-7.2,8.85],[-7.2,8.85],[-7.2,8.85],[-7.2,8.85],[-7.2,8.85],[-7.2,8.84],[-7.2,8.84],[-7.2,8.84],[-7.2,8.84],[-7.2,8.84],[-7.2,8.83],[-7.2,8.83],[-7.2,8.83],[-7.2,8.83],[-7.21,8.83],[-7.21,8.83],[-7.21,8.83],[-7.21,8.83],[-7.21,8.82],[-7.21,8.82],[-7.21,8.82],[-7.21,8.82],[-7.2,8.82],[-7.2,8.82],[-7.2,8.82],[-7.2,8.82],[-7.2,8.81],[-7.2,8.81],[-7.2,8.81],[-7.2,8.81],[-7.2,8.81],[-7.19,8.81],[-7.19,8.8],[-7.19,8.81],[-7.19,8.8],[-7.2,8.8],[-7.2,8.8],[-7.2,8.8],[-7.2,8.8],[-7.2,8.79],[-7.2,8.79],[-7.2,8.79],[-7.2,8.79],[-7.2,8.79],[-7.2,8.78],[-7.2,8.78],[-7.19,8.78],[-7.19,8.78],[-7.19,8.78],[-7.19,8.78],[-7.18,8.78],[-7.19,8.78],[-7.19,8.78],[-7.19,8.78],[-7.19,8.77],[-7.19,8.77],[-7.19,8.77],[-7.19,8.77],[-7.2,8.77],[-7.2,8.77],[-7.2,8.77],[-7.2,8.77],[-7.2,8.77],[-7.2,8.77],[-7.2,8.77],[-7.2,8.76],[-7.2,8.76],[-7.2,8.76],[-7.2,8.76],[-7.2,8.76],[-7.2,8.75],[-7.2,8.75],[-7.2,8.75],[-7.2,8.75],[-7.2,8.74],[-7.19,8.74],[-7.19,8.74],[-7.19,8.74],[-7.2,8.74],[-7.2,8.73],[-7.2,8.73],[-7.2,8.73],[-7.2,8.73],[-7.21,8.73],[-7.2,8.73],[-7.2,8.73],[-7.2,8.72],[-7.2,8.72],[-7.2,8.72],[-7.2,8.72],[-7.2,8.72],[-7.2,8.72],[-7.2,8.71],[-7.2,8.71],[-7.2,8.71],[-7.2,8.71],[-7.2,8.71],[-7.2,8.71],[-7.2,8.7],[-7.2,8.7],[-7.2,8.7],[-7.2,8.7],[-7.2,8.7],[-7.2,8.69],[-7.21,8.69],[-7.21,8.69],[-7.21,8.69],[-7.21,8.69],[-7.21,8.69],[-7.21,8.69],[-7.21,8.68],[-7.21,8.68],[-7.21,8.68],[-7.21,8.67],[-7.21,8.67],[-7.21,8.66],[-7.21,8.66],[-7.21,8.66],[-7.21,8.66],[-7.21,8.66],[-7.22,8.66],[-7.22,8.65],[-7.21,8.65],[-7.21,8.65],[-7.21,8.65],[-7.21,8.65],[-7.21,8.65],[-7.21,8.64],[-7.21,8.64],[-7.21,8.64],[-7.21,8.64],[-7.21,8.64],[-7.21,8.63],[-7.21,8.63],[-7.21,8.63],[-7.22,8.63],[-7.22,8.63],[-7.22,8.63],[-7.22,8.62],[-7.22,8.62],[-7.22,8.62],[-7.22,8.62],[-7.22,8.62],[-7.21,8.62],[-7.21,8.62],[-7.21,8.62],[-7.21,8.62],[-7.21,8.62],[-7.21,8.62],[-7.2,8.61],[-7.2,8.61],[-7.2,8.61],[-7.2,8.61],[-7.2,8.6],[-7.2,8.6],[-7.2,8.6],[-7.2,8.6],[-7.2,8.6],[-7.2,8.6],[-7.21,8.59],[-7.21,8.59],[-7.21,8.6],[-7.21,8.6],[-7.21,8.6],[-7.21,8.59],[-7.21,8.59],[-7.21,8.59],[-7.21,8.59],[-7.21,8.59],[-7.21,8.59],[-7.21,8.59],[-7.21,8.59],[-7.21,8.59],[-7.21,8.59],[-7.21,8.59],[-7.2,8.59],[-7.2,8.59],[-7.2,8.59],[-7.2,8.59],[-7.2,8.59],[-7.2,8.59],[-7.2,8.59],[-7.2,8.58],[-7.2,8.58],[-7.2,8.58],[-7.2,8.58],[-7.2,8.58],[-7.21,8.57],[-7.21,8.57],[-7.21,8.57],[-7.21,8.57],[-7.2,8.57],[-7.2,8.57],[-7.2,8.56],[-7.2,8.56],[-7.2,8.56],[-7.2,8.56],[-7.19,8.55],[-7.19,8.55],[-7.18,8.55],[-7.18,8.54],[-7.18,8.54],[-7.19,8.54],[-7.18,8.53],[-7.18,8.53],[-7.18,8.52],[-7.18,8.52],[-7.18,8.52],[-7.18,8.51],[-7.18,8.51],[-7.18,8.51],[-7.17,8.51],[-7.17,8.51],[-7.17,8.51],[-7.17,8.5],[-7.17,8.5],[-7.16,8.5],[-7.16,8.5],[-7.16,8.5],[-7.16,8.5],[-7.16,8.49],[-7.16,8.49],[-7.16,8.49],[-7.16,8.49],[-7.16,8.48],[-7.16,8.48],[-7.16,8.48],[-7.16,8.48],[-7.16,8.48],[-7.16,8.47],[-7.16,8.47],[-7.16,8.47],[-7.17,8.47],[-7.17,8.47],[-7.17,8.47],[-7.17,8.47],[-7.17,8.46],[-7.17,8.46],[-7.17,8.46],[-7.17,8.46],[-7.17,8.45],[-7.16,8.45],[-7.16,8.45],[-7.16,8.45],[-7.16,8.45],[-7.16,8.45],[-7.16,8.45],[-7.16,8.45],[-7.16,8.44],[-7.16,8.44],[-7.16,8.44],[-7.16,8.44],[-7.16,8.44],[-7.16,8.44],[-7.16,8.44],[-7.17,8.43],[-7.16,8.43],[-7.16,8.43],[-7.16,8.43],[-7.15,8.43],[-7.15,8.43],[-7.15,8.43],[-7.15,8.43],[-7.15,8.42],[-7.15,8.42],[-7.15,8.42],[-7.15,8.41],[-7.15,8.41],[-7.15,8.41],[-7.14,8.41],[-7.14,8.4],[-7.15,8.4],[-7.15,8.4],[-7.15,8.4],[-7.15,8.39],[-7.15,8.39],[-7.15,8.39],[-7.15,8.39],[-7.15,8.38],[-7.15,8.38],[-7.14,8.38],[-7.14,8.38],[-7.14,8.38],[-7.13,8.38],[-7.13,8.38],[-7.13,8.37],[-7.13,8.37],[-7.13,8.37],[-7.13,8.37],[-7.14,8.37],[-7.14,8.37],[-7.14,8.36],[-7.14,8.36],[-7.14,8.36],[-7.14,8.36],[-7.14,8.35],[-7.14,8.35],[-7.14,8.35],[-7.14,8.35],[-7.14,8.35],[-7.14,8.35],[-7.13,8.35],[-7.13,8.35],[-7.13,8.35],[-7.13,8.35],[-7.13,8.34],[-7.12,8.34],[-7.12,8.34],[-7.12,8.34],[-7.11,8.34],[-7.11,8.34],[-7.11,8.33],[-7.11,8.33],[-7.11,8.33],[-7.11,8.33],[-7.1,8.33],[-7.1,8.32],[-7.1,8.32],[-7.1,8.32],[-7.1,8.32],[-7.1,8.32],[-7.1,8.31],[-7.1,8.31],[-7.1,8.31],[-7.11,8.31],[-7.11,8.31],[-7.11,8.31],[-7.12,8.31],[-7.12,8.31],[-7.12,8.31],[-7.12,8.31],[-7.13,8.31],[-7.13,8.31],[-7.13,8.31],[-7.13,8.31],[-7.13,8.3],[-7.13,8.3],[-7.13,8.3],[-7.13,8.3],[-7.13,8.3],[-7.13,8.29],[-7.13,8.29],[-7.12,8.29],[-7.12,8.29],[-7.12,8.29],[-7.12,8.29],[-7.12,8.28],[-7.12,8.28],[-7.12,8.28],[-7.12,8.27],[-7.11,8.27],[-7.11,8.27],[-7.11,8.27],[-7.11,8.26],[-7.11,8.26],[-7.11,8.26],[-7.11,8.26],[-7.11,8.25],[-7.11,8.25],[-7.11,8.25],[-7.11,8.25],[-7.11,8.25],[-7.12,8.24],[-7.12,8.24],[-7.12,8.24],[-7.12,8.24],[-7.13,8.24],[-7.13,8.24],[-7.13,8.24],[-7.13,8.24],[-7.13,8.24],[-7.13,8.23],[-7.13,8.23],[-7.13,8.23],[-7.13,8.23],[-7.12,8.23],[-7.12,8.22],[-7.12,8.22],[-7.12,8.22],[-7.12,8.22],[-7.12,8.22],[-7.12,8.21],[-7.12,8.21],[-7.11,8.21],[-7.11,8.21],[-7.11,8.21],[-7.11,8.21],[-7.11,8.2],[-7.11,8.2],[-7.1,8.2],[-7.1,8.2],[-7.1,8.19],[-7.1,8.19],[-7.1,8.19],[-7.1,8.19],[-7.1,8.18],[-7.1,8.18],[-7.09,8.18],[-7.09,8.18],[-7.09,8.18],[-7.09,8.18],[-7.09,8.17],[-7.09,8.17],[-7.09,8.17],[-7.09,8.17],[-7.09,8.17],[-7.09,8.17],[-7.1,8.16],[-7.1,8.16],[-7.1,8.16],[-7.11,8.16],[-7.11,8.16],[-7.11,8.16],[-7.11,8.15],[-7.11,8.15],[-7.11,8.15],[-7.11,8.15],[-7.11,8.15],[-7.11,8.14],[-7.11,8.14],[-7.1,8.14],[-7.1,8.13],[-7.1,8.13],[-7.09,8.13],[-7.09,8.13],[-7.09,8.13],[-7.09,8.12],[-7.09,8.12],[-7.09,8.12],[-7.08,8.12],[-7.08,8.11],[-7.08,8.11],[-7.08,8.11],[-7.08,8.11],[-7.08,8.11],[-7.08,8.1],[-7.08,8.1],[-7.08,8.1],[-7.08,8.1],[-7.08,8.1],[-7.09,8.09],[-7.09,8.09],[-7.09,8.09],[-7.09,8.09],[-7.09,8.09],[-7.1,8.09],[-7.1,8.09],[-7.1,8.09],[-7.11,8.08],[-7.11,8.08],[-7.11,8.08],[-7.1,8.08],[-7.1,8.07],[-7.1,8.07],[-7.1,8.07],[-7.1,8.06],[-7.1,8.06],[-7.1,8.06],[-7.1,8.06],[-7.1,8.05],[-7.1,8.05],[-7.1,8.05],[-7.09,8.04],[-7.09,8.04],[-7.09,8.05],[-7.09,8.04],[-7.09,8.04],[-7.08,8.04],[-7.08,8.04],[-7.08,8.04],[-7.08,8.03],[-7.08,8.03],[-7.08,8.03],[-7.09,8.03],[-7.09,8.03],[-7.09,8.02],[-7.09,8.02],[-7.09,8.02],[-7.09,8.01],[-7.08,8.01],[-7.08,8.01],[-7.08,8.01],[-7.08,8.01],[-7.08,8.01],[-7.07,8.0],[-7.07,7.99],[-7.07,7.99],[-7.07,7.99],[-7.07,7.98],[-7.07,7.98],[-7.07,7.98],[-7.07,7.97],[-7.07,7.97],[-7.08,7.97],[-7.08,7.97],[-7.08,7.96],[-7.08,7.96],[-7.08,7.96],[-7.08,7.96],[-7.08,7.96],[-7.08,7.96],[-7.08,7.95],[-7.07,7.95],[-7.07,7.95],[-7.07,7.95],[-7.07,7.95],[-7.07,7.94],[-7.07,7.94],[-7.07,7.94],[-7.07,7.94],[-7.07,7.93],[-7.07,7.93],[-7.07,7.93],[-7.07,7.93],[-7.07,7.92],[-7.08,7.92],[-7.08,7.92],[-7.08,7.92],[-7.08,7.92],[-7.08,7.92],[-7.08,7.92],[-7.09,7.92],[-7.09,7.91],[-7.09,7.91],[-7.09,7.91],[-7.09,7.91],[-7.1,7.91],[-7.1,7.91],[-7.1,7.9],[-7.1,7.9],[-7.1,7.9],[-7.1,7.9],[-7.1,7.9],[-7.1,7.89],[-7.1,7.89],[-7.1,7.89],[-7.1,7.89],[-7.1,7.88],[-7.11,7.88],[-7.11,7.88],[-7.11,7.88],[-7.11,7.88],[-7.12,7.88],[-7.12,7.88],[-7.12,7.88],[-7.12,7.88],[-7.12,7.87],[-7.12,7.87],[-7.12,7.87],[-7.12,7.87],[-7.12,7.86],[-7.12,7.86],[-7.12,7.86],[-7.12,7.86],[-7.12,7.86],[-7.11,7.86],[-7.11,7.86],[-7.11,7.86],[-7.11,7.86],[-7.11,7.86],[-7.11,7.86],[-7.11,7.86],[-7.1,7.86],[-7.1,7.86],[-7.1,7.86],[-7.1,7.86],[-7.1,7.86],[-7.1,7.86],[-7.1,7.86],[-7.1,7.86],[-7.09,7.86],[-7.09,7.86],[-7.09,7.86],[-7.09,7.86],[-7.09,7.86],[-7.09,7.86],[-7.09,7.86],[-7.09,7.86],[-7.09,7.86],[-7.08,7.86],[-7.08,7.86],[-7.08,7.85],[-7.08,7.85],[-7.08,7.85],[-7.08,7.85],[-7.08,7.85],[-7.08,7.85],[-7.08,7.85],[-7.08,7.85],[-7.08,7.85],[-7.08,7.84],[-7.08,7.84],[-7.08,7.84],[-7.08,7.84],[-7.08,7.84],[-7.08,7.84],[-7.08,7.84],[-7.08,7.84],[-7.08,7.84],[-7.08,7.83],[-7.08,7.83],[-7.08,7.83],[-7.08,7.83],[-7.08,7.83],[-7.08,7.83],[-7.08,7.83],[-7.08,7.83],[-7.08,7.83],[-7.08,7.82],[-7.08,7.82],[-7.08,7.82],[-7.08,7.82],[-7.08,7.82],[-7.08,7.82],[-7.08,7.82],[-7.08,7.82],[-7.08,7.81],[-7.08,7.81],[-7.08,7.81],[-7.08,7.81],[-7.08,7.81],[-7.08,7.81],[-7.08,7.81],[-7.08,7.81],[-7.08,7.8],[-7.08,7.8],[-7.08,7.8],[-7.08,7.8],[-7.08,7.8],[-7.08,7.8],[-7.08,7.79],[-7.05,7.8],[-7.0,7.8],[-6.99,7.8],[-6.92,7.8],[-6.83,7.8],[-6.83,7.8],[-6.82,7.8],[-6.79,7.8],[-6.73,7.8],[-6.62,7.8],[-6.62,7.8],[-6.61,7.8],[-6.6,7.8],[-6.53,7.77],[-6.46,7.74],[-6.37,7.77],[-6.34,7.78],[-6.33,7.78],[-6.26,7.78],[-6.26,7.78],[-6.26,7.78],[-6.26,7.79],[-6.26,7.79],[-6.26,7.79],[-6.26,7.79],[-6.26,7.79],[-6.26,7.79],[-6.26,7.8],[-6.26,7.8],[-6.26,7.8],[-6.26,7.8],[-6.26,7.8],[-6.26,7.81],[-6.26,7.81],[-6.26,7.81],[-6.26,7.81],[-6.26,7.82],[-6.26,7.82],[-6.26,7.82],[-6.25,7.82],[-6.25,7.83],[-6.25,7.83],[-6.25,7.83],[-6.25,7.83],[-6.26,7.83],[-6.26,7.84],[-6.26,7.84],[-6.26,7.84],[-6.26,7.84],[-6.26,7.84],[-6.26,7.85],[-6.26,7.85],[-6.26,7.85],[-6.26,7.85],[-6.26,7.86],[-6.25,7.86],[-6.25,7.86],[-6.25,7.86],[-6.25,7.86],[-6.25,7.87],[-6.25,7.87],[-6.25,7.87],[-6.25,7.87],[-6.25,7.87],[-6.25,7.88],[-6.25,7.88],[-6.25,7.88],[-6.25,7.88],[-6.25,7.88],[-6.25,7.88],[-6.25,7.89],[-6.25,7.89],[-6.25,7.89],[-6.25,7.89],[-6.25,7.89],[-6.25,7.9],[-6.25,7.9],[-6.25,7.9],[-6.25,7.9],[-6.25,7.91],[-6.25,7.91],[-6.25,7.91],[-6.25,7.91],[-6.25,7.91],[-6.26,7.91],[-6.26,7.91],[-6.26,7.92],[-6.26,7.92],[-6.26,7.92],[-6.26,7.92],[-6.26,7.92],[-6.26,7.92],[-6.26,7.93],[-6.26,7.93],[-6.26,7.93],[-6.26,7.94],[-6.26,7.94],[-6.26,7.94],[-6.26,7.94],[-6.26,7.95],[-6.26,7.95],[-6.26,7.95],[-6.25,7.95],[-6.25,7.95],[-6.25,7.96],[-6.25,7.96],[-6.25,7.96],[-6.25,7.96],[-6.25,7.96],[-6.25,7.96],[-6.24,7.96],[-6.24,7.96],[-6.24,7.97],[-6.24,7.97],[-6.24,7.97],[-6.24,7.97],[-6.24,7.97],[-6.24,7.98],[-6.24,7.98],[-6.25,7.98],[-6.25,7.98],[-6.25,7.98],[-6.25,7.98],[-6.25,7.98],[-6.25,7.98],[-6.25,7.99],[-6.25,7.99],[-6.26,7.99],[-6.26,7.99],[-6.26,7.99],[-6.26,7.99],[-6.26,7.99],[-6.26,8.0],[-6.26,8.0],[-6.27,8.0],[-6.27,8.0],[-6.27,8.0],[-6.27,8.01],[-6.27,8.01],[-6.28,8.01],[-6.28,8.0],[-6.28,8.0],[-6.28,8.0],[-6.28,8.0],[-6.29,8.01],[-6.29,8.01],[-6.29,8.01],[-6.29,8.01],[-6.29,8.01],[-6.29,8.02],[-6.29,8.02],[-6.29,8.02],[-6.29,8.02],[-6.3,8.02],[-6.3,8.03],[-6.3,8.03],[-6.3,8.03],[-6.3,8.03],[-6.3,8.03],[-6.3,8.04],[-6.3,8.04],[-6.3,8.04],[-6.3,8.04],[-6.3,8.05],[-6.3,8.05],[-6.3,8.05],[-6.3,8.05],[-6.3,8.05],[-6.3,8.06],[-6.3,8.06],[-6.3,8.06],[-6.3,8.06],[-6.3,8.06],[-6.3,8.07],[-6.3,8.07],[-6.3,8.07],[-6.3,8.07],[-6.3,8.08],[-6.3,8.08],[-6.3,8.08],[-6.3,8.08],[-6.3,8.09],[-6.3,8.09],[-6.3,8.09],[-6.3,8.09],[-6.3,8.1],[-6.31,8.1],[-6.31,8.1],[-6.31,8.1],[-6.31,8.1],[-6.31,8.11],[-6.31,8.11],[-6.31,8.11],[-6.31,8.11],[-6.31,8.11],[-6.31,8.11],[-6.31,8.12],[-6.31,8.12],[-6.31,8.12],[-6.31,8.12],[-6.31,8.13],[-6.31,8.13],[-6.31,8.13],[-6.31,8.13],[-6.31,8.14],[-6.31,8.14],[-6.31,8.14],[-6.31,8.15],[-6.31,8.15],[-6.31,8.15],[-6.31,8.16],[-6.31,8.16],[-6.31,8.16],[-6.31,8.17],[-6.32,8.17],[-6.32,8.17],[-6.31,8.17],[-6.31,8.17],[-6.31,8.18],[-6.32,8.18],[-6.32,8.18],[-6.32,8.18],[-6.32,8.18],[-6.32,8.19],[-6.32,8.19],[-6.32,8.19],[-6.32,8.19],[-6.32,8.19],[-6.32,8.2],[-6.32,8.2],[-6.32,8.2],[-6.32,8.2],[-6.32,8.2],[-6.32,8.2],[-6.32,8.21],[-6.33,8.21],[-6.33,8.21],[-6.33,8.21],[-6.33,8.21],[-6.33,8.22],[-6.33,8.22],[-6.33,8.22],[-6.33,8.22],[-6.33,8.22],[-6.33,8.23],[-6.34,8.23],[-6.34,8.23],[-6.34,8.23],[-6.34,8.23],[-6.34,8.24],[-6.34,8.24],[-6.34,8.24],[-6.34,8.24],[-6.34,8.25],[-6.34,8.25],[-6.34,8.25],[-6.34,8.25],[-6.34,8.26],[-6.34,8.26],[-6.34,8.26],[-6.34,8.26],[-6.34,8.27],[-6.34,8.27],[-6.35,8.27],[-6.35,8.27],[-6.35,8.28],[-6.35,8.28],[-6.35,8.28],[-6.35,8.28],[-6.35,8.28],[-6.35,8.29],[-6.34,8.29],[-6.34,8.29],[-6.34,8.29],[-6.34,8.29],[-6.34,8.3],[-6.34,8.3],[-6.35,8.3],[-6.35,8.3],[-6.35,8.31],[-6.35,8.31],[-6.35,8.31],[-6.35,8.31],[-6.35,8.32],[-6.35,8.32],[-6.34,8.32],[-6.34,8.32],[-6.34,8.33],[-6.35,8.33],[-6.35,8.33],[-6.35,8.34],[-6.35,8.34],[-6.35,8.34],[-6.35,8.34],[-6.35,8.34],[-6.35,8.34],[-6.35,8.35],[-6.35,8.35],[-6.35,8.35],[-6.35,8.35],[-6.34,8.35],[-6.34,8.36],[-6.34,8.36],[-6.34,8.36],[-6.34,8.36],[-6.35,8.36],[-6.35,8.36],[-6.35,8.36],[-6.35,8.36],[-6.35,8.36],[-6.35,8.36],[-6.35,8.36],[-6.35,8.36],[-6.35,8.36],[-6.35,8.37],[-6.35,8.37],[-6.35,8.37],[-6.35,8.37],[-6.35,8.37],[-6.35,8.37],[-6.34,8.37],[-6.34,8.37],[-6.34,8.37],[-6.34,8.37],[-6.34,8.37],[-6.34,8.38],[-6.34,8.38],[-6.34,8.38],[-6.34,8.38],[-6.35,8.38],[-6.35,8.37],[-6.35,8.37],[-6.35,8.37],[-6.35,8.38],[-6.36,8.38],[-6.36,8.38],[-6.36,8.38],[-6.36,8.38],[-6.36,8.38],[-6.36,8.38],[-6.36,8.38],[-6.36,8.38],[-6.36,8.38],[-6.36,8.38],[-6.36,8.38],[-6.36,8.39],[-6.35,8.39],[-6.35,8.39],[-6.35,8.39],[-6.35,8.39],[-6.35,8.39],[-6.35,8.39],[-6.35,8.39],[-6.36,8.4],[-6.36,8.4],[-6.36,8.4],[-6.36,8.4],[-6.36,8.4],[-6.36,8.4],[-6.36,8.4],[-6.36,8.41],[-6.36,8.41],[-6.36,8.41],[-6.36,8.41],[-6.36,8.41],[-6.36,8.41],[-6.37,8.41],[-6.37,8.41],[-6.37,8.41],[-6.37,8.41],[-6.37,8.41],[-6.37,8.41],[-6.37,8.41],[-6.37,8.41],[-6.38,8.42],[-6.38,8.42],[-6.38,8.42],[-6.38,8.42],[-6.39,8.42],[-6.39,8.42],[-6.39,8.42],[-6.39,8.42],[-6.39,8.42],[-6.4,8.42],[-6.4,8.42],[-6.4,8.42],[-6.4,8.42],[-6.41,8.42],[-6.41,8.42],[-6.41,8.42],[-6.41,8.42],[-6.41,8.42],[-6.41,8.42],[-6.41,8.42],[-6.41,8.43],[-6.41,8.43],[-6.41,8.43],[-6.41,8.43],[-6.41,8.43],[-6.41,8.44],[-6.41,8.44],[-6.41,8.44],[-6.41,8.44],[-6.41,8.44],[-6.42,8.44],[-6.42,8.45],[-6.42,8.45],[-6.42,8.45],[-6.42,8.45],[-6.42,8.45],[-6.43,8.45],[-6.43,8.45],[-6.43,8.45],[-6.43,8.46],[-6.43,8.46],[-6.43,8.46],[-6.43,8.46],[-6.43,8.46],[-6.43,8.46],[-6.43,8.47],[-6.43,8.47],[-6.43,8.47],[-6.42,8.47],[-6.42,8.47],[-6.43,8.48],[-6.43,8.48],[-6.43,8.48],[-6.43,8.48],[-6.43,8.48],[-6.43,8.48],[-6.43,8.48],[-6.43,8.48],[-6.44,8.48],[-6.44,8.48],[-6.44,8.48],[-6.45,8.48],[-6.45,8.48],[-6.45,8.48],[-6.45,8.48],[-6.45,8.49],[-6.45,8.49],[-6.46,8.49],[-6.46,8.49],[-6.46,8.49],[-6.46,8.5],[-6.46,8.5],[-6.46,8.5],[-6.46,8.5],[-6.46,8.5],[-6.45,8.5],[-6.45,8.51],[-6.45,8.51],[-6.45,8.51],[-6.45,8.51],[-6.45,8.51],[-6.45,8.51],[-6.45,8.52],[-6.45,8.51],[-6.44,8.51],[-6.44,8.51],[-6.44,8.51],[-6.44,8.51],[-6.44,8.51],[-6.44,8.5],[-6.44,8.5],[-6.43,8.5],[-6.43,8.51],[-6.43,8.51],[-6.43,8.51],[-6.43,8.51],[-6.43,8.51],[-6.43,8.51],[-6.42,8.51],[-6.42,8.51],[-6.42,8.52],[-6.42,8.52],[-6.42,8.52],[-6.42,8.52],[-6.42,8.52],[-6.42,8.52],[-6.42,8.53],[-6.42,8.53],[-6.42,8.53],[-6.42,8.53],[-6.42,8.53],[-6.42,8.53],[-6.43,8.54],[-6.43,8.54],[-6.43,8.54],[-6.43,8.54],[-6.43,8.54],[-6.43,8.55],[-6.43,8.55],[-6.43,8.55],[-6.43,8.55],[-6.43,8.56],[-6.43,8.56],[-6.43,8.56],[-6.43,8.56],[-6.43,8.56],[-6.43,8.57],[-6.43,8.57],[-6.44,8.57],[-6.44,8.57],[-6.44,8.57],[-6.44,8.57],[-6.44,8.57],[-6.44,8.56],[-6.45,8.57],[-6.45,8.57],[-6.45,8.57],[-6.45,8.57],[-6.45,8.57],[-6.45,8.58],[-6.45,8.58],[-6.45,8.58],[-6.45,8.58],[-6.44,8.58],[-6.44,8.58],[-6.44,8.58],[-6.44,8.58],[-6.44,8.58],[-6.43,8.58],[-6.43,8.59],[-6.43,8.59],[-6.44,8.59],[-6.44,8.59],[-6.44,8.59],[-6.44,8.59],[-6.44,8.59],[-6.44,8.59],[-6.44,8.6],[-6.44,8.6],[-6.44,8.6],[-6.43,8.6],[-6.43,8.6],[-6.43,8.6],[-6.43,8.6],[-6.43,8.6],[-6.43,8.61],[-6.43,8.61],[-6.44,8.61],[-6.44,8.61],[-6.44,8.61],[-6.44,8.61],[-6.44,8.62],[-6.44,8.62],[-6.44,8.62],[-6.44,8.62],[-6.44,8.62],[-6.44,8.62],[-6.44,8.63],[-6.44,8.63],[-6.44,8.63],[-6.44,8.63],[-6.45,8.63],[-6.45,8.63],[-6.45,8.63],[-6.45,8.62],[-6.45,8.62],[-6.45,8.62],[-6.45,8.62],[-6.45,8.62],[-6.46,8.62],[-6.46,8.62],[-6.46,8.62],[-6.46,8.61],[-6.46,8.61],[-6.46,8.61],[-6.46,8.61],[-6.47,8.61],[-6.47,8.61],[-6.47,8.61],[-6.47,8.62],[-6.47,8.62],[-6.47,8.62],[-6.47,8.62],[-6.47,8.62],[-6.47,8.62],[-6.46,8.62],[-6.46,8.62],[-6.46,8.63],[-6.46,8.63],[-6.46,8.63],[-6.46,8.63],[-6.45,8.63],[-6.45,8.63],[-6.45,8.63],[-6.45,8.64],[-6.44,8.64],[-6.44,8.64],[-6.44,8.64],[-6.44,8.64],[-6.44,8.64],[-6.44,8.64],[-6.44,8.65],[-6.44,8.65],[-6.44,8.65],[-6.45,8.65],[-6.45,8.65],[-6.45,8.65],[-6.45,8.66],[-6.45,8.66],[-6.45,8.66],[-6.45,8.66],[-6.45,8.66],[-6.45,8.67],[-6.45,8.67],[-6.45,8.67],[-6.46,8.67],[-6.46,8.67],[-6.46,8.67],[-6.46,8.67],[-6.46,8.67],[-6.46,8.67],[-6.46,8.67],[-6.46,8.67],[-6.46,8.66],[-6.46,8.66],[-6.47,8.67],[-6.47,8.67],[-6.47,8.67],[-6.47,8.67],[-6.47,8.68],[-6.47,8.68],[-6.47,8.68],[-6.47,8.68],[-6.47,8.68],[-6.47,8.68],[-6.47,8.68],[-6.46,8.68],[-6.46,8.68],[-6.46,8.68],[-6.46,8.68],[-6.46,8.68],[-6.45,8.68],[-6.45,8.68],[-6.45,8.68],[-6.45,8.68],[-6.45,8.68],[-6.44,8.68],[-6.44,8.68],[-6.44,8.69],[-6.44,8.69],[-6.44,8.69],[-6.44,8.69],[-6.44,8.69],[-6.45,8.69],[-6.45,8.69],[-6.45,8.69],[-6.45,8.69],[-6.45,8.69],[-6.46,8.69],[-6.46,8.7],[-6.46,8.7],[-6.46,8.7],[-6.46,8.7],[-6.46,8.71],[-6.46,8.71],[-6.46,8.71],[-6.46,8.71],[-6.46,8.71],[-6.46,8.71],[-6.46,8.71],[-6.45,8.71],[-6.45,8.72],[-6.45,8.72],[-6.45,8.72],[-6.45,8.72],[-6.45,8.72],[-6.45,8.71],[-6.45,8.71],[-6.45,8.71],[-6.45,8.71],[-6.45,8.71],[-6.44,8.71],[-6.44,8.71],[-6.44,8.71],[-6.44,8.71],[-6.44,8.71],[-6.44,8.71],[-6.44,8.71],[-6.44,8.72],[-6.44,8.72],[-6.44,8.72],[-6.44,8.72],[-6.44,8.72],[-6.44,8.72],[-6.44,8.72],[-6.43,8.72],[-6.43,8.72],[-6.43,8.71],[-6.43,8.71],[-6.43,8.71],[-6.43,8.71],[-6.43,8.71],[-6.43,8.71],[-6.42,8.71],[-6.42,8.71],[-6.42,8.71],[-6.42,8.71],[-6.42,8.71],[-6.41,8.71],[-6.41,8.71],[-6.41,8.71],[-6.41,8.72],[-6.42,8.72],[-6.42,8.72],[-6.42,8.72],[-6.42,8.72],[-6.42,8.72],[-6.42,8.72],[-6.43,8.72],[-6.42,8.72],[-6.42,8.72],[-6.42,8.72],[-6.42,8.72],[-6.42,8.72],[-6.41,8.72],[-6.41,8.73],[-6.41,8.73],[-6.41,8.73],[-6.41,8.73],[-6.41,8.73],[-6.41,8.74],[-6.41,8.74],[-6.42,8.74],[-6.42,8.74],[-6.41,8.75],[-6.41,8.75],[-6.41,8.75],[-6.41,8.75],[-6.41,8.75],[-6.41,8.76],[-6.41,8.76],[-6.41,8.76],[-6.4,8.76],[-6.4,8.76],[-6.4,8.76],[-6.4,8.76],[-6.4,8.76],[-6.4,8.76],[-6.4,8.77],[-6.4,8.77],[-6.4,8.77],[-6.4,8.77],[-6.41,8.77],[-6.41,8.77],[-6.41,8.77],[-6.41,8.77],[-6.41,8.77],[-6.41,8.78],[-6.41,8.78],[-6.41,8.78],[-6.41,8.78],[-6.4,8.78],[-6.4,8.78],[-6.4,8.78],[-6.4,8.78],[-6.4,8.79],[-6.4,8.79],[-6.4,8.79],[-6.4,8.79],[-6.4,8.79],[-6.4,8.79],[-6.4,8.8],[-6.41,8.8],[-6.41,8.8],[-6.41,8.8],[-6.41,8.8],[-6.42,8.8],[-6.42,8.8],[-6.42,8.8],[-6.41,8.8],[-6.42,8.81],[-6.42,8.81],[-6.42,8.81],[-6.42,8.81],[-6.42,8.81],[-6.42,8.82],[-6.42,8.82],[-6.43,8.82],[-6.43,8.82],[-6.43,8.81],[-6.43,8.81],[-6.43,8.81],[-6.44,8.81],[-6.44,8.81],[-6.44,8.81],[-6.44,8.8],[-6.44,8.8],[-6.44,8.8],[-6.44,8.8],[-6.44,8.8],[-6.44,8.8],[-6.45,8.8],[-6.45,8.8],[-6.45,8.8],[-6.45,8.8],[-6.45,8.8],[-6.45,8.8],[-6.45,8.8],[-6.46,8.8],[-6.46,8.8],[-6.46,8.8],[-6.46,8.81],[-6.46,8.81],[-6.46,8.81],[-6.46,8.81],[-6.46,8.81],[-6.46,8.81],[-6.46,8.82],[-6.47,8.82],[-6.47,8.82],[-6.47,8.82],[-6.47,8.82],[-6.47,8.82],[-6.48,8.82],[-6.48,8.82],[-6.48,8.82],[-6.48,8.82],[-6.47,8.82],[-6.47,8.83],[-6.47,8.82],[-6.47,8.82],[-6.47,8.82],[-6.46,8.82],[-6.46,8.82],[-6.46,8.82],[-6.46,8.82],[-6.46,8.82],[-6.46,8.83],[-6.46,8.83],[-6.46,8.83],[-6.46,8.83],[-6.46,8.83],[-6.46,8.84],[-6.46,8.84],[-6.46,8.84],[-6.46,8.84],[-6.47,8.84],[-6.47,8.84],[-6.47,8.84],[-6.47,8.84],[-6.47,8.85],[-6.47,8.85],[-6.47,8.85],[-6.47,8.85],[-6.47,8.85],[-6.47,8.86],[-6.47,8.86],[-6.47,8.86],[-6.48,8.86],[-6.48,8.86],[-6.48,8.86],[-6.48,8.85],[-6.48,8.85],[-6.48,8.86],[-6.48,8.86],[-6.48,8.86],[-6.48,8.86],[-6.49,8.86],[-6.49,8.86],[-6.49,8.87],[-6.49,8.87],[-6.49,8.87],[-6.49,8.87],[-6.49,8.87],[-6.5,8.87],[-6.5,8.87],[-6.5,8.87],[-6.5,8.88],[-6.5,8.88],[-6.5,8.88],[-6.51,8.88],[-6.51,8.88],[-6.51,8.88],[-6.51,8.88],[-6.51,8.88],[-6.52,8.88],[-6.52,8.88],[-6.52,8.88],[-6.52,8.88],[-6.52,8.88],[-6.52,8.88],[-6.52,8.89],[-6.52,8.89],[-6.52,8.89],[-6.53,8.89],[-6.53,8.89],[-6.53,8.89],[-6.53,8.89],[-6.53,8.89],[-6.53,8.89],[-6.53,8.89],[-6.53,8.89],[-6.54,8.89],[-6.54,8.89],[-6.54,8.89],[-6.54,8.89],[-6.54,8.89],[-6.54,8.89],[-6.54,8.89],[-6.54,8.9],[-6.54,8.9],[-6.54,8.9],[-6.55,8.9],[-6.55,8.9],[-6.55,8.9],[-6.55,8.9],[-6.55,8.9],[-6.55,8.9],[-6.55,8.91],[-6.55,8.91],[-6.56,8.91],[-6.55,8.91],[-6.55,8.91],[-6.55,8.91],[-6.55,8.91],[-6.55,8.91],[-6.55,8.91],[-6.55,8.92],[-6.55,8.92],[-6.55,8.92],[-6.55,8.92],[-6.55,8.92],[-6.55,8.92],[-6.55,8.93],[-6.55,8.93],[-6.55,8.93],[-6.55,8.93],[-6.55,8.93],[-6.55,8.93],[-6.55,8.93],[-6.55,8.93],[-6.55,8.94],[-6.56,8.94],[-6.56,8.94],[-6.56,8.94],[-6.56,8.94],[-6.56,8.94],[-6.56,8.94],[-6.56,8.94],[-6.57,8.94],[-6.57,8.94],[-6.57,8.94],[-6.57,8.94],[-6.57,8.94],[-6.57,8.94],[-6.57,8.94],[-6.57,8.94],[-6.57,8.94],[-6.57,8.94],[-6.57,8.94],[-6.58,8.94],[-6.58,8.94],[-6.58,8.93],[-6.58,8.93],[-6.58,8.93],[-6.58,8.93],[-6.58,8.93],[-6.58,8.93],[-6.58,8.93],[-6.58,8.93],[-6.58,8.93],[-6.58,8.93],[-6.58,8.93],[-6.58,8.93],[-6.58,8.93],[-6.58,8.93],[-6.58,8.93],[-6.58,8.94],[-6.58,8.94],[-6.58,8.94],[-6.58,8.94],[-6.58,8.94],[-6.59,8.94],[-6.59,8.94],[-6.59,8.94],[-6.59,8.94],[-6.59,8.94],[-6.59,8.94],[-6.59,8.94],[-6.59,8.93],[-6.59,8.93],[-6.6,8.93],[-6.6,8.93],[-6.6,8.93],[-6.6,8.93],[-6.6,8.93],[-6.6,8.93],[-6.6,8.93],[-6.6,8.93],[-6.61,8.93],[-6.61,8.93],[-6.61,8.93],[-6.61,8.93],[-6.6,8.92],[-6.6,8.92],[-6.6,8.92],[-6.61,8.92],[-6.61,8.92],[-6.61,8.92],[-6.61,8.92],[-6.61,8.92],[-6.61,8.92],[-6.61,8.92],[-6.62,8.92],[-6.62,8.92],[-6.62,8.92],[-6.62,8.92],[-6.62,8.92],[-6.62,8.92],[-6.62,8.92],[-6.62,8.92],[-6.62,8.93],[-6.62,8.93],[-6.62,8.93],[-6.62,8.93],[-6.62,8.93],[-6.63,8.93],[-6.63,8.93],[-6.63,8.94],[-6.63,8.94],[-6.63,8.94],[-6.63,8.94],[-6.63,8.94],[-6.64,8.94],[-6.64,8.94],[-6.64,8.94],[-6.64,8.94],[-6.64,8.94],[-6.64,8.94],[-6.64,8.93],[-6.64,8.93],[-6.65,8.93],[-6.65,8.93],[-6.65,8.93],[-6.65,8.93],[-6.65,8.93],[-6.65,8.93],[-6.66,8.93],[-6.66,8.93],[-6.66,8.94],[-6.66,8.94],[-6.66,8.93],[-6.66,8.93],[-6.66,8.93],[-6.67,8.93],[-6.67,8.93],[-6.67,8.93],[-6.67,8.93],[-6.67,8.93],[-6.67,8.93],[-6.67,8.93],[-6.67,8.92],[-6.67,8.92],[-6.67,8.93],[-6.67,8.93],[-6.68,8.93],[-6.68,8.93],[-6.68,8.92],[-6.68,8.92],[-6.68,8.92],[-6.68,8.92],[-6.68,8.92],[-6.68,8.92],[-6.68,8.92],[-6.68,8.92],[-6.68,8.92],[-6.69,8.92],[-6.69,8.92],[-6.69,8.92],[-6.69,8.92],[-6.69,8.92],[-6.69,8.93],[-6.69,8.93],[-6.69,8.93],[-6.69,8.93],[-6.69,8.93],[-6.69,8.93],[-6.7,8.93],[-6.7,8.94],[-6.7,8.93],[-6.7,8.93],[-6.7,8.94],[-6.7,8.94],[-6.7,8.94],[-6.7,8.94],[-6.7,8.94],[-6.7,8.94],[-6.7,8.94],[-6.7,8.95],[-6.7,8.95],[-6.7,8.95],[-6.7,8.95],[-6.7,8.95],[-6.7,8.95],[-6.7,8.96],[-6.7,8.96],[-6.7,8.96],[-6.71,8.96],[-6.71,8.96],[-6.71,8.96],[-6.71,8.96],[-6.71,8.96],[-6.71,8.96],[-6.71,8.97],[-6.71,8.97],[-6.71,8.97],[-6.71,8.97],[-6.71,8.97],[-6.71,8.97],[-6.7,8.97],[-6.7,8.97],[-6.7,8.97],[-6.7,8.97],[-6.7,8.98],[-6.7,8.98],[-6.7,8.98],[-6.7,8.98],[-6.7,8.97],[-6.69,8.98],[-6.69,8.98],[-6.69,8.98],[-6.69,8.98],[-6.7,8.98],[-6.7,8.98],[-6.7,8.98],[-6.7,8.98],[-6.7,8.98],[-6.7,8.98],[-6.7,8.98],[-6.71,8.98],[-6.71,8.98],[-6.71,8.98],[-6.71,8.99],[-6.7,8.99],[-6.7,8.99],[-6.7,8.99],[-6.7,8.99],[-6.7,8.99],[-6.7,8.99],[-6.7,8.99],[-6.7,8.99],[-6.71,8.99],[-6.71,8.99],[-6.71,9.0],[-6.71,9.0],[-6.71,9.0],[-6.71,9.0],[-6.71,9.0],[-6.71,9.0],[-6.71,9.0],[-6.71,9.01],[-6.71,9.01],[-6.71,9.01],[-6.71,9.01],[-6.71,9.01],[-6.71,9.01],[-6.71,9.01],[-6.71,9.02],[-6.71,9.02],[-6.7,9.02],[-6.7,9.02],[-6.7,9.02],[-6.7,9.02],[-6.7,9.03],[-6.7,9.03],[-6.7,9.03],[-6.7,9.03],[-6.7,9.03],[-6.7,9.03],[-6.7,9.03],[-6.7,9.04],[-6.7,9.04],[-6.7,9.04],[-6.7,9.04],[-6.7,9.04],[-6.7,9.04],[-6.7,9.04],[-6.7,9.04],[-6.7,9.05],[-6.7,9.05],[-6.7,9.05],[-6.7,9.05],[-6.7,9.05],[-6.71,9.05],[-6.7,9.05],[-6.7,9.05],[-6.7,9.06],[-6.7,9.06],[-6.7,9.06],[-6.7,9.06],[-6.7,9.06],[-6.7,9.06],[-6.7,9.07],[-6.7,9.07],[-6.7,9.07],[-6.7,9.07],[-6.7,9.07],[-6.7,9.08],[-6.7,9.08],[-6.7,9.08],[-6.7,9.08],[-6.7,9.08],[-6.7,9.08],[-6.7,9.09],[-6.7,9.09],[-6.7,9.09],[-6.7,9.09],[-6.7,9.09],[-6.7,9.09],[-6.7,9.09],[-6.7,9.1],[-6.7,9.1],[-6.7,9.1],[-6.7,9.1],[-6.7,9.1],[-6.7,9.1],[-6.7,9.1],[-6.7,9.1],[-6.7,9.1],[-6.7,9.1],[-6.71,9.1],[-6.71,9.11],[-6.71,9.11],[-6.71,9.11],[-6.71,9.11],[-6.71,9.11],[-6.71,9.11],[-6.71,9.11],[-6.71,9.11],[-6.72,9.11],[-6.72,9.11],[-6.72,9.11],[-6.72,9.11],[-6.72,9.12],[-6.72,9.12],[-6.72,9.12],[-6.72,9.12],[-6.72,9.12],[-6.73,9.12],[-6.73,9.12],[-6.73,9.12],[-6.73,9.12],[-6.73,9.12],[-6.73,9.12],[-6.74,9.12],[-6.74,9.12],[-6.74,9.12],[-6.74,9.12],[-6.74,9.12],[-6.75,9.12],[-6.75,9.12],[-6.75,9.12],[-6.75,9.12]]]}}]}